Const,Your Rating,Date Rated,Title,Original Title,URL,Title Type,IMDb Rating,Runtime (mins),Year,Genres,Num Votes,Release Date,Directors
tt32915736,4,2026-08-26,"Neiked, Mae Muller, Polo G: Better Days","Neiked, Mae Muller, Polo G: Better Days",https://www.imdb.com/title/tt32915736,Videoclip,null,,2021,"Música",0,"2021-10-07",
tt34866681,3,2026-08-25,"Lucky","Lucky",https://www.imdb.com/title/tt34866681,Serie de TV,6.7,45,2026,"Drama, Crimen, Suspense",12276,"2026-07-15",
tt40523275,7,2026-08-25,"Los Días Libres","Los Días Libres",https://www.imdb.com/title/tt40523275,Película,6.2,84,2026,"Drama, Terror, Ciencia ficción",12,"2026-08-07","Lucila Mariani"
tt11832898,4,2026-08-25,"Cranberry Nights","Cranberry Nights",https://www.imdb.com/title/tt11832898,Corto,5.5,15,2020,"Corto, Drama",62,"2020-03-05","Sara Robin"
tt17519946,5,2026-08-25,"Rigoberta Bandini: Perra","Rigoberta Bandini: Perra",https://www.imdb.com/title/tt17519946,Videoclip,null,,2021,"Música",0,"2021-03-30","Elena Martín,Irene Moray"
tt0057669,7,2026-08-23,"Wanpaku ôji no Orochi taiji","Wanpaku ôji no Orochi taiji",https://www.imdb.com/title/tt0057669,Película,7.1,86,1963,"Animación, Aventura, Familiar, Fantasía",339,"1963-07-15","Yūgo Serikawa"
tt37504700,6,2026-08-23,"Cuando un río se convierte en mar","Quan un riu esdevé el mar",https://www.imdb.com/title/tt37504700,Película,6.5,183,2025,"Drama",22,"2025-10-28","Pere Vilà i Barceló"
tt0081536,6,2026-08-21,"Yo soy fotogénico","Sono fotogenico",https://www.imdb.com/title/tt0081536,Película,6.1,114,1980,"Comedia",613,"1980-03-16","Dino Risi"
tt9731392,6,2026-08-21,"Alizée: À cause de l'automne","Alizée: À cause de l'automne",https://www.imdb.com/title/tt9731392,Videoclip,7.4,4,2012,"Música",11,"2012-12-05","Arnaud Delord"
tt22084616,7,2026-08-20,"Spider-Man: Brand New Day","Spider-Man: Brand New Day",https://www.imdb.com/title/tt22084616,Película,8.0,145,2026,"Aventura, Ciencia ficción, Acción",264520,"2026-07-29","Destin Daniel Cretton"
tt40549228,7,2026-08-20,"Atlas de la desaparición","Atlas de la desaparición",https://www.imdb.com/title/tt40549228,Película,8.0,,2026,"Documental",12,"2026-03-13","Manuel Correa"
tt29232759,6,2026-08-20,"Surfing Einstein","Surfing Einstein",https://www.imdb.com/title/tt29232759,Película,null,75,2024,"Documental",0,"2024","Meritxell Campos Olivé"
tt8144830,4,2026-08-20,"The Lonely Island: Hero Song","The Lonely Island: Hero Song",https://www.imdb.com/title/tt8144830,Videoclip,7.0,3,2008,"Música",80,"2008-03-08","Akiva Schaffer"
tt34675596,4,2026-08-20,"Cape Fear","Cape Fear",https://www.imdb.com/title/tt34675596,Serie de TV,6.7,55,2026,"Crimen, Suspense, Drama",21212,"2026-06-05",
tt9447562,6,2026-08-19,"Santa Inocencia","Santa Inocencia",https://www.imdb.com/title/tt9447562,Película,7.3,66,2018,"Comedia, Drama",8,"2018-07-20","Meritxell Campos Olivé"
tt23725308,1,2026-08-19,"X: Breathless","X: Breathless",https://www.imdb.com/title/tt23725308,Videoclip,null,3,1983,"Música",0,"1983",
tt38875087,6,2026-08-18,"Los bobos","Los bobos",https://www.imdb.com/title/tt38875087,Película,7.3,95,2025,"Suspense",22,"2026-06-04","Sofía Jallinsky,Basovih Marinaro"
tt38065187,6,2026-08-18,"I love you, I leave you","I love you, I leave you",https://www.imdb.com/title/tt38065187,Película,8.0,94,2025,"Documental",34,"2025-11-06","Moris Freiburghaus"
tt0056482,4,2026-08-18,"Simbad, el marino","Arabian naito: Shindobaddo no bôken",https://www.imdb.com/title/tt0056482,Película,6.1,81,1962,"Animación, Acción, Aventura, Familiar, Fantasía",184,"1962-07-21","Yoshio Kuroda,Taiji Yabushita"
tt27200708,8,2026-08-18,"Mother Mary","Mother Mary",https://www.imdb.com/title/tt27200708,Película,5.4,111,2026,"Drama, Música, Suspense",9237,"2026-07-31","David Lowery"
tt0054631,6,2026-08-17,"Anju to Zushiômaru","Anju to Zushiômaru",https://www.imdb.com/title/tt0054631,Película,6.3,83,1961,"Animación, Drama",125,"1961-07-19","Yūgo Serikawa,Taiji Yabushita"
tt1247682,2,2026-08-17,"Manuela","Manuela",https://www.imdb.com/title/tt1247682,Corto,5.4,23,2006,"Corto",5,"2006-03-17","Marco Castro"
tt28259230,3,2026-08-16,"Rita Ora: Don't Think Twice","Rita Ora: Don't Think Twice",https://www.imdb.com/title/tt28259230,Videoclip,5.3,,2023,"Música",32,"2023-06-30","Taika Waititi"
tt1466420,4,2026-08-16,"208 palabras","208 palabras",https://www.imdb.com/title/tt1466420,Corto,null,15,2007,"Corto, Drama",0,"2007-04-17","Avelina Prat"
tt7010638,4,2026-08-14,"Tempest","Tempest",https://www.imdb.com/title/tt7010638,Corto,null,4,2012,"Corto, Drama",0,"2012-04-01","Alberto Gastesi"
tt0305568,5,2026-08-11,"Fanfan la Tulipe","Fanfan la Tulipe",https://www.imdb.com/title/tt0305568,Película,5.7,97,2003,"Aventura, Comedia, Romance",5858,"2004-04-08","Gérard Krawczyk"
tt12771924,5,2026-08-11,"J. Balvin, Dua Lipa, Bad Bunny, Tainy: Un Día (One Day)","J. Balvin, Dua Lipa, Bad Bunny, Tainy: Un Día (One Day)",https://www.imdb.com/title/tt12771924,Videoclip,7.0,4,2020,"Música",111,"2020-07-23","Stillz"
tt6378882,6,2026-08-10,"The Killers: Bones","The Killers: Bones",https://www.imdb.com/title/tt6378882,Videoclip,7.0,4,2006,"Música, Fantasía",465,"2006","Tim Burton"
tt6467266,4,2026-08-10,"¡Canta! 2","Sing 2",https://www.imdb.com/title/tt6467266,Película,7.3,110,2021,"Animación, Musical, Comedia, Familiar, Aventura",103240,"2021-12-22","Garth Jennings,Christophe Lourdelet"
tt0054265,6,2026-08-10,"Alakazam el grande","Saiyûki",https://www.imdb.com/title/tt0054265,Película,6.1,88,1960,"Animación, Aventura, Fantasía, Música, Romance, Familiar",585,"1960-08-14","Daisaku Shirakawa,Taiji Yabushita,Osamu Tezuka"
tt26931994,5,2026-08-08,"Altas capacidades","Altas capacidades",https://www.imdb.com/title/tt26931994,Película,6.0,101,2026,"Comedia",445,"2026-03-27","Víctor García León"
tt38812502,6,2026-08-08,"La virgen silenciosa","La virgen silenciosa",https://www.imdb.com/title/tt38812502,Película,5.6,127,2025,"Drama",15,"2025-11-17","Xavi Sala"
tt42208838,5,2026-08-08,"Annemarie","Annemarie",https://www.imdb.com/title/tt42208838,Película,null,75,2026,"Documental",0,"2026-03-17","Mariana Sanguinetti"
tt12159184,1,2026-08-08,"Marta Sánchez: Un mismo corazón","Marta Sánchez: Un mismo corazón",https://www.imdb.com/title/tt12159184,Videoclip,5.4,5,2020,"Música",7,"2020-04-09","Marta Sánchez"
tt37880624,2,2026-08-07,"The Finalist: Leave the Broken Hearts","The Finalist: Leave the Broken Hearts",https://www.imdb.com/title/tt37880624,Videoclip,null,3,2006,"Música",0,"2006-03","Rob Schroeder"
tt8850660,7,2026-08-07,"Nicki Minaj: Ganja Burn","Nicki Minaj: Ganja Burn",https://www.imdb.com/title/tt8850660,Videoclip,6.8,6,2018,"Música",93,"2018-08-13","Mert Alas,Marcus Piggott"
tt35933132,5,2026-08-06,"Jörðin undir fótum okkar","Jörðin undir fótum okkar",https://www.imdb.com/title/tt35933132,Película,6.8,82,2025,"Documental",30,"2026-05-25","Yrsa Roca Fannberg"
tt38127099,4,2026-08-06,"Érase una vez en Quito","Érase una vez en Quito",https://www.imdb.com/title/tt38127099,Película,null,97,2025,"Documental",0,"2025-09-10","Iñaki Oñate"
tt31131310,2,2026-08-06,"Mission: Yozakura Family","Yozakura-san Chi no Daisakusen",https://www.imdb.com/title/tt31131310,Serie de TV,6.9,,2024,"Animación, Acción, Comedia, Romance, Suspense, Aventura",1091,"2024-04-07",
tt3387650,6,2026-08-06,"Searching","Searching",https://www.imdb.com/title/tt3387650,Corto,5.3,3,2013,"Corto",165,"2013","Victoria Mahoney"
tt9162858,6,2026-08-06,"The Chemical Brothers: Wonders of the Deep","The Chemical Brothers: Wonders of the Deep",https://www.imdb.com/title/tt9162858,Videoclip,7.5,5,2010,"Música",13,"2010-06-14","Marcus Lyall,Adam Smith"
tt8550514,2,2026-08-06,"Jesus Shows You the Way to the Highway","Jesus Shows You the Way to the Highway",https://www.imdb.com/title/tt8550514,Película,5.7,83,2019,"Comedia, Ciencia ficción, Suspense, Acción",1268,"2020-06-01","Miguel Llansó"
tt32008036,8,2026-08-05,"Annalisa: Bellissima","Annalisa: Bellissima",https://www.imdb.com/title/tt32008036,Videoclip,8.1,3,2022,"Música, Suspense",8,"2022-09-02","Giulio Rosati"
tt7142446,4,2026-08-04,"Becky G.: Sola","Becky G.: Sola",https://www.imdb.com/title/tt7142446,Videoclip,7.1,4,2016,"Música",26,"2016-08-26","Frank Borin"
tt0107814,6,2026-08-04,"Perturbado","Perturbado",https://www.imdb.com/title/tt0107814,Corto,5.6,12,1993,"Corto",114,,"Santiago Segura"
tt5537002,6,2026-08-03,"Los asesinos de la luna","Killers of the Flower Moon",https://www.imdb.com/title/tt5537002,Película,7.5,206,2023,"Drama, Crimen, Historia, Del oeste",312499,"2023-10-20","Martin Scorsese"
tt4685762,4,2026-08-02,"Blumhouse. Jóvenes y brujas","The Craft: Legacy",https://www.imdb.com/title/tt4685762,Película,4.6,97,2020,"Fantasía, Terror, Drama, Comedia",19140,"2020-10-30","Zoe Lister-Jones"
tt26218808,6,2026-08-02,"Yeah Yeah Yeahs: Wolf","Yeah Yeah Yeahs: Wolf",https://www.imdb.com/title/tt26218808,Videoclip,7.7,4,2022,"Música",29,"2022-10-31","Allie Avital"
tt9314534,6,2026-07-30,"Sabrina Carpenter: Sue Me","Sabrina Carpenter: Sue Me",https://www.imdb.com/title/tt9314534,Videoclip,7.0,3,2018,"Música",98,"2018-11-16","Lauren Dunn"
tt31456981,7,2026-07-29,"Manu Chao: Me Gustas Tú","Manu Chao: Me Gustas Tú",https://www.imdb.com/title/tt31456981,Videoclip,null,3,2001,"Música",0,"2001","Manu Chao"
tt3914298,5,2026-07-28,"Making a Scene","Making a Scene",https://www.imdb.com/title/tt3914298,Corto,5.6,10,2013,"Corto, Fantasía, Drama",338,"2013-11-25","Janusz Kaminski"
tt0336757,4,2026-07-28,"Llombai","Llombai",https://www.imdb.com/title/tt0336757,Corto,null,13,2000,"Corto, Drama",0,,"Verónica Cerdán Molina"
tt42896144,2,2026-07-28,"Plus Ultra","Plus Ultra",https://www.imdb.com/title/tt42896144,Película,null,70,2026,"Documental",0,"2026-05-11","Elías Pérez"
tt0816462,4,2026-07-27,"Conan el bárbaro","Conan the Barbarian",https://www.imdb.com/title/tt0816462,Película,5.2,113,2011,"Acción, Aventura, Fantasía",106435,"2011-08-19","Marcus Nispel"
tt40747622,2,2026-07-27,"Marea Morada","Marea Morada",https://www.imdb.com/title/tt40747622,Película,null,,2026,"Documental",0,"2026-05-30","Miguel Ángel Olivares"
tt28891517,5,2026-07-27,"Bvlgari: Cailee Spaeny","Bvlgari: Cailee Spaeny",https://www.imdb.com/title/tt28891517,Corto,7.7,,2023,"Corto",34,"2023-09-01","Eva Vik"
tt34065143,5,2026-07-27,"Bvlgari: Reveal Your Light","Bvlgari: Reveal Your Light",https://www.imdb.com/title/tt34065143,Corto,7.6,1,2024,"Corto",57,"2024-09-19","Eva Vik"
tt3639604,3,2026-07-27,"Maltese","Maltese",https://www.imdb.com/title/tt3639604,Corto,null,3,2013,"Corto, Terror",0,"2013-10-31","Ashton Golembo"
tt32890033,5,2026-07-27,"Minions & Monsters","Minions & Monsters",https://www.imdb.com/title/tt32890033,Película,6.4,90,2026,"Animación, Aventura, Comedia, Familiar",28013,"2026-07-01","Pierre Coffin"
tt8741290,6,2026-07-24,"Historias del bucle","Tales from the Loop",https://www.imdb.com/title/tt8741290,Serie de TV,7.4,50,2020,"Ciencia ficción, Drama",26996,"2020-04-03",
tt1703911,4,2026-07-24,"El callejón","El callejón",https://www.imdb.com/title/tt1703911,Película,4.4,76,2011,"Suspense, Terror",1151,"2011-10-14","Antonio Trashorras"
tt7892026,6,2026-07-24,"La resistencia","La resistencia",https://www.imdb.com/title/tt7892026,Serie de TV,8.2,60,2018,"Tertulia, Comedia",3115,"2018-02-01",
tt35049554,7,2026-07-24,"La Revuelta: Gerard Piqué, Amaia y Silvia Alonso","La Revuelta: Gerard Piqué, Amaia y Silvia Alonso",https://www.imdb.com/title/tt35049554,Episodio de TV,null,89,2024,"Tertulia, Comedia",0,"2024-12-19","David Broncano,Ricardo Castella,Jorge Ponce"
tt9340268,7,2026-07-24,"The All-American Rejects: Send Her to Heaven","The All-American Rejects: Send Her to Heaven",https://www.imdb.com/title/tt9340268,Videoclip,7.3,4,2019,"Música",60,"2019-07-16","Parker Croft"
tt6777350,7,2026-07-23,"Selena Gomez: Hands to Myself","Selena Gomez: Hands to Myself",https://www.imdb.com/title/tt6777350,Videoclip,6.5,4,2015,"Música",443,"2015-12-21","Alek Keshishian"
tt12240930,6,2026-07-23,"Carolina Durante: No tan jóvenes","Carolina Durante: No tan jóvenes",https://www.imdb.com/title/tt12240930,Videoclip,6.2,4,2019,"Música",5,"2019-11-20","Ernesto Sevilla"
tt38895412,6,2026-07-22,"Autopista América 2000","Autopista América 2000",https://www.imdb.com/title/tt38895412,Película,null,86,2025,"Misterio",0,"2025-11-11","Julieta Duchovny"
tt14095546,7,2026-07-22,"Selena Gomez & Rauw Alejandro: Baila Conmigo (Premio Lo Nuestro 2021 Version)","Selena Gomez & Rauw Alejandro: Baila Conmigo (Premio Lo Nuestro 2021 Version)",https://www.imdb.com/title/tt14095546,Videoclip,7.7,3,2021,"Música",67,"2021-02-19",
tt14123442,7,2026-07-22,"Selena Gomez & Rauw Alejandro: Baila Conmigo (Alternate Version)","Selena Gomez & Rauw Alejandro: Baila Conmigo (Alternate Version)",https://www.imdb.com/title/tt14123442,Videoclip,7.0,3,2021,"Música",172,"2021-02-24",
tt13943658,2,2026-07-22,"Selena Gomez & Rauw Alejandro: Baila Conmigo","Selena Gomez & Rauw Alejandro: Baila Conmigo",https://www.imdb.com/title/tt13943658,Videoclip,6.0,3,2021,"Música",134,"2021-01-29","Fernando Nogari"
tt3476744,7,2026-07-22,"Lana Del Rey: Blue Jeans","Lana Del Rey: Blue Jeans",https://www.imdb.com/title/tt3476744,Videoclip,8.0,4,2012,"Música",411,"2012","Woodkid"
tt11637960,5,2026-07-21,"Ozzy Osbourne: Under the Graveyard","Ozzy Osbourne: Under the Graveyard",https://www.imdb.com/title/tt11637960,Videoclip,8.1,5,2019,"Música",81,"2019-12-19","Jonas Åkerlund"
tt0078926,6,2026-07-21,"El buen ladrón","Il ladrone",https://www.imdb.com/title/tt0078926,Película,6.7,108,1980,"Comedia",640,"1980-02-01","Pasquale Festa Campanile"
tt16606592,6,2026-07-20,"El reino animal","Le règne animal",https://www.imdb.com/title/tt16606592,Película,6.7,128,2023,"Aventura, Ciencia ficción, Drama, Misterio, Terror, Fantasía",12274,"2023-10-04","Thomas Cailley"
tt10676292,5,2026-07-20,"Iggy Azalea Feat. Kash Doll: Fuck It Up","Iggy Azalea Feat. Kash Doll: Fuck It Up",https://www.imdb.com/title/tt10676292,Videoclip,5.8,4,2019,"Música",41,"2019-07-19","Colin Tilley"
tt13861136,2,2026-07-19,"La Tarotista","La Tarotista",https://www.imdb.com/title/tt13861136,Corto,7.2,,2021,"Corto, Tertulia, Comedia",40,"2021-01-04","Martina Hache"
tt28088049,5,2026-07-18,"Amarga Navidad","Amarga Navidad",https://www.imdb.com/title/tt28088049,Película,6.3,111,2026,"Drama, Comedia",3926,"2026-03-20","Pedro Almodóvar"
tt20859880,6,2026-07-18,"Unlimited World","Unlimited World",https://www.imdb.com/title/tt20859880,Corto,6.4,16,2022,"Corto",118,"2022","Peter Falls"
tt1935161,2,2026-07-18,"La importancia de ser Ornesto","La importancia de ser Ornesto",https://www.imdb.com/title/tt1935161,Corto,3.7,15,2011,"Corto, Comedia",10,,"Nacho Sinova"
tt32424400,4,2026-07-17,"Luger","Luger",https://www.imdb.com/title/tt32424400,Película,6.9,95,2025,"Suspense, Acción, Crimen",371,"2025-10-14","Bruno Martín"
tt13245428,6,2026-07-17,"Annalisa: Tsunami","Annalisa: Tsunami",https://www.imdb.com/title/tt13245428,Videoclip,6.4,4,2020,"Música",5,"2020-09-08","Giacomo Triglia"
tt2794412,7,2026-07-17,"ZZ Top: Sleeping Bag","ZZ Top: Sleeping Bag",https://www.imdb.com/title/tt2794412,Videoclip,6.7,4,1985,"Música",99,"1985-02-02","Steve Barron"
tt10162490,4,2026-07-16,"Jenny Lewis: Red Bull & Hennessy","Jenny Lewis: Red Bull & Hennessy",https://www.imdb.com/title/tt10162490,Videoclip,7.1,5,2019,"Música",34,"2019-03-28","Eric Notarnicola"
tt37287335,7,2026-07-15,"Obsession","Obsession",https://www.imdb.com/title/tt37287335,Película,7.8,109,2025,"Terror, Suspense, Romance",341444,"2026-06-26","Curry Barker"
tt2460640,2,2026-07-15,"Munchausen","Munchausen",https://www.imdb.com/title/tt2460640,Corto,6.8,17,2013,"Corto, Comedia, Drama, Romance, Suspense, Terror",2619,"2013-09-19","Ari Aster"
tt1190634,5,2026-07-14,"The Boys","The Boys",https://www.imdb.com/title/tt1190634,Serie de TV,8.5,60,2019,"Acción, Ciencia ficción, Crimen, Comedia, Drama",1021634,"2019-07-26",
tt10403420,6,2026-07-14,"Terrifier 2","Terrifier 2",https://www.imdb.com/title/tt10403420,Película,6.0,138,2022,"Terror",84329,"2023-02-24","Damien Leone"
tt0127949,4,2026-07-14,"Un, dos, tres, ¡Taxi!","Un, dos, tres, ¡Taxi!",https://www.imdb.com/title/tt0127949,Corto,4.6,19,1997,"Corto, Comedia",11,,"Ricardo del Castillo"
tt31529966,6,2026-07-13,"The Sacrifice","The Sacrifice",https://www.imdb.com/title/tt31529966,Corto,5.4,17,2025,"Corto, Comedia",11,"2025-04-12","Christopher Werner"
tt0922037,1,2026-07-13,"La que se avecina","La que se avecina",https://www.imdb.com/title/tt0922037,Serie de TV,7.6,75,2007,"Comedia",5749,"2007-04-22",
tt8474020,1,2026-07-13,"La que se avecina: Un sabotaje, una mami coleguiti y un trastrás por detrás","La que se avecina: Un sabotaje, una mami coleguiti y un trastrás por detrás",https://www.imdb.com/title/tt8474020,Episodio de TV,7.0,90,2019,"Comedia",56,"2019-05-01","Laura Caballero"
tt7748814,5,2026-07-13,"Jennifer Lopez Feat. Wisin: Amor, Amor, Amor","Jennifer Lopez Feat. Wisin: Amor, Amor, Amor",https://www.imdb.com/title/tt7748814,Videoclip,5.6,4,2017,"Música",288,"2017-11-10","Jessy Terrero"
tt37096916,7,2026-07-13,"Tate McRae: Just Keep Watching","Tate McRae: Just Keep Watching",https://www.imdb.com/title/tt37096916,Videoclip,7.8,3,2025,"Música",46,"2025-05-30","Bardia Zeinali"
tt12636834,4,2026-07-12,"Lea","Lea",https://www.imdb.com/title/tt12636834,Corto,6.2,20,2020,"Corto",11,"2020-09-29","Ona Jané i Millà"
tt26657236,8,2026-07-09,"Backrooms","Backrooms",https://www.imdb.com/title/tt26657236,Película,6.8,126,2026,"Terror, Ciencia ficción, Suspense",184124,"2026-06-05","Kane Parsons"
tt36594331,2,2026-07-08,"Star Wars: Maul - Shadow Lord","Star Wars: Maul - Shadow Lord",https://www.imdb.com/title/tt36594331,Serie de TV,8.5,22,2026,"Animación, Acción, Aventura, Familiar, Ciencia ficción, Crimen, Drama",29959,"2026-04-06",
tt21102084,5,2026-07-08,"Maya Hawke: Blue Hippo","Maya Hawke: Blue Hippo",https://www.imdb.com/title/tt21102084,Videoclip,8.0,3,2021,"Música",38,"2021-12-07","Fred Hechinger"
tt0053275,7,2026-07-08,"Shônen Sarutobi Sasuke","Shônen Sarutobi Sasuke",https://www.imdb.com/title/tt0053275,Película,6.7,83,1959,"Animación, Aventura, Fantasía, Familiar",549,"1959-12-25","Akira Daikubara,Taiji Yabushita"
tt34748139,6,2026-07-07,"Stray","Stray",https://www.imdb.com/title/tt34748139,Corto,7.0,,2025,"Corto, Drama",8,"2025-08-16","Morven Christie"
tt37379474,6,2026-07-05,"Millennial Mal","Millennial Mal",https://www.imdb.com/title/tt37379474,Serie de TV,5.5,,2026,"Comedia, Drama",70,"2026-07-16",
tt28690468,7,2026-07-04,"El sonido de la caída","In die Sonne schauen",https://www.imdb.com/title/tt28690468,Película,7.0,154,2025,"Drama, Bélico",6500,"2026-04-24","Mascha Schilinski"
tt10155688,5,2026-07-04,"Mare of Easttown","Mare of Easttown",https://www.imdb.com/title/tt10155688,Miniserie de TV,8.4,60,2021,"Drama, Crimen, Misterio",226482,"2021-04-19",
tt4669788,5,2026-07-04,"Una cuestión de género","On the Basis of Sex",https://www.imdb.com/title/tt4669788,Película,7.1,120,2018,"Drama, Biografía, Historia",42684,"2019-02-22","Mimi Leder"
tt0051694,5,2026-07-04,"Panda y la serpiente mágica","Hakujaden",https://www.imdb.com/title/tt0051694,Película,6.5,79,1958,"Animación, Fantasía, Familiar",744,"1958-10-22","Taiji Yabushita"
tt33502534,6,2026-07-04,"Narciso","Narciso",https://www.imdb.com/title/tt33502534,Videoclip,null,,2022,"Música",0,"2022","Jose Luis Camarillo"
tt9731208,7,2026-07-04,"Alizée: J'en ai marre!","Alizée: J'en ai marre!",https://www.imdb.com/title/tt9731208,Videoclip,7.3,4,2003,"Música",40,"2003-02-19","Olivier Megaton"
tt19357096,2,2026-07-04,"Lion Armas: Date Media Vuelta","Lion Armas: Date Media Vuelta",https://www.imdb.com/title/tt19357096,Videoclip,null,,2022,"Música",0,"2022-03-25","Lion Armas,David Moreno"
tt26227192,6,2026-07-03,"Sister Wives","Sister Wives",https://www.imdb.com/title/tt26227192,Corto,7.1,29,2024,"Corto, Drama, Romance",330,"2024-11-22","Louisa Connolly-Burnham"
tt27791060,7,2026-07-01,"What on Earth","What on Earth",https://www.imdb.com/title/tt27791060,Corto,6.0,10,2023,"Corto, Comedia",24,"2023","Jimmy Marble"
tt1913202,3,2026-07-01,"Wings","Wings",https://www.imdb.com/title/tt1913202,Corto,7.3,13,2011,"Corto, Drama",83,,"Esther Richardson"
tt3470600,5,2026-06-30,"¡Canta!","Sing",https://www.imdb.com/title/tt3470600,Película,7.1,108,2016,"Animación, Comedia, Familiar, Música",216215,"2016-12-23","Garth Jennings,Christophe Lourdelet"
tt0479952,3,2026-06-30,"Madagascar 2","Madagascar: Escape 2 Africa",https://www.imdb.com/title/tt0479952,Película,6.7,89,2008,"Animación, Aventura, Comedia, Familiar",274664,"2008-11-28","Eric Darnell,Tom McGrath"
tt12573454,5,2026-06-30,"Embaucadores","Sharper",https://www.imdb.com/title/tt12573454,Película,6.7,116,2023,"Drama, Crimen, Suspense",39826,"2023-02-17","Benjamin Caron"
tt6892482,3,2026-06-29,"The Phantom Menace","The Phantom Menace",https://www.imdb.com/title/tt6892482,Corto,7.6,,2018,"Corto, Romance",39,"2018","Charlie Barrett Fallon,Sean Fallon"
tt29623480,7,2026-06-28,"Robot salvaje","The Wild Robot",https://www.imdb.com/title/tt29623480,Película,8.1,102,2024,"Animación, Familiar, Aventura, Ciencia ficción",235743,"2024-10-11","Chris Sanders"
tt27773954,5,2026-06-27,"Esa cosa con alas","The Thing with Feathers",https://www.imdb.com/title/tt27773954,Película,5.7,98,2025,"Drama",2969,"2025-10-31","Dylan Southern"
tt10576460,6,2026-06-27,"Aitana & Lola Indigo: Me quedo","Aitana & Lola Indigo: Me quedo",https://www.imdb.com/title/tt10576460,Videoclip,5.5,3,2019,"Música",9,"2019-06-27","Réalité"
tt8787372,5,2026-06-26,"La caza","La caza",https://www.imdb.com/title/tt8787372,Serie de TV,7.2,70,2019,"Drama",1925,"2019-03-25",
tt6437394,6,2026-06-26,"Father John Misty: Hollywood Forever Cemetery Sings","Father John Misty: Hollywood Forever Cemetery Sings",https://www.imdb.com/title/tt6437394,Videoclip,7.3,5,2012,"Música, Drama",63,"2012-01-31","Noel Paul"
tt8931698,4,2026-06-26,"Alejandro Sanz: Un zombie a la intemperie","Alejandro Sanz: Un zombie a la intemperie",https://www.imdb.com/title/tt8931698,Videoclip,6.2,,2015,"Música",6,,"Ruben Martin"
tt13757762,3,2026-06-26,"Anthropophagus II","Anthropophagus II",https://www.imdb.com/title/tt13757762,Película,4.1,87,2022,"Terror",352,"2022-03-25","Dario Germani"
tt32028338,5,2026-06-26,"Zach Bryan: Boys of Faith","Zach Bryan: Boys of Faith",https://www.imdb.com/title/tt32028338,Videoclip,5.9,4,2023,"Drama, Música",20,"2023-12-06","Matthew Dillon Cohen"
tt0087078,7,2026-06-24,"Conan, el destructor","Conan the Destroyer",https://www.imdb.com/title/tt0087078,Película,5.9,103,1984,"Fantasía, Aventura, Acción",91254,"1984-10-24","Richard Fleischer"
tt0354804,6,2026-06-22,"Perdón, perdón","Perdón, perdón",https://www.imdb.com/title/tt0354804,Corto,5.5,17,1998,"Corto, Comedia",18,,"Manuel Ríos San Martín"
tt29139048,3,2026-06-21,"Melissa Etheridge: Come to my Window","Melissa Etheridge: Come to my Window",https://www.imdb.com/title/tt29139048,Videoclip,6.4,,1993,"Música",26,"1993-07-07","Samuel Bayer"
tt32332404,7,2026-06-20,"Keeper","Keeper",https://www.imdb.com/title/tt32332404,Película,5.5,99,2025,"Terror, Misterio",22566,"2025-12-19","Osgood Perkins"
tt9145676,4,2026-06-20,"Pat Wilson: Bop Girl","Pat Wilson: Bop Girl",https://www.imdb.com/title/tt9145676,Videoclip,5.4,4,1983,"Música",34,"1983","Gillian Armstrong"
tt33301434,7,2026-06-19,"La ironía del amor","Mile End Kicks",https://www.imdb.com/title/tt33301434,Película,6.1,111,2025,"Comedia, Romance, Drama, Música",2001,"2026-06-05","Chandler Levack"
tt36042156,7,2026-06-19,"The Punisher: One Last Kill","The Punisher: One Last Kill",https://www.imdb.com/title/tt36042156,Especial de TV,7.0,48,2026,"Acción, Crimen, Drama, Suspense, Aventura",54428,"2026-05-12","Reinaldo Marcus Green"
tt4052908,4,2026-06-19,"Tom Petty and the Heartbreakers: Swingin'","Tom Petty and the Heartbreakers: Swingin'",https://www.imdb.com/title/tt4052908,Videoclip,7.7,5,1999,"Música",80,"1999","Mike Lipscombe"
tt6852222,6,2026-06-16,"The Lonely Island: Like a Boss","The Lonely Island: Like a Boss",https://www.imdb.com/title/tt6852222,Videoclip,7.8,2,2009,"Comedia, Música",734,"2009","Akiva Schaffer,Jorma Taccone"
tt0142666,5,2026-06-16,"Momotarô: Umi no shinpei","Momotarô: Umi no shinpei",https://www.imdb.com/title/tt0142666,Película,5.5,74,1945,"Animación, Musical, Aventura, Familiar, Bélico",439,"1945-03-12","Mitsuyo Seo"
tt0079702,3,2026-06-15,"La patata caliente","La patata bollente",https://www.imdb.com/title/tt0079702,Película,6.4,99,1979,"Comedia",775,"1979-11-16","Steno"
tt32178949,7,2026-06-14,"La semilla de la higuera sagrada","Dane-ye anjir-e ma'abed",https://www.imdb.com/title/tt32178949,Película,7.5,167,2024,"Drama, Crimen, Suspense",21097,"2025-01-17","Mohammad Rasoulof"
tt4149846,6,2026-06-13,"Kiss Kiss Fingerbang","Kiss Kiss Fingerbang",https://www.imdb.com/title/tt4149846,Corto,5.1,11,2015,"Corto, Comedia, Crimen, Drama, Romance",194,"2015-03-13","Gillian Wallace Horvat"
tt18923754,6,2026-06-12,"Daredevil: Born Again","Daredevil: Born Again",https://www.imdb.com/title/tt18923754,Serie de TV,8.1,60,2025,"Acción, Crimen, Drama, Fantasía, Ciencia ficción, Suspense",115458,"2025-03-05",
tt0420783,5,2026-06-12,"Las águilas marinas de Momotarô","Momotaro no umiwashi",https://www.imdb.com/title/tt0420783,Corto,5.9,37,1943,"Animación, Corto, Bélico, Fantasía",119,"1943-03-25","Mitsuyo Seo"
tt1896788,7,2026-06-11,"My Little Princess","My Little Princess",https://www.imdb.com/title/tt1896788,Película,6.3,105,2011,"Drama",2145,"2011-06-29","Eva Ionesco"
tt14532034,1,2026-06-11,"Noah: Jika Engkau","Noah: Jika Engkau",https://www.imdb.com/title/tt14532034,Videoclip,null,5,2013,"Música",0,"2013-05-28","Sim F."
tt8155796,5,2026-06-10,"Moby: We Are All Made of Stars","Moby: We Are All Made of Stars",https://www.imdb.com/title/tt8155796,Videoclip,6.7,4,2002,"Música",134,"2002-03","Joseph Kahn"
tt37533346,3,2026-06-10,"Tegan and Sara: Boyfriend","Tegan and Sara: Boyfriend",https://www.imdb.com/title/tt37533346,Videoclip,null,3,2016,"Música",0,"2016-04-27","Clea DuVall"
tt0080484,6,2026-06-10,"Bárbara","Bárbara",https://www.imdb.com/title/tt0080484,Película,6.5,100,1980,"Musical, Drama, Comedia",48,"1980-06-12","Gino Landi"
tt42453530,6,2026-06-08,"Promeses i Accidents","Promeses i Accidents",https://www.imdb.com/title/tt42453530,Corto,null,25,2026,"Documental, Corto",0,"2026-05-11","Alex Sardà"
tt35746682,7,2026-06-06,"Las corrientes","Las corrientes",https://www.imdb.com/title/tt35746682,Película,6.1,104,2025,"Drama",327,"2026-07-08","Milagros Mumenthaler"
tt4127138,5,2026-06-06,"Ambition","Ambition",https://www.imdb.com/title/tt4127138,Corto,7.1,7,2014,"Corto, Ciencia ficción, Historia, Misterio",916,"2014-10-24","Tomasz Bagiński"
tt39370472,3,2026-06-05,"Apple Music Live: Lady Gaga Mayhem Requiem","Apple Music Live: Lady Gaga Mayhem Requiem",https://www.imdb.com/title/tt39370472,Especial de TV,7.8,67,2026,"Musical, Música",333,"2026-05-14","Lady Gaga"
tt0062816,6,2026-06-04,"Comando al infierno","Comando al infierno",https://www.imdb.com/title/tt0062816,Película,4.6,88,1969,"Acción, Drama, Bélico",127,"1969-05-07","José Luis Merino"
tt16150308,4,2026-06-04,"Bush: Letting the Cables Sleep","Bush: Letting the Cables Sleep",https://www.imdb.com/title/tt16150308,Videoclip,6.2,5,1999,"Música",28,"1999-12-24","Joel Schumacher"
tt37050740,6,2026-06-01,"Se tiene que morir mucha gente","Se tiene que morir mucha gente",https://www.imdb.com/title/tt37050740,Serie de TV,7.3,,2026,"Drama",1113,"2026-05-21",
tt3846274,7,2026-05-31,"Apnée","Apnée",https://www.imdb.com/title/tt3846274,Corto de TV,6.2,14,2015,"Corto, Drama, Romance",150,"2015-11-01","Louis de Caunes"
tt15734582,7,2026-05-29,"Irati","Irati",https://www.imdb.com/title/tt15734582,Película,6.2,114,2022,"Aventura, Acción, Drama, Historia, Fantasía",2052,"2023-02-24","Paul Urkijo Alijo"
tt13241560,2,2026-05-28,"Klaus Eats Butterflies","Klaus Eats Butterflies",https://www.imdb.com/title/tt13241560,Corto,5.7,6,2020,"Corto",47,"2020-01-25","Shane Aquino"
tt12976084,3,2026-05-28,"Dos años y un día","Dos años y un día",https://www.imdb.com/title/tt12976084,Serie de TV,7.0,29,2022,"Comedia",101,"2022-07-03",
tt5626028,4,2026-05-27,"My Hero Academia","Boku no Hîrô Akademia",https://www.imdb.com/title/tt5626028,Serie de TV,8.2,24,2016,"Animación, Acción, Ciencia ficción, Aventura",126182,"2016-04-03",
tt5624722,5,2026-05-27,"The Killers: Shot at the Night","The Killers: Shot at the Night",https://www.imdb.com/title/tt5624722,Videoclip,8.3,4,2013,"Música, Romance",201,"2013-09-26","Robert Schober"
tt0082198,8,2026-05-26,"Conan, el bárbaro","Conan the Barbarian",https://www.imdb.com/title/tt0082198,Película,6.9,129,1982,"Aventura, Fantasía",175353,"1982-04-15","John Milius"
tt5688074,5,2026-05-26,"Bryan Adams: Brand New Day","Bryan Adams: Brand New Day",https://www.imdb.com/title/tt5688074,Videoclip,6.7,4,2015,"Música",58,"2015","Bryan Adams"
tt32916440,5,2026-05-24,"Marty Supreme","Marty Supreme",https://www.imdb.com/title/tt32916440,Película,7.5,149,2025,"Drama, Deporte, Comedia",214819,"2026-01-30","Josh Safdie"
tt8321946,5,2026-05-24,"Beach Baby: U R","Beach Baby: U R",https://www.imdb.com/title/tt8321946,Videoclip,null,4,2016,"Música",0,"2016-07-13","Eoin Glaister"
tt0386117,9,2026-05-24,"Donde viven los monstruos","Where the Wild Things Are",https://www.imdb.com/title/tt0386117,Película,6.7,101,2009,"Aventura, Drama, Fantasía, Familiar",112528,"2009-12-18","Spike Jonze"
tt33797166,3,2026-05-23,"Aída y vuelta","Aída y vuelta",https://www.imdb.com/title/tt33797166,Película,6.0,90,2026,"Comedia",1190,"2026-01-30","Paco León,Fernando Pérez"
tt8884610,7,2026-05-23,"Mónica Naranjo: Desátame","Mónica Naranjo: Desátame",https://www.imdb.com/title/tt8884610,Videoclip,6.3,4,1997,"Música",8,"1997-10-10","Juan Marrero"
tt22237964,4,2026-05-22,"La misteriosa mirada del flamenco","La misteriosa mirada del flamenco",https://www.imdb.com/title/tt22237964,Película,6.8,109,2025,"Drama, Historia, Del oeste",1708,"2026-01-16","Diego Céspedes"
tt41743343,4,2026-05-21,"Laufey: Madwoman","Laufey: Madwoman",https://www.imdb.com/title/tt41743343,Videoclip,8.9,,2026,"Música",214,"2026-04-13","Warren Fu"
tt21194996,5,2026-05-19,"La chica invisible","La chica invisible",https://www.imdb.com/title/tt21194996,Miniserie de TV,5.7,,2023,"Suspense, Drama",439,"2023-02-15",
tt12442544,7,2026-05-18,"Marc Salvador: Shadow","Marc Salvador: Shadow",https://www.imdb.com/title/tt12442544,Videoclip,7.4,3,2018,"Música",5,"2018-03-24","Marta Puig"
tt0869028,4,2026-05-18,"Clown","Clown",https://www.imdb.com/title/tt0869028,Corto,6.4,10,2004,"Corto, Comedia, Drama",9,"2004","Stephen Lynch"
tt38990636,7,2026-05-17,"La Chaparra","La Chaparra",https://www.imdb.com/title/tt38990636,Miniserie de TV,7.1,,2026,"Documental",29,"2026-04-30",
tt0059885,6,2026-05-17,"El coronel Von Ryan","Von Ryan's Express",https://www.imdb.com/title/tt0059885,Película,7.1,117,1965,"Bélico, Aventura, Acción",16329,"1965-06-23","Mark Robson"
tt34441719,5,2026-05-16,"Nicki Bluhm and the Gramblers: Waiting on Love","Nicki Bluhm and the Gramblers: Waiting on Love",https://www.imdb.com/title/tt34441719,Videoclip,null,3,2015,"Música",0,"2015-05-21","Todd Hurvitz"
tt3061830,7,2026-05-16,"Togetherness","Togetherness",https://www.imdb.com/title/tt3061830,Serie de TV,7.5,30,2015,"Comedia, Drama, Romance",10313,"2015-01-12",
tt0079837,3,2026-05-16,"Sábado, domingo y viernes","Sabato, domenica e venerdì",https://www.imdb.com/title/tt0079837,Película,5.2,108,1979,"Comedia",454,"1979-10-20","Franco Castellano,Pasquale Festa Campanile,Sergio Martino,Giuseppe Moccia"
tt0458352,5,2026-05-14,"El diablo viste de Prada","The Devil Wears Prada",https://www.imdb.com/title/tt0458352,Película,7.0,109,2006,"Drama, Comedia",570289,"2006-10-06","David Frankel"
tt26654537,5,2026-05-14,"Gorgon City, MK: There for You","Gorgon City, MK: There for You",https://www.imdb.com/title/tt26654537,Videoclip,null,3,2019,"Música",0,"2019-10-04","Joan Bosch"
tt12114586,2,2026-05-13,"Twenty One Pilots: Level of Concern","Twenty One Pilots: Level of Concern",https://www.imdb.com/title/tt12114586,Videoclip,8.0,3,2020,"Música",97,"2020-04-09",
tt34710525,5,2026-05-12,"Cat's Eye - Ojos de Gato","Kyattsu Ai",https://www.imdb.com/title/tt34710525,Serie de TV,6.4,24,2025,"Animación, Acción, Comedia, Crimen, Misterio",202,"2025-09-26",
tt2583690,3,2026-05-12,"El miedo","La por",https://www.imdb.com/title/tt2583690,Película,6.2,72,2013,"Drama",178,"2013-10-21","Jordi Cadena"
tt33992069,2,2026-05-12,"I Don't Know How to Say Goodbye (Bang Bang Boom Boom)","I Don't Know How to Say Goodbye (Bang Bang Boom Boom)",https://www.imdb.com/title/tt33992069,Videoclip,6.9,,2024,"Música",27,"2024-10-10","Gregory Alosio"
tt3908142,7,2026-05-12,"The Love Witch","The Love Witch",https://www.imdb.com/title/tt3908142,Película,6.3,120,2016,"Romance, Comedia, Terror",24509,"2017-03-10","Anna Biller"
tt39123754,6,2026-05-11,"Kids of the Apocalypse - Better Life","Kids of the Apocalypse - Better Life",https://www.imdb.com/title/tt39123754,Videoclip,null,,2016,"Música",0,"2016-06-19","Ernest Desumbila"
tt0112175,6,2026-05-10,"Spider-Man","Spider-Man",https://www.imdb.com/title/tt0112175,Serie de TV,8.4,23,1994,"Animación, Aventura, Ciencia ficción, Familiar, Acción",40016,"1995-09-16",
tt27451046,6,2026-05-10,"Ratón de biblioteca","Ratón de biblioteca",https://www.imdb.com/title/tt27451046,Corto,6.4,14,2023,"Corto, Terror",31,"2023-04-19","Javier Yañez Sanz"
tt13159924,5,2026-05-09,"Gen V","Gen V",https://www.imdb.com/title/tt13159924,Serie de TV,7.6,50,2023,"Comedia, Acción, Aventura, Drama, Ciencia ficción",156243,"2023-09-29",
tt23623204,7,2026-05-09,"Pierce the Veil: Emergency Contact","Pierce the Veil: Emergency Contact",https://www.imdb.com/title/tt23623204,Videoclip,8.3,,2022,"Música",12,"2022-11-11","Marc Klasfeld"
tt33797178,7,2026-05-07,"Yo siempre a veces","Yo siempre a veces",https://www.imdb.com/title/tt33797178,Serie de TV,6.5,30,2026,"Drama, Comedia",207,"2026-04-23",
tt15009428,6,2026-05-07,"Argylle","Argylle",https://www.imdb.com/title/tt15009428,Película,5.6,139,2024,"Acción, Suspense, Comedia, Aventura",102051,"2024-02-02","Matthew Vaughn"
tt35868571,5,2026-05-07,"Sleigh Bells: Bunky Pop","Sleigh Bells: Bunky Pop",https://www.imdb.com/title/tt35868571,Videoclip,null,3,2025,"Música",0,"2025-02-19","Derek Miller,Alex Ross Perry"
tt37968115,3,2026-05-05,"Tyler, the Creator: Darling, I","Tyler, the Creator: Darling, I",https://www.imdb.com/title/tt37968115,Videoclip,8.0,5,2025,"Música",65,"2025-08-19","Tyler the Creator"
tt29300998,5,2026-05-02,"Rondallas","Rondallas",https://www.imdb.com/title/tt29300998,Película,7.0,112,2025,"Comedia, Drama",1046,"2026-01-01","Daniel Sánchez Arévalo"
tt1457742,2,2026-05-02,"Impolex","Impolex",https://www.imdb.com/title/tt1457742,Película,5.2,73,2009,"Bélico, Comedia, Ciencia ficción, Aventura, Historia, Drama",227,"2011-07-15","Alex Ross Perry"
tt5715494,3,2026-05-01,"Deux rivages","Deux rivages",https://www.imdb.com/title/tt5715494,Corto,null,18,2015,"Corto",0,,"Diana Munteanu"
tt0101545,6,2026-04-29,"Destinos opuestos","Career Opportunities",https://www.imdb.com/title/tt0101545,Película,5.9,83,1991,"Romance, Comedia",21427,"1991-03-29","Bryan Gordon"
tt8935612,4,2026-04-29,"Miguel Bosé: Decirnos Adiós","Miguel Bosé: Decirnos Adiós",https://www.imdb.com/title/tt8935612,Videoclip,6.1,5,2012,"Música",32,,
tt10223044,5,2026-04-27,"White Echo","White Echo",https://www.imdb.com/title/tt10223044,Corto,5.0,16,2019,"Corto, Drama, Suspense",283,"2019-05-24","Chloë Sevigny"
tt31419483,2,2026-04-25,"8","8",https://www.imdb.com/title/tt31419483,Película,5.7,126,2025,"Drama",471,"2025-03-21","Julio Medem"
tt0319829,4,2026-04-25,"Anónimos","Masked and Anonymous",https://www.imdb.com/title/tt0319829,Película,5.3,112,2003,"Comedia, Drama, Música",5272,"2004-03-05","Larry Charles"
tt27331087,3,2026-04-24,"Ariel","Ariel",https://www.imdb.com/title/tt27331087,Película,6.2,108,2025,"Drama, Fantasía",153,"2025-12-24","Lois Patiño"
tt2333784,3,2026-04-23,"Los mercenarios 3","The Expendables 3",https://www.imdb.com/title/tt2333784,Película,6.1,126,2014,"Acción, Aventura, Suspense",207508,"2014-08-14","Patrick Hughes"
tt4513678,6,2026-04-23,"Cazafantasmas: Más allá","Ghostbusters: Afterlife",https://www.imdb.com/title/tt4513678,Película,7.0,124,2021,"Comedia, Fantasía, Aventura, Ciencia ficción",243081,"2021-12-03","Jason Reitman"
tt5672606,2,2026-04-22,"Eisley: I Wasn't Prepared","Eisley: I Wasn't Prepared",https://www.imdb.com/title/tt5672606,Videoclip,2.2,4,2005,"Música",197,"2005-02-08","Marvin Scott Jarrett"
tt0079068,5,2026-04-21,"Al doctor Jekyll le gustan calientes","Dottor Jekyll e gentile signora",https://www.imdb.com/title/tt0079068,Película,5.1,107,1979,"Ciencia ficción, Crimen, Fantasía, Terror, Comedia",490,"1979-08-31","Steno"
tt31712841,6,2026-04-21,"¿A qué estás esperando?","¿A qué estás esperando?",https://www.imdb.com/title/tt31712841,Serie de TV,6.1,,2024,"Romance",196,"2024-10-20",
tt0092076,6,2026-04-20,"La matanza de Texas 2","The Texas Chainsaw Massacre 2",https://www.imdb.com/title/tt0092076,Película,5.6,101,1986,"Comedia, Terror",44490,"1986-08-22","Tobe Hooper"
tt21066182,3,2026-04-20,"Wonder Man","Wonder Man",https://www.imdb.com/title/tt21066182,Serie de TV,7.4,30,2026,"Acción, Aventura, Fantasía, Ciencia ficción, Comedia, Drama",39126,"2026-01-28",
tt38113480,3,2026-04-20,"Calcinación","Calcinación",https://www.imdb.com/title/tt38113480,Película,6.8,88,2025,"Drama, Romance, Suspense",5,"2026-04-17","Luis Navarrete"
tt14384394,7,2026-04-20,"De la Puríssima: Jose Alfredo","De la Puríssima: Jose Alfredo",https://www.imdb.com/title/tt14384394,Videoclip,null,16,2016,"Música",0,"2017-01-17","Eduardo Chapero-Jackson"
tt4854170,2,2026-04-19,"The Boyfriend Game","The Boyfriend Game",https://www.imdb.com/title/tt4854170,Corto,6.2,7,2015,"Corto, Drama",114,"2015-09-14","Alice Englert"
tt34987567,5,2026-04-16,"Dior: The Garden of Dreams","Dior: The Garden of Dreams",https://www.imdb.com/title/tt34987567,Corto,6.2,1,2023,"Corto",84,"2023-11-01","Benoît Delhomme"
tt39262357,5,2026-04-16,"Dior: Forever 23","Dior: Forever 23",https://www.imdb.com/title/tt39262357,Vídeo,6.1,1,2023,"Corto",25,"2023-01","Damien Krisl"
tt34988077,5,2026-04-16,"Dior: The Atelier of Dreams","Dior: The Atelier of Dreams",https://www.imdb.com/title/tt34988077,Corto,5.9,1,2022,"Corto",63,"2022-11-03","Benoît Delhomme"
tt0235279,2,2026-04-16,"Les anneaux d'or","Les anneaux d'or",https://www.imdb.com/title/tt0235279,Corto,7.3,18,1959,"Corto, Drama",60,"1959-06","Mustapha Fersi,René Vautier"
tt0154138,6,2026-04-15,"La amante estelar","La amante estelar",https://www.imdb.com/title/tt0154138,Corto,4.8,37,1968,"Corto",12,,"Antonio de Lara"
tt5801808,6,2026-04-15,"Abigail Breslin: You Suck","Abigail Breslin: You Suck",https://www.imdb.com/title/tt5801808,Videoclip,4.2,3,2014,"Música",66,"2014-11-28","Ridgefield"
tt0378194,10,2026-04-13,"Kill Bill: Volumen 2","Kill Bill: Vol. 2",https://www.imdb.com/title/tt0378194,Película,8.0,137,2004,"Suspense, Crimen, Acción",878713,"2004-07-23","Quentin Tarantino"
tt0266697,10,2026-04-13,"Kill Bill: Volumen 1","Kill Bill: Vol. 1",https://www.imdb.com/title/tt0266697,Película,8.2,111,2003,"Acción, Suspense, Crimen",1322193,"2004-03-05","Quentin Tarantino"
tt6019206,10,2026-04-13,"Kill Bill: The Whole Bloody Affair","Kill Bill: The Whole Bloody Affair",https://www.imdb.com/title/tt6019206,Película,8.7,253,2004,"Acción, Crimen, Suspense",55626,"2026-04-10","Quentin Tarantino"
tt32676813,1,2026-04-13,"Drip","Drip",https://www.imdb.com/title/tt32676813,Corto,null,,2022,"Corto",0,"2022","Carol Dorn"
tt30802087,7,2026-04-12,"Natasha Khan & Jon Hopkins: Garden's Heart","Natasha Khan & Jon Hopkins: Garden's Heart",https://www.imdb.com/title/tt30802087,Videoclip,6.9,4,2013,"Bélico, Música",10,"2013-09-02","Bat for Lashes"
tt35431236,6,2026-04-12,"El accidente de piano","L'accident de piano",https://www.imdb.com/title/tt35431236,Película,6.4,88,2025,"Comedia",3486,"2026-03-10","Quentin Dupieux"
tt3438666,8,2026-04-10,"30 Seconds to Mars: Up in the Air","30 Seconds to Mars: Up in the Air",https://www.imdb.com/title/tt3438666,Videoclip,8.5,8,2013,"Música",369,"2013-04-19","Jared Leto"
tt2829562,2,2026-04-10,"Blue Season","Blue Season",https://www.imdb.com/title/tt2829562,Corto,5.1,5,2013,"Corto, Ciencia ficción, Terror, Misterio",388,"2013-04-08","Georgina Higgins,Lee Jones"
tt4249352,6,2026-04-09,"C comme Couteau","C comme Couteau",https://www.imdb.com/title/tt4249352,Corto,6.2,11,2014,"Corto, Drama",16,"2014","Amandine Maugy"
tt8935630,6,2026-04-07,"Eduardo Cruz: Cosas que contar","Eduardo Cruz: Cosas que contar",https://www.imdb.com/title/tt8935630,Videoclip,4.4,,2007,"Música",16,,
tt12831770,2,2026-04-07,"Canción de cuna","Canción de cuna",https://www.imdb.com/title/tt12831770,Corto,6.0,9,2009,"Corto, Suspense",6,"2009-03-03","Vladimir Vera"
tt26669379,4,2026-04-06,"Eli Roth's Be Mine: A VR Valentine's Slasher","Eli Roth's Be Mine: A VR Valentine's Slasher",https://www.imdb.com/title/tt26669379,Corto,6.7,30,2023,"Corto, Terror, Misterio",76,"2023-02-10","Adam MacDonald"
tt12042730,8,2026-04-06,"Proyecto Salvación","Project Hail Mary",https://www.imdb.com/title/tt12042730,Película,8.2,156,2026,"Ciencia ficción, Aventura, Comedia, Drama",522225,"2026-03-27","Phil Lord,Christopher Miller"
tt1646166,5,2026-04-05,"Thrush","Thrush",https://www.imdb.com/title/tt1646166,Corto,6.6,5,2010,"Corto, Comedia, Romance",38,,"Gabriel Bisset-Smith,Graham Turner"
tt15326988,3,2026-04-05,"Ghosting","Ghosted",https://www.imdb.com/title/tt15326988,Película,5.8,117,2023,"Acción, Aventura, Romance, Comedia",82142,"2023-04-21","Dexter Fletcher"
tt27847051,7,2026-04-02,"El agente secreto","O Agente Secreto",https://www.imdb.com/title/tt27847051,Película,7.2,161,2025,"Drama, Suspense, Crimen, Misterio",62031,"2026-02-20","Kleber Mendonça Filho"
tt0435761,8,2026-04-01,"Toy Story 3","Toy Story 3",https://www.imdb.com/title/tt0435761,Película,8.3,103,2010,"Animación, Aventura, Comedia, Familiar, Fantasía",988063,"2010-07-23","Lee Unkrich"
tt8521684,3,2026-04-01,"Boomerang","Boomerang",https://www.imdb.com/title/tt8521684,Corto,6.3,9,2018,"Corto, Comedia",156,"2018-05-30","Matthew Frost"
tt0460627,2,2026-04-01,"Bones","Bones",https://www.imdb.com/title/tt0460627,Serie de TV,7.8,40,2005,"Crimen, Drama, Misterio",192452,"2005-09-13",
tt2816884,4,2026-04-01,"CollegeHumor Originals: Dora the Explorer and the Destiny Medallion: Part 3","CollegeHumor Originals: Dora the Explorer and the Destiny Medallion: Part 3",https://www.imdb.com/title/tt2816884,Episodio de TV,7.2,5,2013,"Comedia",15,"2013-04-02","Matthew Pollock"
tt2800792,4,2026-04-01,"CollegeHumor Originals: Dora the Explorer and the Destiny Medallion: Part 2","CollegeHumor Originals: Dora the Explorer and the Destiny Medallion: Part 2",https://www.imdb.com/title/tt2800792,Episodio de TV,7.9,3,2013,"Comedia",23,"2013-03-26","Matthew Pollock"
tt2234701,4,2026-04-01,"CollegeHumor Originals","CollegeHumor Originals",https://www.imdb.com/title/tt2234701,Serie de TV,7.7,,2006,"Comedia",1810,"2006-03-31",
tt2461176,4,2026-04-01,"CollegeHumor Originals: Dora the Explorer Movie Trailer (with Ariel Winter)","CollegeHumor Originals: Dora the Explorer Movie Trailer (with Ariel Winter)",https://www.imdb.com/title/tt2461176,Episodio de TV,8.7,2,2012,"Comedia",69,"2012-06-28","Matthew Pollock"
tt2789770,4,2026-04-01,"CollegeHumor Originals: Dora the Explorer and the Destiny Medallion: Part 1","CollegeHumor Originals: Dora the Explorer and the Destiny Medallion: Part 1",https://www.imdb.com/title/tt2789770,Episodio de TV,7.2,3,2013,"Comedia",23,"2013-03-19","Matthew Pollock"
tt8623576,6,2026-03-31,"Relations","Relations",https://www.imdb.com/title/tt8623576,Corto,7.2,11,2019,"Corto, Drama",23,"2019-05-10","Hallie Cooper-Novack"
tt27739013,5,2026-03-31,"What Would Jesus Do?","What Would Jesus Do?",https://www.imdb.com/title/tt27739013,Corto,7.2,13,2024,"Corto, Comedia",131,"2024-08-29","Dempsey Bryk"
tt2118624,7,2026-03-31,"Las últimas supervivientes","The Final Girls",https://www.imdb.com/title/tt2118624,Película,6.5,91,2015,"Comedia, Terror, Fantasía, Suspense, Misterio",58064,"2015-11-05","Todd Strauss-Schulson"
tt22301234,5,2026-03-30,"Onimusha","Onimusha",https://www.imdb.com/title/tt22301234,Miniserie de TV,6.8,30,2023,"Animación, Acción, Historia, Aventura, Fantasía, Misterio",4070,"2023-11-02",
tt12443084,6,2026-03-30,"Ada Van: Modelo Torbellino","Ada Van: Modelo Torbellino",https://www.imdb.com/title/tt12443084,Videoclip,6.4,7,2017,"Música",5,"2017-09-23","Guillem Manzanares"
tt0438097,4,2026-03-30,"Ice Age 2: El deshielo","Ice Age: The Meltdown",https://www.imdb.com/title/tt0438097,Película,6.8,91,2006,"Animación, Comedia, Familiar, Aventura",321403,"2006-03-31","Carlos Saldanha"
tt37676033,7,2026-03-30,"V/H/S/Halloween","V/H/S/Halloween",https://www.imdb.com/title/tt37676033,Película,5.7,115,2025,"Terror",10519,"2025-10-03","Bryan M. Ferguson,Casper Kelly,R.H. Norman,Alex Ross Perry,Micheline Pitt-Norman,Paco Plaza,Anna Zlokovic"
tt9077376,6,2026-03-27,"Las consecuencias","Las Consecuencias",https://www.imdb.com/title/tt9077376,Película,5.3,96,2021,"Drama, Suspense",174,"2021-09-17","Claudia Pinto"
tt27737832,2,2026-03-24,"Penélope Cruz: Pénelope","Penélope Cruz: Pénelope",https://www.imdb.com/title/tt27737832,Videoclip,2.0,,2002,"Música",10,"2002-10","Joan-Lluís Arruga"
tt1764651,4,2026-03-24,"Los mercenarios 2","The Expendables 2",https://www.imdb.com/title/tt1764651,Película,6.6,103,2012,"Acción, Suspense, Aventura",336208,"2012-08-24","Simon West"
tt7039002,4,2026-03-23,"Bon Jovi: Always","Bon Jovi: Always",https://www.imdb.com/title/tt7039002,Videoclip,7.7,6,1994,"Música, Drama, Romance",462,"1994-09","Marty Callner"
tt0268380,4,2026-03-22,"Ice Age: La edad de hielo","Ice Age",https://www.imdb.com/title/tt0268380,Película,7.5,81,2002,"Animación, Aventura, Comedia, Familiar",571142,"2002-07-12","Chris Wedge,Carlos Saldanha"
tt2132486,5,2026-03-22,"La hija del Grúfalo","The Gruffalo's Child",https://www.imdb.com/title/tt2132486,Película de TV,7.1,27,2011,"Animación, Familiar, Fantasía",4356,"2011-12-25","Uwe Heidschötter,Johannes Weiland"
tt1461418,6,2026-03-22,"El Grúfalo","The Gruffalo",https://www.imdb.com/title/tt1461418,Película de TV,7.5,27,2009,"Animación, Familiar, Fantasía",8631,"2009-12-25","Max Lang,Jakob Schuh"
tt0822833,3,2026-03-22,"Mentiras y gordas","Mentiras y gordas",https://www.imdb.com/title/tt0822833,Película,3.9,107,2009,"Comedia, Drama",3402,"2009-03-27","Alfonso Albacete,David Menkes"
tt7559188,3,2026-03-22,"Post millennial","Post millennial",https://www.imdb.com/title/tt7559188,Corto,7.6,4,2017,"Corto, Comedia",28,"2017-10-26","Inés de León"
tt26923383,7,2026-03-21,"Decorado","Decorado",https://www.imdb.com/title/tt26923383,Película,6.8,95,2025,"Animación, Comedia, Fantasía, Terror",501,"2025-10-24","Alberto Vázquez"
tt15568768,5,2026-03-21,"Primavera en el frente","Primavera en el frente",https://www.imdb.com/title/tt15568768,Corto,null,12,2021,"Corto, Drama",0,"2021-10-15","Luis Arrojo"
tt0442939,6,2026-03-21,"Canciones de invierno","Canciones de invierno",https://www.imdb.com/title/tt0442939,Corto,7.0,29,2004,"Corto, Comedia",28,"2004-04","Félix Viscarret"
tt29299092,7,2026-03-18,"Yo no moriré de amor","Yo no moriré de amor",https://www.imdb.com/title/tt29299092,Película,7.3,94,2026,"Drama, Familiar",104,"2026-05-08","Marta Matute"
tt3747964,2,2026-03-18,"Any Other Friday","Any Other Friday",https://www.imdb.com/title/tt3747964,Corto,7.9,,2014,"Corto, Drama",13,"2014-05-14","Peter Paul Basler"
tt3582420,5,2026-03-17,"Two Missing","Two Missing",https://www.imdb.com/title/tt3582420,Corto,6.2,16,2014,"Corto, Drama, Suspense",43,"2014-06-21","Claire Fowler"
tt33098637,6,2026-03-17,"La huella del mal","La huella del mal",https://www.imdb.com/title/tt33098637,Película,4.7,105,2025,"Suspense, Terror",1029,"2025-04-04","Manuel Ríos San Martín"
tt0079734,5,2026-03-16,"Policías con faldas","La poliziotta della squadra del buon costume",https://www.imdb.com/title/tt0079734,Película,4.6,90,1979,"Crimen, Comedia",365,"1979-08-10","Michele Massimo Tarantini"
tt0809934,2,2026-03-16,"Pitch","Pitch",https://www.imdb.com/title/tt0809934,Corto,6.5,20,2006,"Corto, Comedia, Drama",70,"2006-05-17","Ian Gelfand"
tt31688586,9,2026-03-14,"Nouvelle Vague","Nouvelle Vague",https://www.imdb.com/title/tt31688586,Película,7.3,106,2025,"Comedia, Biografía, Drama, Historia",11979,"2026-01-09","Richard Linklater"
tt8607524,5,2026-03-11,"Limp Bizkit: Eat You Alive","Limp Bizkit: Eat You Alive",https://www.imdb.com/title/tt8607524,Videoclip,6.9,4,2003,"Música",109,"2003-08","Fred Durst"
tt23649128,8,2026-03-09,"The Studio","The Studio",https://www.imdb.com/title/tt23649128,Serie de TV,8.0,30,2025,"Comedia, Drama",69377,"2025-03-26",
tt29713815,3,2026-03-08,"Turn Up the Sun!","Turn Up the Sun!",https://www.imdb.com/title/tt29713815,Película,3.0,80,2025,"Suspense",2283,"2026-01-25","Jamie Adams"
tt0267383,5,2026-03-08,"Completo confort","Completo confort",https://www.imdb.com/title/tt0267383,Corto,6.6,18,1997,"Corto, Comedia",10,,"Juan Flahn"
tt32246771,8,2026-03-06,"Devuélvemela","Bring Her Back",https://www.imdb.com/title/tt32246771,Película,7.1,104,2025,"Terror, Misterio",139442,"2025-08-01","Danny Philippou,Michael Philippou"
tt13654226,6,2026-03-06,"El abismo secreto","The Gorge",https://www.imdb.com/title/tt13654226,Película,6.7,128,2025,"Acción, Romance, Ciencia ficción, Aventura, Terror",179207,"2025-02-14","Scott Derrickson"
tt1308109,2,2026-03-01,"Duress","Duress",https://www.imdb.com/title/tt1308109,Película,5.5,80,2009,"Suspense, Crimen",1135,"2009-12-03","Jordan Barker"
tt2594098,5,2026-03-01,"The Apocalypse","The Apocalypse",https://www.imdb.com/title/tt2594098,Corto,6.3,5,2013,"Corto, Acción, Comedia",198,"2013-04","Andrew Zuchero"
tt12637874,4,2026-02-28,"Fallout","Fallout",https://www.imdb.com/title/tt12637874,Serie de TV,8.3,60,2024,"Acción, Aventura, Drama, Ciencia ficción",401866,"2024-04-11",
tt21317466,2,2026-02-28,"Purificacion","Purificacion",https://www.imdb.com/title/tt21317466,Película,4.0,105,2022,"Suspense",404,"2022-08-05","GB Sampedro"
tt35513027,6,2026-02-28,"Los domingos","Los domingos",https://www.imdb.com/title/tt35513027,Película,7.3,115,2025,"Drama, Suspense",5187,"2025-10-17","Alauda Ruiz de Azúa"
tt0219400,3,2026-02-25,"Waking Up in Reno","Waking Up in Reno",https://www.imdb.com/title/tt0219400,Película,5.5,91,2002,"Romance, Comedia",6665,"2021-07-06","Jordan Brady"
tt10240612,3,2026-02-25,"¡Critters al ataque!","Critters Attack!",https://www.imdb.com/title/tt10240612,Película de TV,3.7,89,2019,"Terror, Comedia, Ciencia ficción",3652,"2020-11-06","Bobby Miller"
tt1352836,6,2026-02-22,"Knife Point","Knife Point",https://www.imdb.com/title/tt1352836,Corto,6.1,27,2009,"Corto, Drama, Terror, Suspense, Romance",126,"2009-01-16","Carlo Mirabella-Davis"
tt9816584,4,2026-02-22,"SZA: Drew Barrymore","SZA: Drew Barrymore",https://www.imdb.com/title/tt9816584,Videoclip,7.0,4,2017,"Música",41,"2017-06-20","Dave Meyers,Nabil Elderkin"
tt32561334,6,2026-02-21,"La buena letra","La buena letra",https://www.imdb.com/title/tt32561334,Película,6.3,110,2025,"Drama",366,"2025-04-30","Celia Rico Clavellino"
tt9879586,3,2026-02-21,"Smash Mouth: Can't Get Enough of You Baby","Smash Mouth: Can't Get Enough of You Baby",https://www.imdb.com/title/tt9879586,Videoclip,6.4,3,1998,"Música",66,"1998-06","McG"
tt12192128,5,2026-02-20,"Oat Milk","Oat Milk",https://www.imdb.com/title/tt12192128,Corto,8.6,,2020,"Corto, Fantasía",8,"2020-04-21","Numa Perrier"
tt27599851,5,2026-02-18,"Apocalipsis Z: El principio del fin","Apocalipsis Z: El principio del fin",https://www.imdb.com/title/tt27599851,Película,6.1,117,2024,"Ciencia ficción, Acción, Suspense, Terror",24319,"2024-10-31","Carles Torrens"
tt0078770,4,2026-02-17,"Mis maridos y yo","Amori miei",https://www.imdb.com/title/tt0078770,Película,6.1,100,1978,"Romance, Comedia",224,"1978-12-21","Steno"
tt13309742,6,2026-02-16,"Samurái de ojos azules","Blue Eye Samurai",https://www.imdb.com/title/tt13309742,Serie de TV,8.7,45,2023,"Animación, Acción, Aventura, Drama, Suspense",106803,"2023-11-03",
tt13623126,3,2026-02-16,"Ironheart","Ironheart",https://www.imdb.com/title/tt13623126,Miniserie de TV,4.5,50,2025,"Acción, Aventura, Fantasía, Ciencia ficción",69635,"2025-06-25",
tt2663190,2,2026-02-15,"By Shank's Pony","By Shank's Pony",https://www.imdb.com/title/tt2663190,Corto,null,16,2012,"Corto, Drama",0,,"Kirsten Robb"
tt14883538,7,2026-02-15,"Arco","Arco",https://www.imdb.com/title/tt14883538,Película,7.3,88,2025,"Animación, Ciencia ficción, Fantasía, Aventura",8917,"2026-01-23","Ugo Bienvenu"
tt36491653,6,2026-02-14,"Un simple accidente","Yek tasadof-e sadeh",https://www.imdb.com/title/tt36491653,Película,7.4,103,2025,"Crimen, Suspense, Drama, Misterio",38792,"2025-10-17","Jafar Panahi"
tt0374168,5,2026-02-14,"La reina del bar Canalla","La reina del bar Canalla",https://www.imdb.com/title/tt0374168,Corto,6.0,9,2003,"Corto",54,,"Daniel Azancot"
tt35657504,2,2026-02-14,"La cena","La cena",https://www.imdb.com/title/tt35657504,Película,6.6,106,2025,"Drama, Comedia, Historia",2980,"2025-10-17","Manuel Gómez Pereira"
tt5503768,5,2026-02-13,"Tiny Mammals","Tiny Mammals",https://www.imdb.com/title/tt5503768,Corto,6.2,8,2017,"Corto, Drama, Fantasía, Ciencia ficción",117,"2017-11-05","Dagny Atencio Looper"
tt3567288,7,2026-02-13,"La visita","The Visit",https://www.imdb.com/title/tt3567288,Película,6.3,94,2015,"Terror, Suspense, Misterio",178658,"2015-09-11","M. Night Shyamalan"
tt0833501,6,2026-02-13,"El menor de los males","El menor de los males",https://www.imdb.com/title/tt0833501,Película,6.2,110,2007,"Suspense, Comedia",202,"2008-03-14","Antonio Hernández"
tt13650784,6,2026-02-11,"The Lincoln Squares: Brighter Days","The Lincoln Squares: Brighter Days",https://www.imdb.com/title/tt13650784,Videoclip,6.5,5,2016,"Corto, Música",49,"2016-09-22","Jessica Redish"
tt1765997,6,2026-02-11,"Pauline","Pauline",https://www.imdb.com/title/tt1765997,Corto,6.7,8,2010,"Corto, Drama",538,"2010-11-18","Céline Sciamma"
tt8977372,6,2026-02-10,"Time of Day","Time of Day",https://www.imdb.com/title/tt8977372,Corto,6.0,10,2018,"Corto",172,"2018-09-11","Thimios Bakatakis,Marissa Velez"
tt31519317,2,2026-02-10,"Donde se quejan los pinos","Donde se quejan los pinos",https://www.imdb.com/title/tt31519317,Corto,6.7,11,2024,"Corto, Drama, Suspense",26,"2024-08-10","Ed Antoja"
tt4078696,4,2026-02-09,"Dos mujeres, un pájaro y una triste historia de amor","Dos mujeres, un pájaro y una triste historia de amor",https://www.imdb.com/title/tt4078696,Corto,4.4,,2010,"Corto, Comedia",7,"2010-11-01","Sonia Sebastián"
tt6947746,6,2026-02-09,"La última virgen","La última virgen",https://www.imdb.com/title/tt6947746,Corto,6.5,18,2017,"Corto, Drama",109,"2017-05-15","Bàrbara Farré"
tt16311594,5,2026-02-07,"F1: La película","F1",https://www.imdb.com/title/tt16311594,Película,7.6,155,2025,"Deporte, Drama",388591,"2025-06-27","Joseph Kosinski"
tt0448458,3,2026-02-07,"Enloquecidas","Enloquecidas",https://www.imdb.com/title/tt0448458,Película,4.6,96,2008,"Comedia",122,"2008-04-11","Juan Luis Iborra"
tt13304306,6,2026-02-07,"Willing to Go There","Willing to Go There",https://www.imdb.com/title/tt13304306,Corto,6.1,19,2022,"Corto, Suspense",56,"2022-07-01","Laura Beckner"
tt13622982,6,2026-02-06,"Star Wars: Visions","Star Wars: Visions",https://www.imdb.com/title/tt13622982,Serie de TV,7.0,22,2021,"Animación, Ciencia ficción, Acción, Aventura, Fantasía, Drama",27907,"2021-09-22",
tt0901473,4,2026-02-03,"Boxes","Boxes",https://www.imdb.com/title/tt0901473,Película,5.1,100,2007,"Drama",195,"2007-06-06","Jane Birkin"
tt33035315,7,2026-02-03,"Kreas","Kreas",https://www.imdb.com/title/tt33035315,Película,6.7,104,2024,"Drama",343,"2025-03-06","Dimitris Nakos"
tt2378394,7,2026-02-02,"It's Getting Late","It's Getting Late",https://www.imdb.com/title/tt2378394,Corto,5.4,8,2012,"Corto",192,"2012-08-30","Massy Tadjedin"
tt3375426,6,2026-02-01,"Send","Send",https://www.imdb.com/title/tt3375426,Corto,6.3,9,2014,"Corto, Drama",118,"2014-03-08","Peter Vack"
tt0366548,2,2026-02-01,"Happy Feet: Rompiendo el hielo","Happy Feet",https://www.imdb.com/title/tt0366548,Película,6.4,108,2006,"Animación, Musical, Familiar, Comedia, Música, Romance, Aventura",215620,"2006-12-05","George Miller,Warren Coleman,Judy Morris"
tt29768334,5,2026-01-31,"Sueños de trenes","Train Dreams",https://www.imdb.com/title/tt29768334,Película,7.5,102,2025,"Drama",114341,"2025-11-21","Clint Bentley"
tt17506684,2,2026-01-30,"These Kids Wear Crowns Feat. Eiza González: I Wanna Dance with Somebody","These Kids Wear Crowns Feat. Eiza González: I Wanna Dance with Somebody",https://www.imdb.com/title/tt17506684,Videoclip,5.2,4,2011,"Música",17,"2011","Colin Minihan"
tt0259711,3,2026-01-29,"Vanilla Sky","Vanilla Sky",https://www.imdb.com/title/tt0259711,Película,6.9,136,2001,"Misterio, Fantasía, Ciencia ficción, Romance, Suspense",311538,"2002-02-01","Cameron Crowe"
tt39013159,3,2026-01-28,"Internships","Internships",https://www.imdb.com/title/tt39013159,Corto,null,3,2018,"Corto",0,"2018-04-10","Russell Upsome Katz"
tt18298478,4,2026-01-28,"Bully","Bully",https://www.imdb.com/title/tt18298478,Corto,7.1,19,2022,"Corto, Drama",33,"2022-11-06","David Mahmoudieh"
tt0101628,3,2026-01-27,"Critters 4","Critters 4",https://www.imdb.com/title/tt0101628,Película,4.1,87,1992,"Ciencia ficción, Terror",9256,"1992-10-14","Rupert Harvey"
tt6416822,6,2026-01-26,"Martina, oh Martina","Martina, oh Martina",https://www.imdb.com/title/tt6416822,Corto,5.3,12,2017,"Corto",6,"2017-10-25","Fátima Martín"
tt34945265,5,2026-01-23,"Maspalomas","Maspalomas",https://www.imdb.com/title/tt34945265,Película,7.1,115,2025,"Drama",1998,"2025-09-26","Aitor Arregi,Jose Mari Goenaga"
tt2322441,3,2026-01-22,"Cincuenta sombras de Grey","Fifty Shades of Grey",https://www.imdb.com/title/tt2322441,Película,4.2,125,2015,"Drama, Romance, Suspense",359100,"2015-02-13","Sam Taylor-Johnson"
tt35052656,4,2026-01-21,"Anatomía de un instante","Anatomía de un instante",https://www.imdb.com/title/tt35052656,Miniserie de TV,7.6,,2025,"Drama, Historia, Suspense",1321,"2025-11-20",
tt0077738,6,2026-01-20,"La profesora enseña en casa","L'insegnante viene a casa",https://www.imdb.com/title/tt0077738,Película,5.0,90,1978,"Misterio, Comedia",589,"1978-11-28","Michele Massimo Tarantini"
tt1457767,9,2026-01-18,"Expediente Warren: The Conjuring","The Conjuring",https://www.imdb.com/title/tt1457767,Película,7.5,112,2013,"Terror, Misterio, Suspense",631320,"2013-07-19","James Wan"
tt31193791,4,2026-01-17,"The Last Showgirl","The Last Showgirl",https://www.imdb.com/title/tt31193791,Película,6.5,88,2024,"Drama",22463,"2025-06-20","Gia Coppola"
tt12226844,5,2026-01-17,"Desde Dentro","Desde Dentro",https://www.imdb.com/title/tt12226844,Corto,null,10,2019,"Corto, Terror",0,"2019-10-15","Pablo Guirado"
tt7091078,4,2026-01-16,"Adam Ant: Goody Two Shoes","Adam Ant: Goody Two Shoes",https://www.imdb.com/title/tt7091078,Videoclip,7.4,3,1982,"Música",98,"1982","Adam Ant,Mike Mansfield"
tt13872628,6,2026-01-16,"Los Tortuga","Los Tortuga",https://www.imdb.com/title/tt13872628,Película,6.3,110,2024,"Drama",369,"2025-05-23","Belén Funes"
tt7715836,6,2026-01-13,"After Her","After Her",https://www.imdb.com/title/tt7715836,Corto,5.0,14,2018,"Corto, Drama, Misterio, Ciencia ficción, Suspense",170,"2019-06-13","Aly Migliori"
tt6089002,6,2026-01-13,"Yes, God, Yes","Yes, God, Yes",https://www.imdb.com/title/tt6089002,Corto,6.3,11,2017,"Corto, Comedia, Drama",2072,"2017-07-05","Karen Maine"
tt0284491,6,2026-01-12,"Sin noticias de Dios","Sin noticias de Dios",https://www.imdb.com/title/tt0284491,Película,6.3,112,2001,"Crimen, Drama",5928,"2001-11-30","Agustín Díaz Yanes"
tt7991758,6,2026-01-12,"L'ofrena","L'ofrena",https://www.imdb.com/title/tt7991758,Película,5.6,111,2020,"Drama, Suspense",197,"2020-08-23","Ventura Durall"
tt5563636,6,2026-01-11,"Corazón","Corazón",https://www.imdb.com/title/tt5563636,Corto,7.5,15,2016,"Corto, Drama",12,"2016-03-16","Sergio Martínez Alberto"
tt31193180,5,2026-01-10,"Los pecadores","Sinners",https://www.imdb.com/title/tt31193180,Película,7.5,137,2025,"Terror",519653,"2025-04-16","Ryan Coogler"
tt2927250,8,2026-01-08,"Sleepwalking in the Rift","Sleepwalking in the Rift",https://www.imdb.com/title/tt2927250,Corto,6.9,32,2012,"Corto",220,"2012","Cary Joji Fukunaga"
tt3762284,3,2026-01-07,"El tiempo de los monstruos","El tiempo de los monstruos",https://www.imdb.com/title/tt3762284,Película,4.7,97,2015,"Comedia",253,"2016-09-30","Félix Sabroso"
tt5883600,6,2026-01-04,"Ape","Ape",https://www.imdb.com/title/tt5883600,Corto,6.8,13,2017,"Corto, Drama",226,"2017-02-17","Josh Hutcherson"
tt12299608,6,2026-01-03,"Mickey 17","Mickey 17",https://www.imdb.com/title/tt12299608,Película,6.7,137,2025,"Ciencia ficción, Aventura, Fantasía, Comedia",259826,"2025-03-07","Bong Joon Ho"
tt0224116,7,2026-01-02,"Cloistered Nun: Runa's Confession","Shûdôjo Runa no kokuhaku",https://www.imdb.com/title/tt0224116,Película,5.0,74,1976,"Drama, Romance",303,"1976-01-08","Masaru Konuma"
tt6238634,5,2026-01-02,"Postcards","Postcards",https://www.imdb.com/title/tt6238634,Corto,7.5,13,2016,"Corto, Drama, Romance",15,"2016-10","Inés Pintor,Pablo Santidrián"
tt0336160,6,2026-01-02,"El chico en la puerta","El chico en la puerta",https://www.imdb.com/title/tt0336160,Corto,6.7,15,2000,"Corto, Drama",18,,"Alberto Palma"
tt15574270,9,2026-01-02,"El brillo de la televisión","I Saw the TV Glow",https://www.imdb.com/title/tt15574270,Película,5.8,100,2024,"Drama, Misterio, Terror",48011,"2024-09-30","Jane Schoenbrun"
tt3506344,3,2026-01-01,"Coping","Coping",https://www.imdb.com/title/tt3506344,Corto,6.5,7,2013,"Corto, Drama, Familiar",38,"2013-12-08","Kaiya Jones"
tt8769848,4,2025-12-30,"The Tomorrow Man","The Tomorrow Man",https://www.imdb.com/title/tt8769848,Película,5.9,94,2019,"Romance, Drama",2685,"2019-08-02","Noble Jones"
tt38787924,6,2025-12-30,"Gentle Monster: The Hunt","Gentle Monster: The Hunt",https://www.imdb.com/title/tt38787924,Corto,6.3,1,2025,"Corto, Terror",115,"2025-10-29","Nadia Lee Cohen"
tt11152168,5,2025-12-30,"Amigos imaginarios","If",https://www.imdb.com/title/tt11152168,Película,6.4,104,2024,"Animación, Comedia, Fantasía, Familiar, Drama",68614,"2024-05-17","John Krasinski"
tt37671699,2,2025-12-30,"La Patrulla Canina en Navidad","A PAW Patrol Christmas",https://www.imdb.com/title/tt37671699,Película,5.2,60,2025,"Animación, Familiar",301,"2025-11-14","Jamie Whitney,Joey So"
tt11519070,6,2025-12-29,"Blink","Blink",https://www.imdb.com/title/tt11519070,Corto,6.3,10,2022,"Corto, Terror",383,"2022-01-01","Spenser Cohen"
tt0238112,4,2025-12-29,"La mandolina del capitán Corelli","Captain Corelli's Mandolin",https://www.imdb.com/title/tt0238112,Película,5.9,131,2001,"Música, Romance, Drama, Bélico",37583,"2001-10-19","John Madden"
tt8212698,6,2025-12-28,"Beck: Colors","Beck: Colors",https://www.imdb.com/title/tt8212698,Videoclip,7.6,4,2018,"Música",342,"2018-03-29","Edgar Wright"
tt0101627,4,2025-12-28,"Critters 3","Critters 3",https://www.imdb.com/title/tt0101627,Película,4.5,86,1991,"Comedia, Suspense, Ciencia ficción, Terror",14541,"1992-07-31","Kristine Peterson"
tt3716116,2,2025-12-27,"700 ¿Quién es tu héroe?","700 ¿Quién es tu héroe?",https://www.imdb.com/title/tt3716116,Vídeo,null,38,2009,"Corto, Acción, Comedia, Drama",0,"2009-04-15","Ander Pardo"
tt25374738,5,2025-12-27,"Roger Is a Serial Killer","Roger Is a Serial Killer",https://www.imdb.com/title/tt25374738,Corto,7.5,8,2024,"Corto, Comedia",41,"2024-12-18","Don Swaynos"
tt23789692,7,2025-12-27,"Oak Thorn & The Old Rose of Love","Oak Thorn & The Old Rose of Love",https://www.imdb.com/title/tt23789692,Corto,7.4,20,2022,"Corto",80,,"David Lowery"
tt0351283,3,2025-12-25,"Madagascar","Madagascar",https://www.imdb.com/title/tt0351283,Película,7.0,86,2005,"Animación, Familiar, Comedia, Aventura",486554,"2005-06-17","Eric Darnell,Tom McGrath"
tt2293640,6,2025-12-24,"Los minions","Minions",https://www.imdb.com/title/tt2293640,Película,6.4,91,2015,"Animación, Comedia, Familiar, Aventura, Ciencia ficción, Crimen",289594,"2015-07-03","Kyle Balda,Pierre Coffin"
tt30144839,7,2025-12-23,"Una batalla tras otra","One Battle After Another",https://www.imdb.com/title/tt30144839,Película,7.6,161,2025,"Crimen, Suspense",440963,"2025-09-26","Paul Thomas Anderson"
tt36666591,5,2025-12-23,"Noël Wells: Follow Me","Noël Wells: Follow Me",https://www.imdb.com/title/tt36666591,Videoclip,null,,2021,"Música",0,"2021-06-21","Christian O'Keefe,Michael Priestley"
tt4958596,7,2025-12-23,"Francesca","Francesca",https://www.imdb.com/title/tt4958596,Película,5.2,80,2015,"Terror, Suspense, Crimen, Misterio",659,"2015-10-09","Luciano Onetti"
tt33362589,6,2025-12-22,"I Love LA","I Love LA",https://www.imdb.com/title/tt33362589,Serie de TV,6.7,30,2025,"Comedia",13841,"2025-11-02",
tt32298357,7,2025-12-22,"Emergency Exit","Emergency Exit",https://www.imdb.com/title/tt32298357,Película,5.6,96,2025,,59,"2025-12-19","Lluís Miñarro"
tt0078290,5,2025-12-22,"Las maniobras de la doctora con los soldados","La soldatessa alle grandi manovre",https://www.imdb.com/title/tt0078290,Película,4.8,96,1978,"Comedia",416,"1979-03-20","Nando Cicero"
tt36334424,7,2025-12-20,"Yakarta","Yakarta",https://www.imdb.com/title/tt36334424,Serie de TV,7.5,,2025,,628,"2025-11-06",
tt28622893,6,2025-12-20,"Mamántula","Mamántula",https://www.imdb.com/title/tt28622893,Película,4.9,49,2023,"Crimen, Misterio, Terror, Ciencia ficción",233,"2023-09-27","Ion De Sosa"
tt21967924,5,2025-12-19,"What Stays After","What Stays After",https://www.imdb.com/title/tt21967924,Corto,6.4,20,2025,"Corto, Drama",69,"2025-03-14","Dimitris Georgiev"
tt1312221,7,2025-12-19,"Frankenstein","Frankenstein",https://www.imdb.com/title/tt1312221,Película,7.4,149,2025,"Terror, Ciencia ficción, Drama, Fantasía",334594,"2025-11-07","Guillermo del Toro"
tt28623997,7,2025-12-13,"Aro berria","Aro berria",https://www.imdb.com/title/tt28623997,Película,6.0,102,2025,"Drama, Historia",30,"2025-12-12","Irati Gorostidi"
tt2709692,5,2025-12-13,"El Grinch","The Grinch",https://www.imdb.com/title/tt2709692,Película,6.4,86,2018,"Animación, Familiar, Fantasía, Comedia",115204,"2018-11-30","Yarrow Cheney,Scott Mosier"
tt29474814,5,2025-12-13,"Califato ¾: Êcclabô de Libertá","Califato ¾: Êcclabô de Libertá",https://www.imdb.com/title/tt29474814,Videoclip,null,9,2023,"Música, Ciencia ficción",0,"2023-10-11","J.J. Torres"
tt0086987,4,2025-12-13,"Bolero","Bolero",https://www.imdb.com/title/tt0086987,Película,3.0,105,1984,"Comedia, Romance, Drama",6518,"1984-08-31","John Derek"
tt1298818,3,2025-12-11,"Una bala para el Rey","Una bala para el Rey",https://www.imdb.com/title/tt1298818,Miniserie de TV,5.7,,2009,"Suspense",40,"2009-03-16",
tt0075462,9,2025-12-10,"¿Quién puede matar a un niño?","¿Quién puede matar a un niño?",https://www.imdb.com/title/tt0075462,Película,7.2,112,1976,"Misterio, Suspense, Terror",9001,"1976-04-26","Narciso Ibáñez Serrador"
tt5950044,7,2025-12-08,"Superman","Superman",https://www.imdb.com/title/tt5950044,Película,7.0,129,2025,"Aventura, Ciencia ficción, Acción",439662,"2025-07-11","James Gunn"
tt13096596,6,2025-12-07,"Lazarus","Lazarus",https://www.imdb.com/title/tt13096596,Corto,null,8,2020,"Corto",0,"2020-09-14","Tuixén Benet"
tt13096474,6,2025-12-07,"Aloma i Mila","Aloma i Mila",https://www.imdb.com/title/tt13096474,Corto,7.3,40,2020,"Corto",7,"2020-09-14","Tuixén Benet"
tt27714946,5,2025-12-07,"The Monkey","The Monkey",https://www.imdb.com/title/tt27714946,Película,5.9,98,2025,"Terror",97046,"2025-02-21","Osgood Perkins"
tt34942864,6,2025-12-07,"11 Underground","11 Underground",https://www.imdb.com/title/tt34942864,Película de TV,null,86,2024,"Documental",0,"2024-12-09","Chico Pereira"
tt4774350,5,2025-12-07,"Growing Strong","Growing Strong",https://www.imdb.com/title/tt4774350,Corto,6.9,30,2015,"Corto, Drama, Familiar",52,"2015-03","Rita Ciolek"
tt14636214,3,2025-12-07,"Sweethearts","Sweethearts",https://www.imdb.com/title/tt14636214,Película,5.5,98,2024,"Comedia",5045,"2024-11-28","Jordan Weiss"
tt37538765,6,2025-12-06,"Silencio","Silencio",https://www.imdb.com/title/tt37538765,Miniserie de TV,5.6,56,2025,"Drama, Fantasía, Terror",537,"2025-12-01",
tt31418326,4,2025-12-06,"Su majestad","Su majestad",https://www.imdb.com/title/tt31418326,Serie de TV,6.6,,2025,"Comedia",1014,"2025-02-27",
tt10676052,6,2025-12-03,"Los 4 Fantásticos: Primeros pasos","The Fantastic Four: First Steps",https://www.imdb.com/title/tt10676052,Película,6.8,115,2025,"Aventura, Acción, Ciencia ficción",287097,"2025-07-24","Matt Shakman"
tt34779099,6,2025-12-03,"Entrepreneurs","Entrepreneurs",https://www.imdb.com/title/tt34779099,Serie de TV,6.5,,2025,"Comedia",601,"2025-10-23",
tt5247400,6,2025-12-02,"Deco-Truck Gal Nami IV","Deco-Truck Gal Nami IV",https://www.imdb.com/title/tt5247400,Película,5.6,73,2012,"Comedia, Drama",18,"2012","Hideo Jōjō"
tt6454510,2,2025-11-30,"XIIa","XIIa",https://www.imdb.com/title/tt6454510,Película,5.9,93,2017,"Comedia, Drama",408,"2017-09-15","Magdalena Ralcheva"
tt1230472,5,2025-11-30,"Salvation, Texas","Salvation, Texas",https://www.imdb.com/title/tt1230472,Corto,6.3,17,2008,"Corto, Drama",48,"2008-03-23","Mark Apicella"
tt0221027,5,2025-11-29,"Blow","Blow",https://www.imdb.com/title/tt0221027,Película,7.5,124,2001,"Biografía, Crimen, Drama",288841,"2001-06-15","Ted Demme"
tt0094919,5,2025-11-28,"Critters 2","Critters 2",https://www.imdb.com/title/tt0094919,Película,5.6,86,1988,"Suspense, Ciencia ficción, Terror, Comedia",18531,"1989-03-22","Mick Garris"
tt20969586,6,2025-11-27,"Thunderbolts*","Thunderbolts*",https://www.imdb.com/title/tt20969586,Película,7.1,127,2025,"Acción, Aventura, Ciencia ficción, Crimen, Drama, Fantasía",300825,"2025-04-30","Jake Schreier"
tt0075334,7,2025-11-25,"La monja poseída","To the Devil a Daughter",https://www.imdb.com/title/tt0075334,Película,5.8,93,1976,"Terror",5847,"1976-03-04","Peter Sykes,Don Sharp"
tt31189315,7,2025-11-24,"Father Mother Sister Brother","Father Mother Sister Brother",https://www.imdb.com/title/tt31189315,Película,6.5,110,2025,"Drama, Comedia",14885,"2025-12-24","Jim Jarmusch"
tt34966919,6,2025-11-21,"Magic Farm","Magic Farm",https://www.imdb.com/title/tt34966919,Película,6.0,93,2025,"Drama, Comedia",1640,"2025-05-16","Amalia Ulman"
tt0397065,6,2025-11-18,"La casa de cera","House of Wax",https://www.imdb.com/title/tt0397065,Película,5.5,113,2005,"Terror, Suspense",147424,"2005-07-08","Jaume Collet-Serra"
tt9486226,6,2025-11-15,"Las del hockey","Les de l'hoquei",https://www.imdb.com/title/tt9486226,Serie de TV,6.9,50,2019,"Drama, Deporte",622,"2019-04-29",
tt0076102,3,2025-11-15,"Los jóvenes leones","Il grande attacco",https://www.imdb.com/title/tt0076102,Película,4.7,109,1978,"Drama, Bélico",669,"1978-02-07","Umberto Lenzi"
tt15764846,5,2025-11-15,"Pobre diablo","Pobre diablo",https://www.imdb.com/title/tt15764846,Serie de TV,6.5,20,2023,"Animación, Comedia",667,"2023-02-17",
tt12233006,5,2025-11-15,"La colcha y la madre","La colcha y la madre",https://www.imdb.com/title/tt12233006,Corto,4.4,13,2021,"Corto, Drama",130,"2021-06-04","David Pérez Sañudo"
tt0466909,4,2025-11-13,"La profecía","The Omen",https://www.imdb.com/title/tt0466909,Película,5.5,110,2006,"Terror, Fantasía, Misterio, Drama, Suspense",66527,"2006-06-06","John Moore"
tt6155450,6,2025-11-13,"Les bones nenes","Les bones nenes",https://www.imdb.com/title/tt6155450,Corto,6.4,17,2016,"Corto, Drama",29,"2016-11-24","Clara Roquet"
tt0149624,3,2025-11-09,"Todos los caballos bellos","All the Pretty Horses",https://www.imdb.com/title/tt0149624,Película,5.8,116,2000,"Romance, Drama, Del oeste",15256,"2001-03-23","Billy Bob Thornton"
tt22375054,6,2025-11-08,"Strange Darling","Strange Darling",https://www.imdb.com/title/tt22375054,Película,7.0,97,2023,"Suspense, Terror",71736,"2024-08-23","JT Mollner"
tt16492800,4,2025-11-08,"665","665",https://www.imdb.com/title/tt16492800,Corto,6.1,,2022,"Corto, Terror",42,"2022","Juan de Dios Garduño"
tt20866998,6,2025-11-08,"Pubertat","Pubertat",https://www.imdb.com/title/tt20866998,Serie de TV,7.5,,2025,,745,"2025-09-24",
tt5247368,4,2025-11-07,"Dekotora Truck Gal Nami III","Dekotora Truck Gal Nami III",https://www.imdb.com/title/tt5247368,Película,6.0,75,2011,"Comedia, Drama",26,"2011","Hideo Jōjō"
tt32014166,5,2025-11-06,"Apuntes para una ficción consentida","Apuntes para una ficción consentida",https://www.imdb.com/title/tt32014166,Película,7.4,79,2025,"Drama",12,"2026-07-17","Ana Serret"
tt0450836,6,2025-11-05,"Una rosa de Francia","Una rosa de Francia",https://www.imdb.com/title/tt0450836,Película,5.2,100,2006,"Drama, Crimen",427,"2006-02-03","Manuel Gutiérrez Aragón"
tt0348836,3,2025-11-03,"Gothika","Gothika",https://www.imdb.com/title/tt0348836,Película,5.8,98,2003,"Terror, Misterio, Suspense",124284,"2004-02-27","Mathieu Kassovitz"
tt26581740,6,2025-10-31,"Weapons","Weapons",https://www.imdb.com/title/tt26581740,Película,7.4,128,2025,"Terror, Misterio",394584,"2025-08-08","Zach Cregger"
tt8790086,2,2025-10-27,"Kraven the Hunter","Kraven the Hunter",https://www.imdb.com/title/tt8790086,Película,5.5,127,2024,"Acción, Suspense, Aventura",86394,"2024-12-13","J.C. Chandor"
tt13623632,6,2025-10-26,"Alien: Planeta Tierra","Alien: Earth",https://www.imdb.com/title/tt13623632,Serie de TV,7.1,55,2025,"Ciencia ficción, Terror, Suspense",108981,"2025-08-13",
tt26584495,6,2025-10-25,"La acompañante","Companion",https://www.imdb.com/title/tt26584495,Película,6.9,97,2025,"Suspense, Ciencia ficción",188187,"2025-01-31","Drew Hancock"
tt14123284,6,2025-10-25,"Estragos","Havoc",https://www.imdb.com/title/tt14123284,Película,5.6,107,2025,"Acción, Suspense, Crimen, Drama, Misterio",71188,"2025-04-25","Gareth Evans"
tt5154288,6,2025-10-25,"Prevenge","Prevenge",https://www.imdb.com/title/tt5154288,Película,5.9,88,2016,"Comedia, Suspense, Drama, Fantasía, Terror, Misterio, Crimen",9389,"2017-02-10","Alice Lowe"
tt0065553,6,2025-10-20,"Cinco muñecas para la luna de agosto","5 bambole per la luna d'agosto",https://www.imdb.com/title/tt0065553,Película,5.7,82,1970,"Terror, Crimen, Suspense, Misterio",3965,"1972","Mario Bava"
tt0083629,5,2025-10-20,"Con la bestia dentro","The Beast Within",https://www.imdb.com/title/tt0083629,Película,5.6,98,1982,"Terror",5393,"1982-02-12","Philippe Mora"
tt32129665,5,2025-10-18,"Un fantasma en la batalla","Un fantasma en la batalla",https://www.imdb.com/title/tt32129665,Película,6.6,108,2025,"Suspense, Drama, Historia",4055,"2025-10-17","Agustín Díaz Yanes"
tt16437242,5,2025-10-17,"Cristo y Rey","Cristo y Rey",https://www.imdb.com/title/tt16437242,Miniserie de TV,6.4,60,2023,"Biografía, Drama",562,"2023-01-15",
tt16156592,7,2025-10-16,"Asedio","Asedio",https://www.imdb.com/title/tt16156592,Película,5.3,100,2023,"Acción, Aventura, Crimen, Drama, Suspense",1204,"2023-05-05","Miguel Ángel Vivas"
tt0078748,9,2025-10-15,"Alien, el octavo pasajero","Alien",https://www.imdb.com/title/tt0078748,Película,8.4,117,1979,"Terror, Ciencia ficción",1074586,"1979-09-25","Ridley Scott"
tt31184028,6,2025-10-13,"Together","Together",https://www.imdb.com/title/tt31184028,Película,6.7,102,2025,"Terror, Romance",88096,"2025-10-31","Michael Shanks"
tt35222590,7,2025-10-12,"Exit 8","8-ban deguchi",https://www.imdb.com/title/tt35222590,Película,6.5,95,2025,"Terror, Misterio, Suspense, Acción, Aventura",32249,"2025-10-17","Genki Kawamura"
tt8866456,6,2025-10-12,"La leyenda de Ochi","The Legend of Ochi",https://www.imdb.com/title/tt8866456,Película,5.8,95,2025,"Aventura, Fantasía, Familiar",10253,"2026-01-30","Isaiah Saxon"
tt1185234,2,2025-10-12,"Caregiver","Caregiver",https://www.imdb.com/title/tt1185234,Vídeo,5.1,90,2007,"Terror, Suspense",81,"2007-12-04","Dennis Devine"
tt14990538,3,2025-10-11,"Estrella Damm: Amor a primera vista","Estrella Damm: Amor a primera vista",https://www.imdb.com/title/tt14990538,Corto,4.3,6,2021,"Corto, Drama",42,"2021-06-16","Ian Pons Jewell"
tt6870750,5,2025-10-11,"El Libro de Lila","El libro de Lila",https://www.imdb.com/title/tt6870750,Película,6.3,76,2017,"Animación, Aventura, Fantasía",113,"2017-09-28","Marcela Rincón"
tt35610805,8,2025-10-11,"Gaua","Gaua",https://www.imdb.com/title/tt35610805,Película,6.2,87,2025,"Fantasía, Terror",1436,"2025-11-14","Paul Urkijo Alijo"
tt15460036,7,2025-10-10,"La virgen de la Tosquera","La Virgen de la Tosquera",https://www.imdb.com/title/tt15460036,Película,6.2,93,2025,"Terror, Suspense",1753,"2026-01-15","Laura Casabe"
tt27721490,8,2025-10-10,"Tornado","Tornado",https://www.imdb.com/title/tt27721490,Película,5.5,90,2025,"Suspense, Acción, Drama",4892,"2025-06-13","John Maclean"
tt34508590,5,2025-10-08,"Una vocal","Una vocal",https://www.imdb.com/title/tt34508590,Corto,6.5,,2025,"Corto",10,"2025-05-12","Polo Menárguez"
tt38237073,3,2025-10-08,"Una trabaja, la otra no","Una trabaja, la otra no",https://www.imdb.com/title/tt38237073,Corto,null,18,2024,"Corto, Comedia",0,"2024-11-17","Maider Fernández Iriarte"
tt35705867,7,2025-10-08,"La Sangre","La Sangre",https://www.imdb.com/title/tt35705867,Corto,6.1,15,2025,"Corto",18,"2025-02-01","Joaquín León"
tt27164659,5,2025-10-08,"La Panadella","La Panadella",https://www.imdb.com/title/tt27164659,Corto,null,17,2023,"Documental, Corto",0,"2023-03-29","Joel Jiménez"
tt7640592,5,2025-10-07,"Ray","Ray",https://www.imdb.com/title/tt7640592,Miniserie de TV,null,,2017,"Fantasía",0,"2017-09-28",
tt30877360,5,2025-10-05,"La terra negra","La terra negra",https://www.imdb.com/title/tt30877360,Película,6.1,100,2025,"Drama",25,"2025-08-29","Alberto Morais"
tt7768800,6,2025-10-05,"Unicórnio","Unicórnio",https://www.imdb.com/title/tt7768800,Película,5.9,122,2017,"Drama",175,"2018-08-16","Eduardo Nunes"
tt10375378,7,2025-10-05,"Tres","Tres",https://www.imdb.com/title/tt10375378,Película,6.2,104,2021,"Drama, Fantasía",1193,"2022-03-04","Juanjo Giménez Peña"
tt14513804,3,2025-10-04,"Capitán América: Brave New World","Captain America: Brave New World",https://www.imdb.com/title/tt14513804,Película,5.6,118,2025,"Acción, Aventura, Ciencia ficción",191084,"2025-02-14","Julius Onah"
tt38045572,6,2025-10-04,"Hiedra","Hiedra",https://www.imdb.com/title/tt38045572,Película,5.9,95,2025,"Drama",105,"2026-03-12","Ana Cristina Barragán"
tt8667404,8,2025-10-03,"La cronología del agua","The Chronology of Water",https://www.imdb.com/title/tt8667404,Película,6.4,128,2025,"Drama, Biografía, Romance",4156,"2026-01-09","Kristen Stewart"
tt13340964,7,2025-10-02,"Kalinka","Kalinka",https://www.imdb.com/title/tt13340964,Corto,null,20,2018,"Corto, Drama",0,"2018-10-02","Bryce Joiner"
tt1939659,4,2025-09-30,"Carrie","Carrie",https://www.imdb.com/title/tt1939659,Película,5.8,100,2013,"Drama, Terror, Suspense",156714,"2013-12-05","Kimberly Peirce"
tt29532128,3,2025-09-30,"OOP Saga","OOP Saga",https://www.imdb.com/title/tt29532128,Película,6.4,70,2023,"Ciencia ficción",32,"2023-10-17",
tt28015403,6,2025-09-27,"Heretic (Hereje)","Heretic",https://www.imdb.com/title/tt28015403,Película,7.0,111,2024,"Terror, Suspense",236820,"2025-01-01","Scott Beck,Bryan Woods"
tt14846026,4,2025-09-27,"Sisu","Sisu",https://www.imdb.com/title/tt14846026,Película,6.9,91,2022,"Acción, Bélico, Suspense",125630,"2023-04-28","Jalmari Helander"
tt0959564,2,2025-09-26,"Grace","Grace",https://www.imdb.com/title/tt0959564,Corto,5.4,15,2006,"Corto, Drama",35,"2006-07-24","Camille Cellucci"
tt1884382,6,2025-09-22,"Ostende","Ostende",https://www.imdb.com/title/tt1884382,Película,6.3,82,2011,"Misterio, Drama",329,"2011-04","Laura Citarella"
tt0076735,3,2025-09-20,"La doctora arma el lío","La soldatessa alla visita militare",https://www.imdb.com/title/tt0076735,Película,4.7,84,1977,"Comedia",344,"1977-09-02","Nando Cicero"
tt13610344,6,2025-09-19,"Harvest","Harvest",https://www.imdb.com/title/tt13610344,Película,6.0,133,2024,"Drama, Historia",2220,"2025-04-16","Athina Rachel Tsangari"
tt0797067,4,2025-09-18,"Shevernatze: Una epopeya marcha atrás","Shevernatze un ángel corrupto",https://www.imdb.com/title/tt0797067,Película,6.2,80,2007,"Comedia",52,"2022-08-14","Pablo Palazón"
tt6872562,7,2025-09-17,"Sol creixent","Sol creixent",https://www.imdb.com/title/tt6872562,Corto,6.9,15,2017,"Corto, Drama",27,"2017-11-24","Guillem Manzanares"
tt0206420,6,2025-09-16,"Woman on Top","Woman on Top",https://www.imdb.com/title/tt0206420,Película,5.3,92,2000,"Fantasía, Romance, Comedia",11256,"2000-09-25","Fina Torres"
tt31809941,3,2025-09-15,"¿Es el enemigo? La película de Gila","¿Es el enemigo? La película de Gila",https://www.imdb.com/title/tt31809941,Película,6.0,100,2024,"Comedia",572,"2024-12-13","Alexis Morante"
tt0896957,5,2025-09-14,"Oviedo Express","Oviedo Express",https://www.imdb.com/title/tt0896957,Película,4.8,109,2007,"Romance, Comedia",272,"2007-10-31","Gonzalo Suárez"
tt26472958,5,2025-09-13,"Muy lejos","Molt lluny",https://www.imdb.com/title/tt26472958,Película,6.7,100,2025,"Drama",1650,"2025-04-11","Gerard Oms"
tt26923797,4,2025-09-13,"Sorda","Sorda",https://www.imdb.com/title/tt26923797,Película,7.3,99,2025,"Drama",2851,"2025-04-04","Eva Libertad"
tt37656135,6,2025-09-11,"Aún es de noche en Caracas","Aún es de noche en Caracas",https://www.imdb.com/title/tt37656135,Película,6.3,97,2025,"Drama, Acción, Aventura, Suspense",410,"2026-02-05","Mariana Rondón,Marité Ugas"
tt1667310,5,2025-09-11,"La huida (Deadfall)","Deadfall",https://www.imdb.com/title/tt1667310,Película,6.2,95,2012,"Crimen, Drama, Suspense, Acción, Aventura",42550,"2013-11-15","Stefan Ruzowitzky"
tt3748528,8,2025-09-10,"Rogue One: Una historia de Star Wars","Rogue One",https://www.imdb.com/title/tt3748528,Película,7.8,133,2016,"Acción, Aventura, Ciencia ficción",764484,"2016-12-15","Gareth Edwards"
tt11280740,7,2025-09-07,"Separación","Severance",https://www.imdb.com/title/tt11280740,Serie de TV,8.6,50,2022,"Drama, Suspense, Misterio, Ciencia ficción",403282,"2022-02-18",
tt2788316,6,2025-09-07,"Shōgun","Shogun",https://www.imdb.com/title/tt2788316,Serie de TV,8.6,60,2024,"Drama, Historia, Aventura, Bélico, Acción",251290,"2024-02-27",
tt35932914,6,2025-09-06,"Quién vio los templos caer","Quién vio los templos caer",https://www.imdb.com/title/tt35932914,Película,6.8,72,2025,"Documental",15,"2025-03-25","Lucia Selva"
tt18238200,6,2025-09-06,"Noemí dice que sí","Noémie dit oui",https://www.imdb.com/title/tt18238200,Película,6.8,113,2022,"Drama",288,"2022-04-29","Geneviève Albert"
tt31433402,4,2025-09-06,"La calle del terror: La reina del baile","Fear Street: Prom Queen",https://www.imdb.com/title/tt31433402,Película,5.1,90,2025,"Terror, Misterio, Suspense",27176,"2025-05-23","Matt Palmer"
tt3722874,1,2025-09-05,"Tipichno","Tipichno",https://www.imdb.com/title/tt3722874,Serie de TV,8.1,,2013,"Comedia",112,"2013-11-01",
tt30839571,6,2025-09-05,"Superestar","Superestar",https://www.imdb.com/title/tt30839571,Miniserie de TV,6.7,60,2025,"Biografía, Drama, Música, Comedia",923,"2025-07-18",
tt32538648,8,2025-09-03,"Romería","Romería",https://www.imdb.com/title/tt32538648,Película,6.8,111,2025,"Drama, Biografía, Romance",3387,"2025-09-05","Carla Simón"
tt8526524,6,2025-09-01,"How to Be Alone","How to Be Alone",https://www.imdb.com/title/tt8526524,Corto,6.0,11,2019,"Corto, Terror",636,"2019-03-22","Kate Trefry"
tt31867857,6,2025-09-01,"Fernanda Young: Foge-me ao Controle","Fernanda Young: Foge-me ao Controle",https://www.imdb.com/title/tt31867857,Película,7.8,87,2024,"Documental",58,"2024-04-07","Susanna Lira"
tt1816518,6,2025-09-01,"Ernest y Célestine","Ernest et Célestine",https://www.imdb.com/title/tt1816518,Película,7.8,80,2012,"Animación, Drama, Familiar, Comedia, Crimen, Aventura, Fantasía",24592,"2013-12-20","Stéphane Aubier,Vincent Patar,Benjamin Renner"
tt12037194,6,2025-08-31,"Furiosa: De la saga Mad Max","Furiosa: A Mad Max Saga",https://www.imdb.com/title/tt12037194,Película,7.4,148,2024,"Acción, Aventura, Ciencia ficción",326564,"2024-05-24","George Miller"
tt29341302,6,2025-08-28,"Duro","Duro",https://www.imdb.com/title/tt29341302,Película,5.5,78,2025,"Drama, Crimen",7,"2025-03-29","Francesc Cuéllar"
tt9873460,2,2025-08-28,"Due to Unforeseen Circumstances","Due to Unforeseen Circumstances",https://www.imdb.com/title/tt9873460,Corto,7.2,27,2019,"Corto, Comedia",27,"2019-02-27","Peter Chiviyski"
tt0076644,3,2025-08-26,"Ruby","Ruby",https://www.imdb.com/title/tt0076644,Película,4.5,85,1977,"Drama, Terror",1358,"1977-06-24","Curtis Harrington"
tt36590404,6,2025-08-20,"Miley Cyrus: Something Beautiful","Miley Cyrus: Something Beautiful",https://www.imdb.com/title/tt36590404,Película,6.9,55,2025,"Documental, Música",673,"2025-07-30","Jacob Bixenman,Miley Cyrus,Brendan Walter"
tt35943895,6,2025-08-19,"Rainy Summer Days","Dies d'estiu i de pluja",https://www.imdb.com/title/tt35943895,Película,6.3,66,2025,,6,"2025-03-21","Mireia Labazuy,Àlex Serra,Clàudia Vila Masvidal"
tt31494912,5,2025-08-18,"Nice Ladies","Nice Ladies",https://www.imdb.com/title/tt31494912,Película,7.1,92,2024,"Documental",113,"2024-06-13","Mariia Ponomarova"
tt32890051,5,2025-08-18,"Kouté vwa","Kouté vwa",https://www.imdb.com/title/tt32890051,Película,6.7,76,2024,"Música, Drama",88,"2025-07-16","Maxime Jean-Baptiste"
tt34224006,6,2025-08-18,"Mario","Mario",https://www.imdb.com/title/tt34224006,Película,6.2,,2025,"Comedia, Suspense",12,"2025-10-10","Guillem Miró"
tt6700564,8,2025-08-18,"Tame Impala: The Less I Know the Better","Tame Impala: The Less I Know the Better",https://www.imdb.com/title/tt6700564,Videoclip,8.8,6,2015,"Música",381,"2015-11-27","Canada"
tt4149592,6,2025-08-18,"Dekotora Gal Nami 2","Dekotora Gal Nami 2",https://www.imdb.com/title/tt4149592,Vídeo,5.1,76,2010,"Comedia, Drama",38,"2010","Hideo Jōjō"
tt29432865,6,2025-08-18,"La mecánica de los fluidos","La mécanique des fluides",https://www.imdb.com/title/tt29432865,Corto,7.0,39,2022,"Corto",100,"2022-10-26","Gala Hernández López"
tt29543912,6,2025-08-17,"Tres hombres no pueden ocultarse bajo la tapa de un puchero","Tres hombres no pueden ocultarse bajo la tapa de un puchero",https://www.imdb.com/title/tt29543912,Película,8.5,85,2024,"Documental, Drama, Historia",13,"2024-11-19","Asur Fuente,Sergio Montero Fernández"
tt0076801,6,2025-08-17,"Taxi Girl","Taxi Girl",https://www.imdb.com/title/tt0076801,Película,5.0,93,1977,"Comedia",452,"1977-04-15","Michele Massimo Tarantini"
tt33774034,7,2025-08-16,"Filmei paxaros voando","Filmei paxaros voando",https://www.imdb.com/title/tt33774034,Película,7.3,,2024,"Documental",10,,"Zeltia Outeiriño Gonzalez"
tt0399698,3,2025-08-16,"Stolen Poem","Stolen Poem",https://www.imdb.com/title/tt0399698,Corto,5.7,10,2004,"Corto, Drama",40,"2004-03-06","Austin Grady"
tt0216386,6,2025-08-14,"Volavérunt","Volavérunt",https://www.imdb.com/title/tt0216386,Película,5.7,90,1999,"Suspense, Drama",1109,"1999-10-01","Bigas Luna"
tt0185125,8,2025-08-12,"Todo sobre mi madre","Todo sobre mi madre",https://www.imdb.com/title/tt0185125,Película,7.8,101,1999,"Comedia, Romance, Drama",110534,"1999-04-16","Pedro Almodóvar"
tt10408818,5,2025-08-11,"Black Maiden: Chapter Q","Kuroi otome: Q",https://www.imdb.com/title/tt10408818,Película,5.3,,2019,"Terror",66,"2019-05-31","Sakichi Sato"
tt0112501,4,2025-08-11,"Big Wendy","Big Wendy",https://www.imdb.com/title/tt0112501,Corto,8.6,22,1996,"Corto",7,"1996-07-12","Juan Martínez Moreno"
tt10408904,5,2025-08-07,"Black Maiden: Chapter A","Kuroi otome: A",https://www.imdb.com/title/tt10408904,Película,4.8,78,2019,"Terror",53,"2019-08-16","Sakichi Sato"
tt16366836,3,2025-08-06,"Venom: El último baile","Venom: The Last Dance",https://www.imdb.com/title/tt16366836,Película,6.0,110,2024,"Acción, Fantasía, Ciencia ficción, Suspense, Terror",163395,"2024-10-25","Kelly Marcel"
tt28131427,7,2025-08-05,"Black Dog (Cara de perro)","Gouzhen",https://www.imdb.com/title/tt28131427,Película,7.1,116,2024,"Drama, Suspense",6002,"2025-07-04","Guan Hu"
tt32478330,5,2025-08-03,"Vino la noche","Vino la noche",https://www.imdb.com/title/tt32478330,Película,6.9,96,2024,"Documental",31,"2025-11-13","Paolo Tizón"
tt35494605,7,2025-08-02,"Punku","Punku",https://www.imdb.com/title/tt35494605,Película,6.1,132,2025,"Drama",60,"2025-02-15","Juan Daniel Fernández Molero"
tt4912910,7,2025-08-02,"Misión: Imposible - Fallout","Mission: Impossible - Fallout",https://www.imdb.com/title/tt4912910,Película,7.7,147,2018,"Acción, Aventura, Suspense",423967,"2018-07-27","Christopher McQuarrie"
tt0120699,5,2025-08-02,"Hi-Lo Country","The Hi-Lo Country",https://www.imdb.com/title/tt0120699,Película,6.1,114,1998,"Romance, Drama, Del oeste",4874,"1999-03-05","Stephen Frears"
tt27798033,6,2025-08-02,"Los inocentes","Los inocentes",https://www.imdb.com/title/tt27798033,Película,6.3,80,2025,"Drama",27,"2025-06-08","Germán Tejada"
tt35961642,5,2025-08-02,"Dios lo ve","Dios lo ve",https://www.imdb.com/title/tt35961642,Película,6.9,89,2025,"Documental",21,"2025-11-13","Alex Guimerà,Guillem Ventura"
tt0852940,6,2025-08-02,"Born. El embrión del mal","Born",https://www.imdb.com/title/tt0852940,Película,3.6,107,2007,"Terror",705,"2010-04-14","Richard Friedman"
tt0063522,9,2025-08-01,"La semilla del diablo","Rosemary's Baby",https://www.imdb.com/title/tt0063522,Película,8.0,137,1968,"Drama, Terror",260515,"1968-06-12","Roman Polanski"
tt25505224,5,2025-07-31,"Baby Cult","Baby Cult",https://www.imdb.com/title/tt25505224,Corto,6.4,5,2019,"Corto, Comedia",37,"2019-03-13","Russell Upsome Katz"
tt0047034,9,2025-07-30,"Japón bajo el terror del monstruo","Gojira",https://www.imdb.com/title/tt0047034,Película,7.6,96,1954,"Terror, Drama, Ciencia ficción",46091,"1954-11-03","Ishirō Honda"
tt0144814,4,2025-07-29,"La ira (The rage: Carrie 2)","The Rage: Carrie 2",https://www.imdb.com/title/tt0144814,Película,4.8,104,1999,"Ciencia ficción, Drama, Suspense, Terror",19574,"1999-07-30","Katt Shea"
tt6096612,8,2025-07-28,"Waste","Waste",https://www.imdb.com/title/tt6096612,Corto,7.6,17,2016,"Corto, Drama",32,"2016-10-12","Alejo Levis,Laura Sisteró"
tt0076873,5,2025-07-27,"Virgo, tauro y capricornio","La vergine, il toro e il capricorno",https://www.imdb.com/title/tt0076873,Película,5.3,92,1977,"Comedia",414,"1977-02-03","Luciano Martino"
tt28108752,5,2025-07-24,"Lady Sakura","Lady Sakura",https://www.imdb.com/title/tt28108752,Película,6.2,108,2025,"Comedia, Drama",29,"2025-03-28","Alex Sereno"
tt32174039,7,2025-07-23,"Fenómenos naturales","Fenómenos naturales",https://www.imdb.com/title/tt32174039,Película,6.7,80,2024,"Drama, Fantasía",48,"2024-06-09","Marcos Antonio Díaz Sosa"
tt0125953,7,2025-07-18,"Atómica","Atómica",https://www.imdb.com/title/tt0125953,Película,4.5,102,1998,"Comedia, Suspense",216,"1998-01-09","Alfonso Albacete,David Menkes"
tt10752242,3,2025-07-18,"Angels","Angels",https://www.imdb.com/title/tt10752242,Corto,3.0,42,2018,"Corto, Drama",20,"2018-05-02","Lachezar Petrov"
tt0086190,8,2025-07-16,"El retorno del jedi","Star Wars: Episode VI - Return of the Jedi",https://www.imdb.com/title/tt0086190,Película,8.3,131,1983,"Acción, Ciencia ficción, Aventura, Fantasía",1221904,"1983-11-21","Richard Marquand"
tt0080684,9,2025-07-16,"El imperio contraataca","Star Wars: Episode V - The Empire Strikes Back",https://www.imdb.com/title/tt0080684,Película,8.7,124,1980,"Fantasía, Ciencia ficción, Aventura",1520639,"1980-10-03","Irvin Kershner"
tt0076759,8,2025-07-16,"La guerra de las galaxias","Star Wars",https://www.imdb.com/title/tt0076759,Película,8.6,121,1977,"Acción, Ciencia ficción, Aventura, Fantasía",1585743,"1977-11-07","George Lucas"
tt9253284,7,2025-07-16,"Andor","Andor",https://www.imdb.com/title/tt9253284,Serie de TV,8.6,60,2022,"Ciencia ficción, Suspense, Aventura, Fantasía, Drama",284827,"2022-09-21",
tt11939664,4,2025-07-13,"Alegría","Alegría",https://www.imdb.com/title/tt11939664,Película,5.8,105,2021,"Drama",60,"2021-12-10","Violeta Salama"
tt33056564,7,2025-07-12,"Río abajo, un tigre","Downriver a Tiger",https://www.imdb.com/title/tt33056564,Película,null,74,2025,,0,"2025-06-30","Víctor Diago"
tt26687216,4,2025-07-12,"Noche de chicas","Noche de Chicas",https://www.imdb.com/title/tt26687216,Serie de TV,5.2,,2023,"Suspense",588,"2023-10-25",
tt1320253,3,2025-07-10,"Los mercenarios","The Expendables",https://www.imdb.com/title/tt1320253,Película,6.4,103,2010,"Suspense, Acción, Aventura",382585,"2010-08-13","Sylvester Stallone"
tt36849380,6,2025-07-08,"The Adventures of Angosat","The Adventures of Angosat",https://www.imdb.com/title/tt36849380,Corto,null,,2025,"Musical, Corto",0,"2025-05-18","Marc Serena,Resem Verkron"
tt28544461,7,2025-07-07,"Yana-Wara","Yana-Wara",https://www.imdb.com/title/tt28544461,Película,7.0,104,2023,"Drama, Misterio",137,"2024-04-04","Tito Catacora,Óscar Catacora"
tt3045628,4,2025-07-07,"Holland","Holland",https://www.imdb.com/title/tt3045628,Película,5.0,110,2025,"Suspense, Crimen, Drama, Misterio",18880,"2025-03-27","Mimi Cave"
tt26676914,6,2025-07-07,"Daniela Forever","Daniela Forever",https://www.imdb.com/title/tt26676914,Película,5.4,113,2024,"Romance, Ciencia ficción, Drama",807,"2025-02-21","Nacho Vigalondo"
tt13779862,3,2025-07-03,"Un actor se prepara","Un actor se prepara",https://www.imdb.com/title/tt13779862,Película,7.2,82,2024,"Suspense",6,"2024-06","Camilo Pineda,Inti Torres Melo"
tt9701942,3,2025-07-03,"La calle del terror - Parte 3: 1666","Fear Street: 1666",https://www.imdb.com/title/tt9701942,Película,6.6,114,2021,"Terror, Misterio",77077,"2021-07-16","Leigh Janiak"
tt26304178,5,2025-06-30,"O'Dessa","O'Dessa",https://www.imdb.com/title/tt26304178,Película,5.0,106,2025,"Musical, Drama, Música, Romance, Ciencia ficción",4315,"2025-03-20","Geremy Jasper"
tt3172532,7,2025-06-30,"The Diary of a Teenage Girl","The Diary of a Teenage Girl",https://www.imdb.com/title/tt3172532,Película,6.8,102,2015,"Drama, Romance, Comedia",35740,"2015-08-28","Marielle Heller"
tt25505276,5,2025-06-30,"ATM","ATM",https://www.imdb.com/title/tt25505276,Corto,7.1,3,2017,"Corto, Comedia",45,"2017-12-11","Mary Clare Plaschke"
tt0082933,10,2025-06-28,"La posesión","Possession",https://www.imdb.com/title/tt0082933,Película,7.2,124,1981,"Drama, Terror",59898,"1981-05-27","Andrzej Żuławski"
tt0065459,6,2025-06-27,"La amante","The Beloved",https://www.imdb.com/title/tt0065459,Película,4.8,88,1971,"Drama",284,"1971","George P. Cosmatos"
tt26938291,2,2025-06-26,"4 estrellas","4 estrellas",https://www.imdb.com/title/tt26938291,Serie de TV,6.4,45,2023,"Comedia",165,"2023-04-23",
tt36874855,5,2025-06-25,"Pedro x Javis","Pedro x Javis",https://www.imdb.com/title/tt36874855,Miniserie de TV,6.6,,2025,"Documental",86,"2025-06-19",
tt5560470,1,2025-06-23,"Bromance","Bromance",https://www.imdb.com/title/tt5560470,Serie de TV,7.2,17,2016,"Corto, Comedia",19,"2016-05",
tt13406142,3,2025-06-23,"Club Clan","Club Clan",https://www.imdb.com/title/tt13406142,Vídeo,null,,2020,"Musical, Corto",0,"2020-09-20","Curro Tardío"
tt0109254,4,2025-06-22,"Superdetective en Hollywood III","Beverly Hills Cop III",https://www.imdb.com/title/tt0109254,Película,5.5,104,1994,"Crimen, Suspense, Comedia, Acción",101201,"1994-08-19","John Landis"
tt0381134,4,2025-06-22,"Desayunar, comer, cenar, dormir","Desayunar, comer, cenar, dormir",https://www.imdb.com/title/tt0381134,Corto,4.1,23,2003,"Corto, Ciencia ficción",15,"2003-05-09","Lino Escalera"
tt0074426,5,2025-06-20,"La doctora del regimiento","La dottoressa del distretto militare",https://www.imdb.com/title/tt0074426,Película,4.4,105,1976,"Comedia",377,"1976","Nando Cicero"
tt2127268,5,2025-06-18,"Dekotora Gyaru Nami","Dekotora Gyaru Nami",https://www.imdb.com/title/tt2127268,Película,5.4,75,2008,"Drama, Comedia",65,"2008-10-25","Hideo Jōjō"
tt14125024,4,2025-06-15,"Elsa","Elsa",https://www.imdb.com/title/tt14125024,Corto,7.2,12,2020,"Corto",13,"2020-02-20","Albert Carbó"
tt0120271,3,2025-06-14,"Pasiones rotas","Talk of Angels",https://www.imdb.com/title/tt0120271,Película,5.8,96,1998,"Romance, Bélico, Drama",925,"1999-01-15","Nick Hamm"
tt11315808,2,2025-06-13,"Joker: Folie à Deux","Joker: Folie à Deux",https://www.imdb.com/title/tt11315808,Película,5.2,138,2024,"Musical, Suspense, Drama",187778,"2024-10-04","Todd Phillips"
tt32298285,4,2025-06-11,"Sirât","Sirât",https://www.imdb.com/title/tt32298285,Película,7.0,114,2025,"Drama, Suspense, Acción, Aventura, Música, Misterio",36830,"2025-06-06","Oliver Laxe"
tt0204700,7,2025-06-09,"Problema cada día","Trouble Every Day",https://www.imdb.com/title/tt0204700,Película,5.9,101,2001,"Drama, Suspense, Terror",11108,"2001-07-11","Claire Denis"
tt0123808,2,2025-06-08,"Don Juan","Don Juan",https://www.imdb.com/title/tt0123808,Película,4.7,104,1998,"Romance, Comedia",550,"2000-03-10","Jacques Weber"
tt0092644,5,2025-06-05,"Superdetective en Hollywood II","Beverly Hills Cop II",https://www.imdb.com/title/tt0092644,Película,6.6,103,1987,"Crimen, Suspense, Comedia, Acción",148111,"1987-08-31","Tony Scott"
tt9701940,5,2025-06-05,"La calle del terror - Parte 2: 1978","Fear Street: 1978",https://www.imdb.com/title/tt9701940,Película,6.7,109,2021,"Terror, Misterio, Drama",92261,"2021-07-09","Leigh Janiak"
tt23476446,6,2025-06-01,"Daaaaaalí!","Daaaaaalí!",https://www.imdb.com/title/tt23476446,Película,6.6,77,2023,"Drama, Comedia",4373,"2024-02-07","Quentin Dupieux"
tt27657135,6,2025-05-31,"Saturday Night","Saturday Night",https://www.imdb.com/title/tt27657135,Película,6.8,109,2024,"Historia, Drama, Biografía, Comedia",40147,"2024-10-11","Jason Reitman"
tt0095671,4,2025-05-30,"La mujer de tu vida: La mujer fría","La mujer de tu vida: La mujer fría",https://www.imdb.com/title/tt0095671,Episodio de TV,4.8,56,1990,"Comedia, Romance",15,"1990-03-16","Gonzalo Suárez"
tt0320661,3,2025-05-30,"El reino de los cielos","Kingdom of Heaven",https://www.imdb.com/title/tt0320661,Película,7.3,144,2005,"Acción, Historia, Aventura, Bélico, Drama",360189,"2005-05-06","Ridley Scott"
tt0065855,3,2025-05-30,"La casa que nunca muere","The House That Would Not Die",https://www.imdb.com/title/tt0065855,Película de TV,5.5,74,1970,"Terror",1317,"1970-10-27","John Llewellyn Moxey"
tt20212786,6,2025-05-30,"Los sudarios","The Shrouds",https://www.imdb.com/title/tt20212786,Película,5.7,120,2024,"Suspense, Ciencia ficción, Drama, Terror",9639,"2025-09-19","David Cronenberg"
tt0095674,2,2025-05-27,"La mujer de tu vida: La mujer perdida","La mujer de tu vida: La mujer perdida",https://www.imdb.com/title/tt0095674,Episodio de TV,5.6,59,1990,"Comedia, Romance",9,"1990-03-09","Ricardo Franco"
tt0095672,1,2025-05-20,"La mujer de tu vida: La mujer infiel","La mujer de tu vida: La mujer infiel",https://www.imdb.com/title/tt0095672,Episodio de TV,4.9,57,1990,"Comedia, Romance",10,"1990-03-02","José Luis García Sánchez"
tt1294728,4,2025-05-20,"Waisetsu sutêji: Nando mo tsukkonde","Waisetsu sutêji: Nando mo tsukkonde",https://www.imdb.com/title/tt1294728,Película,5.3,53,2005,"Romance",234,"2005-08-12","Daisuke Gotô"
tt0125659,7,2025-05-20,"Abre los ojos","Abre los ojos",https://www.imdb.com/title/tt0125659,Película,7.7,119,1997,"Misterio, Suspense, Ciencia ficción, Drama",76317,"1997-12-19","Alejandro Amenábar"
tt0075101,5,2025-05-19,"La juez y su erótica hermana","La pretora",https://www.imdb.com/title/tt0075101,Película,5.5,98,1976,"Comedia",564,"1976-11-05","Lucio Fulci"
tt0298148,6,2025-05-17,"Shrek 2","Shrek 2",https://www.imdb.com/title/tt0298148,Película,7.4,93,2004,"Animación, Romance, Comedia, Familiar, Aventura, Fantasía",562366,"2004-06-30","Andrew Adamson,Kelly Asbury,Conrad Vernon"
tt0126029,6,2025-05-17,"Shrek","Shrek",https://www.imdb.com/title/tt0126029,Película,7.9,90,2001,"Animación, Fantasía, Comedia, Familiar, Aventura, Romance",819728,"2001-07-13","Andrew Adamson,Vicky Jenson"
tt2326554,8,2025-05-17,"Una chica vuelve a casa sola de noche","A Girl Walks Home Alone at Night",https://www.imdb.com/title/tt2326554,Película,6.9,101,2014,"Terror, Drama, Romance, Suspense",41653,"2015-04-20","Ana Lily Amirpour"
tt33797171,5,2025-05-16,"La Canción","La Canción",https://www.imdb.com/title/tt33797171,Miniserie de TV,7.0,,2025,"Drama",451,"2025-05-08",
tt11737520,6,2025-05-16,"One Piece","One Piece",https://www.imdb.com/title/tt11737520,Serie de TV,8.3,60,2023,"Acción, Fantasía, Aventura, Drama, Comedia",210503,"2023-08-31",
tt0095673,3,2025-05-16,"La mujer de tu vida: La mujer oriental","La mujer de tu vida: La mujer oriental",https://www.imdb.com/title/tt0095673,Episodio de TV,6.1,58,1990,"Comedia, Romance",14,"1990-02-23","Miguel Hermoso"
tt1247704,4,2025-05-12,"Problemas de mujeres","Women in Trouble",https://www.imdb.com/title/tt1247704,Película,5.6,92,2009,"Comedia, Drama",6826,"2011-07-28","Sebastian Gutierrez"
tt0097925,4,2025-05-10,"La mujer de tu vida: La mujer lunática","La mujer de tu vida: La mujer lunática",https://www.imdb.com/title/tt0097925,Episodio de TV,5.9,59,1990,"Comedia, Romance",23,"1990-02-16","Emilio Martínez Lázaro"
tt3024478,6,2025-05-10,"La mujer de tu vida: La mujer feliz","La mujer de tu vida: La mujer feliz",https://www.imdb.com/title/tt3024478,Episodio de TV,6.8,59,1988,"Comedia, Romance",15,"1990-02-09","José Ganga"
tt27494788,4,2025-05-10,"Una nube en el cielo","Una nube en el cielo",https://www.imdb.com/title/tt27494788,Corto,8.5,,2021,"Corto, Drama",6,"2021-10-05","Pol Nadal"
tt11698662,4,2025-05-07,"Fuimos canciones","Fuimos canciones",https://www.imdb.com/title/tt11698662,Película,5.4,110,2021,"Música, Romance, Comedia",3077,"2021-09-29","Juana Macías"
tt21335356,5,2025-05-06,"Please Don't Destroy: The Treasure of Foggy Mountain","Please Don't Destroy: The Treasure of Foggy Mountain",https://www.imdb.com/title/tt21335356,Película,6.0,92,2023,"Comedia, Acción, Aventura",12434,"2024-08-14","Paul Briganti"
tt0115964,7,2025-05-02,"Crash","Crash",https://www.imdb.com/title/tt0115964,Película,6.4,100,1996,"Drama",72680,"1996-10-01","David Cronenberg"
tt0082776,8,2025-05-01,"Ángel de venganza","Ms .45",https://www.imdb.com/title/tt0082776,Película,6.8,80,1981,"Suspense, Crimen, Drama",15402,"1982-05-01","Abel Ferrara"
tt0086960,5,2025-04-30,"Superdetective en Hollywood","Beverly Hills Cop",https://www.imdb.com/title/tt0086960,Película,7.4,105,1984,"Crimen, Suspense, Comedia, Acción",234230,"1985-03-29","Martin Brest"
tt0074086,6,2025-04-29,"Cuarenta grados a la sombra de la sabana blanca","40 gradi all'ombra del lenzuolo",https://www.imdb.com/title/tt0074086,Película,5.2,100,1976,"Comedia",574,"1977-07-20","Sergio Martino"
tt1611224,3,2025-04-27,"Abraham Lincoln: Cazador de vampiros","Abraham Lincoln: Vampire Hunter",https://www.imdb.com/title/tt1611224,Película,5.9,105,2012,"Terror, Fantasía, Acción",169197,"2012-08-31","Timur Bekmambetov"
tt0096754,6,2025-04-26,"Abyss","The Abyss",https://www.imdb.com/title/tt0096754,Película,7.5,140,1989,"Drama, Misterio, Ciencia ficción, Suspense, Aventura",210375,"1989-11-08","James Cameron"
tt14034966,7,2025-04-16,"La ruleta de la fortuna y la fantasía","Gûzen to sôzô",https://www.imdb.com/title/tt14034966,Película,7.5,121,2021,"Romance, Drama",11497,"2021-12-17","Ryūsuke Hamaguchi"
tt6199818,3,2025-04-14,"Marisa en los bosques","Marisa en los bosques",https://www.imdb.com/title/tt6199818,Película,5.9,83,2017,"Comedia, Drama",74,"2018-09-14","Antonio Morales"
tt0118819,6,2025-04-14,"Carne trémula","Carne trémula",https://www.imdb.com/title/tt0118819,Película,7.3,103,1997,"Drama",35835,"1997-10-10","Pedro Almodóvar"
tt13437988,5,2025-04-14,"Klara y la Navidad en la Granja","Jul på KuToppen",https://www.imdb.com/title/tt13437988,Película,5.2,68,2020,"Animación, Familiar, Acción, Aventura, Comedia",172,"2020-11-06","Will Ashurst"
tt8941316,4,2025-04-14,"Klara y el ladrón de manzanas","KuToppen",https://www.imdb.com/title/tt8941316,Película,5.1,66,2018,"Animación, Acción, Aventura, Comedia",217,"2020-03-13","Lise I. Osvoll"
tt1753345,6,2025-04-13,"¿Qué fue de Jorge Sanz?","¿Qué fue de Jorge Sanz?",https://www.imdb.com/title/tt1753345,Serie de TV,7.3,,2010,"Comedia",341,"2010-09-12",
tt21942866,6,2025-04-11,"Dream Scenario","Dream Scenario",https://www.imdb.com/title/tt21942866,Película,6.8,102,2023,"Comedia, Terror, Fantasía, Drama",96553,"2024-03-01","Kristoffer Borgli"
tt26245982,6,2025-04-10,"Tardes de soledad","Tardes de soledad",https://www.imdb.com/title/tt26245982,Película,7.1,125,2024,"Documental, Drama, Deporte",2106,"2025-03-07","Albert Serra"
tt13648224,7,2025-04-08,"We're All Going to the World's Fair","We're All Going to the World's Fair",https://www.imdb.com/title/tt13648224,Película,5.5,86,2021,"Drama, Terror, Fantasía, Misterio",9369,"2022-04-22","Valeria Santiago,Jane Schoenbrun"
tt0251352,5,2025-04-08,"Primer amor","Primer amor",https://www.imdb.com/title/tt0251352,Corto,5.0,4,2000,"Corto, Drama",21,,"José Luis Cuerda"
tt0074285,8,2025-04-08,"Carrie","Carrie",https://www.imdb.com/title/tt0074285,Película,7.4,98,1976,"Terror",230690,"1977-09-22","Brian De Palma"
tt7766378,2,2025-04-08,"Estado eléctrico","The Electric State",https://www.imdb.com/title/tt7766378,Película,5.9,125,2025,"Acción, Aventura, Drama, Ciencia ficción, Comedia",87368,"2025-03-14","Anthony Russo,Joe Russo"
tt18412256,6,2025-04-07,"Alien: Romulus","Alien: Romulus",https://www.imdb.com/title/tt18412256,Película,7.1,119,2024,"Terror, Ciencia ficción, Suspense",293961,"2024-08-16","Fede Alvarez"
tt31806037,6,2025-04-06,"Adolescencia","Adolescence",https://www.imdb.com/title/tt31806037,Miniserie de TV,8.1,60,2025,"Crimen, Drama, Suspense",314380,"2025-03-13",
tt0073540,6,2025-04-05,"Picnic en Hanging Rock","Picnic at Hanging Rock",https://www.imdb.com/title/tt0073540,Película,7.3,115,1975,"Drama, Misterio",46426,"1976-10-31","Peter Weir"
tt0080771,3,2025-04-01,"Galaxina","Galaxina",https://www.imdb.com/title/tt0080771,Película,3.7,84,1980,"Ciencia ficción, Comedia",3742,"1980-06-06","William Sachs"
tt0119219,4,2025-03-26,"Doble juego","Goodbye Lover",https://www.imdb.com/title/tt0119219,Película,5.6,102,1998,"Misterio, Crimen, Suspense, Comedia",4622,"1999-08-06","Roland Joffé"
tt16300138,6,2025-03-22,"Antes era divertido","I Used to Be Funny",https://www.imdb.com/title/tt16300138,Película,6.5,105,2023,"Comedia, Drama, Misterio",5062,"2024-10-04","Ally Pankiw"
tt29298085,4,2025-03-21,"Marco","Marco",https://www.imdb.com/title/tt29298085,Película,6.9,101,2024,"Drama, Biografía",1919,"2024-11-08","Aitor Arregi,Jon Garaño"
tt28607951,5,2025-03-21,"Anora","Anora",https://www.imdb.com/title/tt28607951,Película,7.4,139,2024,"Drama, Comedia, Romance",304295,"2024-10-31","Sean Baker"
tt0083021,7,2025-03-21,"Sêrâ-fuku to kikanjû","Sêrâ-fuku to kikanjû",https://www.imdb.com/title/tt0083021,Película,6.3,112,1981,"Romance, Acción",1220,"1981-12-19","Shinji Sōmai"
tt13648228,5,2025-03-21,"Cómo termina","How It Ends",https://www.imdb.com/title/tt13648228,Película,5.4,82,2021,"Comedia, Drama",5181,"2021-07-20","Zoe Lister-Jones,Daryl Wein"
tt28803868,7,2025-03-18,"Querer","Querer",https://www.imdb.com/title/tt28803868,Miniserie de TV,8.1,,2024,"Drama",2026,"2024-10-17",
tt12810074,6,2025-03-17,"Canina","Nightbitch",https://www.imdb.com/title/tt12810074,Película,5.5,99,2024,"Comedia, Terror, Drama, Fantasía",25663,"2025-01-24","Marielle Heller"
tt0117131,6,2025-03-16,"Más que amor, frenesí","Más que amor, frenesí",https://www.imdb.com/title/tt0117131,Película,5.5,101,1996,"Drama, Suspense, Comedia",719,"1996-11-15","Alfonso Albacete,Miguel Bardem,David Menkes"
tt0060028,8,2025-03-13,"Star Trek: La serie original","Star Trek",https://www.imdb.com/title/tt0060028,Serie de TV,8.4,50,1966,"Acción, Ciencia ficción, Aventura",101783,"1969-01-07",
tt4607722,6,2025-03-12,"Culpa","Blame",https://www.imdb.com/title/tt4607722,Película,5.8,100,2017,"Drama, Misterio, Suspense",3525,"2018-01-05","Quinn Shephard"
tt32488662,6,2025-03-09,"Un baño propio","Un bany propi",https://www.imdb.com/title/tt32488662,Película,7.5,102,2024,"Drama",35,"2025-03-07","Lucía Casañ Rodríguez"
tt29614148,5,2025-03-09,"Muertos S.L.","Muertos S.L.",https://www.imdb.com/title/tt29614148,Serie de TV,7.6,,2024,"Comedia",2502,"2024-04-04",
tt29710588,5,2025-03-09,"Sylvanian Families la película: El regalo de Freya","Gekijôban Shirubania Famirî: Furea kara no okurimono",https://www.imdb.com/title/tt29710588,Película,5.5,65,2023,"Animación, Familiar",116,"2024-06-07","Kazuya Konaka"
tt0073398,4,2025-03-09,"La esposa virgen","La moglie vergine",https://www.imdb.com/title/tt0073398,Película,5.0,100,1975,"Comedia",458,"1978-02-13","Marino Girolami"
tt31317713,5,2025-03-08,"Un lugar común","Un lugar común",https://www.imdb.com/title/tt31317713,Película,5.9,82,2024,"Drama",111,"2024-08-14","Celia Giraldo"
tt8368368,6,2025-03-07,"The Apprentice (La historia de Trump)","The Apprentice",https://www.imdb.com/title/tt8368368,Película,7.1,122,2024,"Biografía, Drama, Historia",75259,"2024-10-18","Ali Abbasi"
tt15789472,3,2025-03-06,"Nowhere","Nowhere",https://www.imdb.com/title/tt15789472,Película,6.3,109,2023,"Drama, Suspense",50308,"2023-09-29","Albert Pintó"
tt0080274,7,2025-03-05,"Shogun","Shogun",https://www.imdb.com/title/tt0080274,Miniserie de TV,8.1,109,1980,"Historia, Bélico, Drama, Aventura",17925,"1980-09-15",
tt11057302,2,2025-03-05,"Madame Web","Madame Web",https://www.imdb.com/title/tt11057302,Película,4.1,116,2024,"Acción, Suspense",117828,"2024-02-14","S.J. Clarkson"
tt0347618,6,2025-03-02,"Haru en el reino de los gatos","Neko no ongaeshi",https://www.imdb.com/title/tt0347618,Película,7.1,75,2002,"Animación, Comedia, Romance, Familiar, Aventura, Fantasía",73463,"2002-07-20","Hiroyuki Morita"
tt5752476,2,2025-03-02,"En tu cabeza","En tu cabeza",https://www.imdb.com/title/tt5752476,Película,6.0,67,2016,"Ciencia ficción",260,"2016-09-16","Daniel Sánchez Arévalo,Borja Cobeaga,Kike Maíllo,Alberto Ruiz Rojo"
tt13328800,6,2025-03-02,"Girl Picture","Tytöt tytöt tytöt",https://www.imdb.com/title/tt13328800,Película,6.9,100,2022,"Romance, Drama",3686,"2022-04-14","Alli Haapasalo"
tt1311067,4,2025-02-28,"Halloween 2","Halloween II",https://www.imdb.com/title/tt1311067,Película,4.8,105,2009,"Terror",64608,"2009-08-28","Rob Zombie"
tt8847712,6,2025-02-28,"La Crónica Francesa","The French Dispatch of the Liberty, Kansas Evening Sun",https://www.imdb.com/title/tt8847712,Película,7.1,107,2021,"Comedia, Drama, Romance",170309,"2021-10-22","Wes Anderson"
tt14961016,8,2025-02-27,"Aún estoy aquí","Ainda Estou Aqui",https://www.imdb.com/title/tt14961016,Película,8.1,137,2024,"Drama, Historia, Biografía",171282,"2025-02-21","Walter Salles"
tt27142003,5,2025-02-23,"Polvo serán","Polvo serán",https://www.imdb.com/title/tt27142003,Película,6.6,106,2024,"Musical, Drama",396,"2024-11-15","Carlos Marques-Marcet"
tt10545994,6,2025-02-23,"In Vitro","In Vitro",https://www.imdb.com/title/tt10545994,Corto,6.7,28,2019,"Corto, Ciencia ficción",259,"2019-05-11","Søren Lind,Larissa Sansour"
tt28821588,7,2025-02-22,"Las desapariciones","Le mangeur d'âmes",https://www.imdb.com/title/tt28821588,Película,5.8,108,2024,"Suspense, Terror, Crimen, Misterio",4030,"2024-11-22","Alexandre Bustillo,Julien Maury"
tt30227076,6,2025-02-22,"Black Box Diaries","Burakku bokkusu daiarîzu",https://www.imdb.com/title/tt30227076,Película,7.5,102,2024,"Documental, Crimen",4656,"2025-02-07","Shiori Itō"
tt4682788,5,2025-02-21,"Loving Pablo","Loving Pablo",https://www.imdb.com/title/tt4682788,Película,6.4,123,2017,"Biografía, Crimen, Drama",24290,"2018-03-09","Fernando León de Aranoa"
tt29270150,3,2025-02-18,"La infiltrada","La infiltrada",https://www.imdb.com/title/tt29270150,Película,7.1,118,2024,"Suspense, Biografía, Crimen, Drama, Historia",6493,"2024-10-11","Arantxa Echevarría"
tt34716502,5,2025-02-17,"La marsellesa de los borrachos","La Marsellesa de los borrachos",https://www.imdb.com/title/tt34716502,Película,6.9,96,2024,"Documental",26,"2025-02-14","Pablo Gil Rituerto"
tt0073870,5,2025-02-16,"El vicio de familia","Il vizio di famiglia",https://www.imdb.com/title/tt0073870,Película,5.1,90,1975,"Comedia",442,"1975-10-07","Mariano Laurenti"
tt0072562,8,2025-02-16,"Saturday Night Live","Saturday Night Live",https://www.imdb.com/title/tt0072562,Serie de TV,8.0,90,1975,"Música, Comedia",58172,"1975-10-11",
tt26750774,7,2025-02-16,"El llanto","El llanto",https://www.imdb.com/title/tt26750774,Película,6.0,107,2024,"Terror, Drama",3321,"2024-10-25","Pedro Martín-Calero"
tt0780503,6,2025-02-14,"Dororo","Dororo",https://www.imdb.com/title/tt0780503,Película,6.4,139,2007,"Fantasía, Acción, Terror, Aventura",3125,"2007-03-15","Akihiko Shiota"
tt9362722,7,2025-02-14,"Spider-Man: Cruzando el multiverso","Spider-Man: Across the Spider-Verse",https://www.imdb.com/title/tt9362722,Película,8.5,140,2023,"Animación, Acción, Aventura, Ciencia ficción, Fantasía, Familiar",549018,"2023-06-02","Joaquim Dos Santos,Kemp Powers,Justin K. Thompson"
tt8999762,8,2025-02-14,"The Brutalist","The Brutalist",https://www.imdb.com/title/tt8999762,Película,7.2,216,2024,"Drama",162538,"2025-01-24","Brady Corbet"
tt2176304,5,2025-02-09,"Ayúdame a recordar","Ayúdame a recordar",https://www.imdb.com/title/tt2176304,Corto,8.0,17,2012,"Corto, Drama, Fantasía",26,,"Fran Casanova"
tt7151414,6,2025-02-09,"Vacío","Vacío",https://www.imdb.com/title/tt7151414,Corto,6.2,16,2017,"Corto, Drama",19,"2017-03-15","Sergio Martínez Alberto"
tt18396628,6,2025-02-09,"Es mejor así:)","Es mejor así:)",https://www.imdb.com/title/tt18396628,Corto,5.0,,2022,"Corto, Comedia",7,"2022-03-17","Diego Saniz"
tt21903842,4,2025-02-08,"La mitad de Ana","La mitad de Ana",https://www.imdb.com/title/tt21903842,Película,5.9,89,2024,"Drama",103,"2025-01-10","Marta Nieto"
tt0145487,6,2025-02-08,"Spider-Man","Spider-Man",https://www.imdb.com/title/tt0145487,Película,7.4,121,2002,"Aventura, Ciencia ficción, Acción",993538,"2002-06-21","Sam Raimi"
tt20221436,7,2025-02-06,"Emilia Pérez","Emilia Pérez",https://www.imdb.com/title/tt20221436,Película,5.3,132,2024,"Musical, Crimen, Suspense, Drama",135176,"2024-12-05","Jacques Audiard"
tt29932719,4,2025-02-03,"El Trono","El Trono",https://www.imdb.com/title/tt29932719,Corto,5.6,13,2023,"Corto, Comedia",90,"2023-11-11","Lucía Jiménez"
tt27899860,6,2025-02-03,"Betiko gaua","Betiko gaua",https://www.imdb.com/title/tt27899860,Corto,6.0,,2023,"Corto",54,"2023-11-10","Eneko Sagardoy"
tt31414422,5,2025-02-03,"Cafunè","Cafunè",https://www.imdb.com/title/tt31414422,Corto,7.2,8,2024,"Animación, Corto",68,"2024-03-04","Lorena Ares,Carlos Fernandez de Vigo"
tt32582657,4,2025-02-03,"Lola, Lolita, Lolaza","Lola, Lolita, Lolaza",https://www.imdb.com/title/tt32582657,Corto,6.0,,2024,"Animación, Corto",43,"2024-06-01","Mabel Lozano"
tt33069728,5,2025-02-03,"El cambio de rueda","El cambio de rueda",https://www.imdb.com/title/tt33069728,Corto,5.4,9,2024,"Animación, Corto",43,"2024-10-20","Bego Arostegui"
tt19046116,5,2025-02-03,"Magda","Magda",https://www.imdb.com/title/tt19046116,Corto,7.7,19,2023,"Corto, Drama",31,"2023-09","Kasia Pilewicz,John Eric Steiner"
tt0070868,6,2025-02-03,"La bóveda de los horrores","The Vault of Horror",https://www.imdb.com/title/tt0070868,Película,6.6,87,1973,"Suspense, Terror",7134,"1973-03-30","Roy Ward Baker"
tt0069341,6,2025-02-03,"Condenados de ultratumba","Tales from the Crypt",https://www.imdb.com/title/tt0069341,Película,6.8,92,1972,"Drama, Misterio, Suspense, Terror",14804,"1972-09-28","Freddie Francis"
tt0426371,1,2025-02-02,"Hotel dulce hotel: Las aventuras de Zack y Cody","The Suite Life of Zack & Cody",https://www.imdb.com/title/tt0426371,Serie de TV,6.7,30,2005,"Comedia, Familiar",43434,"2005-09-12",
tt31410930,6,2025-02-02,"No estás sola: La lucha contra la manada","No estás sola",https://www.imdb.com/title/tt31410930,Película,7.4,102,2024,"Documental",1490,"2024-03-01","Robert Bahar,Almudena Carracedo"
tt30023213,4,2025-02-01,"Cuarentena","Cuarentena",https://www.imdb.com/title/tt30023213,Corto,5.7,6,2024,"Corto, Comedia",78,"2024-03-07","Celia de Molina"
tt16158398,6,2025-02-01,"Semillas de Kivu","Semillas de Kivu",https://www.imdb.com/title/tt16158398,Corto,7.3,29,2024,"Documental, Corto",60,"2024-10-20","Néstor López,Carlos Valle Casas"
tt31314146,6,2025-02-01,"Els buits","Els buits",https://www.imdb.com/title/tt31314146,Corto,7.5,19,2024,"Documental, Corto",42,"2024-03-08","Sofia Esteve,Marina Freixa Roca,Isa Luengo"
tt31324022,2,2025-02-01,"Ciao bambina","Ciao bambina",https://www.imdb.com/title/tt31324022,Corto,6.7,18,2024,"Corto",41,"2024-03-01","Afioco,Carolina Yuste"
tt8740976,3,2025-02-01,"¿Quién es Anna?","Inventing Anna",https://www.imdb.com/title/tt8740976,Miniserie de TV,6.9,65,2022,"Drama, Biografía",91324,"2022-02-11",
tt30141000,6,2025-02-01,"Bellas Artes","Bellas Artes",https://www.imdb.com/title/tt30141000,Serie de TV,7.2,,2024,"Comedia",1527,"2024-04-11",
tt0084827,6,2025-01-28,"Tron","Tron",https://www.imdb.com/title/tt0084827,Película,6.7,96,1982,"Ciencia ficción, Aventura, Acción",147336,"1983-03-24","Steven Lisberger"
tt20600980,5,2025-01-27,"Star Wars: Tripulación perdida","Skeleton Crew",https://www.imdb.com/title/tt20600980,Serie de TV,7.0,40,2024,"Acción, Aventura, Ciencia ficción",46123,"2024-12-03",
tt27367464,6,2025-01-27,"Kneecap","Kneecap",https://www.imdb.com/title/tt27367464,Película,7.6,105,2024,"Drama, Comedia, Música",25823,"2024-09-20","Rich Peppiatt"
tt0373883,7,2025-01-27,"Halloween: El origen","Halloween",https://www.imdb.com/title/tt0373883,Película,6.1,109,2007,"Terror",139823,"2008-01-04","Rob Zombie"
tt0097814,7,2025-01-26,"Nicky, la aprendiz de bruja","Majo no takkyûbin",https://www.imdb.com/title/tt0097814,Película,7.8,103,1989,"Animación, Familiar, Fantasía",191275,"1989-07-29","Hayao Miyazaki"
tt2379548,7,2025-01-24,"Joshi gakuen: Warui asobi","Joshi gakuen: Warui asobi",https://www.imdb.com/title/tt2379548,Película,6.2,84,1970,"Acción, Crimen",48,"1970-11-20","Mio Ezaki"
tt5040012,6,2025-01-24,"Nosferatu","Nosferatu",https://www.imdb.com/title/tt5040012,Película,7.1,132,2024,"Terror, Fantasía, Misterio",274860,"2024-12-25","Robert Eggers"
tt4769064,3,2025-01-20,"La española inglesa","La española inglesa",https://www.imdb.com/title/tt4769064,Película de TV,6.3,109,2015,"Historia, Romance",106,"2015-11-10","Marco A. Castillo"
tt13429870,7,2025-01-20,"Robot Dreams","Robot Dreams",https://www.imdb.com/title/tt13429870,Película,7.6,103,2023,"Animación, Drama, Comedia, Familiar",25693,"2023-12-06","Pablo Berger"
tt0073170,5,2025-01-20,"Pecado venial","L'insegnante",https://www.imdb.com/title/tt0073170,Película,4.8,89,1975,"Comedia",1083,"1977-11-26","Nando Cicero"
tt0064888,8,2025-01-17,"La residencia","La residencia",https://www.imdb.com/title/tt0064888,Película,6.8,104,1969,"Misterio, Suspense, Terror",5021,"1969-12-08","Narciso Ibáñez Serrador"
tt29615330,6,2025-01-13,"Los años nuevos","Los años nuevos",https://www.imdb.com/title/tt29615330,Serie de TV,8.1,448,2024,"Drama",3338,"2024-11-28",
tt11044858,4,2025-01-13,"Nocturno","Nocturne",https://www.imdb.com/title/tt11044858,Película,5.7,90,2020,"Suspense, Terror, Drama, Música",16445,"2020-10-13","Zu Quirke"
tt11157344,3,2025-01-12,"Estándar","Estándar",https://www.imdb.com/title/tt11157344,Película,3.9,104,2020,"Comedia, Crimen, Suspense",208,"2020-08-15","Fernando González Gómez"
tt27751957,5,2025-01-12,"El 47","El 47",https://www.imdb.com/title/tt27751957,Película,7.2,110,2024,"Biografía, Drama",5372,"2024-09-06","Marcel Barrena"
tt32276048,3,2025-01-12,"El aspirante","El aspirante",https://www.imdb.com/title/tt32276048,Película,4.9,94,2024,"Drama, Suspense",396,"2024-09-20","Juan Gautier"
tt0096283,8,2025-01-11,"Mi vecino Totoro","Tonari no Totoro",https://www.imdb.com/title/tt0096283,Película,8.1,86,1988,"Animación, Familiar, Comedia, Aventura, Fantasía",438542,"1988-04-16","Hayao Miyazaki"
tt10160976,4,2025-01-09,"La monja II","The Nun II",https://www.imdb.com/title/tt10160976,Película,5.6,110,2023,"Terror, Misterio, Suspense",83837,"2023-09-08","Michael Chaves"
tt21869176,7,2025-01-04,"Creatura","Creatura",https://www.imdb.com/title/tt21869176,Película,6.4,112,2023,"Drama",1495,"2023-09-08","Elena Martín"
tt5820266,5,2025-01-04,"Counting to 1000","Counting to 1000",https://www.imdb.com/title/tt5820266,Corto,5.7,19,2016,"Corto, Suspense",83,"2016-05-08","Josh Pfaff"
tt25627320,4,2025-01-03,"Klara y el misterio de las semillas mágicas","Kutoppen - På sporet",https://www.imdb.com/title/tt25627320,Película,5.0,70,2023,"Animación, Familiar, Acción, Aventura, Comedia, Misterio",118,"2023-03-03","Will Ashurst"
tt32128317,7,2025-01-02,"Volveréis","Volveréis",https://www.imdb.com/title/tt32128317,Película,6.4,114,2024,"Comedia, Drama",2159,"2024-08-30","Jonás Trueba"
tt22408160,6,2024-12-30,"Kinds of Kindness","Kinds of Kindness",https://www.imdb.com/title/tt22408160,Película,6.4,164,2024,"Comedia, Drama, Terror",73934,"2024-06-28","Yorgos Lanthimos"
tt31917049,6,2024-12-29,"From My Cold Dead Hands","From My Cold Dead Hands",https://www.imdb.com/title/tt31917049,Película,6.8,64,2024,"Documental",22,"2025-01-17","Javier Horcajada"
tt27714840,2,2024-12-29,"Red clasificada","Classified",https://www.imdb.com/title/tt27714840,Película,3.7,105,2024,"Acción, Suspense, Misterio",3691,"2024-11-08","Roel Reiné"
tt27599713,5,2024-12-29,"La virgen roja","La virgen roja",https://www.imdb.com/title/tt27599713,Película,6.8,114,2024,"Drama",4000,"2024-09-27","Paula Ortiz"
tt0220506,3,2024-12-27,"Halloween: Resurrection","Halloween: Resurrection",https://www.imdb.com/title/tt0220506,Película,3.9,90,2002,"Suspense, Terror",54446,"2002-10-31","Rick Rosenthal"
tt0163416,6,2024-12-26,"The Witching Hour","The Witching Hour",https://www.imdb.com/title/tt0163416,Vídeo,5.4,77,1992,"Fantasía, Terror, X",73,"1992","Henri Pachard"
tt13186604,2,2024-12-25,"Los feos","Uglies",https://www.imdb.com/title/tt13186604,Película,4.7,100,2024,"Drama, Acción, Ciencia ficción, Aventura, Fantasía",37946,"2024-09-13","McG"
tt2381249,5,2024-12-21,"Misión: Imposible - Nación secreta","Mission: Impossible - Rogue Nation",https://www.imdb.com/title/tt2381249,Película,7.4,131,2015,"Acción, Aventura, Suspense",449377,"2015-08-07","Christopher McQuarrie"
tt0073067,6,2024-12-15,"Gracias, abuelita","Grazie... nonna",https://www.imdb.com/title/tt0073067,Película,5.0,95,1975,"Comedia",451,"1978-05-04","Marino Girolami"
tt30192612,7,2024-12-14,"Bodegón con fantasmas","Bodegón con fantasmas",https://www.imdb.com/title/tt30192612,Película,6.4,88,2024,"Comedia, Fantasía",418,"2024-10-06","Enrique Buleo"
tt23289160,7,2024-12-13,"Godzilla Minus One","Gojira Mainasu Wan",https://www.imdb.com/title/tt23289160,Película,7.6,124,2023,"Acción, Aventura, Ciencia ficción, Terror, Drama",229868,"2023-11-03","Takashi Yamazaki"
tt0072160,4,2024-12-13,"Póker de cama","La signora gioca bene a scopa?",https://www.imdb.com/title/tt0072160,Película,4.8,85,1974,"Comedia",220,"1974-08-14","Giuliano Carnimeo"
tt15332154,5,2024-12-09,"Shatter Belt","Shatter Belt",https://www.imdb.com/title/tt15332154,Serie de TV,6.1,94,2023,"Ciencia ficción, Comedia, Drama, Misterio, Suspense",230,"2024-10-20",
tt1060243,3,2024-12-09,"La buena nueva","La buena nueva",https://www.imdb.com/title/tt1060243,Película,6.1,108,2008,"Drama",288,"2008-11-14","Helena Taberna"
tt0037638,7,2024-12-09,"El desvío","Detour",https://www.imdb.com/title/tt0037638,Película,7.3,66,1945,"Crimen, Drama, Cine negro",22415,"1946-01-25","Edgar G. Ulmer"
tt23810800,5,2024-12-09,"Los 30 (no) son los nuevos 20","Los 30 (no) son los nuevos 20",https://www.imdb.com/title/tt23810800,Corto,4.9,20,2023,"Corto, Comedia, Drama",47,"2023-07-05","Juan Vicente Castillejo"
tt8038682,6,2024-12-07,"La casa","La casa",https://www.imdb.com/title/tt8038682,Película,6.8,83,2024,"Drama, Biografía, Comedia",1314,"2024-05-01","Álex Montoya"
tt11866324,7,2024-12-06,"Predator: La presa","Prey",https://www.imdb.com/title/tt11866324,Película,7.1,100,2022,"Ciencia ficción, Suspense, Acción, Aventura, Terror",276828,"2022-08-05","Dan Trachtenberg"
tt1141702,6,2024-12-04,"I Believe in Unicorns","I Believe in Unicorns",https://www.imdb.com/title/tt1141702,Película,6.1,80,2014,"Drama",2368,"2015-05-29","Leah Meyerhoff"
tt31262522,5,2024-12-02,"Celeste","Celeste",https://www.imdb.com/title/tt31262522,Serie de TV,7.1,,2024,"Drama",1106,"2024-11-14",
tt28231777,7,2024-12-02,"El Jockey","El jockey",https://www.imdb.com/title/tt28231777,Película,6.3,96,2024,"Crimen, Drama, Deporte",3235,"2025-05-30","Luis Ortega"
tt16300962,7,2024-12-01,"Cuando acecha la maldad","Cuando acecha la maldad",https://www.imdb.com/title/tt16300962,Película,6.9,99,2023,"Terror",63824,"2024-01-19","Demián Rugna"
tt0076200,6,2024-12-01,"Interior de un convento","Interno di un convento",https://www.imdb.com/title/tt0076200,Película,4.8,95,1978,"Romance, Drama",1829,"1978-06-22","Walerian Borowczyk"
tt17279496,6,2024-11-29,"Civil War","Civil War",https://www.imdb.com/title/tt17279496,Película,7.0,109,2024,"Acción, Suspense, Bélico",273421,"2024-04-19","Alex Garland"
tt0120694,4,2024-11-26,"Halloween H20: 20 años después","Halloween H20: 20 Years Later",https://www.imdb.com/title/tt0120694,Película,5.8,86,1998,"Suspense, Terror",89303,"1998-10-16","Steve Miner"
tt6157294,5,2024-11-25,"Entre dos aguas","Entre dos aguas",https://www.imdb.com/title/tt6157294,Película,6.5,136,2018,"Drama",825,"2018-11-30","Isaki Lacuesta"
tt30006586,7,2024-11-23,"Las almas","Las almas",https://www.imdb.com/title/tt30006586,Película,8.2,78,2023,,5,"2023-11-10","Laura Basombrio"
tt23137390,5,2024-11-23,"Immaculate","Immaculate",https://www.imdb.com/title/tt23137390,Película,5.8,89,2024,"Terror, Suspense",62842,"2024-05-01","Michael Mohan"
tt32554051,5,2024-11-22,"Mi hermano Ali","Mi hermano Ali",https://www.imdb.com/title/tt32554051,Película,6.2,90,2024,,40,"2024-10-23","Paula Palacios"
tt30784256,7,2024-11-21,"El segundo acto","Le deuxième acte",https://www.imdb.com/title/tt30784256,Película,6.4,80,2024,"Comedia",5021,"2024-05-14","Quentin Dupieux"
tt27705913,6,2024-11-19,"Yo, adicto","Yo, adicto",https://www.imdb.com/title/tt27705913,Miniserie de TV,7.9,,2024,"Drama",1134,"2024-10-30",
tt15571732,5,2024-11-19,"Agatha, ¿quién si no?","Agatha All Along",https://www.imdb.com/title/tt15571732,Miniserie de TV,7.2,40,2024,"Comedia, Acción, Aventura, Fantasía, Ciencia ficción, Drama",91617,"2024-09-19",
tt9064858,5,2024-11-19,"Them","Them",https://www.imdb.com/title/tt9064858,Serie de TV,7.5,45,2021,"Terror, Drama, Suspense",33494,"2021-04-09",
tt11892272,5,2024-11-16,"Las leyes de la frontera","Las leyes de la frontera",https://www.imdb.com/title/tt11892272,Película,6.9,127,2021,"Suspense",5664,"2021-10-08","Daniel Monzón"
tt0066993,8,2024-11-15,"Los demonios","The Devils",https://www.imdb.com/title/tt0066993,Película,7.7,111,1971,"Historia, Biografía, Drama",21732,"1978-06-02","Ken Russell"
tt0095016,5,2024-11-11,"Jungla de cristal","Die Hard",https://www.imdb.com/title/tt0095016,Película,8.2,132,1988,"Suspense, Acción",1038280,"1988-09-30","John McTiernan"
tt9292498,5,2024-11-10,"Nacho Cano: El patio","Nacho Cano: El patio",https://www.imdb.com/title/tt9292498,Videoclip,6.2,5,1994,"Música",17,"1994",
tt0454198,4,2024-11-10,"Mecano - Los vídeos","Mecano - Los vídeos",https://www.imdb.com/title/tt0454198,Vídeo,5.8,60,1992,"Música",45,"1992","Joan-Lluís Arruga,Franci Camus,José María Cano,Luis Fernández Soria,Jean Pierre Hugnet,Manolo Soriano,Bruno Venzal,Lucio Villalba"
tt0418412,5,2024-11-10,"Los mundos de Yupi","Los mundos de Yupi",https://www.imdb.com/title/tt0418412,Serie de TV,5.5,30,1988,"Familiar",76,"1988-04-18",
tt0131187,6,2024-11-10,"Serie rosa","Série rose",https://www.imdb.com/title/tt0131187,Serie de TV,6.9,26,1986,"Comedia",193,"1986-11-08",
tt1176921,5,2024-11-10,"Crónicas urbanas","Crónicas urbanas",https://www.imdb.com/title/tt1176921,Serie de TV,5.0,55,1991,"Drama",14,"1991-01-08",
tt17527468,6,2024-11-09,"El club de las luchadoras","Bottoms",https://www.imdb.com/title/tt17527468,Película,6.7,91,2023,"Comedia",59582,"2023-11-21","Emma Seligman"
tt3007804,7,2024-11-09,"Tight","Tight",https://www.imdb.com/title/tt3007804,Corto,null,17,2013,"Corto, Drama, Suspense",0,,"Coté Soler"
tt0350028,2,2024-11-04,"Mamá a la fuerza","Raising Helen",https://www.imdb.com/title/tt0350028,Película,6.0,119,2004,"Romance, Drama, Comedia",39906,"2004-09-10","Garry Marshall"
tt9563648,4,2024-11-04,"Dokuro: Act 2","Dokuro: Act 2",https://www.imdb.com/title/tt9563648,Película,3.6,72,2010,"Terror",17,"2010-03-07","Hiroa"
tt13016388,5,2024-11-03,"El problema de los 3 cuerpos","3 Body Problem",https://www.imdb.com/title/tt13016388,Serie de TV,7.5,60,2024,"Ciencia ficción, Aventura, Drama, Fantasía, Misterio",184385,"2024-03-21",
tt13229894,6,2024-11-03,"Los renglones torcidos de Dios","Los renglones torcidos de Dios",https://www.imdb.com/title/tt13229894,Película,7.1,154,2022,"Misterio, Drama, Suspense",30406,"2022-10-06","Oriol Paulo"
tt19637052,6,2024-11-01,"Sangre en los labios","Love Lies Bleeding",https://www.imdb.com/title/tt19637052,Película,6.6,104,2024,"Romance, Suspense, Crimen, Misterio, Drama",65407,"2024-04-12","Rose Glass"
tt0103359,7,2024-11-01,"Batman: La serie animada","Batman: The Animated Series",https://www.imdb.com/title/tt0103359,Serie de TV,9.0,23,1992,"Animación, Aventura, Familiar, Ciencia ficción, Misterio, Crimen, Acción",139521,"1992-09-05",
tt0113253,3,2024-11-01,"Halloween: La maldición de Michael Myers","Halloween: The Curse of Michael Myers",https://www.imdb.com/title/tt0113253,Película,4.7,87,1995,"Suspense, Terror",47146,"1997-08-01","Joe Chappelle"
tt0096954,4,2024-11-01,"Pesadilla en la medianoche","Bloodmoon",https://www.imdb.com/title/tt0096954,Película,4.7,100,1990,"Suspense, Terror",922,"1990-03-22","Alec Mills"
tt27396895,4,2024-10-29,"Disco, Ibiza, Locomía","Disco, Ibiza, Locomía",https://www.imdb.com/title/tt27396895,Película,6.1,104,2024,"Biografía, Drama, Música",1776,"2024-05-17","Kike Maíllo"
tt1677709,3,2024-10-29,"La tropa de trapo en el país donde siempre brilla el sol","La tropa de trapo en el país donde siempre brilla el sol",https://www.imdb.com/title/tt1677709,Película,5.7,74,2010,"Animación, Familiar",82,"2010-10-29","Alex Colls"
tt3596856,4,2024-10-29,"La Tropa de Trapo en la Selva del Arcoíris","La Tropa de Trapo en la selva del arcoiris",https://www.imdb.com/title/tt3596856,Película,6.5,74,2014,"Animación",19,"2014-04-30","Alex Colls"
tt29793197,5,2024-10-27,"Casa en llamas","Casa en flames",https://www.imdb.com/title/tt29793197,Película,7.2,105,2024,"Comedia, Drama",4321,"2024-06-28","Dani de la Orden"
tt5774012,4,2024-10-27,"La mina. The Night Watchman","The Night Watchman",https://www.imdb.com/title/tt5774012,Película,4.2,94,2016,"Terror, Drama, Suspense",325,"2016-07-29","Miguel Ángel Jiménez"
tt16426418,6,2024-10-26,"Rivales","Challengers",https://www.imdb.com/title/tt16426418,Película,7.0,131,2024,"Drama, Romance, Deporte, Comedia",183693,"2024-04-26","Luca Guadagnino"
tt0069073,6,2024-10-23,"Las lágrimas de Jennifer","Perché quelle strane gocce di sangue sul corpo di Jennifer?",https://www.imdb.com/title/tt0069073,Película,6.4,95,1972,"Misterio, Crimen, Terror, Suspense",3931,"1972-08-10","Giuliano Carnimeo"
tt7631058,6,2024-10-19,"El señor de los anillos: Los anillos de poder","The Lord of the Rings: The Rings of Power",https://www.imdb.com/title/tt7631058,Serie de TV,6.8,60,2022,"Aventura, Fantasía, Acción, Drama",443850,"2022-09-02",
tt0032455,5,2024-10-18,"Fantasía","Fantasia",https://www.imdb.com/title/tt0032455,Película,7.7,124,1940,"Animación, Musical, Música, Familiar, Fantasía",112165,"1946-03-23","James Algar,Samuel Armstrong,Ford Beebe Jr.,Norman Ferguson,David Hand,Jim Handley,T. Hee,Wilfred Jackson,Hamilton Luske,Bill Roberts,Paul Satterfield,Ben Sharpsteen"
tt0071507,7,2024-10-18,"La novicia musulmana","Flavia, la monaca musulmana",https://www.imdb.com/title/tt0071507,Película,5.7,96,1974,"Drama, Terror",1371,"1979-06-20","Gianfranco Mingozzi"
tt14452776,6,2024-10-14,"The Bear","The Bear",https://www.imdb.com/title/tt14452776,Serie de TV,8.5,1611,2022,"Drama, Comedia",323413,"2022-10-05",
tt2627820,2,2024-10-13,"Spot Manta Deia","Spot Manta Deia",https://www.imdb.com/title/tt2627820,Corto de TV,null,1,2007,"Corto, Comedia",0,"2007-10-03","Javier Arriaga"
tt2118648,5,2024-10-12,"Descansa en paz","Håndtering av udøde",https://www.imdb.com/title/tt2118648,Película,5.3,97,2024,"Drama, Misterio, Terror, Suspense",5413,"2024-06-19","Thea Hvistendahl"
tt0082377,4,2024-10-12,"El final de Damien","The Final Conflict",https://www.imdb.com/title/tt0082377,Película,5.5,108,1981,"Terror",26010,"1981-07-21","Graham Baker"
tt15466518,6,2024-10-12,"Una ballena","Una ballena",https://www.imdb.com/title/tt15466518,Película,5.4,108,2024,"Crimen, Fantasía, Suspense, Terror",303,"2025-09-18","Pablo Hernando"
tt7604546,3,2024-10-10,"Inhibidos","Inhibidos",https://www.imdb.com/title/tt7604546,Serie de TV,5.6,,2017,"Suspense",45,"2017-11-06",
tt2345567,5,2024-10-09,"Haunter","Haunter",https://www.imdb.com/title/tt2345567,Película,5.9,97,2013,"Misterio, Suspense, Terror, Fantasía",20129,"2023-10-15","Vincenzo Natali"
tt0276868,3,2024-10-07,"Desesperada","Cold Heart",https://www.imdb.com/title/tt0276868,Película,4.8,95,2001,"Romance, Crimen, Suspense",957,"2001-02-10","Dennis Dimster"
tt29141112,7,2024-10-07,"El baño del diablo","Des Teufels Bad",https://www.imdb.com/title/tt29141112,Película,6.6,121,2024,"Drama, Historia, Terror, Suspense",8481,"2024-11-15","Severin Fiala,Veronika Franz"
tt33372496,6,2024-10-06,"Jimmy & Stiggs","Jimmy and Stiggs",https://www.imdb.com/title/tt33372496,Película,5.4,79,2024,"Terror, Ciencia ficción",855,"2025-09-20","Joe Begos"
tt12276028,4,2024-10-06,"Krazy House","Krazy House",https://www.imdb.com/title/tt12276028,Película,4.8,89,2024,"Comedia, Terror",1805,"2024-05-16","Steffen Haars,Flip Van der Kuil"
tt32402247,4,2024-10-05,"Basileia","Basileia",https://www.imdb.com/title/tt32402247,Película,4.3,96,2024,"Terror",62,"2024-09-06","Isabella Torre"
tt17526714,8,2024-10-04,"La sustancia","The Substance",https://www.imdb.com/title/tt17526714,Película,7.2,141,2024,"Drama, Terror, Ciencia ficción",459206,"2024-10-11","Coralie Fargeat"
tt0086971,7,2024-10-02,"La habitación negra","The Black Room",https://www.imdb.com/title/tt0086971,Película,4.9,88,1982,"Suspense, Terror",1024,"1982-12-09","Elly Kenner,Norman Thaddeus Vane"
tt3018528,3,2024-09-30,"Quitters","Quitters",https://www.imdb.com/title/tt3018528,Película,5.2,95,2015,"Drama, Comedia",320,"2016-07-22","Noah Pritzker"
tt32146402,6,2024-09-30,"Las novias del sur","Las novias del sur",https://www.imdb.com/title/tt32146402,Corto,6.9,37,2024,"Documental, Corto",85,"2025-01-08","Elena López Riera"
tt0112682,4,2024-09-29,"La ciudad de los niños perdidos","La cité des enfants perdus",https://www.imdb.com/title/tt0112682,Película,7.4,112,1995,"Drama, Aventura, Ciencia ficción, Fantasía",75253,"1995-08-11","Marc Caro,Jean-Pierre Jeunet"
tt1520828,3,2024-09-27,"One Thousand Cranes","One Thousand Cranes",https://www.imdb.com/title/tt1520828,Corto,7.4,12,2010,"Corto, Drama, Romance",30,,"Zach Carver"
tt1468846,4,2024-09-23,"Get a Job","Get a Job",https://www.imdb.com/title/tt1468846,Película,5.3,83,2016,"Comedia",27815,"2022-09-01","Dylan Kidd"
tt0097474,3,2024-09-20,"Halloween 5: La venganza de Michael Myers","Halloween 5: The Revenge of Michael Myers",https://www.imdb.com/title/tt0097474,Película,4.9,96,1989,"Suspense, Terror",52545,"1989-10-13","Dominique Othenin-Girard"
tt0057829,7,2024-09-20,"Deseos impuros","Akai satsui",https://www.imdb.com/title/tt0057829,Película,7.6,150,1964,"Drama",2019,"1964-06-28","Shōhei Imamura"
tt0071662,4,2024-09-16,"La madrastra del seminarista","Innocenza e turbamento",https://www.imdb.com/title/tt0071662,Película,4.7,105,1974,"Romance, Comedia",355,"1974-03-21","Massimo Dallamano"
tt31137184,3,2024-09-16,"Mapa a Pandataria","Mapa a Pandataria",https://www.imdb.com/title/tt31137184,Película,8.4,97,2024,"Documental",13,"2024-02-01","Javi Clarke"
tt26699663,6,2024-09-15,"Mamífera","Mamífera",https://www.imdb.com/title/tt26699663,Película,6.4,93,2024,"Drama, Comedia",560,"2024-04-26","Liliana Torres"
tt0072901,7,2024-09-15,"Las doce pruebas de Astérix","Les 12 travaux d'Astérix",https://www.imdb.com/title/tt0072901,Película,7.7,82,1976,"Animación, Familiar, Comedia, Aventura, Fantasía",21632,"1976-12-20","René Goscinny,Albert Uderzo"
tt30327762,6,2024-09-13,"Toxic","Akiplesa",https://www.imdb.com/title/tt30327762,Película,6.7,99,2024,"Drama",2243,"2025-03-24","Saulė Bliuvaitė"
tt15523172,4,2024-09-13,"Riders: La Pelicula","Riders: La Película",https://www.imdb.com/title/tt15523172,Película,null,,2021,"Comedia",0,"2021-08-12","Beatriz Abad"
tt14962234,4,2024-09-13,"Riders","Riders",https://www.imdb.com/title/tt14962234,Serie de TV,6.6,,2021,,14,"2021-05-12",
tt0077394,6,2024-09-11,"La maldición de Damien","Damien: Omen II",https://www.imdb.com/title/tt0077394,Película,6.2,107,1978,"Terror",40406,"1978-06-09","Don Taylor,Mike Hodges"
tt13320792,6,2024-09-09,"Los inocentes","Los inocentes",https://www.imdb.com/title/tt13320792,Película,5.9,100,2020,"Drama",72,"2020-11-09","Guillermo Benet"
tt13239062,4,2024-09-08,"Nina","Nina",https://www.imdb.com/title/tt13239062,Película,5.7,105,2024,"Drama, Suspense",466,"2024-05-10","Andrea Jaurrieta"
tt8523334,3,2024-09-07,"City Hunter y el perfume de Cupido","Nicky Larson et le parfum de Cupidon",https://www.imdb.com/title/tt8523334,Película,6.5,91,2018,"Acción, Comedia, Crimen",6430,"2019-02-06","Philippe Lacheau"
tt0071147,6,2024-09-02,"Ana, ese particular placer","Anna, quel particolare piacere",https://www.imdb.com/title/tt0071147,Película,6.0,100,1973,"Crimen, Drama",496,"1973-11-27","Giuliano Carnimeo"
tt15488552,5,2024-09-02,"Woman Hunting Massacre Woods","Woman Hunting Massacre Woods",https://www.imdb.com/title/tt15488552,Película,5.3,,2012,"Terror",9,"2012-02-03","A.K.G."
tt7649694,6,2024-09-01,"Ramy","Ramy",https://www.imdb.com/title/tt7649694,Serie de TV,8.0,30,2019,"Comedia, Drama, Romance",18064,"2019-12-12",
tt1358522,3,2024-09-01,"Ladrón de guante blanco","White Collar",https://www.imdb.com/title/tt1358522,Serie de TV,8.2,40,2009,"Drama, Crimen, Misterio, Comedia",154703,"2010-09-20",
tt7819110,5,2024-09-01,"Shiva Baby","Shiva Baby",https://www.imdb.com/title/tt7819110,Corto,6.7,8,2018,"Corto, Comedia, Drama",855,"2018-03-15","Emma Seligman"
tt6263850,6,2024-08-29,"Deadpool y Lobezno","Deadpool & Wolverine",https://www.imdb.com/title/tt6263850,Película,7.5,128,2024,"Acción, Comedia, Ciencia ficción, Aventura",590335,"2024-07-25","Shawn Levy"
tt2382320,5,2024-08-29,"Sin tiempo para morir","No Time to Die",https://www.imdb.com/title/tt2382320,Película,7.3,163,2021,"Acción, Suspense, Aventura",493480,"2021-10-01","Cary Joji Fukunaga"
tt23468450,8,2024-08-27,"Longlegs","Longlegs",https://www.imdb.com/title/tt23468450,Película,6.5,101,2024,"Terror, Suspense, Crimen, Misterio",231753,"2024-08-02","Osgood Perkins"
tt2379713,4,2024-08-26,"Spectre","Spectre",https://www.imdb.com/title/tt2379713,Película,6.8,148,2015,"Aventura, Suspense, Acción",500992,"2015-11-06","Sam Mendes"
tt22048412,6,2024-08-26,"MaXXXine","MaXXXine",https://www.imdb.com/title/tt22048412,Película,6.2,103,2024,"Terror, Crimen",90711,"2024-08-23","Ti West"
tt0149969,3,2024-08-25,"Brujas","Brujas",https://www.imdb.com/title/tt0149969,Película,5.5,87,1996,"Drama",418,"1996-04-26","Álvaro Fernández Armero"
tt27667376,5,2024-08-25,"Valenciana","Valenciana",https://www.imdb.com/title/tt27667376,Película,6.0,101,2024,"Drama",106,"2024-10-18","Jordi Núñez"
tt9253464,4,2024-08-25,"Lo carga el diablo","Lo carga el diablo",https://www.imdb.com/title/tt9253464,Película,7.7,103,2024,"Aventura, Comedia, Drama",34,"2025-04-25","Guillermo Polo"
tt0081383,5,2024-08-22,"Prom Night. Llamadas de terror","Prom Night",https://www.imdb.com/title/tt0081383,Película,5.3,92,1980,"Suspense, Misterio, Terror",24209,"1980-09-12","Paul Lynch"
tt32046518,6,2024-08-19,"Cyborg Generation","Cyborg Generation",https://www.imdb.com/title/tt32046518,Película,6.2,63,2024,"Documental",32,"2024-04-26","Miguel Morillo Vega"
tt0286106,3,2024-08-17,"Señales","Signs",https://www.imdb.com/title/tt0286106,Película,6.8,106,2002,"Drama, Misterio, Ciencia ficción, Suspense",417904,"2002-09-20","M. Night Shyamalan"
tt16090596,6,2024-08-12,"Conann, la bárbara","Conann",https://www.imdb.com/title/tt16090596,Película,5.8,105,2023,"Fantasía, Acción, Ciencia ficción",899,"2023-11-29","Bertrand Mandico"
tt30956144,7,2024-08-08,"The Human Hibernation","The Human Hibernation",https://www.imdb.com/title/tt30956144,Película,4.4,90,2024,"Ciencia ficción",193,"2025-01-10","Anna Cornudella"
tt0135037,7,2024-08-07,"Venus Wars","Vinasu senki",https://www.imdb.com/title/tt0135037,Película,6.6,103,1989,"Animación, Drama, Suspense, Acción, Ciencia ficción",2328,"1989-03-11","Yoshikazu Yasuhiko"
tt15441102,6,2024-08-05,"Roar: The Girl Who Loved Horses","Roar: The Girl Who Loved Horses",https://www.imdb.com/title/tt15441102,Episodio de TV,5.9,29,2022,"Comedia, Drama",295,"2022-04-15","So Yong Kim"
tt9174600,4,2024-08-04,"Roar","Roar",https://www.imdb.com/title/tt9174600,Miniserie de TV,5.7,30,2022,"Comedia, Drama",4356,"2022-04-15",
tt14348702,4,2024-08-04,"Roar: The Woman Who Solved Her Own Murder","Roar: The Woman Who Solved Her Own Murder",https://www.imdb.com/title/tt14348702,Episodio de TV,7.0,32,2022,"Comedia, Drama",482,"2022-04-15","Anya Adams"
tt17677860,6,2024-08-04,"Presunto inocente","Presumed Innocent",https://www.imdb.com/title/tt17677860,Serie de TV,7.7,,2024,"Crimen, Drama, Misterio, Suspense",98192,"2024-06-12",
tt6078096,5,2024-08-03,"High Maintenance","High Maintenance",https://www.imdb.com/title/tt6078096,Serie de TV,8.1,30,2016,"Comedia, Drama",12116,"2017-09-15",
tt2769158,5,2024-08-02,"Rape Zombie 3. Apocalipsis final","Reipu zonbi: Lust of the dead 3",https://www.imdb.com/title/tt2769158,Película,3.5,68,2013,"Terror",590,"2014-04-08","Naoyuki Tomomatsu"
tt33034654,3,2024-07-30,"The Cardenio Project (Una historia de Quijote)","The Cardenio Project (Una historia de Quijote)",https://www.imdb.com/title/tt33034654,Película,null,,2024,"Fantasía, Drama, Suspense",0,"2024-06-12","Jesús Eguía Armenteros"
tt32862839,4,2024-07-29,"Paisaje","Paisaje",https://www.imdb.com/title/tt32862839,Película,5.8,93,2024,"Drama",8,"2024-02-15","Matías Rojo"
tt0112933,4,2024-07-29,"El efecto mariposa","El efecto mariposa",https://www.imdb.com/title/tt0112933,Película,5.6,110,1995,"Romance, Comedia",480,"1995-12-20","Fernando Colomo"
tt31052083,3,2024-07-29,"He soñado con olas","He soñado con olas",https://www.imdb.com/title/tt31052083,Película,6.8,70,2024,"Drama",28,"2024-05-06","Daniel Moreno García"
tt12262202,3,2024-07-28,"The Acolyte","The Acolyte",https://www.imdb.com/title/tt12262202,Serie de TV,4.3,40,2024,"Ciencia ficción, Suspense, Acción, Aventura, Fantasía, Misterio",145681,"2024-06-05",
tt3825328,5,2024-07-28,"Bajo sospecha","Bajo sospecha",https://www.imdb.com/title/tt3825328,Serie de TV,7.5,,2014,"Suspense",2166,"2015-02-17",
tt0078405,6,2024-07-24,"El asesino de la caja de herramientas","The Toolbox Murders",https://www.imdb.com/title/tt0078405,Película,5.2,93,1978,"Misterio, Terror, Suspense",5695,"1978-03-03","Dennis Donnelly"
tt21828212,7,2024-07-23,"La revolución de las musas","La revolución de las musas",https://www.imdb.com/title/tt21828212,Película,5.9,70,2024,"Documental",24,"2024-07-20","Juno Alvarez,Yaiza de Lamo,Mar Nantas"
tt29427529,5,2024-07-22,"Los tonos mayores","Los tonos mayores",https://www.imdb.com/title/tt29427529,Película,6.8,101,2023,"Misterio",173,"2024-07-12","Ingrid Pokropek"
tt25436884,5,2024-07-22,"Una película barata","Una película barata",https://www.imdb.com/title/tt25436884,Película,5.7,63,2024,"Drama, Comedia",115,"2024-07-20","Osama Chami"
tt0069979,6,2024-07-22,"Mátalos, jefe... te ayudo","Dio, sei proprio un padreterno!",https://www.imdb.com/title/tt0069979,Película,5.9,85,1973,"Crimen, Comedia",548,"1973-11-23","Michele Lupo"
tt21907858,6,2024-07-22,"Gallo rojo","Gallo rojo",https://www.imdb.com/title/tt21907858,Película,6.8,84,2023,"Drama",40,"2024-12-20","Enrique García-Vázquez"
tt0104691,4,2024-07-21,"El último mohicano","The Last of the Mohicans",https://www.imdb.com/title/tt0104691,Película,7.6,112,1992,"Aventura, Acción, Drama, Romance, Bélico",209272,"1992-11-27","Michael Mann"
tt21223304,5,2024-07-21,"Los pequeños amores","Los pequeños amores",https://www.imdb.com/title/tt21223304,Película,6.2,95,2024,"Romance, Drama",543,"2024-03-08","Celia Rico Clavellino"
tt2446042,2,2024-07-18,"V3nganza","Taken 3",https://www.imdb.com/title/tt2446042,Película,6.0,108,2014,"Acción, Suspense, Crimen",216429,"2015-01-16","Olivier Megaton"
tt32336811,6,2024-07-15,"Charli XCX: 360","Charli XCX: 360",https://www.imdb.com/title/tt32336811,Videoclip,7.5,4,2024,"Música, Terror",275,"2024-05-10","Aidan Zamiri"
tt2604704,4,2024-07-15,"Rape Zombie 2. El éxtasis de los muertos vivientes","Reipu zonbi: Lust of the dead 2",https://www.imdb.com/title/tt2604704,Película,3.4,67,2013,"Terror",657,"2013-03-23","Naoyuki Tomomatsu"
tt4844140,7,2024-07-15,"La verdadera historia de la banda de Kelly","True History of the Kelly Gang",https://www.imdb.com/title/tt4844140,Película,6.0,124,2019,"Drama, Biografía, Crimen, Del oeste, Acción, Suspense",14695,"2020-01-09","Justin Kurzel"
tt29688322,6,2024-07-14,"Clorofilla","Clorofilla",https://www.imdb.com/title/tt29688322,Película,5.8,75,2023,"Fantasía",59,"2023-10-26","Ivana Gloria"
tt26739127,6,2024-07-13,"La abadesa","La abadesa",https://www.imdb.com/title/tt26739127,Película,6.0,122,2024,"Drama",147,"2024-03-22","Antonio Chavarrías"
tt5672290,7,2024-07-07,"La primera profecía","The First Omen",https://www.imdb.com/title/tt5672290,Película,6.5,119,2024,"Terror",72524,"2024-04-05","Arkasha Stevenson"
tt0111449,7,2024-07-07,"Todo es mentira","Todo es mentira",https://www.imdb.com/title/tt0111449,Película,6.5,99,1994,"Romance, Drama, Comedia",642,"1994-10-14","Álvaro Fernández Armero"
tt2232828,3,2024-07-07,"Paraíso (Hipócrifos)","Paraíso (Hipócrifos)",https://www.imdb.com/title/tt2232828,Corto,null,,2012,"Corto, Fantasía",0,"2012-06-14","Luken Hidalgo,Miguel Quero"
tt22890246,6,2024-07-06,"How to Have Sex","How to Have Sex",https://www.imdb.com/title/tt22890246,Película,6.4,91,2023,"Drama",23644,"2024-03-15","Molly Manning Walker"
tt10366206,4,2024-07-03,"John Wick 4","John Wick: Chapter 4",https://www.imdb.com/title/tt10366206,Película,7.6,169,2023,"Acción, Crimen, Suspense",418480,"2023-03-24","Chad Stahelski"
tt1074638,6,2024-07-02,"Skyfall","Skyfall",https://www.imdb.com/title/tt1074638,Película,7.8,143,2012,"Acción, Suspense, Aventura",779358,"2012-10-31","Sam Mendes"
tt14966898,4,2024-06-29,"El último late night","Late Night with the Devil",https://www.imdb.com/title/tt14966898,Película,7.0,93,2023,"Terror",151206,"2024-05-24","Cameron Cairnes,Colin Cairnes"
tt0067602,7,2024-06-24,"Un lugar ideal para matar","Un posto ideale per uccidere",https://www.imdb.com/title/tt0067602,Película,6.1,90,1971,"Suspense, Crimen, Misterio, Drama",1295,"1971-08-18","Umberto Lenzi"
tt11941694,4,2024-06-23,"La estrella azul","La estrella azul",https://www.imdb.com/title/tt11941694,Película,7.3,129,2023,"Drama, Música",1460,"2024-02-23","Javier Macipe"
tt0117097,4,2024-06-22,"La Moños","La Moños",https://www.imdb.com/title/tt0117097,Película,7.5,109,1996,"Drama",64,"1997-03-14","Mireia Ros"
tt13683866,6,2024-06-20,"Big Boys","Big Boys",https://www.imdb.com/title/tt13683866,Serie de TV,8.4,24,2022,"Comedia, Drama",6986,"2024-04-16",
tt7398584,3,2024-06-19,"¿Qué te juegas?","¿Qué te juegas?",https://www.imdb.com/title/tt7398584,Película,5.5,102,2019,"Comedia, Romance",807,"2019-03-29","Inés de León"
tt0072356,5,2024-06-18,"Consolar a la viuda italiana","La vedova inconsolabile ringrazia quanti la consolarono",https://www.imdb.com/title/tt0072356,Película,5.5,98,1973,"Comedia",230,"1973-08-12","Mariano Laurenti"
tt0427582,7,2024-06-14,"El método","El método",https://www.imdb.com/title/tt0427582,Película,7.1,115,2005,"Drama, Suspense",13000,"2005-09-23","Marcelo Piñeyro"
tt27720531,6,2024-06-14,"Mantagheye bohrani","Mantagheye bohrani",https://www.imdb.com/title/tt27720531,Película,6.0,99,2023,"Ciencia ficción, Drama",710,"2024-11-07","Ali Ahmadzadeh"
tt0183374,6,2024-06-11,"Kunoichi ninpô-chô","Kunoichi ninpô-chô",https://www.imdb.com/title/tt0183374,Película,5.9,78,1991,"Acción, Drama",94,"1991-10-21","Masaru Tsushima"
tt32390459,5,2024-06-09,"Fotogenico","Fotogenico",https://www.imdb.com/title/tt32390459,Película,6.2,96,2024,"Drama, Comedia",154,"2024-12-11","Marcia Romano,Benoît Sabatier"
tt12444424,6,2024-06-09,"Gagarine","Gagarine",https://www.imdb.com/title/tt12444424,Película,6.7,98,2020,"Drama, Fantasía",3047,"2021-06-23","Fanny Liatard,Jérémy Trouilh"
tt30320410,7,2024-06-07,"Sujo","Sujo",https://www.imdb.com/title/tt30320410,Película,6.8,126,2024,"Drama",1458,"2025-04-25","Astrid Rondero,Fernanda Valadez"
tt4162922,7,2024-06-07,"El fin de la comedia","El fin de la comedia",https://www.imdb.com/title/tt4162922,Serie de TV,7.9,,2014,"Comedia",670,"2014-11-07",
tt10602132,7,2024-06-05,"Que nadie duerma","Que nadie duerma",https://www.imdb.com/title/tt10602132,Película,5.9,122,2023,"Terror, Romance",1997,"2023-11-17","Antonio Méndez Esparza"
tt23143876,6,2024-06-05,"Això no és Suècia","Això no és Suècia",https://www.imdb.com/title/tt23143876,Serie de TV,7.0,40,2023,"Comedia, Drama",337,"2023-11-27",
tt31067371,6,2024-06-05,"Nos vemos en otra vida","Nos vemos en otra vida",https://www.imdb.com/title/tt31067371,Miniserie de TV,7.4,,2024,"Drama, Biografía, Crimen, Suspense",1318,"2024-03-06",
tt6378536,5,2024-06-05,"La maniobra de la tortuga","La maniobra de la tortuga",https://www.imdb.com/title/tt6378536,Película,5.4,101,2022,"Suspense, Crimen",398,"2022-05-13","Juan Miguel del Castillo"
tt3255192,3,2024-06-03,"Ley y orden: Unidad de Víctimas Especiales: Dissonant Voices","Law & Order: Special Victims Unit: Dissonant Voices",https://www.imdb.com/title/tt3255192,Episodio de TV,8.2,42,2013,"Misterio, Suspense, Crimen, Drama",1155,"2013-11-06","Alex Chapple"
tt0203259,3,2024-06-03,"Ley y orden: Unidad de Víctimas Especiales","Law & Order: Special Victims Unit",https://www.imdb.com/title/tt0203259,Serie de TV,8.1,60,1999,"Misterio, Suspense, Crimen, Drama",146860,"2002-07-16",
tt32214583,5,2024-06-03,"Megara: 11:11","Megara: 11:11",https://www.imdb.com/title/tt32214583,Videoclip,null,3,2024,"Música",0,"2024-02-15","Javier Bragada"
tt23739418,7,2024-06-02,"El otro lado","El otro lado",https://www.imdb.com/title/tt23739418,Serie de TV,7.0,,2023,"Comedia, Terror",1073,"2023-11-23",
tt14118246,4,2024-06-01,"Lobo feroz","Lobo feroz",https://www.imdb.com/title/tt14118246,Película,5.3,106,2023,"Drama, Suspense, Terror",814,"2023-01-27","Gustavo Hernández"
tt21909764,3,2024-06-01,"Culpa mía","Culpa mía",https://www.imdb.com/title/tt21909764,Película,6.1,117,2023,"Drama, Romance",46517,"2023-06-08","Domingo González"
tt30835559,6,2024-05-31,"Diario de mi sextorsión","Diari de la meva sextorsió",https://www.imdb.com/title/tt30835559,Película,6.3,64,2024,"Documental, Crimen, Suspense",70,"2024-10-11","Patricia Franquesa"
tt1462642,2,2024-05-31,"The Dreamer","The Dreamer",https://www.imdb.com/title/tt1462642,Corto,6.9,17,2010,"Corto, Drama",25,"2010-11-18","José Venutolo"
tt27788849,3,2024-05-30,"El caso Asunta","El caso Asunta",https://www.imdb.com/title/tt27788849,Miniserie de TV,6.8,60,2024,"Drama, Biografía, Crimen, Misterio",9991,"2024-04-26",
tt10266874,5,2024-05-30,"Helstrom","Helstrom",https://www.imdb.com/title/tt10266874,Serie de TV,6.7,50,2020,"Fantasía, Acción, Aventura, Drama, Terror",11469,"2021-02-23",
tt0197911,5,2024-05-30,"Spider-Woman","Spider-Woman",https://www.imdb.com/title/tt0197911,Serie de TV,5.7,21,1979,"Animación, Acción, Familiar, Fantasía",1207,"1979-09-22",
tt0830515,4,2024-05-29,"Quantum of Solace","Quantum of Solace",https://www.imdb.com/title/tt0830515,Película,6.5,106,2008,"Acción, Aventura, Suspense, Misterio",502327,"2008-11-21","Marc Forster"
tt32019314,4,2024-05-27,"Star Wars: Crónicas del Imperio","Star Wars: Tales of the Empire",https://www.imdb.com/title/tt32019314,Miniserie de TV,7.0,18,2024,"Animación, Corto, Aventura, Ciencia ficción, Acción, Drama, Fantasía",18430,"2024-05-04",
tt9100054,6,2024-05-26,"La hija oscura","The Lost Daughter",https://www.imdb.com/title/tt9100054,Película,6.7,121,2021,"Drama",82645,"2022-02-18","Maggie Gyllenhaal"
tt0051406,6,2024-05-25,"Me enamoré de una bruja","Bell Book and Candle",https://www.imdb.com/title/tt0051406,Película,6.8,106,1958,"Fantasía, Drama, Romance, Comedia",14950,"1959-01-02","Richard Quine"
tt1598778,6,2024-05-21,"Contagio","Contagion",https://www.imdb.com/title/tt1598778,Película,6.8,106,2011,"Suspense, Drama",333581,"2011-10-14","Steven Soderbergh"
tt27518776,8,2024-05-21,"Segundo premio","Segundo premio",https://www.imdb.com/title/tt27518776,Película,6.4,109,2024,"Música, Drama",1474,"2024-05-24","Isaki Lacuesta,Pol Rodríguez"
tt0070111,5,2024-05-20,"Joven y bella deshonrada con honor","Giovannona Coscialunga disonorata con onore",https://www.imdb.com/title/tt0070111,Película,5.4,94,1973,"Comedia",675,"1973-04-12","Sergio Martino"
tt21874760,4,2024-05-18,"La mesita del comedor","La mesita del comedor",https://www.imdb.com/title/tt21874760,Película,6.7,89,2022,"Drama, Terror, Comedia",15049,"2024-01-11","Caye Casas"
tt13968674,5,2024-05-18,"Fingernails (Esto va a doler)","Fingernails",https://www.imdb.com/title/tt13968674,Película,5.8,113,2023,"Drama, Ciencia ficción, Romance",10815,"2023-11-03","Christos Nikou"
tt13323004,6,2024-05-18,"Feria: La luz más oscura","Feria: La luz más oscura",https://www.imdb.com/title/tt13323004,Serie de TV,5.6,50,2022,"Fantasía, Suspense, Crimen, Drama, Terror",3443,"2022-01-28",
tt16026746,8,2024-05-18,"X-Men '97","X-Men '97",https://www.imdb.com/title/tt16026746,Serie de TV,8.7,22,2024,"Animación, Acción, Aventura, Ciencia ficción, Drama",59142,"2024-03-20",
tt27531478,5,2024-05-18,"Las largas sombras","Las largas sombras",https://www.imdb.com/title/tt27531478,Miniserie de TV,6.5,,2024,"Drama",992,"2024-05-10",
tt6659724,7,2024-05-17,"Aridai","Aridai",https://www.imdb.com/title/tt6659724,Corto,6.8,8,2017,"Corto",12,"2017-11-02","Igor Luna"
tt0079449,7,2024-05-16,"Laura, las sombras del verano","Laura, les ombres de l'été",https://www.imdb.com/title/tt0079449,Película,5.6,95,1979,"Romance, Drama",1708,"1980-03-01","David Hamilton"
tt0107803,2,2024-05-16,"Por amor, sólo por amor","Per amore, solo per amore",https://www.imdb.com/title/tt0107803,Película,5.8,114,1993,"Historia",297,"1997-04-30","Giovanni Veronesi"
tt13702796,7,2024-05-16,"Pacifiction","Pacifiction",https://www.imdb.com/title/tt13702796,Película,6.3,165,2022,"Drama, Suspense",4256,"2022-11-09","Albert Serra"
tt2180339,4,2024-05-16,"Aguas profundas","Deep Water",https://www.imdb.com/title/tt2180339,Película,5.5,115,2022,"Suspense, Drama, Misterio, Crimen, Romance",73201,"2022-03-18","Adrian Lyne"
tt1441326,7,2024-05-14,"Martha Marcy May Marlene","Martha Marcy May Marlene",https://www.imdb.com/title/tt1441326,Película,6.8,102,2011,"Drama, Suspense, Misterio",58958,"2012-04-27","Sean Durkin"
tt5304874,6,2024-05-14,"Incierta gloria","Incerta glòria",https://www.imdb.com/title/tt5304874,Película,6.2,115,2017,"Drama",1091,"2017-03-17","Agustí Villaronga"
tt21909682,8,2024-05-04,"Samsara","Samsara",https://www.imdb.com/title/tt21909682,Película,7.0,113,2023,"Drama",949,"2023-12-20","Lois Patiño"
tt2618850,6,2024-05-02,"Paradiso","Paradiso",https://www.imdb.com/title/tt2618850,Película,4.8,72,2013,"Documental, Drama",170,"2014-04-11","Omar Al Abdul Razzak Martínez"
tt9909186,4,2024-05-02,"Stucco","Stucco",https://www.imdb.com/title/tt9909186,Corto,5.6,18,2019,"Corto, Terror",660,"2019-08-08","Janina Gavankar,Russo Schelling"
tt18253332,2,2024-05-01,"Señorías","Señorías",https://www.imdb.com/title/tt18253332,Película,null,,2023,"Documental",0,"2023-03-06","María Guerra"
tt27164018,4,2024-05-01,"Anhel de llum","Anhel de llum",https://www.imdb.com/title/tt27164018,Corto,6.1,11,2023,"Documental, Corto",11,"2023-03-31","Alba Cros"
tt0107290,9,2024-05-01,"Jurassic Park (Parque Jurásico)","Jurassic Park",https://www.imdb.com/title/tt0107290,Película,8.2,127,1993,"Ciencia ficción, Aventura",1195941,"1993-09-30","Steven Spielberg"
tt15048652,6,2024-05-01,"La casa oberta","La casa oberta",https://www.imdb.com/title/tt15048652,Corto,7.4,19,2023,"Documental, Corto",9,"2023-10-25","Julieta Lasarte"
tt0078751,5,2024-04-30,"Alison's Birthday","Alison's Birthday",https://www.imdb.com/title/tt0078751,Película,5.9,99,1981,"Misterio, Terror",1809,"1981-05-01","Ian Coughlan"
tt0381061,6,2024-04-29,"Casino Royale","Casino Royale",https://www.imdb.com/title/tt0381061,Película,8.0,144,2006,"Suspense, Acción, Aventura",753026,"2006-11-24","Martin Campbell"
tt10642250,5,2024-04-29,"La muerte de Nintendo","Death of Nintendo",https://www.imdb.com/title/tt10642250,Película,5.8,99,2020,"Comedia",214,"2021-04-23","Raya Martin"
tt21192142,8,2024-04-29,"Desconocidos","All of Us Strangers",https://www.imdb.com/title/tt21192142,Película,7.6,105,2023,"Drama, Romance",80740,"2024-02-23","Andrew Haigh"
tt10370812,8,2024-04-27,"Los colonos","Los colonos",https://www.imdb.com/title/tt10370812,Película,6.9,97,2023,"Crimen, Drama, Historia",7020,"2023-12-20","Felipe Gálvez"
tt0068344,3,2024-04-22,"Un Casanova en apuros","Fuori uno... sotto un altro, arriva il Passatore",https://www.imdb.com/title/tt0068344,Película,5.2,93,1973,"Del oeste, Comedia, Aventura",77,"1975-09-01","Giuliano Carnimeo"
tt23561236,7,2024-04-20,"American Fiction","American Fiction",https://www.imdb.com/title/tt23561236,Película,7.5,117,2023,"Drama, Comedia",156782,"2024-02-27","Cord Jefferson"
tt1462764,6,2024-04-20,"Indiana Jones y el dial del destino","Indiana Jones and the Dial of Destiny",https://www.imdb.com/title/tt1462764,Película,6.5,154,2023,"Acción, Aventura, Ciencia ficción",236347,"2023-06-28","James Mangold"
tt21882016,7,2024-04-20,"Sobre todo de noche","Sobre todo de noche",https://www.imdb.com/title/tt21882016,Película,5.6,95,2023,"Drama",300,"2023-12-01","Víctor Iriarte"
tt13971482,6,2024-04-19,"The Footage Project","The Footage Project",https://www.imdb.com/title/tt13971482,Serie de TV,6.9,,2020,"Corto",7,"2020-12-22",
tt12744120,6,2024-04-17,"Ariaferma","Ariaferma",https://www.imdb.com/title/tt12744120,Película,6.9,117,2021,"Drama",2023,"2021-10-14","Leonardo Di Costanzo"
tt31457482,3,2024-04-15,"Residente, Silvia Pérez Cruz, Penélope Cruz: 313","Residente, Silvia Pérez Cruz, Penélope Cruz: 313",https://www.imdb.com/title/tt31457482,Videoclip,6.3,6,2024,"Música",76,"2024-02-21","Residente"
tt0297174,4,2024-04-15,"Hospital Central","Hospital Central",https://www.imdb.com/title/tt0297174,Serie de TV,5.5,60,2000,"Romance, Drama, Acción",807,"2000-04-30",
tt2100558,4,2024-04-13,"Kisei jûi · Suzune: Evolution","Kisei jûi · Suzune: Evolution",https://www.imdb.com/title/tt2100558,Película,3.4,72,2011,"Ciencia ficción, Suspense",153,"2011-12-03","Ryu Kaneda"
tt5817022,5,2024-04-11,"La poesía del duelo","One Percent More Humid",https://www.imdb.com/title/tt5817022,Película,5.6,98,2017,"Drama",991,"2017-04-21","Liz W. Garcia"
tt4213832,5,2024-04-10,"Quatretondeta","Quatretondeta",https://www.imdb.com/title/tt4213832,Película,5.4,92,2016,"Comedia, Drama",165,"2016-04-29","Pol Rodríguez"
tt21908202,4,2024-04-07,"La última noche de Sandra M.","La última noche de Sandra M.",https://www.imdb.com/title/tt21908202,Película,5.8,80,2023,"Drama",128,"2023-03-17","Borja de la Vega"
tt23554012,4,2024-04-06,"La ermita","La ermita",https://www.imdb.com/title/tt23554012,Película,4.5,103,2023,"Terror",402,"2023-11-17","Carlota Pereda"
tt7349910,6,2024-04-05,"Nightmare Cinema","Nightmare Cinema",https://www.imdb.com/title/tt7349910,Película,5.5,119,2018,"Terror, Drama, Misterio, Suspense, Comedia",5690,"2019-07-10","Alejandro Brugués,Joe Dante,Mick Garris,Ryūhei Kitamura,David Slade"
tt27881411,7,2024-04-05,"Muyeres","Muyeres",https://www.imdb.com/title/tt27881411,Película,7.4,70,2023,"Documental, Drama, Música",22,"2023-10-23","Marta Lallana"
tt0187393,4,2024-03-31,"El patriota","The Patriot",https://www.imdb.com/title/tt0187393,Película,7.2,165,2000,"Drama, Bélico, Acción",316098,"2000-07-11","Roland Emmerich"
tt0246460,4,2024-03-30,"Muere otro día","Die Another Day",https://www.imdb.com/title/tt0246460,Película,6.1,133,2002,"Suspense, Aventura, Acción",242296,"2002-11-22","Lee Tamahori"
tt29114382,4,2024-03-25,"Esta ambición desmedida","Esta ambición desmedida",https://www.imdb.com/title/tt29114382,Miniserie de TV,6.9,,2024,"Biografía",308,"2024-01-22",
tt19623228,6,2024-03-24,"Godland","Vanskabte land",https://www.imdb.com/title/tt19623228,Película,7.1,143,2022,"Drama",9875,"2022-12-01","Hlynur Pálmason"
tt15109082,7,2024-03-23,"The Quiet Girl","An Cailín Ciúin",https://www.imdb.com/title/tt15109082,Película,7.7,95,2022,"Drama",29702,"2022-05-13","Colm Bairéad"
tt0851578,7,2024-03-23,"Paprika. Detective de los sueños","Paprika",https://www.imdb.com/title/tt0851578,Película,7.7,90,2006,"Animación, Misterio, Ciencia ficción, Suspense, Fantasía, Drama",115342,"2006-11-25","Satoshi Kon"
tt21284358,7,2024-03-23,"Cerrar los ojos","Cerrar los ojos",https://www.imdb.com/title/tt21284358,Película,7.2,169,2023,"Drama",5025,"2023-09-29","Víctor Erice"
tt16252698,6,2024-03-23,"Passages","Passages",https://www.imdb.com/title/tt16252698,Película,6.6,91,2023,"Drama, Romance",14934,"2023-06-28","Ira Sachs"
tt15239678,8,2024-03-20,"Dune: Parte dos","Dune: Part Two",https://www.imdb.com/title/tt15239678,Película,8.4,166,2024,"Aventura, Drama, Ciencia ficción, Acción",788375,"2024-03-01","Denis Villeneuve"
tt5606664,7,2024-03-20,"Doctor Sueño","Doctor Sleep",https://www.imdb.com/title/tt5606664,Película,7.3,152,2019,"Terror, Drama, Suspense, Fantasía",247659,"2019-10-31","Mike Flanagan"
tt13195218,4,2024-03-19,"Todos mienten","Todos mienten",https://www.imdb.com/title/tt13195218,Serie de TV,5.7,42,2022,"Suspense, Drama",957,"2022-01-28",
tt9141694,6,2024-03-19,"La imagen permanente","La imatge permanent",https://www.imdb.com/title/tt9141694,Película,5.8,94,2023,"Drama",136,"2023-11-17","Laura Ferrés"
tt0069081,5,2024-03-19,"Cuando las mujeres se llamaban madonas","Quando le donne si chiamavano 'Madonne'",https://www.imdb.com/title/tt0069081,Película,4.5,,1972,"Comedia",174,"1972-08-23","Aldo Grimaldi"
tt14230458,6,2024-03-17,"Pobres criaturas","Poor Things",https://www.imdb.com/title/tt14230458,Película,7.7,141,2023,"Romance, Ciencia ficción, Comedia, Drama",421607,"2024-01-26","Yorgos Lanthimos"
tt0460829,6,2024-03-13,"Inland Empire","Inland Empire",https://www.imdb.com/title/tt0460829,Película,6.8,180,2006,"Misterio, Drama, Suspense, Fantasía",69808,"2007-02-23","David Lynch"
tt0143145,6,2024-03-13,"El mundo nunca es suficiente","The World Is Not Enough",https://www.imdb.com/title/tt0143145,Película,6.4,128,1999,"Aventura, Suspense, Acción",222033,"1999-12-03","Michael Apted"
tt0320022,3,2024-03-09,"Hack","Hack",https://www.imdb.com/title/tt0320022,Serie de TV,7.3,60,2002,"Crimen, Drama",1127,"2002-09-27",
tt0595012,3,2024-03-09,"Hack: Domestic Disturbance","Hack: Domestic Disturbance",https://www.imdb.com/title/tt0595012,Episodio de TV,8.0,42,2002,"Crimen, Drama",57,"2002-10-11","David Platt"
tt13453036,4,2024-03-07,"Understudy Angel","Understudy Angel",https://www.imdb.com/title/tt13453036,Corto,null,,2020,"Corto, Comedia",0,"2020-02-19","Steven Raia"
tt2047769,6,2024-03-04,"Kisei jûi · Suzune: Genesis","Kisei jûi · Suzune: Genesis",https://www.imdb.com/title/tt2047769,Película,3.8,72,2011,"Suspense, Ciencia ficción",228,"2011-11-26","Ryu Kaneda"
tt15270666,6,2024-03-04,"Matar cangrejos","Matar cangrejos",https://www.imdb.com/title/tt15270666,Película,4.7,106,2023,"Drama",605,"2023-05-26","Omar Al Abdul Razzak Martínez"
tt21282898,3,2024-03-02,"Chinas","Chinas",https://www.imdb.com/title/tt21282898,Película,6.8,118,2023,"Drama",1278,"2023-10-06","Arantxa Echevarría"
tt0107956,5,2024-03-01,"La rebelde","La ribelle",https://www.imdb.com/title/tt0107956,Película,5.1,88,1993,"Drama",209,"1993-08-20","Aurelio Grimaldi"
tt22643896,4,2024-03-01,"Te estoy amando locamente","Te estoy amando locamente",https://www.imdb.com/title/tt22643896,Película,7.0,108,2023,"Drama, Comedia",1881,"2023-07-06","Alejandro Marín"
tt10676048,3,2024-02-28,"The Marvels","The Marvels",https://www.imdb.com/title/tt10676048,Película,5.4,105,2023,"Acción, Aventura, Ciencia ficción",169779,"2023-11-09","Nia DaCosta"
tt28236368,5,2024-02-26,"Yannick","Yannick",https://www.imdb.com/title/tt28236368,Película,7.0,67,2023,"Comedia, Drama",8552,"2024-01-05","Quentin Dupieux"
tt21113962,6,2024-02-25,"20.000 especies de abejas","20.000 especies de abejas",https://www.imdb.com/title/tt21113962,Película,7.0,128,2023,"Drama",4873,"2023-04-21","Estibaliz Urresola Solaguren"
tt0066985,5,2024-02-25,"Fuego en el desierto","Deserto di fuoco",https://www.imdb.com/title/tt0066985,Película,4.8,85,1971,"Acción, Romance, Crimen, Aventura",89,"1971-08-28","Renzo Merusi"
tt2943178,3,2024-02-25,"Mad Heidi","Mad Heidi",https://www.imdb.com/title/tt2943178,Película,5.5,92,2022,"Acción, Aventura, Comedia, Terror, Fantasía",5345,"2022-11-24","Johannes Hartmann,Sandro Klopfstein"
tt0069135,3,2024-02-22,"El castigo","La punition",https://www.imdb.com/title/tt0069135,Película,4.2,95,1973,"Drama, Suspense",490,"1973-06-28","Pierre-Alain Jolivet"
tt10640346,6,2024-02-20,"Babylon","Babylon",https://www.imdb.com/title/tt10640346,Película,7.1,189,2022,"Drama, Comedia",209516,"2023-01-20","Damien Chazelle"
tt7134908,4,2024-02-18,"Élite","Élite",https://www.imdb.com/title/tt7134908,Serie de TV,7.1,60,2018,"Suspense, Drama, Crimen",103115,"2018-10-05",
tt17001588,3,2024-02-17,"Una noche con Adela","Una noche con Adela",https://www.imdb.com/title/tt17001588,Película,5.4,105,2023,"Suspense, Drama",250,"2023-12-01","Hugo Ruíz"
tt1661236,4,2024-02-17,"La contadora de películas","La contadora de películas",https://www.imdb.com/title/tt1661236,Película,6.6,116,2023,"Drama",1311,"2023-10-27","Lone Scherfig"
tt0117344,5,2024-02-17,"Una piraña en el bidé","Una piraña en el bidé",https://www.imdb.com/title/tt0117344,Película,6.2,93,1996,"Comedia",38,"1996-09-20","Carlos Pastor,José Picazo"
tt21957904,6,2024-02-16,"Las buenas compañías","Las buenas compañías",https://www.imdb.com/title/tt21957904,Película,6.3,93,2023,"Drama",481,"2023-05-05","Sílvia Munt"
tt7988212,7,2024-02-16,"Aurore","Aurore",https://www.imdb.com/title/tt7988212,Corto,6.7,17,2017,"Corto, Fantasía",26,"2017-12","Mael Le Mée"
tt0146882,6,2024-02-15,"Alta fidelidad","High Fidelity",https://www.imdb.com/title/tt0146882,Película,7.4,113,2000,"Música, Romance, Drama, Comedia",200724,"2000-05-19","Stephen Frears"
tt16385932,6,2024-02-13,"L'oreig","L'oreig",https://www.imdb.com/title/tt16385932,Corto,null,,2013,"Corto, Drama",0,"2013-11","Blanca Camell Galí,José López Pizarro"
tt28117185,6,2024-02-12,"Raffaella","Raffa",https://www.imdb.com/title/tt28117185,Miniserie de TV,7.4,60,2023,"Documental, Música",305,"2023-12-27",
tt13138498,4,2024-02-12,"Maricón perdido","Maricón perdido",https://www.imdb.com/title/tt13138498,Serie de TV,6.9,,2021,"Comedia, Drama",884,"2021-06-18",
tt5262792,4,2024-02-11,"Dirty Dancing","Dirty Dancing",https://www.imdb.com/title/tt5262792,Película de TV,3.2,130,2017,"Musical, Drama, Romance",6864,"2017-06-21","Wayne Blair"
tt11950836,6,2024-02-11,"Lúa vermella","Lúa vermella",https://www.imdb.com/title/tt11950836,Película,6.0,84,2020,"Drama, Fantasía, Terror, Misterio",961,"2020-10-30","Lois Patiño"
tt0090859,6,2024-02-10,"Cobra, el brazo fuerte de la ley","Cobra",https://www.imdb.com/title/tt0090859,Película,5.8,87,1986,"Crimen, Suspense, Acción",86644,"1986-05-23","George P. Cosmatos"
tt17078354,5,2024-02-09,"La pecera","La pecera",https://www.imdb.com/title/tt17078354,Película,6.4,93,2023,"Drama",252,"2023-05-26","Glorimar Marrero Sánchez"
tt21342370,6,2024-02-09,"Las chicas están bien","Las chicas están bien",https://www.imdb.com/title/tt21342370,Película,6.5,85,2023,"Drama",857,"2023-08-25","Itsaso Arana"
tt6925902,2,2024-02-09,"Donde caben dos","Donde caben dos",https://www.imdb.com/title/tt6925902,Película,5.5,111,2021,"Comedia",4965,"2021-07-30","Paco Caballero"
tt22041854,7,2024-02-08,"Priscilla","Priscilla",https://www.imdb.com/title/tt22041854,Película,6.4,113,2023,"Biografía, Drama, Música, Romance",56364,"2024-02-14","Sofia Coppola"
tt13966962,3,2024-02-07,"Echo","Echo",https://www.imdb.com/title/tt13966962,Miniserie de TV,5.9,45,2023,"Acción, Aventura, Crimen, Drama, Misterio, Ciencia ficción",50599,"2024-01-10",
tt10168312,4,2024-02-07,"¿Qué pasaría si...?","What If...?",https://www.imdb.com/title/tt10168312,Serie de TV,7.3,32,2021,"Animación, Acción, Aventura, Ciencia ficción",162675,"2021-08-11",
tt14174298,4,2024-02-07,"Session 1","Session 1",https://www.imdb.com/title/tt14174298,Corto,null,,2021,"Corto, Drama",0,"2021-01-05","Ella May Sahlman"
tt0115536,3,2024-02-07,"El amor perjudica seriamente la salud","El amor perjudica seriamente la salud",https://www.imdb.com/title/tt0115536,Película,6.5,117,1996,"Romance, Comedia",1875,"1997-01-10","Manuel Gómez Pereira"
tt2271565,5,2024-02-05,"Rape Zombie. La lujuria de los muertos vivientes","Reipu zonbi: Lust of the dead",https://www.imdb.com/title/tt2271565,Película,3.7,73,2012,"Terror",1531,"2012-02-26","Naoyuki Tomomatsu"
tt7040874,4,2024-02-04,"Un pequeño favor","A Simple Favor",https://www.imdb.com/title/tt7040874,Película,6.7,117,2018,"Crimen, Misterio, Suspense, Comedia",191717,"2018-09-28","Paul Feig"
tt13045814,6,2024-02-03,"Somewhere Boy","Somewhere Boy",https://www.imdb.com/title/tt13045814,Serie de TV,7.2,23,2022,"Drama",1746,"2023-05-30",
tt0107479,5,2024-01-24,"La madre muerta","La madre muerta",https://www.imdb.com/title/tt0107479,Película,6.9,111,1993,"Drama, Suspense",1403,"1994-01-14","Juanma Bajo Ulloa"
tt0120347,5,2024-01-24,"El mañana nunca muere","Tomorrow Never Dies",https://www.imdb.com/title/tt0120347,Película,6.5,119,1997,"Suspense, Aventura, Acción",217495,"1997-12-16","Roger Spottiswoode"
tt0066761,4,2024-01-22,"Los amores de Don Juan","Le calde notti di Don Giovanni",https://www.imdb.com/title/tt0066761,Película,4.4,105,1971,"Comedia",146,"1971-03-10","Alfonso Brescia"
tt0114852,5,2024-01-22,"El pueblo de los malditos","Village of the Damned",https://www.imdb.com/title/tt0114852,Película,5.7,98,1995,"Terror, Suspense, Ciencia ficción",37219,"1995-04-28","John Carpenter"
tt7160372,8,2024-01-21,"La zona de interés","The Zone of Interest",https://www.imdb.com/title/tt7160372,Película,7.3,105,2023,"Drama, Historia, Bélico",192076,"2024-01-19","Jonathan Glazer"
tt10638522,7,2024-01-20,"Háblame","Talk to Me",https://www.imdb.com/title/tt10638522,Película,7.1,95,2022,"Terror, Suspense",223693,"2023-08-11","Danny Philippou,Michael Philippou"
tt0363547,5,2024-01-17,"Amanecer de los muertos","Dawn of the Dead",https://www.imdb.com/title/tt0363547,Película,7.2,101,2004,"Terror, Acción",290354,"2004-04-23","Zack Snyder"
tt17351924,8,2024-01-14,"Saltburn","Saltburn",https://www.imdb.com/title/tt17351924,Película,7.0,130,2023,"Suspense, Drama",270555,"2023-12-22","Emerald Fennell"
tt16311444,6,2024-01-14,"Opponent","Motståndaren",https://www.imdb.com/title/tt16311444,Película,6.3,119,2023,"Drama",1326,"2023-03-31","Milad Alami"
tt16277242,6,2024-01-13,"La sociedad de la nieve","La sociedad de la nieve",https://www.imdb.com/title/tt16277242,Película,7.8,144,2023,"Aventura, Drama, Historia, Suspense, Biografía",177204,"2023-12-15","J.A. Bayona"
tt0123865,5,2024-01-11,"Gia","Gia",https://www.imdb.com/title/tt0123865,Película de TV,6.9,120,1998,"Biografía, Romance, Drama",55350,"1999-08-18","Michael Cristofer"
tt13294444,3,2024-01-11,"Nada será igual. La película","Nada será igual. La película",https://www.imdb.com/title/tt13294444,Película,null,100,2019,"Drama, Suspense",0,"2019-05-02","Víctor Antolí"
tt1560220,5,2024-01-09,"Zombieland: Mata y remata","Zombieland: Double Tap",https://www.imdb.com/title/tt1560220,Película,6.6,99,2019,"Acción, Comedia, Terror",229086,"2019-10-18","Ruben Fleischer"
tt10395398,6,2024-01-06,"La vida era eso","La vida era eso",https://www.imdb.com/title/tt10395398,Película,6.3,109,2020,"Drama",411,"2021-12-10","David Martín de los Santos"
tt0193524,4,2024-01-04,"El especial navideño de la Guerra de las Galaxias","The Star Wars Holiday Special",https://www.imdb.com/title/tt0193524,Película de TV,2.2,97,1978,"Musical, Ciencia ficción, Familiar, Aventura",18656,"1978-11-17","Steve Binder,David Acomba"
tt8343568,2,2024-01-04,"Toys R Us: 1999 Commercial","Toys R Us: 1999 Commercial",https://www.imdb.com/title/tt8343568,Corto,6.0,1,1999,"Corto, Familiar",43,"1999-04-30",
tt0067367,5,2023-12-28,"Lujuria para un vampiro","Lust for a Vampire",https://www.imdb.com/title/tt0067367,Película,5.7,95,1971,"Terror",4318,"1971-01-17","Jimmy Sangster"
tt28912885,4,2023-12-27,"Veneno","Poison",https://www.imdb.com/title/tt28912885,Corto,6.8,17,2023,"Corto, Comedia, Suspense, Drama",29048,"2023-09-30","Wes Anderson"
tt0055805,6,2023-12-27,"Boccaccio '70","Boccaccio '70",https://www.imdb.com/title/tt0055805,Película,7.0,205,1962,"Romance, Comedia, Fantasía",5698,"1976-06-07","Vittorio De Sica,Federico Fellini,Mario Monicelli,Luchino Visconti"
tt27656448,6,2023-12-27,"Lúa, techno y lo que queda de él","Lúa, techno y lo que queda de él",https://www.imdb.com/title/tt27656448,Corto,5.4,11,2023,"Corto, Drama",7,"2023-06-09","Carlos Baixauli"
tt28912858,5,2023-12-27,"El desratizador","The Rat Catcher",https://www.imdb.com/title/tt28912858,Corto,6.5,17,2023,"Corto, Comedia",25958,"2023-09-29","Wes Anderson"
tt0157412,3,2023-12-26,"Pesadilla sangrienta","Bloody Psycho",https://www.imdb.com/title/tt0157412,Vídeo,3.6,90,1989,"Terror",261,"1989","Leandro Lucchetti"
tt22048686,4,2023-12-26,"Svidanie v Minske","Svidanie v Minske",https://www.imdb.com/title/tt22048686,Película,7.2,87,2022,"Drama, Romance",28,"2024-02-14","Nikita Lavretski"
tt0113189,6,2023-12-25,"GoldenEye","GoldenEye",https://www.imdb.com/title/tt0113189,Película,7.2,130,1995,"Suspense, Aventura, Acción",288492,"1995-12-20","Martin Campbell"
tt28912758,5,2023-12-25,"El cisne","The Swan",https://www.imdb.com/title/tt28912758,Corto,6.7,17,2023,"Corto, Comedia, Drama",25536,"2023-09-28","Wes Anderson"
tt16968450,5,2023-12-24,"La maravillosa historia de Henry Sugar","The Wonderful Story of Henry Sugar",https://www.imdb.com/title/tt16968450,Corto,7.4,40,2023,"Corto, Aventura, Comedia, Drama",90180,"2023-09-27","Wes Anderson"
tt13238346,7,2023-12-23,"Vidas pasadas","Past Lives",https://www.imdb.com/title/tt13238346,Película,7.8,105,2023,"Drama, Romance",177212,"2023-11-01","Celine Song"
tt11623464,5,2023-12-19,"Paraíso","Paraíso",https://www.imdb.com/title/tt11623464,Serie de TV,5.8,,2021,"Aventura, Drama, Misterio, Ciencia ficción",803,"2021-06-04",
tt0456739,2,2023-12-19,"Wôtâmeron","Wôtâmeron",https://www.imdb.com/title/tt0456739,Vídeo,4.2,60,2005,,42,"2005-01-21","Ryûichi Honda"
tt0097742,7,2023-12-17,"007: Licencia para matar","Licence to Kill",https://www.imdb.com/title/tt0097742,Película,6.7,133,1989,"Suspense, Aventura, Acción",121615,"1989-07-19","John Glen"
tt27759725,2,2023-12-17,"COOL (News from Belarus)","COOL (News from Belarus)",https://www.imdb.com/title/tt27759725,Película,4.5,131,2023,"Animación, Comedia, Crimen, Drama",33,"2023-12-18","Yulya Astrovskaya,Ihar Chyshchenia,Ari Gold,Tamara Granatkina,Masha Herz,Radu Jude,Andrei Kashperski,Nikita Lavretski,Viktor Lebedev,Pierre Léon,Osman Nabiev,Pavel Nedzvedz,Timur Nedzvedz,Vladislav Novozhilov,Waja Shchipko,Anton Sivyh,Christopher Small,Michelle G. Stratton,Aglaya Yunova,Victoria Zenchuk"
tt0112471,8,2023-12-15,"Antes de amanecer","Before Sunrise",https://www.imdb.com/title/tt0112471,Película,8.1,101,1995,"Comedia, Romance, Drama",383077,"1995-06-23","Richard Linklater"
tt0083481,5,2023-12-14,"Spider-Man y sus increíbles amigos","Spider-Man and His Amazing Friends",https://www.imdb.com/title/tt0083481,Serie de TV,7.1,22,1981,"Animación, Familiar, Acción, Ciencia ficción, Comedia, Crimen, Aventura, Fantasía",4695,"1981-09-12",
tt0985344,4,2023-12-14,"Claymore","Kureimoa",https://www.imdb.com/title/tt0985344,Serie de TV,8.0,24,2007,"Animación, Aventura, Drama, Fantasía, Acción, Misterio, Terror",17364,"2007-04-03",
tt2705602,3,2023-12-12,"Atlantis","Atlantis",https://www.imdb.com/title/tt2705602,Serie de TV,6.5,45,2013,"Fantasía, Aventura, Drama, Romance",12991,"2017-10-17",
tt2701582,3,2023-12-12,"Endeavour","Endeavour",https://www.imdb.com/title/tt2701582,Serie de TV,8.6,90,2012,"Drama, Misterio, Crimen",38449,"2020-04-14",
tt3780334,5,2023-12-12,"It Girl","It Girl",https://www.imdb.com/title/tt3780334,Corto,6.6,3,2014,"Corto, Comedia",22,"2014-03-05","Oriol Puig Playà"
tt23184554,6,2023-12-12,"Soy vertical pero me gustaría ser horizontal","Sóc vertical però m'agradaria ser horitzonal",https://www.imdb.com/title/tt23184554,Corto,5.4,39,2022,"Corto",40,"2022-11-06","María Antón Cabot"
tt18949918,4,2023-12-11,"Hardcore","Hardcore",https://www.imdb.com/title/tt18949918,Corto,6.5,22,2022,"Documental, Corto",11,"2022-11-05","Adán Aliaga"
tt18753492,5,2023-12-11,"Cosas de chicos","Cosas de chicos",https://www.imdb.com/title/tt18753492,Corto,6.5,14,2022,"Corto, Drama",27,"2022-04-03","Raquel Colera"
tt26769174,5,2023-12-11,"Paris 70","Paris 70",https://www.imdb.com/title/tt26769174,Corto,7.1,15,2023,"Corto, Drama",185,"2023-04-01","Dani Feixas Roka"
tt0161952,6,2023-12-10,"Los caballeros del zodíaco","Saint Seiya",https://www.imdb.com/title/tt0161952,Serie de TV,8.4,24,1986,"Animación, Drama, Acción, Ciencia ficción, Fantasía, Aventura",12821,"1990-07-08",
tt0280249,7,2023-12-10,"Dragon Ball","Dragon Ball",https://www.imdb.com/title/tt0280249,Serie de TV,8.5,24,1995,"Animación, Acción, Aventura, Fantasía, Suspense, Ciencia ficción",77079,"1996-02-07",
tt0214341,7,2023-12-10,"Dragon Ball Z","Dragon Ball Z",https://www.imdb.com/title/tt0214341,Serie de TV,8.8,24,1996,"Animación, Aventura, Suspense, Ciencia ficción, Acción, Fantasía",180218,"1996-09-13",
tt17009710,7,2023-12-09,"Anatomía de una caída","Anatomie d'une chute",https://www.imdb.com/title/tt17009710,Película,7.6,151,2023,"Drama, Suspense, Crimen, Misterio",236705,"2023-12-06","Justine Triet"
tt4125220,5,2023-12-08,"Isla bonita","Isla Bonita",https://www.imdb.com/title/tt4125220,Película,6.1,101,2015,"Comedia, Drama",470,"2016-11-24","Fernando Colomo"
tt15567174,6,2023-12-07,"La caída de la Casa Usher","The Fall of the House of Usher",https://www.imdb.com/title/tt15567174,Miniserie de TV,7.9,60,2023,"Drama, Terror, Misterio",137324,"2023-10-12",
tt0065973,3,2023-12-06,"Los circuitos de la muerte","Le Mans scorciatoia per l'inferno",https://www.imdb.com/title/tt0065973,Película,4.9,92,1970,"Acción, Drama, Crimen",86,"1970-09-03","Osvaldo Civirani"
tt7284204,6,2023-12-04,"Mi mejor verano","Summer '03",https://www.imdb.com/title/tt7284204,Película,5.5,95,2018,"Comedia, Drama, Romance",4341,"2020-12-31","Becca Gleason"
tt20599230,7,2023-12-03,"El fantástico caso del Golem","El fantástico caso del Golem",https://www.imdb.com/title/tt20599230,Película,5.1,98,2023,"Comedia, Ciencia ficción",343,"2023-06-16","Juan González,Nando Martínez"
tt20096840,8,2023-12-01,"La Mesías","La Mesías",https://www.imdb.com/title/tt20096840,Serie de TV,8.0,66,2023,"Suspense, Drama",3861,"2023-10-11",
tt0079937,3,2023-11-30,"Outer Touch","Outer Touch",https://www.imdb.com/title/tt0079937,Película,4.5,77,1979,"Ciencia ficción, Comedia",1093,"1979-07","Norman J. Warren"
tt12410714,6,2023-11-29,"Teresa","Teresa",https://www.imdb.com/title/tt12410714,Película,6.0,101,2023,"Biografía, Drama",294,"2023-11-24","Paula Ortiz"
tt14369598,3,2023-11-28,"Sentimos las molestias","Sentimos las molestias",https://www.imdb.com/title/tt14369598,Serie de TV,6.5,26,2022,"Comedia",194,"2022-04-08",
tt9365800,4,2023-11-28,"De caza","Slayers",https://www.imdb.com/title/tt9365800,Película,3.3,88,2022,"Terror, Comedia, Fantasía, Suspense",2643,"2022-10-21","K. Asher Levin"
tt10365998,8,2023-11-27,"Piscina infinita","Infinity Pool",https://www.imdb.com/title/tt10365998,Película,6.0,117,2023,"Ciencia ficción, Suspense, Terror, Misterio, Crimen",75088,"2023-07-15","Brandon Cronenberg"
tt22460756,6,2023-11-26,"Son pardos","Son pardos",https://www.imdb.com/title/tt22460756,Corto,6.3,29,2023,"Corto, Drama, Fantasía",21,"2023-07-01","Carlos Llaó"
tt15660402,5,2023-11-26,"No hay fantasmas","No hay fantasmas",https://www.imdb.com/title/tt15660402,Corto,5.8,15,2023,"Corto, Drama",18,"2023-05-18","Nacho Solana"
tt30024029,4,2023-11-26,"Los chicos","Los chicos",https://www.imdb.com/title/tt30024029,Corto,6.8,,2023,"Corto, Drama",19,"2023-11-25","Jaime Dezcallar"
tt0037469,6,2023-11-26,"La mujer del cuadro","The Woman in the Window",https://www.imdb.com/title/tt0037469,Película,7.6,107,1944,"Suspense, Crimen, Misterio, Drama, Cine negro",19752,"1944-11-03","Fritz Lang"
tt26931069,5,2023-11-21,"Becarias","Becarias",https://www.imdb.com/title/tt26931069,Corto,6.1,10,2023,"Animación, Corto",39,"2023-03-31","Marina Cortón,Marina Donderis,Nuria Poveda"
tt22868136,5,2023-11-21,"La herida luminosa","La herida luminosa",https://www.imdb.com/title/tt22868136,Corto,5.9,23,2022,"Corto, Drama, Fantasía",266,"2023-12-22","Christian Avilés"
tt23184050,3,2023-11-21,"La niña mártir","La niña mártir",https://www.imdb.com/title/tt23184050,Corto,4.4,10,2022,"Corto",16,"2023-11-15","María Pérez Sanz"
tt0064031,2,2023-11-20,"Don Franco e Don Ciccio nell'anno della contestazione","Don Franco e Don Ciccio nell'anno della contestazione",https://www.imdb.com/title/tt0064031,Película,5.0,95,1970,"Comedia",166,"1970-04-09","Marino Girolami"
tt28494031,7,2023-11-18,"Gasoline Rainbow","Gasoline Rainbow",https://www.imdb.com/title/tt28494031,Película,6.4,111,2023,"Aventura, Drama",1672,"2024-05-31","Bill Ross IV,Turner Ross"
tt0082869,5,2023-11-18,"Atmósfera cero","Outland",https://www.imdb.com/title/tt0082869,Película,6.6,109,1981,"Del oeste, Ciencia ficción, Crimen, Suspense, Acción",35929,"1981-05-22","Peter Hyams"
tt8508734,6,2023-11-12,"Casa ajena","His House",https://www.imdb.com/title/tt8508734,Película,6.4,93,2020,"Suspense, Terror, Drama",55697,"2020-10-30","Remi Weekes"
tt0076165,6,2023-11-12,"El huerto del Francés","El huerto del Francés",https://www.imdb.com/title/tt0076165,Película,6.4,93,1978,"Biografía, Crimen, Drama, Suspense, Terror",330,"1978-06-05","Paul Naschy"
tt4281724,6,2023-11-08,"Terrifier","Terrifier",https://www.imdb.com/title/tt4281724,Película,5.5,85,2016,"Terror",97658,"2022-03-24","Damien Leone"
tt16969944,7,2023-11-08,"Copenhagen Cowboy","Copenhagen Cowboy",https://www.imdb.com/title/tt16969944,Miniserie de TV,6.7,60,2022,"Drama, Crimen, Suspense",7212,"2023-01-05",
tt19175696,5,2023-11-01,"Hermana Muerte","Hermana Muerte",https://www.imdb.com/title/tt19175696,Película,5.8,91,2023,"Terror, Misterio",11252,"2023-10-27","Paco Plaza"
tt6587046,6,2023-11-01,"El chico y la garza","Kimi-tachi wa dô ikiru ka",https://www.imdb.com/title/tt6587046,Película,7.3,124,2023,"Animación, Aventura, Fantasía, Drama",150682,"2023-10-27","Hayao Miyazaki"
tt2900624,6,2023-10-30,"La víspera de Halloween","All Hallows' Eve",https://www.imdb.com/title/tt2900624,Película,5.2,83,2013,"Terror, Suspense",19601,"2013-10-29","Damien Leone"
tt0069920,5,2023-10-29,"Torso - Violencia carnal","I corpi presentano tracce di violenza carnale",https://www.imdb.com/title/tt0069920,Película,6.5,89,1973,"Terror, Crimen, Suspense, Misterio",9279,"1973-08-23","Sergio Martino"
tt28319552,5,2023-10-29,"Mae at the Funeral","Mae at the Funeral",https://www.imdb.com/title/tt28319552,Corto,null,9,2019,"Corto, Drama",0,"2019-01-07","Lee Bennett"
tt0093428,5,2023-10-28,"007: Alta tensión","The Living Daylights",https://www.imdb.com/title/tt0093428,Película,6.7,130,1987,"Suspense, Aventura, Acción",115699,"1987-07-17","John Glen"
tt3427252,4,2023-10-27,"The Boogeyman","The Boogeyman",https://www.imdb.com/title/tt3427252,Película,5.9,98,2023,"Terror, Misterio, Suspense",54582,"2023-06-02","Rob Savage"
tt0068261,5,2023-10-24,"La bella Antonia, primero monja despues demonio","La bella Antonia, prima monica e poi dimonia",https://www.imdb.com/title/tt0068261,Película,5.3,82,1972,"Comedia",294,"1972-08-23","Mariano Laurenti"
tt13622776,6,2023-10-24,"Ahsoka","Ahsoka",https://www.imdb.com/title/tt13622776,Serie de TV,7.4,50,2023,"Acción, Aventura, Fantasía, Ciencia ficción",144441,"2023-08-23",
tt6517320,8,2023-10-23,"Demasiado viejo para morir joven","Too Old to Die Young",https://www.imdb.com/title/tt6517320,Miniserie de TV,7.3,76,2019,"Drama, Crimen, Suspense",12689,"2019-06-14",
tt9536894,2,2023-10-23,"Dokuro: Act 1","Dokuro: Act 1",https://www.imdb.com/title/tt9536894,Película,4.1,75,2010,"Drama, Terror",18,"2010-03-07","Hiroa"
tt13563958,6,2023-10-21,"La desconocida","La desconocida",https://www.imdb.com/title/tt13563958,Película,5.6,88,2023,"Drama",645,"2023-06-09","Pablo Maqueda"
tt4209590,3,2023-10-19,"We Are Monsters","We Are Monsters",https://www.imdb.com/title/tt4209590,Película,3.5,83,2015,"Drama, Terror, Suspense",784,"2019-05-22","Sonny Laguna,Tommy Wiklund"
tt7964104,5,2023-10-17,"Aufbruch","Aufbruch",https://www.imdb.com/title/tt7964104,Película,5.9,103,2018,"Drama, Romance",72,"2018-02-20","Ludwig Wüst"
tt0067656,5,2023-10-16,"Bahía de sangre","Ecologia del delitto",https://www.imdb.com/title/tt0067656,Película,6.4,84,1971,"Misterio, Suspense, Terror",14843,"1983-02-28","Mario Bava"
tt5913798,6,2023-10-15,"Wounds","Wounds",https://www.imdb.com/title/tt5913798,Película,4.1,95,2019,"Terror, Drama, Misterio, Suspense",23841,"2019-10-18","Babak Anvari"
tt0329101,6,2023-10-13,"Freddy contra Jason","Freddy vs. Jason",https://www.imdb.com/title/tt0329101,Película,5.8,97,2003,"Terror",137300,"2003-10-10","Ronny Yu"
tt14858146,2,2023-10-13,"The Devil's Tail","The Devil's Tail",https://www.imdb.com/title/tt14858146,Película,3.5,95,2021,"Terror",1089,"2021-08-18","Nicole Goode,Carlota Pereda,Taz Pereyra,Erica Scoggins,Samantha Timms,Laurel Vail"
tt22964884,6,2023-10-12,"Upon Entry","Upon Entry",https://www.imdb.com/title/tt22964884,Película,7.0,77,2022,"Drama",5036,"2023-06-16","Alejandro Rojas,Juan Sebastián Vasquez"
tt0092673,4,2023-10-11,"Blood sisters","Blood Sisters",https://www.imdb.com/title/tt0092673,Película,3.7,86,1987,"Suspense, Terror",912,"1987","Roberta Findlay"
tt14773478,5,2023-10-11,"Medusa Deluxe","Medusa Deluxe",https://www.imdb.com/title/tt14773478,Película,6.1,101,2022,"Drama, Misterio",2559,"2023-08-04","Thomas Hardiman"
tt11460816,6,2023-10-07,"Fuego fatuo","Fogo-Fátuo",https://www.imdb.com/title/tt11460816,Película,6.0,67,2022,"Musical, Ciencia ficción, Comedia, Romance, Fantasía",1309,"2023-03-31","João Pedro Rodrigues"
tt21920634,6,2023-10-07,"O corno","O corno",https://www.imdb.com/title/tt21920634,Película,6.4,105,2023,"Drama",679,"2023-10-11","Jaione Camborda"
tt13345606,6,2023-10-06,"Posesión infernal: El despertar","Evil Dead Rise",https://www.imdb.com/title/tt13345606,Película,6.5,96,2023,"Terror",176592,"2023-04-21","Lee Cronin"
tt15485222,5,2023-10-02,"Kunoichi Sekigahara","Kunoichi Sekigahara",https://www.imdb.com/title/tt15485222,Vídeo,null,,2010,"Drama",0,"2010-12-24","Ken'ichi Watanabe"
tt9110236,5,2023-10-02,"Wakey Wakey","Wakey Wakey",https://www.imdb.com/title/tt9110236,Corto,5.4,4,2019,"Corto, Comedia, Terror",93,"2019-03-09","Mary Dauterman"
tt23330446,5,2023-10-02,"Todos Los Sonidos Entran Adentro","Todos Los Sonidos Entran Adentro",https://www.imdb.com/title/tt23330446,Corto,null,26,2022,"Documental, Corto",0,"2022-11-23","Salka Tiziana"
tt0090264,4,2023-10-02,"Panorama para matar","A View to a Kill",https://www.imdb.com/title/tt0090264,Película,6.3,131,1985,"Aventura, Suspense, Acción",113819,"1985-07-04","John Glen"
tt0235737,3,2023-09-29,"The Salton Sea","The Salton Sea",https://www.imdb.com/title/tt0235737,Película,7.0,103,2002,"Misterio, Crimen, Drama, Suspense",33524,"2002-06-21","D.J. Caruso"
tt0111686,6,2023-09-28,"La nueva pesadilla de Wes Craven","Wes Craven's New Nightmare",https://www.imdb.com/title/tt0111686,Película,6.4,112,1994,"Fantasía, Misterio, Suspense, Terror",70278,"1995-01-27","Wes Craven"
tt27696474,6,2023-09-24,"Sueños y pan","Sueños y pan",https://www.imdb.com/title/tt27696474,Película,6.4,93,2023,"Drama, Comedia",79,"2024-04-19","Luis Soto Muñoz"
tt1229238,6,2023-09-23,"Misión: Imposible - Protocolo fantasma","Mission: Impossible - Ghost Protocol",https://www.imdb.com/title/tt1229238,Película,7.4,132,2011,"Acción, Suspense, Aventura",568931,"2011-12-16","Brad Bird"
tt13527546,4,2023-09-21,"La noche que Logan despertó","La nuit où Laurier Gaudreault s'est réveillé",https://www.imdb.com/title/tt13527546,Miniserie de TV,7.4,98,2022,"Drama, Suspense, Misterio",1849,"2023-06-27",
tt7583810,6,2023-09-19,"Gotas","Gotas",https://www.imdb.com/title/tt7583810,Corto,6.3,15,2017,"Corto, Terror",67,"2019-12-12","Sergio Morcillo"
tt1649443,5,2023-09-18,"[REC] 4: Apocalipsis","[Rec] 4: Apocalipsis",https://www.imdb.com/title/tt1649443,Película,5.3,95,2014,"Terror, Suspense, Acción, Aventura, Fantasía, Ciencia ficción",22948,"2014-10-31","Jaume Balagueró"
tt24068064,6,2023-09-17,"Reality","Reality",https://www.imdb.com/title/tt24068064,Película,6.7,83,2023,"Drama, Biografía",31061,"2023-09-15","Tina Satter"
tt8613070,7,2023-09-16,"Retrato de una mujer en llamas","Portrait de la jeune fille en feu",https://www.imdb.com/title/tt8613070,Película,8.0,122,2019,"Drama, Romance",129739,"2019-10-18","Céline Sciamma"
tt2023690,6,2023-09-15,"Turistas","Sightseers",https://www.imdb.com/title/tt2023690,Película,6.5,88,2012,"Comedia, Aventura, Crimen, Romance, Terror",31791,"2013-06-07","Ben Wheatley"
tt27371976,4,2023-09-15,"Último Recurso","Último Recurso",https://www.imdb.com/title/tt27371976,Película,6.3,79,2023,"Comedia",30,"2023-05-04","Matías Szulanski"
tt2364582,3,2023-09-14,"Agentes de S.H.I.E.L.D.","Agents of S.H.I.E.L.D.",https://www.imdb.com/title/tt2364582,Serie de TV,7.5,45,2013,"Acción, Ciencia ficción, Suspense, Aventura",236833,"2013-09-24",
tt9358044,6,2023-09-13,"Hail Satan?","Hail Satan?",https://www.imdb.com/title/tt9358044,Película,7.3,95,2019,"Documental",8626,"2021-02-18","Penny Lane"
tt12324722,5,2023-09-13,"La Canta delle Marane","La Canta delle Marane",https://www.imdb.com/title/tt12324722,Corto,7.1,10,1961,"Corto",72,"1961","Cecilia Mangini"
tt0177802,5,2023-09-13,"Un giorno in Barbagia","Un giorno in Barbagia",https://www.imdb.com/title/tt0177802,Corto,7.2,9,1958,"Documental, Corto",381,"1958-06","Vittorio De Seta"
tt11341924,6,2023-09-12,"Drama","Drama",https://www.imdb.com/title/tt11341924,Serie de TV,7.5,,2020,"Comedia",140,"2020-02-04",
tt6762348,3,2023-09-12,"Velvet Colección","Velvet Colección",https://www.imdb.com/title/tt6762348,Serie de TV,7.2,54,2017,"Drama, Comedia, Romance",1820,"2017-09-22",
tt3829266,3,2023-09-12,"Predator","The Predator",https://www.imdb.com/title/tt3829266,Película,5.3,107,2018,"Acción, Aventura, Ciencia ficción, Suspense",164435,"2018-09-14","Shane Black"
tt1015471,3,2023-09-11,"The Sisterhood of Night","The Sisterhood of Night",https://www.imdb.com/title/tt1015471,Película,6.0,104,2014,"Drama, Misterio, Suspense",2330,"2014-10-18","Caryn Waechter"
tt5159898,2,2023-09-11,"Centro médico","Centro médico",https://www.imdb.com/title/tt5159898,Serie de TV,6.8,30,2015,"Drama",96,"2015-10-26",
tt1847629,5,2023-09-07,"La montaña rusa","La montaña rusa",https://www.imdb.com/title/tt1847629,Película,4.8,110,2012,"Comedia, Drama, Romance",381,"2012-03-16","Emilio Martínez Lázaro"
tt25503082,6,2023-09-07,"Cuando toco un animal","Stroking an Animal",https://www.imdb.com/title/tt25503082,Película,3.9,70,2023,"Romance",154,"2023-03-27","Ángel Filgueira"
tt27436518,5,2023-09-07,"El legado","El legado",https://www.imdb.com/title/tt27436518,Película,4.9,90,2022,"Documental",51,"2024-09-12","Rodrigo Demirjian"
tt27520543,4,2023-09-07,"El santo","El santo",https://www.imdb.com/title/tt27520543,Película,7.0,86,2023,"Drama",35,"2024-11-21","Agustin Carbonere"
tt21650996,6,2023-09-07,"Trigal","Trigal",https://www.imdb.com/title/tt21650996,Película,6.1,116,2022,"Drama",125,"2023-04-20","Anabel Caso"
tt20000072,4,2023-09-07,"Dias Borrosos","Dias Borrosos",https://www.imdb.com/title/tt20000072,Película,6.4,88,2022,"Drama",25,"2022-07-22","Marie Benito"
tt23901116,6,2023-09-02,"Dos dies i l'eternitat","Dos dies i l'eternitat",https://www.imdb.com/title/tt23901116,Película,6.6,55,2023,"Romance",19,"2023-03-27","Marc Esquirol"
tt26812600,6,2023-09-02,"Remember my Name","Remember My Name",https://www.imdb.com/title/tt26812600,Película,6.8,76,2023,"Documental",20,"2023-03-15","Elena Molina"
tt16233476,3,2023-09-02,"Cazadora","Cazadora",https://www.imdb.com/title/tt16233476,Película,5.2,72,2023,"Suspense",38,"2024-02-29","Martín Duplaquet"
tt22781016,6,2023-09-01,"Tan inmunda y tan feliz","Tan inmunda y tan feliz",https://www.imdb.com/title/tt22781016,Película,7.2,87,2022,"Documental",37,"2022-10-14","Edwin Oyarce"
tt21060166,7,2023-09-01,"On the Go","On the Go",https://www.imdb.com/title/tt21060166,Película,5.3,72,2023,"Aventura, Comedia, Drama",249,"2024-06-28","Julia de Castro,María G. Royo"
tt14354284,4,2023-08-31,"Pies en la arena","Pies en la arena",https://www.imdb.com/title/tt14354284,Película,7.2,75,2023,"Drama",9,"2023-04-06","Gustavo Ramos Perales"
tt26812790,6,2023-08-31,"Guapo'y","Guapo'y",https://www.imdb.com/title/tt26812790,Película,6.7,71,2023,,13,"2023-10-26","Sofía Paoli Thorne"
tt26812570,5,2023-08-31,"Yo tenía una vida","Yo tenía una vida",https://www.imdb.com/title/tt26812570,Película,6.5,71,2023,"Documental",13,"2023-11-24","Octavio Guerra"
tt0317919,6,2023-08-30,"Misión: Imposible 3","Mission: Impossible III",https://www.imdb.com/title/tt0317919,Película,6.9,126,2006,"Acción, Aventura, Suspense",428212,"2006-05-05","J.J. Abrams"
tt8951078,4,2023-08-30,"Terror y feria","Terror y feria",https://www.imdb.com/title/tt8951078,Serie de TV,5.6,,2019,"Comedia, Terror, Drama, Misterio, Suspense",82,"2019-04-25",
tt0158030,5,2023-08-23,"La niña de tus ojos","La niña de tus ojos",https://www.imdb.com/title/tt0158030,Película,6.7,121,1998,"Drama, Comedia",4771,"1998-11-13","Fernando Trueba"
tt0089110,4,2023-08-23,"La batalla del planeta de los ewoks","Ewoks: The Battle for Endor",https://www.imdb.com/title/tt0089110,Película de TV,5.4,94,1985,"Aventura, Familiar, Ciencia ficción, Fantasía",11801,"1985-11-24","Jim Wheat,Ken Wheat"
tt6791350,6,2023-08-23,"Guardianes de la Galaxia Vol. 3","Guardians of the Galaxy Vol. 3",https://www.imdb.com/title/tt6791350,Película,7.9,150,2023,"Acción, Aventura, Ciencia ficción, Comedia, Fantasía",484897,"2023-05-04","James Gunn"
tt21228552,6,2023-08-21,"H","H",https://www.imdb.com/title/tt21228552,Película,4.5,67,2022,"Documental",12,"2022-11-07","Carlos Pardo Ros"
tt14954666,5,2023-08-21,"The Idol","The Idol",https://www.imdb.com/title/tt14954666,Serie de TV,4.4,60,2023,"Drama, Música",116995,"2023-06-04",
tt3509736,4,2023-08-21,"Entre el agua y la tierra","Entre el agua y la tierra",https://www.imdb.com/title/tt3509736,Película,6.5,82,2023,"Fantasía",44,"2023-06-29","Karlos Alastruey"
tt0099348,7,2023-08-18,"Bailando con lobos","Dances with Wolves",https://www.imdb.com/title/tt0099348,Película,8.0,181,1990,"Drama, Aventura, Del oeste",312699,"1991-03-08","Kevin Costner"
tt0086006,5,2023-08-10,"Nunca digas nunca jamás","Never Say Never Again",https://www.imdb.com/title/tt0086006,Película,6.1,134,1983,"Suspense, Aventura, Acción",79123,"1984-01-16","Irvin Kershner"
tt0120755,4,2023-08-09,"Misión: Imposible 2","Mission: Impossible II",https://www.imdb.com/title/tt0120755,Película,6.1,123,2000,"Aventura, Suspense, Acción",417627,"2000-07-07","John Woo"
tt20751774,5,2023-08-08,"Pátio do Carrasco","Pátio do Carrasco",https://www.imdb.com/title/tt20751774,Corto,6.5,43,2023,"Corto, Drama",24,"2023-01-27","André Gil Mata"
tt2354187,6,2023-08-07,"Leyenda","Leyenda",https://www.imdb.com/title/tt2354187,Corto,5.5,15,2011,"Corto, Terror, Acción, Fantasía",27,"2011-10","Pau Teixidor"
tt22544070,6,2023-08-04,"No callarem","No callarem",https://www.imdb.com/title/tt22544070,Película,8.1,90,2022,"Documental, Música",7,"2022-10-29","Claudia Arribas Villà,Carlos Juan Martínez,Violeta Octavio"
tt6194530,7,2023-08-04,"Ava","Ava",https://www.imdb.com/title/tt6194530,Película,6.6,105,2017,"Drama, Romance",3668,"2017-06-21","Léa Mysius"
tt13833688,5,2023-08-04,"La ballena (The Whale)","The Whale",https://www.imdb.com/title/tt13833688,Película,7.6,117,2022,"Drama",309421,"2023-01-27","Darren Aronofsky"
tt1517268,7,2023-08-03,"Barbie","Barbie",https://www.imdb.com/title/tt1517268,Película,6.8,114,2023,"Comedia, Aventura, Fantasía",703563,"2023-07-20","Greta Gerwig"
tt14596320,4,2023-08-02,"Hazme girar","Spin Me Round",https://www.imdb.com/title/tt14596320,Película,5.2,104,2022,"Comedia, Romance",6930,"2023-05-14","Jeff Baena"
tt0066862,5,2023-08-02,"El abedul","Breza",https://www.imdb.com/title/tt0066862,Película,7.8,92,1967,"Romance, Drama",963,"1967-06-27","Ante Babaja"
tt10665342,4,2023-08-01,"Halloween: El final","Halloween Ends",https://www.imdb.com/title/tt10665342,Película,5.0,111,2022,"Terror, Suspense, Misterio, Romance",83951,"2022-10-14","David Gordon Green"
tt0066334,2,2023-08-01,"Satiricosissimo","Satiricosissimo",https://www.imdb.com/title/tt0066334,Película,5.1,92,1970,"Comedia",134,"1970-01-21","Mariano Laurenti"
tt0097981,4,2023-07-31,"Pesadilla en Elm Street 5: El niño de los sueños","A Nightmare on Elm Street: The Dream Child",https://www.imdb.com/title/tt0097981,Película,5.1,89,1989,"Fantasía, Terror",56523,"1990-05-11","Stephen Hopkins"
tt0101917,3,2023-07-31,"Pesadilla final: La muerte de Freddy","Freddy's Dead: The Final Nightmare",https://www.imdb.com/title/tt0101917,Película,4.7,89,1991,"Fantasía, Terror",56328,"1992-01-31","Rachel Talalay"
tt0086034,4,2023-07-31,"Octopussy","Octopussy",https://www.imdb.com/title/tt0086034,Película,6.5,131,1983,"Aventura, Suspense, Acción",120956,"1983-09-08","John Glen"
tt21219450,5,2023-07-31,"Locomía","Locomía",https://www.imdb.com/title/tt21219450,Miniserie de TV,7.4,46,2022,"Documental, Música",198,"2022-06-22",
tt12477480,7,2023-07-29,"Decision to Leave","He-eo-jil gyeol-sim",https://www.imdb.com/title/tt12477480,Película,7.3,139,2022,"Drama, Crimen, Misterio, Romance, Suspense",71108,"2023-01-20","Park Chan-wook"
tt0087225,4,2023-07-29,"La aventura de los ewoks","Caravan of Courage: An Ewok Adventure",https://www.imdb.com/title/tt0087225,Película de TV,5.3,96,1984,"Aventura, Familiar, Ciencia ficción, Fantasía",13665,"1985-08-19","John Korty"
tt13157618,5,2023-07-27,"Invasión secreta","Secret Invasion",https://www.imdb.com/title/tt13157618,Miniserie de TV,5.8,45,2023,"Acción, Ciencia ficción, Suspense, Aventura, Misterio",92410,"2023-06-21",
tt0105497,5,2023-07-25,"Supernova","Supernova",https://www.imdb.com/title/tt0105497,Película,2.3,80,1993,"Ciencia ficción, Comedia",194,"1993-02-26","Juan Miñón"
tt2386237,3,2023-07-25,"Malevolent","Malevolent",https://www.imdb.com/title/tt2386237,Película,4.9,89,2018,"Terror, Misterio, Suspense",20223,"2018-10-05","Olaf de Fleur Johannesson"
tt14104600,6,2023-07-25,"Un año, una noche","Un año, una noche",https://www.imdb.com/title/tt14104600,Película,6.4,130,2022,"Drama",975,"2022-10-21","Isaki Lacuesta"
tt1617620,5,2023-07-19,"Una manera horrible de morir","A Horrible Way to Die",https://www.imdb.com/title/tt1617620,Película,5.2,87,2010,"Terror, Suspense, Drama",4040,"2011-08-19","Adam Wingard"
tt15544286,7,2023-07-18,"Kaunserâ","Kaunserâ",https://www.imdb.com/title/tt15544286,Corto,null,42,2021,"Corto, Terror",0,"2021-09-25","Zenzo Sakai"
tt13872480,3,2023-07-18,"Una y otra vez (Life After Life)","Life After Life",https://www.imdb.com/title/tt13872480,Serie de TV,7.3,60,2022,"Drama, Fantasía",3236,"2023-03-21",
tt14104222,6,2023-07-18,"Doctor Portuondo","Doctor Portuondo",https://www.imdb.com/title/tt14104222,Serie de TV,6.2,30,2021,"Comedia",140,"2021-10-29",
tt8649344,6,2023-07-16,"Blue Jean","Blue Jean",https://www.imdb.com/title/tt8649344,Película,6.9,97,2022,"Drama, Historia",6974,"2023-04-05","Georgia Oakley"
tt0075005,8,2023-07-15,"La profecía","The Omen",https://www.imdb.com/title/tt0075005,Película,7.5,111,1976,"Misterio, Terror",147533,"1976-11-08","Richard Donner"
tt18816518,7,2023-07-14,"Sick of myself","Syk pike",https://www.imdb.com/title/tt18816518,Película,7.1,97,2022,"Drama, Comedia, Terror",24308,"2022-09-09","Kristoffer Borgli"
tt11992694,6,2023-07-13,"La emperatriz rebelde","Corsage",https://www.imdb.com/title/tt11992694,Película,6.5,114,2022,"Biografía, Historia, Drama",11686,"2022-12-02","Marie Kreutzer"
tt13051724,5,2023-07-13,"L'immensità","L'immensità",https://www.imdb.com/title/tt13051724,Película,6.4,99,2022,"Drama, Música",4002,"2022-10-28","Emanuele Crialese"
tt0064713,5,2023-07-12,"Madame Bovary","Die nackte Bovary",https://www.imdb.com/title/tt0064713,Película,5.2,91,1969,"Drama",342,"1969-12-01","Hans Schott-Schöbinger"
tt23221304,4,2023-07-09,"Domingo Domingo","Domingo Domingo",https://www.imdb.com/title/tt23221304,Película,6.2,72,2023,"Documental",42,"2023-03-05","Laura Garcia Andreu"
tt23728826,5,2023-07-09,"Poquita Fe","Poquita Fe",https://www.imdb.com/title/tt23728826,Serie de TV,7.8,,2023,"Comedia",1783,"2023-07-04",
tt26708404,6,2023-07-06,"Llamarada (Blackout!)","Llamarada (Blackout!)",https://www.imdb.com/title/tt26708404,Película,null,83,2022,"Documental",0,"2022-01-19","Alejandra Almirón"
tt18925334,6,2023-07-06,"Pearl","Pearl",https://www.imdb.com/title/tt18925334,Película,7.0,103,2022,"Terror, Drama, Suspense",163605,"2023-06-17","Ti West"
tt9643214,5,2023-07-06,"The Staggering Girl","The Staggering Girl",https://www.imdb.com/title/tt9643214,Corto,5.4,37,2019,"Corto, Drama",2420,"2019","Luca Guadagnino"
tt19770238,8,2023-07-05,"Aftersun","Aftersun",https://www.imdb.com/title/tt19770238,Película,7.6,102,2022,"Drama",132423,"2022-12-16","Charlotte Wells"
tt7322224,7,2023-07-05,"El triángulo de la tristeza","Triangle of Sadness",https://www.imdb.com/title/tt7322224,Película,7.2,147,2022,"Drama, Comedia",219672,"2023-02-17","Ruben Östlund"
tt22871368,7,2023-07-04,"Autodefensa","Autodefensa",https://www.imdb.com/title/tt22871368,Serie de TV,5.9,15,2022,"Comedia, Drama",419,"2022-11-29",
tt14156930,6,2023-07-03,"Las Gentiles","Las Gentiles",https://www.imdb.com/title/tt14156930,Película,6.0,77,2021,"Drama",178,"2022-06-03","Santi Amodeo"
tt0071562,9,2023-07-03,"El padrino parte II","The Godfather Part II",https://www.imdb.com/title/tt0071562,Película,9.0,202,1974,"Crimen, Drama",1509858,"1975-10-13","Francis Ford Coppola"
tt23036290,6,2023-07-03,"El rostro de la medusa","El rostro de la medusa",https://www.imdb.com/title/tt23036290,Película,5.8,75,2022,"Comedia",134,"2022-11-05","Melisa Liebenthal"
tt14200742,5,2023-07-03,"Suzanna Son for Exposures","Suzanna Son for Exposures",https://www.imdb.com/title/tt14200742,Vídeo,7.0,1,2021,"Corto, Música",10,"2021-02-02","Tyler-Marie Evans"
tt6024606,6,2023-07-02,"Voyage of Time: The IMAX Experience","Voyage of Time: The IMAX Experience",https://www.imdb.com/title/tt6024606,Corto,6.9,44,2016,"Animación, Documental, Corto",3279,"2016-10-07","Terrence Malick"
tt21374850,6,2023-07-01,"La belleza y el dolor","All the Beauty and the Bloodshed",https://www.imdb.com/title/tt21374850,Película,7.5,113,2022,"Documental, Historia, Biografía",9407,"2023-03-10","Laura Poitras"
tt0082398,4,2023-06-30,"Solo para sus ojos","For Your Eyes Only",https://www.imdb.com/title/tt0082398,Película,6.7,127,1981,"Aventura, Suspense, Acción",117455,"1981-12-12","John Glen"
tt20477492,3,2023-06-27,"El silencio","El silencio",https://www.imdb.com/title/tt20477492,Miniserie de TV,5.6,,2023,"Suspense, Crimen, Drama, Misterio",6474,"2023-05-19",
tt0379217,8,2023-06-26,"Coffee and Cigarettes","Coffee and Cigarettes",https://www.imdb.com/title/tt0379217,Película,7.0,95,2003,"Comedia, Música, Drama",71224,"2004-10-29","Jim Jarmusch"
tt0274309,8,2023-06-26,"24 Hour Party People","24 Hour Party People",https://www.imdb.com/title/tt0274309,Película,7.3,117,2002,"Música, Biografía, Drama, Comedia",40753,"2003-01-24","Michael Winterbottom"
tt11697832,3,2023-06-26,"DAU. Natasha","DAU. Natasha",https://www.imdb.com/title/tt11697832,Película,6.2,138,2020,"Drama",1684,"2021-02-27","Ilya Khrzhanovsky,Jekaterina Oertel"
tt15063296,4,2023-06-25,"Rapa","Rapa",https://www.imdb.com/title/tt15063296,Serie de TV,7.2,50,2022,"Suspense, Crimen",1350,"2022-05-19",
tt0091419,4,2023-06-17,"La tienda de los horrores","Little Shop of Horrors",https://www.imdb.com/title/tt0091419,Película,7.1,94,1986,"Musical, Romance, Terror, Comedia",95681,"1989-01-01","Frank Oz"
tt10660810,2,2023-06-14,"Secret Escort","Secret Escort",https://www.imdb.com/title/tt10660810,Película,2.9,45,2019,"Drama",123,"2019-07-18","Bob Bragg"
tt12412166,5,2023-06-14,"Veneciafrenia","Veneciafrenia",https://www.imdb.com/title/tt12412166,Película,5.2,100,2021,"Terror",3688,"2022-04-22","Álex de la Iglesia"
tt1424381,5,2023-06-11,"Predators","Predators",https://www.imdb.com/title/tt1424381,Película,6.4,107,2010,"Aventura, Ciencia ficción, Suspense, Acción",264438,"2010-08-27","Nimród Antal"
tt9198364,6,2023-06-11,"Tres mil años esperándote","Three Thousand Years of Longing",https://www.imdb.com/title/tt9198364,Película,6.7,108,2022,"Drama, Fantasía, Romance",73713,"2022-09-02","George Miller"
tt0079574,5,2023-06-09,"Moonraker","Moonraker",https://www.imdb.com/title/tt0079574,Película,6.3,126,1979,"Aventura, Suspense, Ciencia ficción, Acción",118706,"1979-09-09","Lewis Gilbert"
tt0359715,5,2023-06-08,"El cumpleaños de mi mejor amigo","My Best Friend's Birthday",https://www.imdb.com/title/tt0359715,Película,5.5,69,1987,"Comedia",5130,"1987-01-01","Quentin Tarantino"
tt0073470,5,2023-06-07,"Desnuda ante el asesino","Nude per l'assassino",https://www.imdb.com/title/tt0073470,Película,5.6,98,1975,"Suspense, Misterio, Terror",3787,"1975-08-26","Andrea Bianchi"
tt0388243,5,2023-06-06,"Sabbath: María la loba","Sabbath: María la Loba",https://www.imdb.com/title/tt0388243,Episodio de TV,4.6,90,1989,"Terror",8,"1989-01-05","Daniel Wronecki"
tt24133870,6,2023-06-06,"Sabbath","Sabbath",https://www.imdb.com/title/tt24133870,Miniserie de TV,4.5,,1989,"Terror",16,"1989-01-01",
tt0109534,1,2023-06-06,"Corazón de amante, manos de asesino","Dangerous Touch",https://www.imdb.com/title/tt0109534,Película,4.4,101,1994,"Suspense",793,"1995-05-17","Lou Diamond Phillips"
tt14463542,5,2023-06-05,"Intimidad","Intimidad",https://www.imdb.com/title/tt14463542,Serie de TV,6.8,50,2022,"Drama, Crimen",4103,"2022-06-10",
tt14149544,2,2023-06-03,"Historias para no contar","Historias para no contar",https://www.imdb.com/title/tt14149544,Película,6.2,100,2022,"Comedia, Drama, Acción",2041,"2022-11-25","Cesc Gay"
tt0089489,4,2023-06-02,"Lifeforce: Fuerza vital","Lifeforce",https://www.imdb.com/title/tt0089489,Película,6.2,101,1985,"Suspense, Acción, Misterio, Romance, Ciencia ficción, Terror",35263,"1985-11-19","Tobe Hooper"
tt0101352,5,2023-06-01,"Sabbath: Anna Goldin, la última bruja","Sabbath: Anna Goldin, la última bruja",https://www.imdb.com/title/tt0101352,Episodio de TV,6.3,105,1991,"Terror",68,"1991-08-14","Gertrud Pinkus"
tt0356858,6,2023-06-01,"Sabbath: La maldición de María Alva","Sabbath: La maldición de María Alva",https://www.imdb.com/title/tt0356858,Episodio de TV,5.7,82,1989,"Terror",53,"1989-01-03","António de Macedo"
tt0097795,5,2023-06-01,"Sabbath: La luna negra","Sabbath: La luna negra",https://www.imdb.com/title/tt0097795,Episodio de TV,5.8,90,1989,"Terror",134,"1989-09-21","Imanol Uribe"
tt0298037,5,2023-06-01,"Sabbath: La leyenda del cura de Bargota","Sabbath: La leyenda del cura de Bargota",https://www.imdb.com/title/tt0298037,Episodio de TV,6.2,90,1989,"Terror",30,"1989-01-01","Pedro Olea"
tt0171512,7,2023-06-01,"Sabbath: La máscara del demonio","Sabbath: La máscara del demonio",https://www.imdb.com/title/tt0171512,Episodio de TV,4.9,94,1989,"Terror",507,"1989-01-04","Lamberto Bava"
tt10954600,5,2023-06-01,"Ant-Man y la Avispa: Quantumanía","Ant-Man and the Wasp: Quantumania",https://www.imdb.com/title/tt10954600,Película,6.0,124,2023,"Acción, Aventura, Comedia, Ciencia ficción",277462,"2023-02-17","Peyton Reed"
tt0125022,4,2023-05-30,"Las seductoras","Heartbreakers",https://www.imdb.com/title/tt0125022,Película,6.3,123,2001,"Romance, Crimen, Comedia",62615,"2001-07-20","David Mirkin"
tt9660502,7,2023-05-29,"Close","Close",https://www.imdb.com/title/tt9660502,Película,7.8,104,2022,"Drama",49014,"2022-11-25","Lukas Dhont"
tt24079736,6,2023-05-26,"Nam June Paik: el padre del videoarte","Nam June Paik: Moon Is the Oldest TV",https://www.imdb.com/title/tt24079736,Película,7.0,107,2023,"Documental, Biografía",306,"2023-08-26","Amanda Kim"
tt7260818,3,2023-05-21,"Book of Monsters","Book of Monsters",https://www.imdb.com/title/tt7260818,Película,4.7,84,2018,"Terror, Comedia, Acción",2478,"2019-03-19","Stewart Sparke"
tt1751634,6,2023-05-20,"Sandman","The Sandman",https://www.imdb.com/title/tt1751634,Serie de TV,7.6,45,2022,"Misterio, Drama, Terror, Ciencia ficción, Fantasía",211811,"2022-08-05",
tt13323118,4,2023-05-20,"El páramo","El páramo",https://www.imdb.com/title/tt13323118,Película,4.6,92,2021,"Terror, Drama, Misterio",5253,"2022-01-06","David Casademunt"
tt0402022,5,2023-05-19,"Æon Flux","Æon Flux",https://www.imdb.com/title/tt0402022,Película,5.4,93,2005,"Acción, Ciencia ficción, Suspense, Aventura",137828,"2006-01-05","Karyn Kusama"
tt18550140,7,2023-05-19,"Holy Spider. Araña sagrada","Holy Spider",https://www.imdb.com/title/tt18550140,Película,7.3,118,2022,"Drama, Crimen, Suspense",32482,"2023-01-13","Ali Abbasi"
tt0107315,7,2023-05-18,"Kika","Kika",https://www.imdb.com/title/tt0107315,Película,6.5,114,1993,"Comedia",16130,"1993-10-29","Pedro Almodóvar"
tt0074296,6,2023-05-18,"¿Quién se acuesta con mi mujer?","Cattivi pensieri",https://www.imdb.com/title/tt0074296,Película,5.4,105,1976,"Comedia",372,"1976-10-26","Ugo Tognazzi"
tt21278500,5,2023-05-17,"El hijo zurdo","El hijo zurdo",https://www.imdb.com/title/tt21278500,Serie de TV,6.2,,2023,"Drama, Suspense",302,"2023-04-27",
tt0065580,6,2023-05-12,"La condesa Drácula","Countess Dracula",https://www.imdb.com/title/tt0065580,Película,5.9,93,1971,"Terror",5571,"1971-01-31","Peter Sasdy"
tt0109075,2,2023-05-12,"Alegre ma non troppo","Alegre ma non troppo",https://www.imdb.com/title/tt0109075,Película,5.5,97,1994,"Música, Romance, Comedia",427,"1994-04-15","Fernando Colomo"
tt22010046,6,2023-05-09,"Selftape","Selftape",https://www.imdb.com/title/tt22010046,Serie de TV,7.1,30,2023,"Crimen",241,"2023-04-04",
tt0839976,3,2023-05-08,"Santos","Santos",https://www.imdb.com/title/tt0839976,Película,2.5,97,2007,"Aventura, Comedia, Fantasía, Romance, Ciencia ficción, Familiar, Terror, Suspense",426,"2008-10-10","Nicolás López"
tt11069038,5,2023-05-07,"Suro","Suro",https://www.imdb.com/title/tt11069038,Película,6.4,116,2022,"Drama, Suspense",1158,"2022-12-02","Mikel Gurrea"
tt11291274,4,2023-05-07,"El insoportable peso de un talento descomunal","The Unbearable Weight of Massive Talent",https://www.imdb.com/title/tt11291274,Película,7.0,107,2022,"Comedia, Acción, Crimen, Suspense",181249,"2022-06-17","Tom Gormican"
tt13932410,4,2023-05-06,"El cuarto pasajero","El cuarto pasajero",https://www.imdb.com/title/tt13932410,Película,6.0,99,2022,"Comedia, Aventura",2379,"2022-10-28","Álex de la Iglesia"
tt10290510,2,2023-05-06,"Operación Camarón","Operación Camarón",https://www.imdb.com/title/tt10290510,Película,5.5,90,2021,"Comedia",1209,"2021-06-24","Carlos Therón"
tt13521006,6,2023-05-03,"Beau tiene miedo","Beau Is Afraid",https://www.imdb.com/title/tt13521006,Película,6.6,179,2023,"Drama, Comedia, Suspense, Terror",80085,"2023-04-28","Ari Aster"
tt11235772,6,2023-05-03,"Los voyeurs","The Voyeurs",https://www.imdb.com/title/tt11235772,Película,6.1,116,2021,"Suspense, Drama, Misterio, Romance",52045,"2021-09-10","Michael Mohan"
tt14200708,5,2023-05-03,"Suzanna: Birthday Boy","Suzanna: Birthday Boy",https://www.imdb.com/title/tt14200708,Vídeo,7.5,,2018,"Corto, Música",35,"2018-06-13","Steven Gindler"
tt0210717,4,2023-05-03,"Goya en Burdeos","Goya en Burdeos",https://www.imdb.com/title/tt0210717,Película,6.6,100,1999,"Biografía, Bélico, Drama",2394,"1999-11-12","Carlos Saura"
tt0056279,6,2023-05-02,"Arde, bruja, arde","Night of the Eagle",https://www.imdb.com/title/tt0056279,Película,6.9,90,1962,"Drama, Terror",4974,"1962-03-09","Sidney Hayers"
tt8610436,6,2023-04-28,"The Sparks Brothers","The Sparks Brothers",https://www.imdb.com/title/tt8610436,Película,7.7,140,2021,"Documental, Música, Comedia, Biografía, Historia",6631,"2021-06-18","Edgar Wright"
tt21106646,2,2023-04-28,"365 días más","The Next 365 Days",https://www.imdb.com/title/tt21106646,Película,2.9,112,2022,"Drama, Romance",13668,"2022-08-19","Barbara Bialowas,Tomasz Mandes"
tt2930604,5,2023-04-28,"Star Wars Rebels","Star Wars Rebels",https://www.imdb.com/title/tt2930604,Serie de TV,8.1,22,2014,"Animación, Acción, Aventura, Ciencia ficción, Fantasía, Familiar",71320,"2014-10-03",
tt0101889,3,2023-04-23,"El rey pescador","The Fisher King",https://www.imdb.com/title/tt0101889,Película,7.5,137,1991,"Fantasía, Drama, Comedia",97454,"1992-01-17","Terry Gilliam"
tt6217926,4,2023-04-23,"Annette","Annette",https://www.imdb.com/title/tt6217926,Película,6.3,141,2021,"Musical, Drama, Romance",24483,"2021-08-20","Leos Carax"
tt0103584,6,2023-04-19,"X-Men","X-Men",https://www.imdb.com/title/tt0103584,Serie de TV,8.4,23,1992,"Animación, Familiar, Aventura, Ciencia ficción, Acción",55009,"1992-10-31",
tt0758730,2,2023-04-19,"Aliens vs. Predator 2","AVPR: Aliens vs Predator - Requiem",https://www.imdb.com/title/tt0758730,Película,4.6,94,2007,"Ciencia ficción, Acción, Suspense, Terror",148063,"2008-01-11","Colin Strause,Greg Strause"
tt16166204,4,2023-04-19,"Tormenta de verano","Tormenta de verano",https://www.imdb.com/title/tt16166204,Corto,6.0,22,2022,"Corto, Drama",24,"2022-10-27","Laura García Alonso"
tt0088172,5,2023-04-18,"Starman: El hombre de las estrellas","Starman",https://www.imdb.com/title/tt0088172,Película,7.0,115,1984,"Ciencia ficción, Romance",59215,"1985-08-08","John Carpenter"
tt22863296,4,2023-04-16,"Son","Son",https://www.imdb.com/title/tt22863296,Corto,5.4,17,2022,"Corto",27,"2022-10-25","Marta Nieto"
tt13237684,5,2023-04-14,"Sorda","Sorda",https://www.imdb.com/title/tt13237684,Corto,6.8,18,2021,"Corto, Drama",105,"2021","Eva Libertad,Nuria Muñoz"
tt0102253,4,2023-04-14,"El laberinto griego","El laberinto griego",https://www.imdb.com/title/tt0102253,Película,4.7,96,1992,"Suspense",154,"1993-01-08","Rafael Alcázar"
tt20755454,6,2023-04-11,"Fácil","Fácil",https://www.imdb.com/title/tt20755454,Serie de TV,6.7,30,2022,"Comedia",210,"2022-12-01",
tt0219699,6,2023-04-10,"Premonición","The Gift",https://www.imdb.com/title/tt0219699,Película,6.7,111,2000,"Drama, Terror, Fantasía, Misterio",82224,"2001-04-20","Sam Raimi"
tt0081170,4,2023-04-10,"La mujer de vacaciones, la amante en la ciudad","La moglie in vacanza... l'amante in città",https://www.imdb.com/title/tt0081170,Película,5.6,90,1980,"Comedia",573,"1980-08-14","Sergio Martino"
tt12680684,2,2023-04-08,"Fue la mano de Dios","È stata la mano di Dio",https://www.imdb.com/title/tt12680684,Película,7.3,130,2021,"Drama",55022,"2021-12-15","Paolo Sorrentino"
tt13453006,7,2023-04-06,"Red Rocket","Red Rocket",https://www.imdb.com/title/tt13453006,Película,7.1,130,2021,"Comedia, Drama, Romance",43798,"2022-05-06","Sean Baker"
tt11502498,3,2023-04-05,"Kenobi: A Star Wars Fan Film","Kenobi: A Star Wars Fan Film",https://www.imdb.com/title/tt11502498,Corto,7.0,19,2019,"Corto, Aventura, Fantasía, Ciencia ficción, Acción",36102,"2019-12-24","Jason Satterlund"
tt13668894,5,2023-04-05,"El libro de Boba Fett","The Book of Boba Fett",https://www.imdb.com/title/tt13668894,Miniserie de TV,7.1,50,2021,"Acción, Aventura, Ciencia ficción",212802,"2021-12-29",
tt20723374,7,2023-04-05,"Star Wars: Las crónicas jedi","Star Wars: Tales of the Jedi",https://www.imdb.com/title/tt20723374,Miniserie de TV,8.1,15,2022,"Animación, Corto, Acción, Aventura, Ciencia ficción, Drama, Fantasía",46300,"2022-10-26",
tt0076752,6,2023-04-05,"La espía que me amó","The Spy Who Loved Me",https://www.imdb.com/title/tt0076752,Película,7.0,125,1977,"Aventura, Suspense, Acción",126410,"1977-10-03","Lewis Gilbert"
tt0072605,5,2023-04-03,"Las adolescentes","Las adolescentes",https://www.imdb.com/title/tt0072605,Película,4.8,105,1975,"Drama",208,"1977-07-02","Pedro Masó"
tt0243133,7,2023-04-03,"El hombre que nunca estuvo allí","The Man Who Wasn't There",https://www.imdb.com/title/tt0243133,Película,7.5,118,2001,"Crimen, Drama",121135,"2002-04-12","Joel Coen,Ethan Coen"
tt3704428,5,2023-04-03,"Elvis","Elvis",https://www.imdb.com/title/tt3704428,Película,7.3,159,2022,"Biografía, Drama, Música",264374,"2022-06-24","Baz Luhrmann"
tt8110652,6,2023-03-31,"Muerte, muerte, muerte","Bodies Bodies Bodies",https://www.imdb.com/title/tt8110652,Película,6.1,94,2022,"Terror, Comedia, Suspense, Misterio",91696,"2023-03-11","Halina Reijn"
tt0377092,6,2023-03-31,"Chicas malas","Mean Girls",https://www.imdb.com/title/tt0377092,Película,7.1,97,2004,"Comedia",491944,"2004-09-03","Mark Waters"
tt0117060,5,2023-03-30,"Mission: Impossible","Mission: Impossible",https://www.imdb.com/title/tt0117060,Película,7.2,110,1996,"Suspense, Aventura, Acción",522504,"1996-07-05","Brian De Palma"
tt13880104,6,2023-03-30,"El acontecimiento","L'événement",https://www.imdb.com/title/tt13880104,Película,7.4,100,2021,"Drama",14076,"2022-03-25","Audrey Diwan"
tt0080765,4,2023-03-28,"La frígida y la viciosa","La frígida y la viciosa",https://www.imdb.com/title/tt0080765,Película,3.8,93,1981,"Drama",125,"1981-02-09","Carlos Aured"
tt3581920,7,2023-03-28,"The Last of Us","The Last of Us",https://www.imdb.com/title/tt3581920,Serie de TV,8.4,50,2023,"Aventura, Terror, Drama, Suspense, Ciencia ficción, Acción",748226,"2023-01-15",
tt15676664,5,2023-03-27,"Venus","Venus",https://www.imdb.com/title/tt15676664,Película,5.5,100,2022,"Terror, Acción, Suspense",5423,"2022-12-02","Jaume Balagueró"
tt11917930,4,2023-03-25,"Contando ovejas","Contando ovejas",https://www.imdb.com/title/tt11917930,Película,5.1,110,2022,"Comedia, Crimen",88,"2023-07-07","Jose Corral"
tt0104014,3,2023-03-24,"Così fan tutte","Così fan tutte",https://www.imdb.com/title/tt0104014,Película,5.2,97,1992,"Drama, Comedia",7772,"1995-07-23","Tinto Brass"
tt19820906,4,2023-03-23,"Matando el tiempo","Matando el tiempo",https://www.imdb.com/title/tt19820906,Película,3.8,80,2022,"Terror",109,"2023-03-01","Norberto Ramos del Val"
tt0087913,5,2023-03-23,"El pico 2","El pico 2",https://www.imdb.com/title/tt0087913,Película,6.4,120,1984,"Drama, Crimen",786,"1984-11-09","Eloy de la Iglesia"
tt8415836,6,2023-03-22,"El gabinete de curiosidades de Guillermo del Toro","Guillermo del Toro's Cabinet of Curiosities",https://www.imdb.com/title/tt8415836,Serie de TV,7.0,60,2022,"Terror, Misterio, Drama, Suspense",65596,"2022-10-25",
tt0075689,5,2023-03-22,"El apolítico","El apolítico",https://www.imdb.com/title/tt0075689,Película,5.2,94,1977,"Comedia",56,"1977-05-02","Mariano Ozores"
tt7474914,3,2023-03-19,"Animales sin collar","Animales sin collar",https://www.imdb.com/title/tt7474914,Película,5.0,96,2018,"Suspense",618,"2018-10-19","Jota Linares,Jessica Blue"
tt14935038,2,2023-03-19,"El juego de las llaves","El juego de las llaves",https://www.imdb.com/title/tt14935038,Película,4.9,107,2022,"Comedia",1554,"2022-04-13","Vicente Villanueva"
tt13841850,5,2023-03-18,"Men","Men",https://www.imdb.com/title/tt13841850,Película,6.0,100,2022,"Drama, Terror, Fantasía, Suspense",80470,"2022-07-22","Alex Garland"
tt13866630,6,2023-03-17,"Matria","Matria",https://www.imdb.com/title/tt13866630,Película,6.6,99,2023,"Drama",833,"2023-03-24","Álvaro Gago"
tt0120737,8,2023-03-17,"El señor de los anillos: La comunidad del anillo","The Lord of the Rings: The Fellowship of the Ring",https://www.imdb.com/title/tt0120737,Película,8.9,178,2001,"Drama, Aventura, Fantasía",2231848,"2001-12-19","Peter Jackson"
tt0167260,8,2023-03-17,"El señor de los anillos: El retorno del rey","The Lord of the Rings: The Return of the King",https://www.imdb.com/title/tt0167260,Película,9.0,201,2003,"Drama, Aventura, Fantasía",2188338,"2003-12-17","Peter Jackson"
tt0359054,3,2023-03-14,"Haz conmigo lo que quieras","Haz conmigo lo que quieras",https://www.imdb.com/title/tt0359054,Película,5.8,98,2003,"Comedia, Drama",491,"2004-02-13","Ramón De España"
tt0086104,6,2023-03-13,"El pico","El pico",https://www.imdb.com/title/tt0086104,Película,6.8,110,1983,"Crimen, Drama",1445,"1983-10-04","Eloy de la Iglesia"
tt13694628,7,2023-03-12,"Nitram","Nitram",https://www.imdb.com/title/tt13694628,Película,7.1,112,2021,"Suspense, Drama, Crimen",13262,"2022-10-05","Justin Kurzel"
tt0081455,8,2023-03-12,"Scanners","Scanners",https://www.imdb.com/title/tt0081455,Película,6.7,103,1981,"Suspense, Ciencia ficción, Terror",68304,"1981-04-14","David Cronenberg"
tt9764362,7,2023-03-11,"El menú","The Menu",https://www.imdb.com/title/tt9764362,Película,7.1,107,2022,"Terror, Suspense, Comedia",512773,"2022-12-02","Mark Mylod"
tt0138590,4,2023-03-11,"Lluvia en los zapatos","The Man with Rain in His Shoes",https://www.imdb.com/title/tt0138590,Película,6.1,91,1998,"Fantasía, Romance, Drama, Comedia",2941,"1999-02-19","María Ripoll"
tt0109731,3,2023-03-11,"El infierno","L'enfer",https://www.imdb.com/title/tt0109731,Película,7.0,102,1994,"Crimen, Suspense, Drama",7406,"1995-06-01","Claude Chabrol"
tt0095742,6,2023-03-11,"Pesadilla en Elm Street 4","A Nightmare on Elm Street 4: The Dream Master",https://www.imdb.com/title/tt0095742,Película,5.6,93,1988,"Terror",68718,"1989-04-14","Renny Harlin"
tt0071807,7,2023-03-11,"El hombre de la pistola de oro","The Man with the Golden Gun",https://www.imdb.com/title/tt0071807,Película,6.7,125,1974,"Aventura, Suspense, Acción",122942,"1974-12-23","Guy Hamilton"
tt0370263,3,2023-03-11,"Alien vs. Predator","AVP: Alien vs. Predator",https://www.imdb.com/title/tt0370263,Película,5.7,101,2004,"Acción, Terror, Ciencia ficción, Suspense, Aventura",234792,"2004-11-19","Paul W.S. Anderson"
tt1198340,4,2023-03-10,"Dieta mediterránea","Dieta mediterránea",https://www.imdb.com/title/tt1198340,Película,6.2,102,2009,"Comedia, Romance",1246,"2009-02-06","Joaquín Oristrell"
tt10483152,7,2023-03-05,"Unicorn Wars","Unicorn Wars",https://www.imdb.com/title/tt10483152,Película,6.9,92,2022,"Animación, Acción, Comedia, Fantasía, Terror, Drama",3202,"2022-10-21","Alberto Vázquez"
tt1745960,6,2023-03-05,"Top Gun: Maverick","Top Gun: Maverick",https://www.imdb.com/title/tt1745960,Película,8.2,130,2022,"Acción, Drama",902106,"2022-05-26","Joseph Kosinski"
tt0090259,7,2023-03-03,"El viaje a ninguna parte","El viaje a ninguna parte",https://www.imdb.com/title/tt0090259,Película,7.5,134,1986,"Drama, Comedia",2030,"1987-08-20","Fernando Fernán Gómez"
tt0068654,5,2023-02-27,"El gran amor del conde Drácula","El gran amor del conde Drácula",https://www.imdb.com/title/tt0068654,Película,5.2,85,1973,"Terror",1407,"1973-05-12","Javier Aguirre"
tt16227014,8,2023-02-26,"Fire of Love","Fire of Love",https://www.imdb.com/title/tt16227014,Película,7.6,98,2022,"Documental, Biografía",16896,"2022-08-26","Sara Dosa"
tt0055852,7,2023-02-25,"Cleo de 5 a 7","Cléo de 5 à 7",https://www.imdb.com/title/tt0055852,Película,7.8,90,1962,"Comedia, Música, Drama",32162,"1962-04-11","Agnès Varda"
tt11313154,6,2023-02-25,"Vida Férrea","Vida Férrea",https://www.imdb.com/title/tt11313154,Película,6.3,95,2022,"Documental",17,"2022-06-16","Manuel Bauer"
tt0093629,7,2023-02-24,"Pesadilla en Elm Street 3: Los guerreros del sueño","A Nightmare on Elm Street 3: Dream Warriors",https://www.imdb.com/title/tt0093629,Película,6.7,96,1987,"Fantasía, Terror",100897,"1987-06-26","Chuck Russell"
tt11198330,7,2023-02-23,"La casa del dragón","House of the Dragon",https://www.imdb.com/title/tt11198330,Serie de TV,8.3,60,2022,"Fantasía, Aventura, Drama, Acción",565379,"2022-08-22",
tt0064005,5,2023-02-22,"Placeres de mujer","Alle Kätzchen naschen gern",https://www.imdb.com/title/tt0064005,Película,4.6,84,1969,"Comedia",202,"1969-09-19","Giuseppe Zaccariello"
tt10304142,3,2023-02-18,"Ámsterdam","Amsterdam",https://www.imdb.com/title/tt10304142,Película,6.2,134,2022,"Drama, Historia, Comedia, Misterio, Suspense, Romance",108871,"2022-10-28","David O. Russell"
tt0993846,8,2023-02-18,"El lobo de Wall Street","The Wolf of Wall Street",https://www.imdb.com/title/tt0993846,Película,8.2,180,2013,"Crimen, Drama, Biografía, Comedia",1820306,"2014-01-17","Martin Scorsese"
tt0096336,6,2023-02-18,"Asunto de mujeres","Une affaire de femmes",https://www.imdb.com/title/tt0096336,Película,7.5,108,1988,"Romance, Historia, Drama",6453,"1989-03-08","Claude Chabrol"
tt9114286,4,2023-02-18,"Black Panther: Wakanda Forever","Black Panther: Wakanda Forever",https://www.imdb.com/title/tt9114286,Película,6.6,161,2022,"Acción, Aventura, Ciencia ficción, Drama",399887,"2022-11-11","Ryan Coogler"
tt0146547,4,2023-02-12,"Cha cha chá","Cha-cha-chá",https://www.imdb.com/title/tt0146547,Película,6.0,109,1998,"Romance, Comedia",766,"2001-06-07","Antonio del Real"
tt11188624,4,2023-02-11,"Invocación mortal","Seance",https://www.imdb.com/title/tt11188624,Película,5.2,92,2021,"Terror, Misterio, Suspense",5080,"2022-04-22","Simon Barrett"
tt6806448,3,2023-02-11,"Fast & Furious: Hobbs & Shaw","Fast & Furious Presents: Hobbs & Shaw",https://www.imdb.com/title/tt6806448,Película,6.4,137,2019,"Acción, Aventura, Suspense",260552,"2019-08-01","David Leitch"
tt0095271,3,2023-02-10,"Halloween 4: El regreso de Michael Myers","Halloween 4: The Return of Michael Myers",https://www.imdb.com/title/tt0095271,Película,5.8,88,1988,"Suspense, Terror",65188,"1989-06-30","Dwight H. Little"
tt0084749,4,2023-02-07,"Cromwell, el rey de los bárbaros","The Sword and the Sorcerer",https://www.imdb.com/title/tt0084749,Película,5.5,100,1982,"Terror, Aventura, Fantasía, Acción",9124,"1982-11-15","Albert Pyun"
tt5979874,5,2023-02-05,"Godzilla: El planeta de los monstruos","Gojira: Kaijû Wakusei",https://www.imdb.com/title/tt5979874,Película,6.0,89,2017,"Animación, Ciencia ficción, Acción",10527,"2017-11-17","Hiroyuki Seshita,Kôbun Shizuno"
tt12306964,5,2023-02-05,"En los márgenes","En los márgenes",https://www.imdb.com/title/tt12306964,Película,6.6,105,2022,"Drama",2818,"2022-10-07","Juan Diego Botto"
tt0084133,6,2023-02-01,"El íncubo","Incubus",https://www.imdb.com/title/tt0084133,Película,5.5,93,1981,"Misterio, Suspense, Terror",3586,"1981","John Hough"
tt13406136,3,2023-01-29,"La princesa","The Princess",https://www.imdb.com/title/tt13406136,Película,5.7,94,2022,"Drama, Acción, Suspense, Fantasía",17321,"2022-07-01","Le-Van Kiet"
tt14766636,5,2023-01-27,"Tenéis que venir a verla","Tenéis que venir a verla",https://www.imdb.com/title/tt14766636,Película,5.9,64,2022,"Comedia, Drama",701,"2022-06-17","Jonás Trueba"
tt0310853,4,2023-01-27,"Climax!: Casino Royale","Climax!: Casino Royale",https://www.imdb.com/title/tt0310853,Episodio de TV,5.6,52,1954,"Drama",1746,"1954-10-21","William H. Brown Jr."
tt15128358,6,2023-01-26,"Modelo 77","Modelo 77",https://www.imdb.com/title/tt15128358,Película,6.9,125,2022,"Suspense, Drama, Historia",4969,"2022-09-23","Alberto Rodríguez"
tt0179115,4,2023-01-26,"Un buen novio","Un buen novio",https://www.imdb.com/title/tt0179115,Película,5.0,90,1998,"Crimen, Suspense, Comedia",83,"1998-09-04","Jesús R. Delgado"
tt0064632,5,2023-01-25,"Der Mann mit dem goldenen Pinsel","Der Mann mit dem goldenen Pinsel",https://www.imdb.com/title/tt0064632,Película,4.4,86,1969,"Comedia",187,"1969-06-20","Franz Marischka"
tt13774830,6,2023-01-25,"Girasoles silvestres","Girasoles silvestres",https://www.imdb.com/title/tt13774830,Película,6.3,107,2022,"Drama",721,"2022-10-14","Jaime Rosales"
tt0074455,7,2023-01-24,"Trampa mortal","Eaten Alive",https://www.imdb.com/title/tt0074455,Película,5.5,91,1976,"Suspense, Terror",9960,"1978-09-04","Tobe Hooper"
tt5598868,5,2023-01-24,"Here Are the Young Men","Here Are the Young Men",https://www.imdb.com/title/tt5598868,Película,4.7,96,2020,"Drama",1621,"2021-04-27","Eoin Macken"
tt8332922,4,2023-01-20,"Un lugar tranquilo 2","A Quiet Place Part II",https://www.imdb.com/title/tt8332922,Película,7.2,97,2020,"Drama, Suspense, Ciencia ficción, Terror",328229,"2021-06-16","John Krasinski"
tt0071167,5,2023-01-14,"El asesino ha reservado nueve butacas","L'assassino ha riservato nove poltrone",https://www.imdb.com/title/tt0071167,Película,5.7,104,1974,"Terror, Crimen, Drama, Suspense, Misterio",1287,"1974-05-21","Giuseppe Bennati"
tt13560574,6,2023-01-13,"X","X",https://www.imdb.com/title/tt13560574,Película,6.5,105,2022,"Terror, Suspense, Misterio",227928,"2022-04-13","Ti West"
tt0109735,3,2023-01-10,"Entre rojas","Entre rojas",https://www.imdb.com/title/tt0109735,Película,5.5,93,1995,"Drama",312,"1995-04-20","Azucena Rodríguez"
tt0085636,5,2023-01-09,"Halloween III: El día de la bruja","Halloween III: Season of the Witch",https://www.imdb.com/title/tt0085636,Película,5.2,98,1982,"Ciencia ficción, Misterio, Suspense, Terror",68414,"1982-10-22","Tommy Lee Wallace"
tt13204490,6,2023-01-09,"Petite maman","Petite maman",https://www.imdb.com/title/tt13204490,Película,7.3,73,2021,"Drama, Fantasía",21181,"2021-10-29","Céline Sciamma"
tt0308644,7,2023-01-06,"Descubriendo Nunca Jamás","Finding Neverland",https://www.imdb.com/title/tt0308644,Película,7.6,106,2004,"Drama, Biografía, Familiar",218016,"2005-02-11","Marc Forster"
tt0367594,2,2023-01-06,"Charlie y la fábrica de chocolate","Charlie and the Chocolate Factory",https://www.imdb.com/title/tt0367594,Película,6.7,115,2005,"Musical, Aventura, Comedia, Familiar, Fantasía",577202,"2005-08-12","Tim Burton"
tt6574146,3,2022-12-31,"Blame!","Blame!",https://www.imdb.com/title/tt6574146,Película,6.6,106,2017,"Animación, Ciencia ficción, Acción, Drama, Suspense, Terror",10171,"2017-05-19","Hiroyuki Seshita"
tt14300504,5,2022-12-31,"El agua","El agua",https://www.imdb.com/title/tt14300504,Película,6.0,104,2022,"Drama",814,"2022-11-04","Elena López Riera"
tt0081124,4,2022-12-29,"Maravillas","Maravillas",https://www.imdb.com/title/tt0081124,Película,5.5,95,1981,"Comedia, Drama, Suspense",163,"1988-04-06","Manuel Gutiérrez Aragón"
tt12715472,5,2022-12-29,"Inexorable","Inexorable",https://www.imdb.com/title/tt12715472,Película,6.1,98,2021,"Suspense",1396,"2022-07-27","Fabrice du Welz"
tt15327522,4,2022-12-29,"Libélulas","Libélulas",https://www.imdb.com/title/tt15327522,Película,5.3,103,2022,"Drama",197,"2022-03-23","Luc Knowles"
tt0097390,5,2022-12-27,"Noche de miedo II","Fright Night Part 2",https://www.imdb.com/title/tt0097390,Película,6.0,104,1988,"Comedia, Suspense, Terror",15808,"1989-01-18","Tommy Lee Wallace"
tt15502648,2,2022-12-26,"El Test","El Test",https://www.imdb.com/title/tt15502648,Película,5.9,105,2022,"Comedia",1302,"2022-09-02","Dani de la Orden"
tt4155144,2,2022-12-23,"La aventura de los vikingos","Viking Quest",https://www.imdb.com/title/tt4155144,Película de TV,3.9,88,2015,"Acción, Fantasía, Aventura",783,"2015-05-14","Todor Chapkanov"
tt10675724,6,2022-12-23,"La nube","La nuée",https://www.imdb.com/title/tt10675724,Película,5.3,101,2020,"Terror, Drama",8715,"2021-08-03","Just Philippot"
tt0100403,5,2022-12-23,"Depredador 2","Predator 2",https://www.imdb.com/title/tt0100403,Película,6.3,108,1990,"Ciencia ficción, Terror, Acción",204041,"1991-06-04","Stephen Hopkins"
tt0065083,5,2022-12-21,"Testa o croce","Testa o croce",https://www.imdb.com/title/tt0065083,Película,5.6,95,1969,"Acción, Drama, Del oeste",171,"1969-06-04","Piero Pierotti"
tt3165612,5,2022-12-21,"Nunca entre amigos","Sleeping with Other People",https://www.imdb.com/title/tt3165612,Película,6.5,101,2015,"Comedia, Drama, Romance",52073,"2016-11-04","Leslye Headland"
tt1486834,6,2022-12-21,"Amigos de más","The F Word",https://www.imdb.com/title/tt1486834,Película,6.8,98,2013,"Comedia, Romance",84865,"2014-08-29","Michael Dowse"
tt11700260,6,2022-12-19,"Competencia oficial","Competencia oficial",https://www.imdb.com/title/tt11700260,Película,7.0,115,2021,"Drama, Comedia",17945,"2022-02-25","Mariano Cohn,Gastón Duprat"
tt0380736,7,2022-12-18,"El 7º día","El 7º día",https://www.imdb.com/title/tt0380736,Película,6.7,96,2004,"Drama, Crimen",1649,"2004-04-23","Carlos Saura"
tt13175506,6,2022-12-17,"La maternal","La maternal",https://www.imdb.com/title/tt13175506,Película,6.8,100,2022,"Drama",773,"2022-11-18","Pilar Palomero"
tt6372694,5,2022-12-16,"Prisioneros de Ghostland","Prisoners of the Ghostland",https://www.imdb.com/title/tt6372694,Película,4.2,103,2021,"Suspense, Fantasía, Terror, Del oeste",15889,"2021-09-17","Sion Sono"
tt1655389,4,2022-12-13,"Blonde","Blonde",https://www.imdb.com/title/tt1655389,Película,5.4,167,2022,"Drama, Historia, Biografía",79249,"2022-09-28","Andrew Dominik"
tt15006566,8,2022-12-12,"As bestas","As bestas",https://www.imdb.com/title/tt15006566,Película,7.5,137,2022,"Suspense, Drama",26358,"2022-11-11","Rodrigo Sorogoyen"
tt13623136,3,2022-12-10,"Guardianes de la Galaxia: Especial felices fiestas","The Guardians of the Galaxy Holiday Special",https://www.imdb.com/title/tt13623136,Especial de TV,6.9,42,2022,"Acción, Aventura, Comedia, Ciencia ficción",110919,"2022-11-25","James Gunn"
tt13014746,8,2022-12-09,"Mantícora","Mantícora",https://www.imdb.com/title/tt13014746,Película,7.0,115,2022,"Drama",2329,"2022-12-09","Carlos Vermut"
tt23899304,5,2022-12-09,"Tus monstruos","Tus monstruos",https://www.imdb.com/title/tt23899304,Serie de TV,4.6,,2020,"Comedia, Drama, Misterio",11,"2020-02-06",
tt0301199,5,2022-12-09,"Negocios ocultos","Dirty Pretty Things",https://www.imdb.com/title/tt0301199,Película,7.2,97,2002,"Suspense, Crimen, Drama",45802,"2004-09-03","Stephen Frears"
tt1555149,6,2022-12-09,"Tropa de élite 2","Tropa de Elite 2: O Inimigo Agora é Outro",https://www.imdb.com/title/tt1555149,Película,8.0,115,2010,"Crimen, Drama, Suspense",93026,"2022-01-03","José Padilha"
tt1289401,2,2022-12-08,"Cazafantasmas","Ghostbusters",https://www.imdb.com/title/tt1289401,Película,6.8,117,2016,"Comedia, Ciencia ficción, Fantasía, Acción",260302,"2016-08-12","Paul Feig"
tt10399608,6,2022-12-08,"Cerdita","Cerdita",https://www.imdb.com/title/tt10399608,Película,6.2,99,2022,"Terror, Suspense, Drama",16371,"2022-10-14","Carlota Pereda"
tt0092576,5,2022-11-28,"Aquarius","Deliria",https://www.imdb.com/title/tt0092576,Película,6.6,90,1987,"Suspense, Drama, Terror",10834,"1987-08-21","Michele Soavi"
tt0064618,2,2022-11-25,"Madame und ihre Nichte","Madame und ihre Nichte",https://www.imdb.com/title/tt0064618,Película,4.5,87,1969,"Drama",149,"1969-05-09","Eberhard Schröder"
tt0083866,8,2022-11-25,"E.T. El extraterrestre","E.T. the Extra-Terrestrial",https://www.imdb.com/title/tt0083866,Película,7.9,115,1982,"Aventura, Ciencia ficción, Familiar",475936,"1982-12-06","Steven Spielberg"
tt0861739,7,2022-11-24,"Tropa de élite","Tropa de Elite",https://www.imdb.com/title/tt0861739,Película,8.0,115,2007,"Drama, Crimen, Suspense, Acción",120932,"2008-07-18","José Padilha"
tt12320992,4,2022-11-22,"Annie","Annie",https://www.imdb.com/title/tt12320992,Corto,6.2,13,2020,"Corto, Ciencia ficción",20,"2020-10-31","Miguel Ángel Durán"
tt12996154,2,2022-11-21,"365 días: Aquel día","365 Days: This Day",https://www.imdb.com/title/tt12996154,Película,2.7,111,2022,"Drama, Romance",28881,"2022-04-27","Barbara Bialowas,Tomasz Mandes"
tt11138512,7,2022-11-21,"El hombre del norte","The Northman",https://www.imdb.com/title/tt11138512,Película,7.0,137,2022,"Drama, Aventura, Suspense, Acción, Historia, Fantasía",305506,"2022-04-22","Robert Eggers"
tt10441822,6,2022-11-18,"The nowhere inn","The Nowhere Inn",https://www.imdb.com/title/tt10441822,Película,5.6,91,2020,"Drama, Música, Comedia, Suspense",1778,"2022-05-17","Bill Benz"
tt0066777,2,2022-11-17,"El apartamento de la tentación","El apartamento de la tentación",https://www.imdb.com/title/tt0066777,Película,4.5,96,1971,"Aventura, Romance, Comedia",49,"1971-05-24","Julio Buchs"
tt0091187,5,2022-11-16,"El sargento de hierro","Heartbreak Ridge",https://www.imdb.com/title/tt0091187,Película,6.8,130,1986,"Drama, Bélico",52892,"1989-01-04","Clint Eastwood"
tt0092099,4,2022-11-14,"Top Gun: Ídolos del aire","Top Gun",https://www.imdb.com/title/tt0092099,Película,7.0,109,1986,"Drama, Acción",560049,"1986-08-21","Tony Scott"
tt0082533,6,2022-11-14,"Aullidos","The Howling",https://www.imdb.com/title/tt0082533,Película,6.5,91,1981,"Terror",45180,"1981-06-22","Joe Dante"
tt0084777,6,2022-11-09,"Tenebre","Tenebre",https://www.imdb.com/title/tt0084777,Película,7.0,101,1982,"Suspense, Misterio, Terror",31411,"1984-11-23","Dario Argento"
tt8550054,5,2022-11-09,"Pleasure","Pleasure",https://www.imdb.com/title/tt8550054,Película,6.3,109,2021,"Drama",26886,"2023-04-25","Ninja Thyberg"
tt0120363,5,2022-11-09,"Toy Story 2","Toy Story 2",https://www.imdb.com/title/tt0120363,Película,7.9,92,1999,"Animación, Aventura, Comedia, Familiar, Fantasía",682562,"2000-02-04","John Lasseter,Ash Brannon,Lee Unkrich"
tt16021642,5,2022-11-06,"Apagón","Apagón",https://www.imdb.com/title/tt16021642,Serie de TV,6.7,45,2022,"Drama",751,"2022-09-29",
tt0086200,4,2022-11-04,"Risky Business","Risky Business",https://www.imdb.com/title/tt0086200,Película,6.8,99,1983,"Drama, Crimen, Romance, Comedia",109334,"1984-02-06","Paul Brickman"
tt0073556,5,2022-11-04,"Bella, valiente y buena","La poliziotta fa carriera",https://www.imdb.com/title/tt0073556,Película,4.9,90,1976,"Comedia",354,"1976-02-12","Michele Massimo Tarantini"
tt5108870,3,2022-11-03,"Morbius","Morbius",https://www.imdb.com/title/tt5108870,Película,5.1,104,2022,"Acción, Terror, Suspense, Ciencia ficción, Aventura",174195,"2022-04-01","Daniel Espinosa"
tt4209788,6,2022-11-01,"Molly's Game","Molly's Game",https://www.imdb.com/title/tt4209788,Película,7.4,140,2017,"Drama, Biografía, Crimen",205622,"2018-01-05","Aaron Sorkin"
tt2313064,1,2022-11-01,"La cripta de las condenadas","La cripta de las condenadas",https://www.imdb.com/title/tt2313064,Película,3.9,73,2012,"Terror",90,"2012-10-05","Jesús Franco"
tt15791034,6,2022-10-31,"Barbarian","Barbarian",https://www.imdb.com/title/tt15791034,Película,7.0,102,2022,"Suspense, Terror, Misterio",269118,"2022-10-26","Zach Cregger"
tt11755740,3,2022-10-31,"La matanza de Texas","Texas Chainsaw Massacre",https://www.imdb.com/title/tt11755740,Película,4.7,83,2022,"Terror, Crimen, Suspense, Drama, Misterio",71571,"2022-02-18","David Blue Garcia"
tt11649338,3,2022-10-27,"Black Friday","Black Friday",https://www.imdb.com/title/tt11649338,Película,4.7,84,2021,"Comedia, Terror",10074,"2022-05-01","Casey Tebo"
tt9714030,4,2022-10-27,"France","France",https://www.imdb.com/title/tt9714030,Película,5.9,133,2021,"Comedia, Drama",5647,"2022-04-30","Bruno Dumont"
tt0101272,6,2022-10-24,"La familia Addams","The Addams Family",https://www.imdb.com/title/tt0101272,Película,7.0,99,1991,"Fantasía, Comedia",202840,"1992-04-10","Barry Sonnenfeld"
tt12089564,5,2022-10-22,"Camera Café, la película","Camera Café, la película",https://www.imdb.com/title/tt12089564,Película,4.7,90,2022,"Comedia",977,"2022-03-25","Ernesto Sevilla"
tt19718184,5,2022-10-21,"Last Night in Soho: Deleted Scenes","Last Night in Soho: Deleted Scenes",https://www.imdb.com/title/tt19718184,Vídeo,7.2,10,2022,"Corto, Terror, Misterio, Suspense, Drama",736,"2022-01-31",
tt19728966,5,2022-10-21,"Anya Taylor-Joy: Downtown (Downtempo)","Anya Taylor-Joy: Downtown (Downtempo)",https://www.imdb.com/title/tt19728966,Videoclip,8.0,5,2021,"Música",192,"2021-10-20",
tt13623148,2,2022-10-21,"Yo soy Groot","I Am Groot",https://www.imdb.com/title/tt13623148,Serie de TV,6.7,4,2022,"Animación, Corto, Acción, Aventura, Comedia, Fantasía, Ciencia ficción",47638,"2022-08-10",
tt15318872,5,2022-10-21,"La maldición del hombre lobo","Werewolf by Night",https://www.imdb.com/title/tt15318872,Película de TV,7.1,52,2022,"Terror, Acción, Drama, Misterio, Suspense, Fantasía",81169,"2022-10-07","Michael Giacchino"
tt4530884,4,2022-10-21,"Escupiré sobre tu tumba 3","I Spit on Your Grave III: Vengeance Is Mine",https://www.imdb.com/title/tt4530884,Película,5.1,92,2015,"Terror, Suspense",17989,"2022-03-14","Richard Schenkman"
tt1723816,7,2022-10-17,"Girls","Girls",https://www.imdb.com/title/tt1723816,Serie de TV,7.4,30,2012,"Comedia, Drama",83920,"2012-04-15",
tt0064550,3,2022-10-17,"Komm liebe Maid und mache...","Komm liebe Maid und mache...",https://www.imdb.com/title/tt0064550,Película,4.6,90,1969,"Comedia",161,"1969-04-18","Giuseppe Zaccariello"
tt4357394,5,2022-10-17,"Tau","Tau",https://www.imdb.com/title/tt4357394,Película,5.8,97,2018,"Ciencia ficción, Suspense, Terror",37694,"2018-06-29","Federico D'Alessandro"
tt0061452,3,2022-10-17,"Casino Royale","Casino Royale",https://www.imdb.com/title/tt0061452,Película,5.0,131,1967,"Comedia",35221,"1977-06-23","Ken Hughes,Richard Talmadge"
tt12618926,4,2022-10-15,"Madres paralelas","Madres paralelas",https://www.imdb.com/title/tt12618926,Película,7.1,123,2021,"Drama",40816,"2021-10-08","Pedro Almodóvar"
tt12399056,5,2022-10-13,"Bloodthirsty","Bloodthirsty",https://www.imdb.com/title/tt12399056,Película,4.8,84,2020,"Terror, Suspense, Drama, Música, Misterio",1961,"2021-10-20","Amelia Moses"
tt12004038,6,2022-10-12,"El extraño","Watcher",https://www.imdb.com/title/tt12004038,Película,6.3,96,2022,"Suspense, Drama, Terror, Misterio",62495,"2023-03-17","Chloe Okuno"
tt15471560,8,2022-10-11,"Fumar provoca tos","Fumer fait tousser",https://www.imdb.com/title/tt15471560,Película,6.4,77,2022,"Comedia, Terror, Ciencia ficción",6617,"2022-11-30","Quentin Dupieux"
tt12519030,5,2022-10-11,"Ego","Pahanhautoja",https://www.imdb.com/title/tt12519030,Película,6.2,91,2022,"Terror, Drama, Fantasía",18306,"2022-03-04","Hanna Bergholm"
tt0082334,5,2022-10-11,"El ente","The Entity",https://www.imdb.com/title/tt0082334,Película,6.7,125,1982,"Drama, Terror",20627,"1983-02-04","Sidney J. Furie"
tt13391708,7,2022-10-10,"Los cinco diablos","Les Cinq Diables",https://www.imdb.com/title/tt13391708,Película,6.7,103,2022,"Drama, Fantasía, Romance",6245,"2022-10-21","Léa Mysius"
tt10935560,5,2022-10-10,"Dark Glasses","Occhiali neri",https://www.imdb.com/title/tt10935560,Película,5.2,86,2022,"Suspense, Misterio, Terror",5208,"2025-01-16","Dario Argento"
tt14317880,6,2022-10-09,"Corten!","Coupez!",https://www.imdb.com/title/tt14317880,Película,6.3,112,2022,"Comedia, Terror",5760,"2022-11-04","Michel Hazanavicius"
tt10648342,4,2022-10-06,"Thor: Love and Thunder","Thor: Love and Thunder",https://www.imdb.com/title/tt10648342,Película,6.1,118,2022,"Aventura, Romance, Ciencia ficción, Comedia, Acción",472288,"2022-07-08","Taika Waititi"
tt5867314,6,2022-10-05,"The Empty Man: El mensajero del último día","The Empty Man",https://www.imdb.com/title/tt5867314,Película,6.2,137,2020,"Suspense, Terror, Misterio, Drama",51228,"2021-02-26","David Prior"
tt0413300,4,2022-10-05,"Spider-Man 3","Spider-Man 3",https://www.imdb.com/title/tt0413300,Película,6.3,139,2007,"Acción, Ciencia ficción, Aventura",716973,"2007-05-04","Sam Raimi"
tt0316654,6,2022-10-03,"Spider-Man 2","Spider-Man 2",https://www.imdb.com/title/tt0316654,Película,7.5,127,2004,"Ciencia ficción, Aventura, Acción",805581,"2004-07-14","Sam Raimi"
tt0106956,3,2022-10-03,"Framed","Framed",https://www.imdb.com/title/tt0106956,Miniserie de TV,6.6,60,1992,"Crimen, Suspense",442,"1992-11-27",
tt0443706,7,2022-10-02,"Zodiac","Zodiac",https://www.imdb.com/title/tt0443706,Película,7.7,157,2007,"Drama, Suspense, Crimen, Misterio",686247,"2007-05-18","David Fincher"
tt0812221,2,2022-09-30,"Café solo... o con ellas","Café solo o con ellas",https://www.imdb.com/title/tt0812221,Película,5.0,94,2007,"Comedia, Romance",464,"2007-06-29","Álvaro Díaz Lorenzo"
tt0079766,8,2022-09-29,"Quadrophenia","Quadrophenia",https://www.imdb.com/title/tt0079766,Película,7.2,120,1979,"Música, Drama",22783,"1979-10-12","Franc Roddam"
tt1512235,6,2022-09-29,"Super","Super",https://www.imdb.com/title/tt1512235,Película,6.7,96,2010,"Comedia, Crimen, Acción",87719,"2011-06-10","James Gunn"
tt9806370,5,2022-09-27,"The Owners (Los propietarios)","The Owners",https://www.imdb.com/title/tt9806370,Película,5.0,92,2020,"Suspense, Terror, Comedia, Crimen, Misterio",10921,"2021-03-05","Julius Berg"
tt9639470,6,2022-09-25,"Última noche en el Soho","Last Night in Soho",https://www.imdb.com/title/tt9639470,Película,7.0,116,2021,"Terror, Suspense, Drama, Misterio",201944,"2021-11-19","Edgar Wright"
tt8466564,4,2022-09-24,"Obi-Wan Kenobi","Obi-Wan Kenobi",https://www.imdb.com/title/tt8466564,Miniserie de TV,7.0,45,2022,"Ciencia ficción, Acción, Aventura",266475,"2022-05-27",
tt11388406,5,2022-09-24,"Horse Girl","Horse Girl",https://www.imdb.com/title/tt11388406,Película,6.0,103,2020,"Drama, Misterio, Suspense",22106,"2020-02-07","Jeff Baena"
tt0109727,3,2022-09-19,"Enciende mi pasión","Enciende mi pasión",https://www.imdb.com/title/tt0109727,Película,5.3,85,1994,"Drama",89,"1994-10-14","José Ganga"
tt14522892,6,2022-09-19,"Ramona","Ramona",https://www.imdb.com/title/tt14522892,Película,6.2,80,2022,"Drama, Comedia, Romance",509,"2023-05-17","Andrea Bagney"
tt1877830,6,2022-09-17,"The Batman","The Batman",https://www.imdb.com/title/tt1877830,Película,7.8,176,2022,"Crimen, Misterio, Acción, Drama",946083,"2022-03-04","Matt Reeves"
tt0087350,5,2022-09-15,"Goma-2","Goma-2",https://www.imdb.com/title/tt0087350,Película,5.1,98,1984,"Drama, Acción",235,"1984-05-10","José Antonio de la Loma"
tt12439404,5,2022-09-15,"Ultrainocencia","Ultrainocencia",https://www.imdb.com/title/tt12439404,Película,7.1,95,2020,"Ciencia ficción, Comedia",65,"2022-11-21","Manuel Arija de la Cuerda"
tt0044502,6,2022-09-15,"Encuentro en la noche","Clash by Night",https://www.imdb.com/title/tt0044502,Película,7.0,105,1952,"Cine negro, Romance, Drama",8429,"1952-06-06","Fritz Lang"
tt0056869,7,2022-09-15,"Los pájaros","The Birds",https://www.imdb.com/title/tt0056869,Película,7.6,119,1963,"Drama, Misterio, Romance, Terror",221858,"1963-03-29","Alfred Hitchcock"
tt10011228,5,2022-09-15,"Hunted","Hunted",https://www.imdb.com/title/tt10011228,Película,5.3,87,2020,"Suspense, Acción, Terror",2914,"2021-10-06","Vincent Paronnaud"
tt0062512,6,2022-09-15,"Sólo se vive dos veces","You Only Live Twice",https://www.imdb.com/title/tt0062512,Película,6.8,117,1967,"Aventura, Suspense, Acción",128586,"1967-06-13","Lewis Gilbert"
tt11410000,4,2022-09-14,"El káiser de la Atlántida","The Kaiser of Atlantis",https://www.imdb.com/title/tt11410000,Película,7.3,77,2022,"Documental",17,"2022-03-22","Sebastián Alfie"
tt14902022,4,2022-09-14,"La Función","La función",https://www.imdb.com/title/tt14902022,Película,6.0,93,2024,"Misterio",10,"2024-04-05","Jose Gasset"
tt21289538,6,2022-09-12,"La Cocina de los Hombres","La Cocina de los Hombres",https://www.imdb.com/title/tt21289538,Película,null,93,2022,"Documental",0,"2022-03-24","Sílvia Subirós"
tt2537176,5,2022-09-07,"Escupiré sobre tu tumba 2","I Spit on Your Grave 2",https://www.imdb.com/title/tt2537176,Película,5.7,106,2013,"Terror, Suspense",36844,"2013-09-05","Steven R. Monroe"
tt9419884,6,2022-09-07,"Doctor Strange en el multiverso de la locura","Doctor Strange in the Multiverse of Madness",https://www.imdb.com/title/tt9419884,Película,6.8,126,2022,"Acción, Fantasía, Aventura, Ciencia ficción",557412,"2022-05-06","Sam Raimi"
tt10370710,7,2022-09-03,"La peor persona del mundo","Verdens verste menneske",https://www.imdb.com/title/tt10370710,Película,7.7,128,2021,"Comedia, Drama, Romance",131569,"2022-03-11","Joachim Trier"
tt6710474,8,2022-09-03,"Todo a la vez en todas partes","Everything Everywhere All at Once",https://www.imdb.com/title/tt6710474,Película,7.7,139,2022,"Ciencia ficción, Aventura, Comedia, Fantasía, Acción, Drama",659662,"2022-06-03","Daniel Kwan,Daniel Scheinert"
tt11809034,6,2022-09-02,"Kenshin, el guerrero samurái: El final","Rurôni Kenshin: Sai shûshô - The Final",https://www.imdb.com/title/tt11809034,Película,7.2,138,2021,"Acción, Drama, Aventura, Historia",12410,"2021-06-18","Keishi Otomo"
tt11930126,7,2022-09-02,"Alcarràs","Alcarràs",https://www.imdb.com/title/tt11930126,Película,7.0,120,2022,"Drama",9609,"2022-04-29","Carla Simón"
tt14039582,8,2022-08-27,"Drive My Car","Doraibu mai kâ",https://www.imdb.com/title/tt14039582,Película,7.5,179,2021,"Drama",77818,"2022-02-04","Ryūsuke Hamaguchi"
tt8368408,4,2022-08-23,"Gunpowder Milkshake (Cóctel explosivo)","Gunpowder Milkshake",https://www.imdb.com/title/tt8368408,Película,6.1,114,2021,"Suspense, Acción, Crimen",56350,"2021-09-10","Navot Papushado"
tt0093773,6,2022-08-18,"Depredador","Predator",https://www.imdb.com/title/tt0093773,Película,7.8,107,1987,"Terror, Aventura, Ciencia ficción, Acción",505740,"1987-08-20","John McTiernan"
tt9110170,6,2022-08-18,"Wrong Turn: Sendero al infierno","Wrong Turn",https://www.imdb.com/title/tt9110170,Película,5.6,109,2021,"Suspense, Terror, Drama, Misterio",43399,"2021-07-23","Mike P. Nelson"
tt0114681,6,2022-08-16,"Todo por un sueño","To Die For",https://www.imdb.com/title/tt0114681,Película,6.8,106,1995,"Crimen, Drama, Suspense, Comedia",60870,"1995-10-18","Gus Van Sant"
tt0060782,6,2022-08-12,"Hace un millón de años","One Million Years B.C.",https://www.imdb.com/title/tt0060782,Película,5.7,100,1966,"Fantasía, Comedia, Aventura",10630,"1966-12-30","Don Chaffey"
tt0173716,7,2022-08-12,"Cecil B. Demente","Cecil B. Demented",https://www.imdb.com/title/tt0173716,Película,6.3,87,2000,"Crimen, Suspense, Comedia",16873,"2000-11-02","John Waters"
tt1397280,3,2022-08-11,"Venganza: Conexión Estambul","Taken 2",https://www.imdb.com/title/tt1397280,Película,6.2,92,2012,"Acción, Suspense, Crimen",338891,"2012-10-05","Olivier Megaton"
tt15792336,7,2022-08-11,"Harta","Harta",https://www.imdb.com/title/tt15792336,Corto,7.4,23,2021,"Corto, Drama",76,"2021-11-06","Júlia de Paz"
tt14077696,7,2022-08-11,"Maixabel","Maixabel",https://www.imdb.com/title/tt14077696,Película,7.1,115,2021,"Drama, Biografía",4132,"2021-09-24","Icíar Bollaín"
tt0098604,5,2022-08-09,"Visions of Ecstasy","Visions of Ecstasy",https://www.imdb.com/title/tt0098604,Corto,5.2,18,1989,"Corto, Terror, Suspense",616,,"Nigel Wingrove"
tt5034838,5,2022-08-09,"Godzilla vs. Kong","Godzilla vs. Kong",https://www.imdb.com/title/tt5034838,Película,6.3,113,2021,"Ciencia ficción, Acción, Suspense",270455,"2021-03-26","Adam Wingard"
tt11286314,7,2022-08-08,"No mires arriba","Don't Look Up",https://www.imdb.com/title/tt11286314,Película,7.1,138,2021,"Comedia, Drama, Ciencia ficción",679312,"2021-12-24","Adam McKay"
tt0064105,6,2022-08-08,"El bosque del lobo","El bosque del lobo",https://www.imdb.com/title/tt0064105,Película,6.2,90,1970,"Terror, Drama",663,"1970-04-19","Pedro Olea"
tt0064344,3,2022-08-05,"Los pecados de la casta Susana","Frau Wirtin hat auch eine Nichte",https://www.imdb.com/title/tt0064344,Película,5.0,98,1969,"Comedia",124,"1969-08-14","Franz Antel"
tt0038057,6,2022-08-04,"Perversidad","Scarlet Street",https://www.imdb.com/title/tt0038057,Película,7.7,102,1945,"Drama, Suspense, Crimen, Cine negro",21588,"1945-12-28","Fritz Lang"
tt15144526,4,2022-08-03,"Valldaura: A Quarantine Cabin","Valldaura: A Quarantine Cabin",https://www.imdb.com/title/tt15144526,Película,6.7,79,2022,"Documental",9,"2022-05-13","Manuel Lógar"
tt10872600,7,2022-08-03,"Spider-Man: No Way Home","Spider-Man: No Way Home",https://www.imdb.com/title/tt10872600,Película,8.1,148,2021,"Acción, Aventura, Ciencia ficción, Fantasía",1067161,"2021-12-16","Jon Watts"
tt6017756,5,2022-08-02,"Madame Curie","Radioactive",https://www.imdb.com/title/tt6017756,Película,6.3,109,2019,"Drama, Biografía, Romance",24502,"2020-12-04","Marjane Satrapi"
tt2363101,3,2022-08-02,"Corazón azul","Corazón azul",https://www.imdb.com/title/tt2363101,Película,6.5,103,2021,"Drama, Ciencia ficción, Suspense, Terror",64,"2025-07-01","Miguel Coyula"
tt0244624,3,2022-08-02,"Lázaro de Tormes","Lázaro de Tormes",https://www.imdb.com/title/tt0244624,Película,5.9,88,2000,"Drama, Comedia",214,"2000-11-24","Fernando Fernán Gómez,José Luis García Sánchez"
tt15119666,7,2022-08-01,"Atlantide","Atlantide",https://www.imdb.com/title/tt15119666,Película,6.4,100,2021,"Drama",586,"2021-11-22","Yuri Ancarani"
tt0063707,5,2022-08-01,"Top Sensation","Top Sensation",https://www.imdb.com/title/tt0063707,Película,5.4,86,1969,"Suspense, Terror, Drama",846,"1969-03-29","Ottavio Alessi"
tt0059792,5,2022-07-29,"Terror en el espacio","Terrore nello spazio",https://www.imdb.com/title/tt0059792,Película,6.2,88,1965,"Acción, Aventura, Ciencia ficción, Terror",8327,"1965-09-15","Mario Bava"
tt13648220,6,2022-07-29,"Misha y los lobos","Misha and the Wolves",https://www.imdb.com/title/tt13648220,Película,6.6,90,2021,"Documental, Drama",3663,"2021-09-03","Sam Hobkinson"
tt0311113,4,2022-07-27,"Master and Commander: Al otro lado del mundo","Master and Commander: The Far Side of the World",https://www.imdb.com/title/tt0311113,Película,7.5,138,2003,"Bélico, Drama, Aventura, Acción",258873,"2003-11-28","Peter Weir"
tt9464038,6,2022-07-26,"El limpiaparabrisas","The Windshield Wiper",https://www.imdb.com/title/tt9464038,Corto,6.9,15,2021,"Animación, Corto, Romance, Fantasía, Drama",3413,"2021-10-24","Alberto Mielgo"
tt0075860,7,2022-07-26,"Encuentros en la tercera fase","Close Encounters of the Third Kind",https://www.imdb.com/title/tt0075860,Película,7.6,138,1977,"Ciencia ficción, Drama",238228,"1978-03-17","Steven Spielberg"
tt0104545,7,2022-07-22,"Jamón Jamón","Jamón Jamón",https://www.imdb.com/title/tt0104545,Película,6.4,95,1992,"Romance, Comedia, Drama",17019,"1992-09-04","Bigas Luna"
tt0910970,8,2022-07-20,"WALL·E","WALL·E",https://www.imdb.com/title/tt0910970,Película,8.4,98,2008,"Animación, Ciencia ficción, Aventura, Familiar",1338520,"2008-08-06","Andrew Stanton"
tt0266543,7,2022-07-20,"Buscando a Nemo","Finding Nemo",https://www.imdb.com/title/tt0266543,Película,8.2,100,2003,"Animación, Familiar, Comedia, Aventura",1222741,"2003-11-28","Andrew Stanton,Lee Unkrich"
tt0074958,8,2022-07-16,"Network, un mundo implacable","Network",https://www.imdb.com/title/tt0074958,Película,8.0,121,1976,"Drama",187364,"1977-05-16","Sidney Lumet"
tt3900580,6,2022-07-16,"Un otoño sin Berlín","Un otoño sin Berlín",https://www.imdb.com/title/tt3900580,Película,5.7,95,2015,"Drama",423,"2015-11-13","Lara Izagirre"
tt0066730,7,2022-07-15,"El estrangulador de Rillington Place","10 Rillington Place",https://www.imdb.com/title/tt0066730,Película,7.5,111,1971,"Biografía, Suspense, Crimen, Drama",11038,"1973-11-20","Richard Fleischer"
tt6566576,3,2022-07-14,"La calle del terror - Parte 1: 1994","Fear Street: 1994",https://www.imdb.com/title/tt6566576,Película,6.2,107,2021,"Misterio, Terror, Drama",111979,"2021-07-02","Leigh Janiak"
tt0034881,5,2022-07-11,"Me casé con una bruja","I Married a Witch",https://www.imdb.com/title/tt0034881,Película,7.1,77,1942,"Fantasía, Romance, Comedia",10983,"1942-10-30","René Clair"
tt0416492,3,2022-07-11,"El año de la garrapata","El año de la garrapata",https://www.imdb.com/title/tt0416492,Película,5.9,87,2004,"Comedia, Romance",445,"2004-08-20","Jorge Coira"
tt2548396,3,2022-07-11,"The Cloverfield Paradox","The Cloverfield Paradox",https://www.imdb.com/title/tt2548396,Película,5.5,102,2018,"Ciencia ficción, Suspense, Terror",122405,"2018-02-05","Julius Onah"
tt21150244,6,2022-07-10,"In Broad Daylight","In Broad Daylight",https://www.imdb.com/title/tt21150244,Película,5.4,110,2022,"Drama",11,"2022-07-06","Emmanuel Tardif"
tt0062991,3,2022-07-09,"Frau Wirtin hat auch einen Grafen","Frau Wirtin hat auch einen Grafen",https://www.imdb.com/title/tt0062991,Película,4.4,90,1968,"Aventura, Drama, Comedia",156,"1968-11","Franz Antel"
tt0098048,2,2022-07-06,"Gor II Fuera de la ley de Gor","Outlaw of Gor",https://www.imdb.com/title/tt0098048,Película,2.5,89,1988,"Ciencia ficción, Fantasía, Acción",2224,"1988-12","John 'Bud' Cardos"
tt0314412,7,2022-07-06,"Mi vida sin mí","My Life Without Me",https://www.imdb.com/title/tt0314412,Película,7.4,106,2003,"Romance, Drama",26724,"2003-03-07","Isabel Coixet"
tt14549466,8,2022-07-06,"Crímenes del futuro","Crimes of the Future",https://www.imdb.com/title/tt14549466,Película,5.8,107,2022,"Terror, Ciencia ficción, Drama, Suspense",47505,"2022-09-23","David Cronenberg"
tt15010292,7,2022-07-05,"Flux Gourmet","Flux Gourmet",https://www.imdb.com/title/tt15010292,Película,5.8,111,2022,"Drama, Comedia, Terror",3759,"2022-09-30","Peter Strickland"
tt16227002,6,2022-07-04,"War Pony","War Pony",https://www.imdb.com/title/tt16227002,Película,6.8,115,2022,"Drama",3093,"2023-06-09","Gina Gammell,Riley Keough"
tt1935897,3,2022-07-04,"Amityville: El despertar","Amityville: The Awakening",https://www.imdb.com/title/tt1935897,Película,4.9,87,2017,"Terror, Suspense",16940,"2018-02-02","Franck Khalfoun"
tt16377714,7,2022-07-03,"Leonor Will Never Die","Leonor Will Never Die",https://www.imdb.com/title/tt16377714,Película,6.6,101,2022,"Drama, Acción, Comedia",929,"2023-04-07","Martika Ramirez Escobar"
tt0177789,5,2022-07-01,"Héroes fuera de órbita","Galaxy Quest",https://www.imdb.com/title/tt0177789,Película,7.4,102,1999,"Aventura, Ciencia ficción, Comedia",193062,"2000-04-14","Dean Parisot"
tt0936501,5,2022-07-01,"Venganza","Taken",https://www.imdb.com/title/tt0936501,Película,7.7,90,2008,"Acción, Suspense, Crimen",677494,"2008-08-08","Pierre Morel"
tt10919380,5,2022-06-29,"Este cuerpo me sienta de muerte","Freaky",https://www.imdb.com/title/tt10919380,Película,6.3,102,2020,"Suspense, Terror, Comedia",82928,"2021-05-14","Christopher Landon"
tt8422726,5,2022-06-27,"Josefina","Josefina",https://www.imdb.com/title/tt8422726,Película,5.9,90,2021,"Drama, Romance",411,"2021-09-19","Javier Marco"
tt12775698,2,2022-06-24,"Crónicas urbanas: La vida exclusiva","Crónicas urbanas: La vida exclusiva",https://www.imdb.com/title/tt12775698,Episodio de TV,null,,1991,"Drama",0,"1991-04-16","Ricardo Palacios"
tt0085672,6,2022-06-23,"El desafío de Hércules","Hercules",https://www.imdb.com/title/tt0085672,Película,4.2,98,1983,"Historia, Aventura, Fantasía",4937,"1984-06-28","Luigi Cozzi"
tt0118937,4,2022-06-22,"¿De qué se ríen las mujeres?","¿De qué se ríen las mujeres?",https://www.imdb.com/title/tt0118937,Película,5.4,109,1997,"Romance, Comedia",337,"1997-02-25","Joaquín Oristrell"
tt0067824,6,2022-06-22,"Karate a muerte en Bangkok","Tang shan da xiong",https://www.imdb.com/title/tt0067824,Película,6.9,100,1971,"Suspense, Drama, Crimen, Acción",32000,"1978-01-20","Wei Lo,Chia-Hsiang Wu"
tt13403046,6,2022-06-19,"Fresh","Fresh",https://www.imdb.com/title/tt13403046,Película,6.7,114,2022,"Suspense, Terror, Comedia, Romance",94971,"2022-03-04","Mimi Cave"
tt7772582,7,2022-06-18,"Nunca, casi nunca, a veces, siempre","Never Rarely Sometimes Always",https://www.imdb.com/title/tt7772582,Película,7.3,101,2020,"Drama",29941,"2020-04-03","Eliza Hittman"
tt0059012,5,2022-06-18,"Campanadas a medianoche","Campanadas a medianoche",https://www.imdb.com/title/tt0059012,Película,7.6,113,1965,"Historia, Drama, Bélico, Comedia",11303,"1966-11-17","Orson Welles"
tt9847360,5,2022-06-17,"Un fallo en Matrix","A Glitch in the Matrix",https://www.imdb.com/title/tt9847360,Película,5.2,108,2021,"Documental",2403,"2021-11-18","Rodney Ascher"
tt0057187,6,2022-06-17,"Irma la dulce","Irma la Douce",https://www.imdb.com/title/tt0057187,Película,7.3,147,1963,"Romance, Comedia",24452,"1963-07-05","Billy Wilder"
tt0046250,4,2022-06-17,"Vacaciones en Roma","Roman Holiday",https://www.imdb.com/title/tt0046250,Película,8.0,118,1953,"Comedia, Drama, Romance",158622,"1953-09-02","William Wyler"
tt10096842,6,2022-06-13,"Oscura verdad","False Positive",https://www.imdb.com/title/tt10096842,Película,4.6,92,2021,"Terror, Misterio, Suspense",8347,"2022-02-21","John Lee"
tt0326835,4,2022-06-08,"El punto sobre la i","Dot the I",https://www.imdb.com/title/tt0326835,Película,6.7,92,2003,"Romance, Suspense, Drama",9189,"2003-10-31","Matthew Parkhill"
tt0368447,4,2022-06-08,"El bosque (The Village)","The Village",https://www.imdb.com/title/tt0368447,Película,6.6,108,2004,"Suspense, Misterio, Drama",298820,"2004-09-24","M. Night Shyamalan"
tt7984766,6,2022-06-08,"The King","The King",https://www.imdb.com/title/tt7984766,Película,7.3,140,2019,"Drama, Biografía, Historia, Bélico",182260,"2019-11-01","David Michôd"
tt1160419,8,2022-06-06,"Dune","Dune: Part One",https://www.imdb.com/title/tt1160419,Película,8.0,155,2021,"Ciencia ficción, Aventura, Drama, Acción",1086474,"2021-09-17","Denis Villeneuve"
tt0100157,7,2022-06-06,"Misery","Misery",https://www.imdb.com/title/tt0100157,Película,7.8,107,1990,"Drama, Suspense",268658,"1991-04-11","Rob Reiner"
tt0050766,7,2022-06-05,"La noche del demonio","Night of the Demon",https://www.imdb.com/title/tt0050766,Película,7.4,82,1957,"Misterio, Suspense, Fantasía, Terror",17609,"1958-02-28","Jacques Tourneur"
tt10048342,5,2022-06-04,"Gambito de dama","The Queen's Gambit",https://www.imdb.com/title/tt10048342,Miniserie de TV,8.5,60,2020,"Drama",675914,"2020-10-23",
tt7983894,4,2022-06-04,"Ammonite","Ammonite",https://www.imdb.com/title/tt7983894,Película,6.5,117,2020,"Drama, Historia, Romance",27112,"2021-05-15","Francis Lee"
tt10698452,6,2022-06-03,"Hozier: Dinner & Diatribes","Hozier: Dinner & Diatribes",https://www.imdb.com/title/tt10698452,Videoclip,7.5,4,2019,"Música, Terror",273,"2019-03-01","Anthony Byrne"
tt0067963,3,2022-06-03,"Delicias holandesas","Wat zien ik",https://www.imdb.com/title/tt0067963,Película,5.8,90,1971,"Comedia",1436,"1971-09-10","Paul Verhoeven"
tt0145660,5,2022-05-31,"Austin Powers: La espía que me achuchó","Austin Powers: The Spy Who Shagged Me",https://www.imdb.com/title/tt0145660,Película,6.7,95,1999,"Acción, Aventura, Crimen, Comedia",264425,"1999-09-24","Jay Roach"
tt1423922,6,2022-05-28,"De tu ventana a la mía","De tu ventana a la mía",https://www.imdb.com/title/tt1423922,Película,6.2,98,2011,"Drama",1248,"2012-03-09","Paula Ortiz"
tt8178486,5,2022-05-19,"La música del terremoto","Earthquake Bird",https://www.imdb.com/title/tt8178486,Película,6.0,107,2019,"Suspense, Crimen, Romance, Drama, Misterio",16491,"2019-11-15","Wash Westmoreland"
tt7097896,3,2022-05-18,"Venom: Habrá matanza","Venom: Let There Be Carnage",https://www.imdb.com/title/tt7097896,Película,5.9,97,2021,"Acción, Suspense, Ciencia ficción, Aventura, Fantasía, Terror, Crimen",310287,"2021-10-15","Andy Serkis"
tt0062969,2,2022-05-18,"La rebelión de los cosacos","Il figlio di Aquila Nera",https://www.imdb.com/title/tt0062969,Película,5.4,91,1968,"Historia, Romance, Drama, Aventura",72,"1968-08-23","Guido Malatesta"
tt1536537,5,2022-05-18,"Siete hermanas","What Happened to Monday",https://www.imdb.com/title/tt1536537,Película,6.8,123,2017,"Suspense, Ciencia ficción, Acción, Crimen, Misterio, Fantasía",146048,"2017-08-18","Tommy Wirkola"
tt0211443,2,2022-05-13,"Jason X","Jason X",https://www.imdb.com/title/tt0211443,Película,4.5,92,2001,"Suspense, Acción, Ciencia ficción, Terror",67509,"2001-11-09","James Isaac"
tt0089153,6,2022-05-13,"Los señores del acero","Flesh+Blood",https://www.imdb.com/title/tt0089153,Película,6.7,126,1985,"Drama, Aventura",22517,"1988-06-07","Paul Verhoeven"
tt0715270,6,2022-05-12,"Serie rosa: Elle et lui","Série rose: Elle et lui",https://www.imdb.com/title/tt0715270,Episodio de TV,6.2,,1991,"Comedia",24,"1991-04-26","Jaime Chávarri"
tt0067140,5,2022-05-09,"¡Agáchate, maldito!","Giù la testa",https://www.imdb.com/title/tt0067140,Película,7.5,157,1971,"Bélico, Drama, Del oeste",40620,"1972-04-14","Sergio Leone"
tt1731697,7,2022-05-09,"The lords of Salem","The Lords of Salem",https://www.imdb.com/title/tt1731697,Película,5.2,101,2012,"Suspense, Terror",34492,"2013-04-18","Rob Zombie"
tt0180073,6,2022-05-07,"Quills","Quills",https://www.imdb.com/title/tt0180073,Película,7.2,124,2000,"Biografía, Drama",59343,"2001-03-02","Philip Kaufman"
tt10234724,5,2022-05-07,"Caballero Luna","Moon Knight",https://www.imdb.com/title/tt10234724,Miniserie de TV,7.3,50,2022,"Acción, Aventura, Fantasía",318236,"2022-03-30",
tt0292886,6,2022-05-03,"800 balas","800 balas",https://www.imdb.com/title/tt0292886,Película,6.3,124,2002,"Acción, Drama, Del oeste, Aventura, Suspense, Comedia",4984,"2002-10-18","Álex de la Iglesia"
tt0095241,2,2022-05-01,"Gor","Gor",https://www.imdb.com/title/tt0095241,Película,3.6,94,1987,"Ciencia ficción, Aventura, Fantasía, Acción",2602,"1988-02","Fritz Kiersch"
tt10293406,4,2022-05-01,"El poder del perro","The Power of the Dog",https://www.imdb.com/title/tt10293406,Película,6.8,126,2021,"Drama, Del oeste",244729,"2021-12-01","Jane Campion"
tt0379786,3,2022-04-28,"Serenity","Serenity",https://www.imdb.com/title/tt0379786,Película,7.8,119,2005,"Acción, Aventura, Ciencia ficción, Suspense",316999,"2005-10-21","Joss Whedon"
tt2999204,5,2022-04-28,"Endeavour: Nocturne","Endeavour: Nocturne",https://www.imdb.com/title/tt2999204,Episodio de TV,8.5,91,2014,"Drama, Misterio, Crimen",1664,"2014-04-06","Giuseppe Capotondi"
tt0050783,6,2022-04-24,"Las noches de Cabiria","Le notti di Cabiria",https://www.imdb.com/title/tt0050783,Película,8.1,110,1957,"Drama",57533,"1957-10-16","Federico Fellini"
tt0257044,7,2022-04-23,"Camino a la perdición","Road to Perdition",https://www.imdb.com/title/tt0257044,Película,7.6,117,2002,"Suspense, Crimen, Drama",302596,"2002-09-06","Sam Mendes"
tt0074501,3,2022-04-21,"Eva negra","Eva nera",https://www.imdb.com/title/tt0074501,Película,4.4,98,1976,"Drama, Terror",923,"1976-08-05","Joe D'Amato"
tt0095583,4,2022-04-20,"Maniac Cop","Maniac Cop",https://www.imdb.com/title/tt0095583,Película,6.0,85,1988,"Misterio, Crimen, Terror, Acción",23854,"1988-05-13","William Lustig"
tt3811906,6,2022-04-17,"Maligno","Malignant",https://www.imdb.com/title/tt3811906,Película,6.2,111,2021,"Terror, Crimen, Misterio",122860,"2021-09-03","James Wan"
tt12806074,4,2022-04-13,"¡Ni te me acerques!","¡Ni te me acerques!",https://www.imdb.com/title/tt12806074,Película,4.5,96,2020,"Comedia",137,"2020-11-13","Norberto Ramos del Val"
tt0087538,5,2022-04-12,"Karate Kid (El momento de la verdad)","The Karate Kid",https://www.imdb.com/title/tt0087538,Película,7.4,126,1984,"Drama, Deporte, Familiar, Acción",274198,"1984-11-16","John G. Avildsen"
tt0097647,5,2022-04-12,"Karate Kid III: El desafío final","The Karate Kid Part III",https://www.imdb.com/title/tt0097647,Película,5.4,112,1989,"Deporte, Drama, Familiar, Acción",78604,"1989-07-31","John G. Avildsen"
tt3312058,1,2022-04-12,"El día del padre","El día del padre",https://www.imdb.com/title/tt3312058,Película,5.7,80,2013,"Drama",41,"2013-11-16","Alberto Carpintero"
tt8193622,5,2022-04-08,"Los mundos de Yupi: Las manzanas","Los mundos de Yupi: Las manzanas",https://www.imdb.com/title/tt8193622,Episodio de TV,null,,1990,"Familiar",0,"1990-10-01","Vicente Amadeo,Juan Moll,Antonio Torets"
tt0091326,5,2022-04-07,"Karate Kid II... La historia continúa","The Karate Kid Part II",https://www.imdb.com/title/tt0091326,Película,6.2,113,1986,"Deporte, Familiar, Acción",110921,"1986-08-14","John G. Avildsen"
tt11126994,4,2022-04-07,"Arcane","Arcane: League of Legends",https://www.imdb.com/title/tt11126994,Serie de TV,9.0,40,2021,"Animación, Acción, Aventura, Drama, Fantasía, Ciencia ficción",454737,"2021-11-07",
tt8246392,6,2022-04-07,"Furie","Furie",https://www.imdb.com/title/tt8246392,Película,5.6,97,2019,"Suspense, Terror, Drama",3486,"2019-11-06","Olivier Abbou"
tt0070583,3,2022-04-02,"La pícara y ardiente Ubalda","Quel gran pezzo della Ubalda tutta nuda e tutta calda",https://www.imdb.com/title/tt0070583,Película,5.1,91,1972,"Comedia",676,"1972-10-12","Mariano Laurenti"
tt0085276,6,2022-03-31,"Vivir sin aliento","Breathless",https://www.imdb.com/title/tt0085276,Película,6.0,100,1983,"Romance, Drama, Suspense, Acción",12102,"1983-05-13","Jim McBride"
tt11307724,6,2022-03-28,"John y el hoyo","John and the Hole",https://www.imdb.com/title/tt11307724,Película,5.1,103,2021,"Drama, Suspense, Terror",6970,"2022-01-04","Pascual Sisto"
tt0101431,5,2022-03-28,"Beltenebros","Beltenebros",https://www.imdb.com/title/tt0101431,Película,5.7,109,1991,"Suspense, Crimen, Drama",374,"1991-12-13","Pilar Miró"
tt4244994,5,2022-03-26,"El último duelo","The Last Duel",https://www.imdb.com/title/tt4244994,Película,7.3,152,2021,"Drama, Historia, Suspense",209748,"2021-10-29","Ridley Scott"
tt10272386,7,2022-03-23,"El padre","The Father",https://www.imdb.com/title/tt10272386,Película,8.2,97,2020,"Drama, Misterio",248989,"2020-12-23","Florian Zeller"
tt10954652,5,2022-03-23,"Tiempo","Old",https://www.imdb.com/title/tt10954652,Película,5.8,108,2021,"Suspense, Drama, Misterio",186021,"2021-07-30","M. Night Shyamalan"
tt9292490,4,2022-03-21,"Mecano: La fuerza del destino","Mecano: La fuerza del destino",https://www.imdb.com/title/tt9292490,Videoclip,5.9,6,1989,"Música",41,"1989-04-03","Lucio Villalba"
tt7025710,5,2022-03-21,"Crossmaglen","Crossmaglen",https://www.imdb.com/title/tt7025710,Corto,5.9,18,2018,"Corto",122,"2018","Beau Ferris"
tt0079617,7,2022-03-20,"La verdad sobre el caso Savolta","La verdad sobre el caso Savolta",https://www.imdb.com/title/tt0079617,Película,6.2,120,1980,"Historia, Drama",242,"1980-08-25","Antonio Drove"
tt6229030,6,2022-03-17,"Matar a Dios","Matar a Dios",https://www.imdb.com/title/tt6229030,Película,6.2,92,2017,"Comedia, Terror, Misterio",1669,"2018-12-27","Caye Casas,Albert Pintó"
tt7069210,4,2022-03-16,"Expediente Warren: Obligado por el demonio","The Conjuring: The Devil Made Me Do It",https://www.imdb.com/title/tt7069210,Película,6.2,112,2021,"Terror, Misterio, Suspense",172909,"2021-06-04","Michael Chaves"
tt10886166,3,2022-03-12,"365 días","365 dni",https://www.imdb.com/title/tt10886166,Película,3.3,114,2020,"Drama, Romance",109966,"2020-06-07","Barbara Bialowas,Tomasz Mandes"
tt0314331,7,2022-03-08,"Love Actually","Love Actually",https://www.imdb.com/title/tt0314331,Película,7.5,135,2003,"Drama, Romance, Comedia",583694,"2003-11-21","Richard Curtis"
tt0063537,5,2022-03-07,"Samoa, regina della giungla","Samoa, regina della giungla",https://www.imdb.com/title/tt0063537,Película,4.6,89,1968,"Aventura, Crimen, Romance, Suspense",177,"1968-03-08","Guido Malatesta"
tt0078466,6,2022-03-06,"Los violadores del amanecer","Los violadores del amanecer",https://www.imdb.com/title/tt0078466,Película,4.4,92,1978,"Crimen, Drama, Suspense, Terror",442,"1978-05-03","Ignacio F. Iquino"
tt0062150,3,2022-03-02,"Mujeres prehistóricas","Slave Girls",https://www.imdb.com/title/tt0062150,Película,4.5,95,1967,"Aventura, Fantasía",1491,"1967-07-07","Michael Carreras"
tt3741700,3,2022-02-26,"Godzilla: Rey de los monstruos","Godzilla: King of the Monsters",https://www.imdb.com/title/tt3741700,Película,6.0,132,2019,"Acción, Aventura, Ciencia ficción, Fantasía",231920,"2019-06-21","Michael Dougherty"
tt0103030,4,2022-02-23,"Tacones lejanos","Tacones lejanos",https://www.imdb.com/title/tt0103030,Película,7.0,112,1991,"Comedia, Romance, Drama",19074,"1991-10-23","Pedro Almodóvar"
tt1016301,6,2022-02-23,"La habitación de Fermat","La habitación de Fermat",https://www.imdb.com/title/tt1016301,Película,6.6,89,2007,"Suspense, Misterio",24104,"2007-11-16","Luis Piedrahita,Rodrigo Sopeña"
tt13066182,5,2022-02-19,"El buen patrón","El buen patrón",https://www.imdb.com/title/tt13066182,Película,7.1,116,2021,"Comedia, Drama",16838,"2021-10-15","Fernando León de Aranoa"
tt5477566,5,2022-02-15,"Barry","Barry",https://www.imdb.com/title/tt5477566,Película,6.0,104,2016,"Drama, Biografía",8147,"2016-12-16","Vikram Gandhi"
tt17135532,7,2022-02-13,"El Nombre de las Cosas","El Nombre de las Cosas",https://www.imdb.com/title/tt17135532,Corto,null,43,2022,"Corto",0,"2022-01-26","Diego Escobar"
tt16980836,5,2022-02-13,"Tornar-se um Homem na Idade Média","Tornar-se um Homem na Idade Média",https://www.imdb.com/title/tt16980836,Corto,5.7,22,2022,"Corto, Drama",433,"2022-01-26","Pedro Neves Marques"
tt6425474,5,2022-02-11,"Paris Window","Paris Window",https://www.imdb.com/title/tt6425474,Película,5.6,85,2018,"Comedia, Suspense",64,"2018-08-15","Amanda Kramer"
tt13612932,4,2022-02-11,"Splendid Isolation","Splendid Isolation",https://www.imdb.com/title/tt13612932,Película,4.1,80,2022,"Drama, Romance, Ciencia ficción, Suspense",223,"2022-07-07","Urszula Antoniak"
tt0059719,6,2022-02-10,"Simón del desierto","Simón del desierto",https://www.imdb.com/title/tt0059719,Película,7.8,45,1965,"Comedia, Fantasía, Drama",11960,"1978-04-05","Luis Buñuel"
tt8399664,7,2022-02-09,"El glorioso caos de la vida","Babyteeth",https://www.imdb.com/title/tt8399664,Película,7.2,118,2019,"Comedia, Drama, Romance",20850,"2020-07-23","Shannon Murphy"
tt17048276,6,2022-02-09,"The African Desperate","The African Desperate",https://www.imdb.com/title/tt17048276,Película,5.6,97,2022,"Comedia, Drama",663,"2022-10-21","Martine Syms"
tt15428716,6,2022-02-08,"38","38",https://www.imdb.com/title/tt15428716,Corto,5.9,23,2021,"Corto",29,"2021-09-30","Daniel Chew,Micaela Durand"
tt13658076,6,2022-02-08,"La Catedral","The Cathedral",https://www.imdb.com/title/tt13658076,Película,6.2,87,2021,"Drama",798,"2022-09-09","Ricky D'Ambrose"
tt14725622,4,2022-02-08,"Give Me Pity!","Give Me Pity!",https://www.imdb.com/title/tt14725622,Película,5.8,80,2022,"Musical, Comedia, Suspense",236,"2023-02","Amanda Kramer"
tt0071359,6,2022-02-07,"Cuentos inmorales","Contes immoraux",https://www.imdb.com/title/tt0071359,Película,5.6,125,1973,"Romance, Drama",6387,"1978-02-20","Walerian Borowczyk"
tt12708542,5,2022-02-07,"Star Wars: La remesa mala","Star Wars: The Bad Batch",https://www.imdb.com/title/tt12708542,Serie de TV,7.8,30,2021,"Animación, Ciencia ficción, Acción, Aventura, Drama, Fantasía",68477,"2021-05-04",
tt11657662,4,2022-02-07,"The Witcher: La pesadilla del lobo","The Witcher: Nightmare of the Wolf",https://www.imdb.com/title/tt11657662,Película,7.2,83,2021,"Animación, Acción, Aventura, Drama, Fantasía, Misterio",55565,"2021-08-23","Kwang Il Han"
tt3759912,7,2022-02-05,"Ladyworld","Ladyworld",https://www.imdb.com/title/tt3759912,Película,3.5,93,2018,"Suspense",681,"2019-10-18","Amanda Kramer"
tt10456952,4,2022-02-03,"Sin Ultra","Sin Ultra",https://www.imdb.com/title/tt10456952,Corto,5.5,8,2019,"Corto",24,"2019-05-15","Amanda Kramer"
tt16426056,6,2022-02-03,"Shari","Shari",https://www.imdb.com/title/tt16426056,Película,6.7,63,2021,"Documental",25,"2021-12-05","Nao Yoshigai"
tt0107120,5,2022-02-03,"El retorno de las brujas","Hocus Pocus",https://www.imdb.com/title/tt0107120,Película,6.9,96,1993,"Fantasía, Familiar, Comedia",173750,"1993-10-29","Kenny Ortega"
tt17174750,4,2022-02-03,"Proyecto Fantasma","Proyecto Fantasma",https://www.imdb.com/title/tt17174750,Película,5.0,97,2022,"Comedia, Drama, Fantasía",310,"2023-02-02","Roberto Doveris"
tt10865174,6,2022-02-03,"EAMI","EAMI",https://www.imdb.com/title/tt10865174,Película,6.0,81,2022,"Drama",202,"2022-06-03","Paz Encina"
tt0076584,7,2022-02-02,"Aquel maldito tren blindado","Quel maledetto treno blindato",https://www.imdb.com/title/tt0076584,Película,6.5,99,1978,"Aventura, Bélico, Acción",11097,"1978-12-28","Enzo G. Castellari"
tt9032400,6,2022-02-02,"Eternals","Eternals",https://www.imdb.com/title/tt9032400,Película,6.2,156,2021,"Acción, Fantasía, Ciencia ficción, Aventura",435175,"2021-11-05","Chloé Zhao"
tt16445764,5,2022-02-02,"A Human Position","A Human Position",https://www.imdb.com/title/tt16445764,Película,5.7,78,2022,"Drama",381,"2023-01-30","Anders Emblem"
tt6021628,5,2022-02-02,"Intervene","Intervene",https://www.imdb.com/title/tt6021628,Corto,5.3,13,2018,"Corto, Drama, Misterio",28,"2018-04-25","Amanda Kramer"
tt9569484,6,2022-01-31,"Met mes","Met mes",https://www.imdb.com/title/tt9569484,Película,6.0,78,2022,"Drama",279,"2022-04-14","Sam de Jong"
tt0088870,2,2022-01-30,"El caballero del dragón","El caballero del dragón",https://www.imdb.com/title/tt0088870,Película,4.1,90,1985,"Ciencia ficción, Aventura, Fantasía",959,"1985-12-20","Fernando Colomo"
tt7558346,5,2022-01-29,"Requests","Requests",https://www.imdb.com/title/tt7558346,Corto,6.0,6,2017,"Corto, Fantasía",17,"2017","Amanda Kramer"
tt5521420,6,2022-01-29,"Bark","Bark",https://www.imdb.com/title/tt5521420,Corto,5.9,11,2016,"Corto, Drama, Misterio, Suspense, Comedia",30,"2016-09","Amanda Kramer"
tt7462410,5,2022-01-28,"La rueda del tiempo","The Wheel of Time",https://www.imdb.com/title/tt7462410,Serie de TV,7.2,60,2021,"Fantasía, Aventura, Acción, Drama",165546,"2021-11-18",
tt10919420,5,2022-01-28,"El juego del calamar","Ojing-eo geim",https://www.imdb.com/title/tt10919420,Serie de TV,7.9,60,2021,"Misterio, Suspense, Drama, Acción, Crimen",774326,"2021-09-17",
tt0116274,6,2022-01-28,"Familia","Familia",https://www.imdb.com/title/tt0116274,Película,7.2,98,1996,"Drama, Comedia",1656,"1997-01-24","Fernando León de Aranoa"
tt11423420,7,2022-01-28,"Please Baby Please","Please Baby Please",https://www.imdb.com/title/tt11423420,Película,5.6,95,2022,"Musical, Drama",1549,"2023-03-31","Amanda Kramer"
tt12845544,5,2022-01-27,"Broadway","Broadway",https://www.imdb.com/title/tt12845544,Película,6.0,97,2022,"Drama, Crimen",389,"2022-06-01","Christos Massalas"
tt1439629,7,2022-01-26,"Community","Community",https://www.imdb.com/title/tt1439629,Serie de TV,8.5,22,2009,"Comedia",313936,"2010-11-05",
tt5770786,6,2022-01-26,"GLOW","GLOW",https://www.imdb.com/title/tt5770786,Serie de TV,8.0,30,2017,"Comedia, Drama, Deporte",55080,"2017-06-23",
tt15964920,5,2022-01-25,"Millones de años","Millones de años",https://www.imdb.com/title/tt15964920,Corto,null,3,2019,"Corto, Drama",0,"2019-10-02","Gonzaga Manso"
tt5273844,5,2022-01-25,"GTA feat. Sam Bruno: Red Lips (Skrillex Remix)","GTA feat. Sam Bruno: Red Lips (Skrillex Remix)",https://www.imdb.com/title/tt5273844,Videoclip,7.3,4,2015,"Música",276,"2015-11-30","Grant Singer"
tt0406501,7,2022-01-24,"7:35 de la mañana","7:35 de la mañana",https://www.imdb.com/title/tt0406501,Corto,7.3,8,2003,"Musical, Corto, Suspense",2739,"2003-11-21","Nacho Vigalondo"
tt11644096,5,2022-01-24,"What Did Jack Do?","What Did Jack Do?",https://www.imdb.com/title/tt11644096,Corto,6.4,17,2017,"Corto, Comedia, Misterio, Crimen, Drama, Suspense",17128,"2020-01-20","David Lynch"
tt0116170,4,2022-01-23,"Oedipo alcalde","Oedipo alcalde",https://www.imdb.com/title/tt0116170,Película,6.0,100,1996,"Drama, Bélico",372,"1996-08-23","Jorge Alí Triana"
tt14828074,6,2022-01-20,"Venga Juan","Venga Juan",https://www.imdb.com/title/tt14828074,Serie de TV,7.5,30,2021,"Comedia",371,"2021-11-28",
tt0087075,6,2022-01-18,"En compañía de lobos","The Company of Wolves",https://www.imdb.com/title/tt0087075,Película,6.6,95,1984,"Drama, Terror, Fantasía",21220,"1984-09-21","Neil Jordan"
tt3121420,1,2022-01-18,"Lesbo Killer Dolls","Lesbo Killer Dolls",https://www.imdb.com/title/tt3121420,Vídeo,5.4,77,2014,"Comedia",23,"2014-04","Stan Valen"
tt0049406,8,2022-01-16,"Atraco perfecto","The Killing",https://www.imdb.com/title/tt0049406,Película,7.9,84,1956,"Drama, Crimen, Suspense, Cine negro",106927,"1957-04-04","Stanley Kubrick"
tt9620292,7,2022-01-15,"Una joven prometedora","Promising Young Woman",https://www.imdb.com/title/tt9620292,Película,7.5,113,2020,"Crimen, Drama, Suspense, Misterio",258455,"2021-04-16","Emerald Fennell"
tt7740510,6,2022-01-14,"Antlers: Criatura oscura","Antlers",https://www.imdb.com/title/tt7740510,Película,5.9,99,2021,"Terror, Misterio, Drama",50130,"2021-11-19","Scott Cooper"
tt14881288,4,2022-01-13,"Historias para no dormir","Historias para no dormir",https://www.imdb.com/title/tt14881288,Serie de TV,6.3,,2021,"Terror",724,"2021-11-05",
tt9376612,5,2022-01-12,"Shang-Chi y la leyenda de los diez anillos","Shang-Chi and the Legend of the Ten Rings",https://www.imdb.com/title/tt9376612,Película,7.3,132,2021,"Acción, Aventura, Fantasía, Ciencia ficción",499445,"2021-09-03","Destin Daniel Cretton"
tt0093412,7,2022-01-11,"La ley del deseo","La ley del deseo",https://www.imdb.com/title/tt0093412,Película,7.1,102,1987,"Suspense, Drama, Comedia",15573,"1987-03-05","Pedro Almodóvar"
tt1467088,3,2022-01-09,"Sweet Karma","Sweet Karma",https://www.imdb.com/title/tt1467088,Película,5.1,85,2009,"Crimen, Drama, Suspense",2312,"2010-11-01","Andrew Thomas Hunt"
tt10633456,7,2022-01-08,"Minari. Historia de mi familia","Minari",https://www.imdb.com/title/tt10633456,Película,7.4,115,2020,"Drama",127186,"2021-03-12","Lee Isaac Chung"
tt10288566,6,2022-01-08,"Otra ronda","Druk",https://www.imdb.com/title/tt10288566,Película,7.7,117,2020,"Drama, Comedia",230087,"2021-04-09","Thomas Vinterberg"
tt10160804,5,2022-01-06,"Ojo de Halcón","Hawkeye",https://www.imdb.com/title/tt10160804,Miniserie de TV,7.4,60,2021,"Acción, Aventura, Crimen, Misterio, Ciencia ficción, Drama",247862,"2021-11-24",
tt6704898,6,2022-01-05,"Elisa y Marcela","Elisa y Marcela",https://www.imdb.com/title/tt6704898,Película,6.7,118,2019,"Drama, Romance, Biografía",6727,"2019-06-07","Isabel Coixet"
tt0115794,4,2021-12-30,"Bámbola","Bámbola",https://www.imdb.com/title/tt0115794,Película,4.5,92,1996,"Romance, Drama",1723,"1996-10-25","Bigas Luna"
tt9214832,5,2021-12-29,"Emma.","Emma.",https://www.imdb.com/title/tt9214832,Película,6.7,124,2020,"Comedia, Drama, Romance",72996,"2020-03-20","Autumn de Wilde"
tt0047638,8,2021-12-26,"La mujer crucificada","Uwasa no onna",https://www.imdb.com/title/tt0047638,Película,7.4,83,1954,"Romance, Drama",1578,"1954-06-20","Kenji Mizoguchi"
tt8850222,4,2021-12-23,"Península","Bando",https://www.imdb.com/title/tt8850222,Película,5.5,116,2020,"Acción, Terror, Suspense, Drama",44607,"2021-04-23","Yeon Sang-ho"
tt0090145,2,2021-12-23,"Juegos de supervivencia","Tenement",https://www.imdb.com/title/tt0090145,Película,5.6,94,1985,"Acción, Crimen, Suspense, Terror",1244,"1985-05-13","Roberta Findlay"
tt0092615,4,2021-12-22,"Los bárbaros","The Barbarians",https://www.imdb.com/title/tt0092615,Película,5.1,87,1987,"Acción, Aventura, Fantasía",6105,"1987-04-24","Ruggero Deodato"
tt10314450,6,2021-12-22,"Becky","Becky",https://www.imdb.com/title/tt10314450,Película,6.1,93,2020,"Acción, Suspense, Drama, Crimen",31971,"2020-10-19","Jonathan Milott,Cary Murnion"
tt10574558,6,2021-12-21,"Misa de medianoche","Midnight Mass",https://www.imdb.com/title/tt10574558,Miniserie de TV,7.7,60,2021,"Terror, Drama, Misterio, Fantasía",173040,"2021-09-24",
tt11617052,4,2021-12-21,"Ondina. Un amor para siempre","Undine",https://www.imdb.com/title/tt11617052,Película,6.6,91,2020,"Drama, Romance, Fantasía, Misterio, Suspense",10749,"2020-11-20","Christian Petzold"
tt12496706,5,2021-12-20,"El calendario de adviento","Le calendrier",https://www.imdb.com/title/tt12496706,Película,6.3,104,2021,"Terror, Suspense",7907,"2022-07-22","Patrick Ridremont"
tt8430598,5,2021-12-20,"Shirley","Shirley",https://www.imdb.com/title/tt8430598,Película,6.1,107,2020,"Drama, Suspense, Biografía, Misterio",14382,"2020-06-05","Josephine Decker"
tt0087903,6,2021-12-19,"Gwendoline","Gwendoline",https://www.imdb.com/title/tt0087903,Película,5.2,105,1984,"Fantasía, Acción, Comedia, Aventura",3834,"1984-02-08","Just Jaeckin"
tt0082242,5,2021-12-16,"Muertos y enterrados","Dead & Buried",https://www.imdb.com/title/tt0082242,Película,6.5,94,1981,"Misterio, Terror",16858,"1981-10-09","Gary Sherman"
tt0067023,7,2021-12-13,"El diablo sobre ruedas","Duel",https://www.imdb.com/title/tt0067023,Película de TV,7.6,90,1971,"Acción, Suspense",86728,"1983-02-19","Steven Spielberg"
tt0063555,8,2021-12-13,"El color de la granada","Sayat Nova",https://www.imdb.com/title/tt0063555,Película,7.5,79,1969,"Biografía, Drama, Música, Historia",17059,"1982-01-27","Sergei Parajanov"
tt11252440,5,2021-12-12,"Psycho Goreman","Psycho Goreman",https://www.imdb.com/title/tt11252440,Película,6.3,95,2020,"Ciencia ficción, Comedia, Terror",17224,"2021-06-07","Steven Kostanski"
tt0091969,3,2021-12-07,"El día de los inocentes","Slaughter High",https://www.imdb.com/title/tt0091969,Película,5.3,90,1985,"Suspense, Terror",7925,"1986-11-14","George Dugdale,Mark Ezra,Peter Mackenzie Litten"
tt0081334,3,2021-12-06,"Phobia","Phobia",https://www.imdb.com/title/tt0081334,Película,4.3,91,1980,"Drama, Suspense, Terror",1009,"1980-09-26","John Huston"
tt0123685,5,2021-11-29,"A ciegas","A ciegas",https://www.imdb.com/title/tt0123685,Película,4.5,92,1997,"Romance, Suspense",213,"1998-10-07","Daniel Calparsoro"
tt10360862,6,2021-11-28,"El hombre que vendió su piel","Ar-rajul alladi ba'a zahrahu",https://www.imdb.com/title/tt10360862,Película,6.9,104,2020,"Drama",7872,"2021-03-31","Kaouther Ben Hania"
tt0117260,5,2021-11-26,"Hot City","Original Gangstas",https://www.imdb.com/title/tt0117260,Película,5.7,99,1996,"Acción, Suspense, Crimen, Drama",2240,"1996-05-10","Larry Cohen,Fred Williamson"
tt0103919,6,2021-11-23,"Candyman, el dominio de la mente","Candyman",https://www.imdb.com/title/tt0103919,Película,6.8,99,1992,"Suspense, Terror",110285,"1993-01-29","Bernard Rose"
tt0093605,6,2021-11-20,"Los viajeros de la noche","Near Dark",https://www.imdb.com/title/tt0093605,Película,6.9,94,1987,"Terror",50089,"1989-06-12","Kathryn Bigelow"
tt0061037,5,2021-11-20,"Las brujas","Le streghe",https://www.imdb.com/title/tt0061037,Película,5.9,120,1967,"Comedia, Drama, Romance",2318,"1968-06-05","Mauro Bolognini,Vittorio De Sica,Pier Paolo Pasolini,Franco Rossi,Luchino Visconti"
tt0054331,8,2021-11-20,"Espartaco","Spartacus",https://www.imdb.com/title/tt0054331,Película,7.9,184,1960,"Biografía, Aventura, Historia, Bélico, Drama",152126,"1960-11-17","Stanley Kubrick"
tt0082509,4,2021-11-17,"Heavy Metal","Heavy Metal",https://www.imdb.com/title/tt0082509,Película,6.6,86,1981,"Animación, Aventura, Ciencia ficción, Fantasía",42111,"1982-03-05","Gerald Potterton,John Bruno,John Halas,Julian Harris,Jimmy T. Murakami,Barrie Nelson,Paul Sabella,Jack Stokes,Pino Van Lamsweerde,Harold Whitaker"
tt13394564,5,2021-11-17,"Karen","Karen",https://www.imdb.com/title/tt13394564,Película,5.5,65,2020,"Biografía, Drama",63,"2020-11-09","María Pérez"
tt10835642,3,2021-11-14,"Chavalas","Chavalas",https://www.imdb.com/title/tt10835642,Película,5.9,91,2021,"Comedia",1070,"2021-09-03","Carol Rodríguez Colás"
tt0074472,4,2021-11-13,"Venganza de mujer","Emanuelle e Françoise (Le sorelline)",https://www.imdb.com/title/tt0074472,Película,5.3,98,1975,"Drama, Suspense, Terror",943,"1978-01-30","Joe D'Amato"
tt8949056,4,2021-11-13,"Yes, God, Yes","Yes, God, Yes",https://www.imdb.com/title/tt8949056,Película,6.1,78,2019,"Drama, Comedia",20641,"2020-07-28","Karen Maine"
tt12788368,6,2021-11-10,"El Planeta","El Planeta",https://www.imdb.com/title/tt12788368,Película,6.4,79,2021,"Comedia, Drama",1273,"2021-10-08","Amalia Ulman"
tt0090655,2,2021-11-10,"Inocentada sangrienta","April Fool's Day",https://www.imdb.com/title/tt0090655,Película,6.2,89,1986,"Misterio, Terror",20285,"1986-03-28","Fred Walton"
tt9173264,4,2021-11-09,"El reflejo de Sibyl","Sibyl",https://www.imdb.com/title/tt9173264,Película,6.0,101,2019,"Drama",6628,"2020-01-10","Justine Triet"
tt0082966,6,2021-11-08,"Aquella casa al lado del cementerio","Quella villa accanto al cimitero",https://www.imdb.com/title/tt0082966,Película,6.1,86,1981,"Terror",18152,"1982-08-06","Lucio Fulci"
tt0087100,6,2021-11-08,"La pasión de China Blue","Crimes of Passion",https://www.imdb.com/title/tt0087100,Película,6.4,107,1984,"Romance, Drama, Suspense",9819,"1984-10-19","Ken Russell"
tt10589738,6,2021-11-08,"Libertad","Libertad",https://www.imdb.com/title/tt10589738,Película,6.5,104,2021,"Drama",907,"2021-11-19","Clara Roquet"
tt14921614,7,2021-11-08,"I'm So Sorry","I'm So Sorry",https://www.imdb.com/title/tt14921614,Película,6.6,96,2021,"Documental",63,"2022-03-24","Liang Zhao"
tt0069019,5,2021-11-05,"Angustia de silencio","Non si sevizia un paperino",https://www.imdb.com/title/tt0069019,Película,7.0,105,1972,"Suspense, Misterio, Terror",12878,"1972-09-29","Lucio Fulci"
tt3793788,1,2021-11-03,"The escort","The Escort",https://www.imdb.com/title/tt3793788,Película,6.0,88,2015,"Drama, Romance, Comedia",15038,"2016-07-28","Will Slocombe"
tt1420558,3,2021-11-02,"Melancholie der Engel","Melancholie der Engel",https://www.imdb.com/title/tt1420558,Película,3.2,158,2009,"Terror, Drama, Fantasía, Suspense, Misterio, Romance",1910,"2009-05-01","Marian Dora"
tt11343600,6,2021-11-02,"Nuevo sabor a cereza","Brand New Cherry Flavor",https://www.imdb.com/title/tt11343600,Miniserie de TV,7.1,43,2021,"Terror, Suspense, Drama, Misterio",22415,"2021-08-13",
tt9243804,6,2021-11-01,"El Caballero Verde","The Green Knight",https://www.imdb.com/title/tt9243804,Película,6.5,130,2021,"Fantasía, Drama, Aventura",133884,"2021-10-28","David Lowery"
tt11807888,7,2021-10-30,"La abuela","La abuela",https://www.imdb.com/title/tt11807888,Película,5.9,100,2021,"Terror",6455,"2022-01-28","Paco Plaza"
tt8649186,5,2021-10-30,"Corpus Christi","Boze Cialo",https://www.imdb.com/title/tt8649186,Película,7.7,115,2019,"Drama",24367,"2020-10-16","Jan Komasa"
tt0068288,3,2021-10-29,"La orgía sangrienta de las mujeres demonio","Blood Orgy of the She-Devils",https://www.imdb.com/title/tt0068288,Película,3.2,73,1973,"Suspense, Terror",965,"1973-01","Ted V. Mikels"
tt15027200,6,2021-10-28,"Criatura","Criatura",https://www.imdb.com/title/tt15027200,Corto,7.4,16,2021,"Corto, Drama, Terror, Romance",51,"2021-08-10","María Silvia Esteve"
tt3480822,5,2021-10-28,"Viuda Negra","Black Widow",https://www.imdb.com/title/tt3480822,Película,6.6,134,2021,"Acción, Aventura, Ciencia ficción",487458,"2021-07-09","Cate Shortland"
tt0808506,5,2021-10-27,"La chica que saltaba a través del tiempo","Toki o kakeru shôjo",https://www.imdb.com/title/tt0808506,Película,7.6,98,2006,"Animación, Comedia, Romance, Ciencia ficción, Drama, Misterio, Aventura, Familiar, Fantasía",76575,"2006-07-15","Mamoru Hosoda"
tt0264508,5,2021-10-26,"Dagon: La secta del mar","Dagon",https://www.imdb.com/title/tt0264508,Película,6.2,98,2001,"Misterio, Terror, Fantasía",23571,"2001-10-31","Stuart Gordon"
tt7329642,3,2021-10-25,"El destierro","The Banishing",https://www.imdb.com/title/tt7329642,Película,4.5,97,2020,"Suspense, Terror, Misterio",3169,"2021-05-10","Christopher Smith"
tt10472290,7,2021-10-25,"Lxs chicxs de las motitos","Lxs chicxs de las motitos",https://www.imdb.com/title/tt10472290,Película,6.1,84,2020,"Drama",78,"2020-07-06","Inés María Barrionuevo,Gabriela Vidal"
tt13618724,6,2021-10-21,"Tótem Loba","Tótem Loba",https://www.imdb.com/title/tt13618724,Corto,5.9,22,2020,"Corto, Drama",140,"2020-12-09","Verónica Echegui"
tt0063293,7,2021-10-21,"Salario para matar","Il mercenario",https://www.imdb.com/title/tt0063293,Película,7.1,111,1968,"Comedia, Drama, Del oeste",7015,"1969-04-22","Sergio Corbucci"
tt0082511,5,2021-10-21,"Noche infernal","Hell Night",https://www.imdb.com/title/tt0082511,Película,5.6,101,1981,"Suspense, Terror",9947,"1981-08-28","Tom DeSimone"
tt10793644,5,2021-10-18,"The Vigil","The Vigil",https://www.imdb.com/title/tt10793644,Película,5.8,89,2019,"Terror, Misterio, Suspense",11534,"2020-10-09","Keith Thomas"
tt11394200,8,2021-10-16,"Bienvenidos a Chechenia","Welcome to Chechnya",https://www.imdb.com/title/tt11394200,Película,7.9,107,2020,"Documental",3410,"2021-05-16","David France"
tt0227051,5,2021-10-15,"Mesuneko-tachi no yoru","Mesuneko-tachi no yoru",https://www.imdb.com/title/tt0227051,Película,5.4,70,1972,"Comedia, Drama",293,"1972-05-17","Noboru Tanaka"
tt4028464,7,2021-10-12,"The Innocents","De uskyldige",https://www.imdb.com/title/tt4028464,Película,7.0,117,2021,"Suspense, Drama, Terror, Fantasía",30386,"2022-09-30","Eskil Vogt"
tt14604562,5,2021-10-12,"¡Corten!","¡Corten!",https://www.imdb.com/title/tt14604562,Película,4.6,78,2021,"Comedia, Terror, Misterio, Suspense",208,"2021-05-06","Marc Ferrer"
tt14500584,8,2021-10-11,"Más allá de los dos minutos infinitos","Dorosute no hate de bokura",https://www.imdb.com/title/tt14500584,Película,7.2,70,2020,"Comedia, Ciencia ficción",11301,"2021-11-01","Junta Yamaguchi"
tt15401974,6,2021-10-11,"Night Breakers","Night Breakers",https://www.imdb.com/title/tt15401974,Corto,7.3,17,2021,"Corto, Terror, Ciencia ficción",133,"2021-10-07","Gabriel Campoy,Guillem Lafoz"
tt10665338,5,2021-10-11,"Halloween Kills","Halloween Kills",https://www.imdb.com/title/tt10665338,Película,5.5,105,2021,"Terror, Suspense, Acción, Drama",109352,"2021-10-22","David Gordon Green"
tt6874762,5,2021-10-10,"Atrapados en la oscuridad","Coming Home in the Dark",https://www.imdb.com/title/tt6874762,Película,5.7,93,2021,"Suspense, Terror, Crimen",9291,"2021-09-30","James Ashcroft"
tt15090124,3,2021-10-10,"Mad God","Mad God",https://www.imdb.com/title/tt15090124,Película,6.8,83,2021,"Animación, Fantasía, Terror, Ciencia ficción",21143,"2022-06-16","Phil Tippett"
tt9812474,7,2021-10-10,"Lamb","Dýrið",https://www.imdb.com/title/tt9812474,Película,6.3,106,2021,"Drama, Fantasía, Terror",45294,"2021-11-26","Valdimar Jóhannsson"
tt13429362,6,2021-10-09,"In the Earth","In the Earth",https://www.imdb.com/title/tt13429362,Película,5.1,107,2021,"Terror, Suspense, Misterio, Drama, Ciencia ficción",12992,"2022-01-16","Ben Wheatley"
tt10944760,8,2021-10-08,"Titane","Titane",https://www.imdb.com/title/tt10944760,Película,6.4,108,2021,"Drama, Suspense, Ciencia ficción, Terror",67452,"2021-10-08","Julia Ducournau"
tt11686490,7,2021-10-08,"La casa de las profundidades","The Deep House",https://www.imdb.com/title/tt11686490,Película,5.3,85,2021,"Terror, Suspense, Drama, Misterio",20025,"2021-10-25","Alexandre Bustillo,Julien Maury"
tt10738906,6,2021-10-08,"Gwledd","Gwledd",https://www.imdb.com/title/tt10738906,Película,5.6,93,2021,"Terror, Misterio, Suspense, Drama",4503,"2021-11-06","Lee Haven Jones"
tt12678146,4,2021-10-08,"La pasajera","La pasajera",https://www.imdb.com/title/tt12678146,Película,5.2,90,2021,"Terror, Ciencia ficción, Comedia",1868,"2022-06-03","Raúl Cerezo,Fernando González Gómez"
tt0910548,3,2021-10-01,"Cannibal","Cannibal",https://www.imdb.com/title/tt0910548,Vídeo,4.8,89,2006,"Drama, Crimen, Suspense",1779,"2006-04","Marian Dora"
tt14716094,5,2021-09-25,"Kuartk Valley","Kuartk Valley",https://www.imdb.com/title/tt14716094,Película,null,84,2021,"Documental",0,"2021-09-22","Maider Oleaga"
tt2072230,4,2021-09-22,"Ataque a los titanes","Shingeki no kyojin",https://www.imdb.com/title/tt2072230,Película,5.0,98,2015,"Fantasía, Acción, Aventura, Drama, Terror",16667,"2016-10-05","Shinji Higuchi"
tt4294052,4,2021-09-22,"Ataque a los titanes: El fin del mundo","Shingeki no kyojin: Endo obu za wârudo",https://www.imdb.com/title/tt4294052,Película,4.7,87,2015,"Acción, Fantasía, Aventura, Terror, Suspense",6602,"2016-10-05","Shinji Higuchi"
tt0067732,5,2021-09-22,"La semana del asesino","La semana del asesino",https://www.imdb.com/title/tt0067732,Película,6.3,98,1972,"Crimen, Drama, Suspense, Terror",2150,"1973-06-08","Eloy de la Iglesia"
tt8101850,7,2021-09-19,"Undone","Undone",https://www.imdb.com/title/tt8101850,Serie de TV,8.2,30,2019,"Animación, Fantasía, Drama, Misterio, Ciencia ficción",27099,"2019-09-13",
tt0120907,6,2021-09-19,"eXistenZ","eXistenZ",https://www.imdb.com/title/tt0120907,Película,6.8,97,1999,"Misterio, Suspense, Terror, Ciencia ficción",114550,"1999-10-08","David Cronenberg"
tt0073705,8,2021-09-19,"Vinieron de dentro de...","Shivers",https://www.imdb.com/title/tt0073705,Película,6.3,88,1975,"Ciencia ficción, Terror",26481,"1975-10-10","David Cronenberg"
tt8633478,5,2021-09-16,"Mamá te quiere","Run",https://www.imdb.com/title/tt8633478,Película,6.7,90,2020,"Suspense, Misterio, Drama, Terror",115025,"2020-11-20","Aneesh Chaganty"
tt0065704,5,2021-09-16,"Españolas en París","Españolas en París",https://www.imdb.com/title/tt0065704,Película,6.3,102,1971,"Drama",130,"1972-02-09","Roberto Bodegas"
tt8058874,3,2021-09-15,"La invocación","We Summon the Darkness",https://www.imdb.com/title/tt8058874,Película,5.2,91,2019,"Suspense, Terror, Música, Drama",13362,"2021-02-19","Marc Meyers"
tt0063350,8,2021-09-14,"La noche de los muertos vivientes","Night of the Living Dead",https://www.imdb.com/title/tt0063350,Película,7.8,96,1968,"Suspense, Terror",152231,"1970-12-11","George A. Romero"
tt0100258,7,2021-09-14,"La noche de los muertos vivientes","Night of the Living Dead",https://www.imdb.com/title/tt0100258,Película,6.8,92,1990,"Terror",49424,"1991-11-15","Tom Savini"
tt0065147,7,2021-09-14,"Un, dos, tres... al escondite inglés","Un, dos, tres... al escondite inglés",https://www.imdb.com/title/tt0065147,Película,6.5,90,1970,"Musical, Comedia",239,"1970-03-16","José Luis Borau,Iván Zulueta"
tt9811118,4,2021-09-13,"M.O.D.O.K.","M.O.D.O.K.",https://www.imdb.com/title/tt9811118,Serie de TV,6.4,22,2021,"Animación, Acción, Comedia, Fantasía, Ciencia ficción",6770,"2021-05-21",
tt0341495,2,2021-09-13,"Arma desnuda","Chik loh dak gung",https://www.imdb.com/title/tt0341495,Película,5.5,92,2002,"Romance, Drama, Suspense, Crimen, Acción",8799,"2021-07-13","Siu-Tung Ching"
tt0075614,6,2021-09-11,"Siete notas en negro","Sette note in nero",https://www.imdb.com/title/tt0075614,Película,6.8,95,1977,"Suspense, Terror, Drama, Misterio",7764,"1980-06-12","Lucio Fulci"
tt1148204,5,2021-09-11,"La huérfana","Orphan",https://www.imdb.com/title/tt1148204,Película,7.0,123,2009,"Suspense, Misterio, Terror",280256,"2009-10-16","Jaume Collet-Serra"
tt11253564,4,2021-09-05,"Hombre muerto no sabe vivir","Hombre muerto no sabe vivir",https://www.imdb.com/title/tt11253564,Película,5.0,105,2021,"Suspense",137,"2021-07-02","Ezekiel Montes"
tt0083156,3,2021-09-05,"Colegialas violadas","Die Säge des Todes",https://www.imdb.com/title/tt0083156,Película,5.3,90,1981,"Misterio, Suspense, Terror",3255,"1981-04-17","Jesús Franco"
tt8367814,5,2021-09-02,"The Gentlemen: Los señores de la mafia","The Gentlemen",https://www.imdb.com/title/tt8367814,Película,7.8,113,2019,"Acción, Crimen, Comedia",464121,"2020-02-28","Guy Ritchie"
tt2458948,6,2021-09-01,"Evangelion: 3.0+1.01 Thrice Upon a Time","Shin Evangerion Gekijôban: Shûshisen",https://www.imdb.com/title/tt2458948,Película,8.0,155,2021,"Animación, Acción, Drama, Ciencia ficción",18879,"2021-08-13","Mahiro Maeda,Katsuichi Nakayama,Kazuya Tsurumaki,Hideaki Anno"
tt13624526,3,2021-08-31,"Duna","Duna",https://www.imdb.com/title/tt13624526,Película,7.1,,2021,"Drama",19,"2021-05-25","Dany Campos"
tt0860907,7,2021-08-31,"Evangelion 3.0 You Can (Not) Redo","Evangelion Shin Gekijôban: Kyu",https://www.imdb.com/title/tt0860907,Película,6.9,96,2012,"Animación, Acción, Ciencia ficción, Drama",22487,"2012-11-17","Mahiro Maeda,Masayuki,Kazuya Tsurumaki,Hideaki Anno"
tt0067487,6,2021-08-31,"La noche que Evelyn salió de la tumba","La notte che Evelyn uscì dalla tomba",https://www.imdb.com/title/tt0067487,Película,5.8,103,1971,"Misterio, Suspense, Terror",3318,"1971-08-18","Emilio Miraglia"
tt0463239,4,2021-08-31,"La tercera mujer","La tercera mujer",https://www.imdb.com/title/tt0463239,Corto,7.1,10,1983,"Corto",8,,"Juan Pinzás"
tt0860906,8,2021-08-30,"Evangelion 2.0 You Can (Not) Advance","Evangelion Shin Gekijôban: Ha",https://www.imdb.com/title/tt0860906,Película,7.9,108,2009,"Animación, Acción, Drama, Ciencia ficción",29434,"2009-06-27","Masayuki,Kazuya Tsurumaki,Hideaki Anno"
tt0923811,6,2021-08-30,"Evangelion 1.01 You are (not) Alone","Evangelion Shin Gekijôban: Jo",https://www.imdb.com/title/tt0923811,Película,7.5,98,2007,"Animación, Ciencia ficción, Acción, Drama",32323,"2007-09-01","Masayuki,Kazuya Tsurumaki,Hideaki Anno,Kôbun Shizuno"
tt11991748,7,2021-08-30,"Kenshin, el guerrero samurái: El principio","Rurôni Kenshin: Sai shûshô - The Beginning",https://www.imdb.com/title/tt11991748,Película,7.4,137,2021,"Acción, Aventura, Drama, Historia, Romance",12821,"2021-07-30","Keishi Otomo"
tt0079586,4,2021-08-20,"La muchacha de las bragas de oro","La muchacha de las bragas de oro",https://www.imdb.com/title/tt0079586,Película,5.2,105,1980,"Drama, Suspense",383,"1980-03-28","Vicente Aranda"
tt5051284,4,2021-08-20,"El dulce sabor del éxito","El dulce sabor del éxito",https://www.imdb.com/title/tt5051284,Película,8.0,75,2021,"Documental",7,"2023-11-15","Emanuele Giusto,Carlos Tejeda"
tt6334354,6,2021-08-10,"El escuadrón suicida","The Suicide Squad",https://www.imdb.com/title/tt6334354,Película,7.2,132,2021,"Acción, Aventura, Ciencia ficción, Comedia",464759,"2021-08-06","James Gunn"
tt0371572,3,2021-08-09,"Bajo aguas tranquilas","Beneath Still Waters",https://www.imdb.com/title/tt0371572,Película,3.8,100,2005,"Terror",2139,"2005-10","Brian Yuzna"
tt14361872,7,2021-08-04,"Magaluf Ghost Town","Magaluf Ghost Town",https://www.imdb.com/title/tt14361872,Película,6.2,93,2021,"Documental",100,"2021-11-08","Miguel Ángel Blanca"
tt13393776,5,2021-08-04,"Matar a Pinochet","Matar a Pinochet",https://www.imdb.com/title/tt13393776,Película,5.8,81,2020,"Drama",211,"2020-11-20","Juan Ignacio Sabatini"
tt13280188,6,2021-08-04,"Paco Loco: viva el noise","Paco Loco: viva el noise",https://www.imdb.com/title/tt13280188,Película,6.3,85,2020,"Documental, Música",18,"2020-11-12","Daniel Cervantes"
tt14389680,5,2021-08-02,"La piel del volcán","La Piel del Volcan",https://www.imdb.com/title/tt14389680,Película,6.7,90,2021,"Drama",48,"2021-05-17","Armando Ravelo"
tt0064793,8,2021-08-02,"Pasión","En passion",https://www.imdb.com/title/tt0064793,Película,7.6,101,1969,"Drama",11402,"1969-11-10","Ingmar Bergman"
tt4299972,6,2021-07-31,"The Jinx (El gafe)","The Jinx: The Life and Deaths of Robert Durst",https://www.imdb.com/title/tt4299972,Serie de TV,8.6,45,2015,"Documental, Crimen, Misterio, Biografía",59286,"2015-03-13",
tt11823076,5,2021-07-31,"Tiger King","Tiger King",https://www.imdb.com/title/tt11823076,Serie de TV,7.5,45,2020,"Documental, Crimen, Biografía",91450,"2020-03-20",
tt2788432,6,2021-07-31,"American Crime Story","American Crime Story",https://www.imdb.com/title/tt2788432,Serie de TV,8.4,42,2016,"Biografía, Drama, Crimen, Historia",102997,"2016-11-01",
tt0108188,5,2021-07-30,"Sonatine","Sonachine",https://www.imdb.com/title/tt0108188,Película,7.4,94,1993,"Suspense, Acción, Comedia, Romance, Crimen, Drama",24338,"1995-02-01","Takeshi Kitano"
tt12969892,6,2021-07-30,"La vida chipén","La vida chipén",https://www.imdb.com/title/tt12969892,Película,6.3,75,2021,"Documental",12,"2021-07-01","Vanesa Benítez"
tt10228168,6,2021-07-29,"First Love","Hatsukoi",https://www.imdb.com/title/tt10228168,Película,6.7,108,2019,"Crimen, Comedia, Romance, Acción",8875,"2020-07-10","Takashi Miike"
tt0089251,4,2021-07-29,"Hanna D.","Hanna D. - La ragazza del Vondel Park",https://www.imdb.com/title/tt0089251,Película,4.8,84,1984,"Drama",336,"1984-11-02","Rino Di Silvestro"
tt0079631,3,2021-07-28,"Alas en la noche","Nightwing",https://www.imdb.com/title/tt0079631,Película,5.2,105,1979,"Drama, Terror",2086,"1979-06-22","Arthur Hiller"
tt0407304,5,2021-07-27,"La guerra de los mundos","War of the Worlds",https://www.imdb.com/title/tt0407304,Película,6.6,117,2005,"Ciencia ficción, Aventura, Acción",512457,"2005-06-29","Steven Spielberg"
tt14544192,7,2021-07-24,"Bo Burnham: Inside","Bo Burnham: Inside",https://www.imdb.com/title/tt14544192,Especial de TV,8.6,87,2021,"Documental, Comedia, Drama, Música",60123,"2021-05-30","Bo Burnham"
tt1780967,6,2021-07-23,"Seberg: Más allá del cine","Seberg",https://www.imdb.com/title/tt1780967,Película,6.0,102,2019,"Suspense, Biografía, Drama, Historia",11330,"2020-07-12","Benedict Andrews"
tt0069897,7,2021-07-23,"Coffy","Coffy",https://www.imdb.com/title/tt0069897,Película,6.8,90,1973,"Suspense, Crimen, Acción",15127,"1973-05-11","Jack Hill"
tt14122284,5,2021-07-20,"Rock Bottom Riser","Rock Bottom Riser",https://www.imdb.com/title/tt14122284,Película,6.4,70,2021,"Documental",75,"2020-09-17","Fern Silva"
tt12444454,5,2021-07-20,"Souad","Souad",https://www.imdb.com/title/tt12444454,Película,6.4,96,2021,"Drama",799,"2021-08-27","Ayten Amin"
tt9789706,4,2021-07-20,"Juste un mouvement","Juste un mouvement",https://www.imdb.com/title/tt9789706,Película,7.3,110,2021,"Documental",27,"2021-03-23","Vincent Meessen"
tt11892302,4,2021-07-20,"Masha","Masha",https://www.imdb.com/title/tt11892302,Película,5.7,86,2020,"Drama, Suspense",383,"2021-04-01","Anastasiya Palchikova"
tt14758136,5,2021-07-20,"The Pass: Last Days of the Samurai","The Pass: Last Days of the Samurai",https://www.imdb.com/title/tt14758136,Película,6.0,114,2020,"Drama, Historia",154,"2022-06-17","Takashi Koizumi"
tt12226872,5,2021-07-20,"The Scary of Sixty-First","The Scary of Sixty-First",https://www.imdb.com/title/tt12226872,Película,4.5,81,2021,"Suspense, Terror, Misterio, Comedia, Drama",2718,"2021-12-24","Dasha Nekrasova"
tt14033502,5,2021-07-20,"Un polvo desafortunado o Porno loco","Babardeala cu bucluc sau porno balamuc",https://www.imdb.com/title/tt14033502,Película,6.5,106,2021,"Drama, Comedia",12079,"2022-02-11","Radu Jude"
tt11080676,3,2021-07-20,"La puerta de al lado","Nebenan",https://www.imdb.com/title/tt11080676,Película,6.8,92,2021,"Drama, Comedia",4534,"2021-11-19","Daniel Brühl"
tt11908982,5,2021-07-20,"Jakob's Wife","Jakob's Wife",https://www.imdb.com/title/tt11908982,Película,5.5,98,2021,"Terror, Comedia",4727,"2021-04-16","Travis Stevens"
tt9340872,6,2021-07-20,"The Bike Thief","The Bike Thief",https://www.imdb.com/title/tt9340872,Película,4.9,79,2020,"Suspense, Drama",446,"2021-05-03","Matt Chambers"
tt10065694,6,2021-07-18,"Antebellum","Antebellum",https://www.imdb.com/title/tt10065694,Película,5.8,105,2020,"Suspense, Terror, Misterio, Drama",32076,"2020-09-02","Gerard Bush,Christopher Renz"
tt8178850,5,2021-07-18,"Lucero","Lucero",https://www.imdb.com/title/tt8178850,Película,3.0,69,2019,"Terror, Drama, Suspense",150,"2019-01-17","Norberto Ramos del Val"
tt0051983,5,2021-07-17,"Nazarín","Nazarín",https://www.imdb.com/title/tt0051983,Película,7.7,94,1959,"Drama",7052,"1959-06-04","Luis Buñuel"
tt7128732,6,2021-07-17,"Temblores","Temblores",https://www.imdb.com/title/tt7128732,Película,6.6,107,2019,"Drama",1674,"2019-05-01","Jayro Bustamante"
tt4682804,5,2021-07-16,"Lucy in the sky","Lucy in the Sky",https://www.imdb.com/title/tt4682804,Película,4.9,124,2019,"Drama, Suspense, Romance",9282,"2020-05-15","Noah Hawley"
tt0046534,6,2021-07-16,"La guerra de los mundos","The War of the Worlds",https://www.imdb.com/title/tt0046534,Película,7.0,87,1953,"Acción, Suspense, Ciencia ficción",42174,"1953-08-26","Byron Haskin"
tt9140554,7,2021-07-14,"Loki","Loki",https://www.imdb.com/title/tt9140554,Serie de TV,8.2,50,2021,"Fantasía, Ciencia ficción, Acción, Aventura",483524,"2021-06-09",
tt11111268,6,2021-07-14,"Ferrotipos","Ferrotipos",https://www.imdb.com/title/tt11111268,Corto,6.8,14,2020,"Corto, Drama",45,"2020-01-03","Nüll García"
tt14243152,5,2021-07-14,"Fomo","Fomo",https://www.imdb.com/title/tt14243152,Corto,7.2,10,2021,"Corto",5,"2021-01-01","Ana Beyron"
tt9686708,4,2021-07-11,"El rey del barrio","The King of Staten Island",https://www.imdb.com/title/tt9686708,Película,7.1,136,2020,"Comedia, Drama",82862,"2020-10-09","Judd Apatow"
tt8143990,8,2021-07-10,"Cómo sobrevivir en un mundo material (Kajillionaire)","Kajillionaire",https://www.imdb.com/title/tt8143990,Película,6.4,104,2020,"Drama, Crimen, Comedia",24231,"2020-12-04","Miranda July"
tt11261296,6,2021-07-10,"Bloodsuckers","Blutsauger",https://www.imdb.com/title/tt11261296,Película,6.0,125,2021,"Comedia, Terror, Fantasía, Romance",662,"2022-05-12","Julian Radlmaier"
tt0070300,7,2021-07-10,"Lemora","Lemora: A Child's Tale of the Supernatural",https://www.imdb.com/title/tt0070300,Película,6.1,80,1973,"Fantasía, Suspense, Terror",2846,"1973-04-30","Richard Blackburn"
tt1844624,6,2021-07-09,"American Horror Story","American Horror Story",https://www.imdb.com/title/tt1844624,Serie de TV,7.9,60,2011,"Drama, Terror, Suspense, Ciencia ficción",364068,"2011-11-07",
tt2357547,4,2021-07-09,"Jessica Jones","Jessica Jones",https://www.imdb.com/title/tt2357547,Serie de TV,7.8,56,2015,"Acción, Crimen, Drama, Ciencia ficción, Suspense",241749,"2015-11-20",
tt0083739,6,2021-07-06,"Curso 1984","Class of 1984",https://www.imdb.com/title/tt0083739,Película,6.5,98,1982,"Crimen, Acción, Drama, Suspense",14953,"1982-07-01","Mark L. Lester"
tt0038433,6,2021-07-05,"El crimen de la calle de Bordadores","El crimen de la calle de Bordadores",https://www.imdb.com/title/tt0038433,Película,6.6,92,1946,"Musical, Crimen, Drama",337,"1948-01-12","Edgar Neville"
tt11777308,5,2021-07-04,"Asesinato de muerte en Koreatown","Murder Death Koreatown",https://www.imdb.com/title/tt11777308,Película,5.3,80,2020,"Crimen, Terror, Misterio",671,"2020-03-21",
tt8305806,3,2021-07-01,"Madre Oscura","The Wretched",https://www.imdb.com/title/tt8305806,Película,5.8,95,2019,"Terror, Misterio, Suspense, Drama",22268,"2020-07-17","Brett Pierce,Drew T. Pierce"
tt0246734,5,2021-06-28,"Kite","A kaito",https://www.imdb.com/title/tt0246734,Miniserie de TV,6.6,26,1998,"Animación, Crimen, Drama, Acción, Aventura, Ciencia ficción, Suspense",6564,"1998-02-25",
tt0108461,5,2021-06-28,"Urotsukidôji - La leyenda del señor del mal","Chôjin densetsu urotsukidôji: Original gekijô kôkai-ban",https://www.imdb.com/title/tt0108461,Película,6.3,108,1989,"Animación, Fantasía, Romance, Terror",4201,"1989-03-18","Hideki Takayama"
tt3741634,3,2021-06-28,"Tokyo Ghoul","Tokyo Ghoul",https://www.imdb.com/title/tt3741634,Miniserie de TV,7.7,24,2014,"Animación, Acción, Drama, Fantasía, Terror, Suspense",84906,"2014-07-03",
tt4279012,5,2021-06-28,"Death Parade","Death Parade",https://www.imdb.com/title/tt4279012,Miniserie de TV,7.8,,2015,"Animación, Drama, Misterio, Suspense",25667,"2015-01-01",
tt0465316,4,2021-06-26,"Afro Samurai","Afro Samurai",https://www.imdb.com/title/tt0465316,Miniserie de TV,7.6,26,2007,"Animación, Drama, Fantasía, Acción, Aventura",20523,"2007-01-04",
tt0061328,6,2021-06-25,"Accidente","Accident",https://www.imdb.com/title/tt0061328,Película,6.8,105,1967,"Drama",5478,"1967-05-18","Joseph Losey"
tt0107692,7,2021-06-25,"Ninja Scroll","Jûbê ninpûchô",https://www.imdb.com/title/tt0107692,Película,7.8,94,1993,"Animación, Suspense, Fantasía, Acción, Drama, Aventura",45203,"1993-06-05","Yoshiaki Kawajiri"
tt0070034,7,2021-06-24,"Operación Dragón","Enter the Dragon",https://www.imdb.com/title/tt0070034,Película,7.6,102,1973,"Crimen, Suspense, Acción",121373,"1973-08-19","Robert Clouse"
tt3358020,5,2021-06-24,"Parasyte","Kiseijû: Sei no kakuritsu",https://www.imdb.com/title/tt3358020,Serie de TV,8.2,22,2014,"Animación, Terror, Ciencia ficción, Acción, Suspense, Drama",64798,"2014-10-08",
tt6517102,5,2021-06-24,"Castlevania","Castlevania",https://www.imdb.com/title/tt6517102,Serie de TV,8.3,23,2017,"Animación, Acción, Aventura, Fantasía, Terror, Drama",96251,"2017-07-07",
tt6660498,6,2021-06-24,"Devilman: Crybaby","Devilman: Crybaby",https://www.imdb.com/title/tt6660498,Miniserie de TV,7.6,25,2018,"Animación, Acción, Terror, Fantasía, Drama",36911,"2018-01-05",
tt0279077,4,2021-06-23,"FLCL","FLCL",https://www.imdb.com/title/tt0279077,Miniserie de TV,8.0,30,2000,"Animación, Drama, Acción, Ciencia ficción, Comedia",22069,"2000-04-26",
tt2560140,5,2021-06-23,"Ataque a los titanes","Shingeki no kyojin",https://www.imdb.com/title/tt2560140,Serie de TV,9.1,24,2013,"Animación, Fantasía, Terror, Aventura, Drama, Acción",741987,"2013-04-07",
tt0877057,7,2021-06-22,"Death Note","Death Note: Desu nôto",https://www.imdb.com/title/tt0877057,Serie de TV,8.9,24,2006,"Animación, Misterio, Crimen, Suspense, Fantasía, Drama",496355,"2006-10-03",
tt3743822,4,2021-06-22,"Fear the Walking Dead","Fear the Walking Dead",https://www.imdb.com/title/tt3743822,Serie de TV,6.7,44,2015,"Terror, Drama, Suspense, Ciencia ficción",155065,"2015-08-23",
tt0118276,6,2021-06-22,"Buffy, cazavampiros","Buffy the Vampire Slayer",https://www.imdb.com/title/tt0118276,Serie de TV,8.3,45,1997,"Drama, Acción, Terror, Romance, Aventura, Fantasía",176272,"1997-08-26",
tt0439100,5,2021-06-21,"Weeds","Weeds",https://www.imdb.com/title/tt0439100,Serie de TV,7.9,30,2005,"Comedia, Crimen, Drama",123538,"2006-09-18",
tt0275277,5,2021-06-21,"Cowboy Bebop: La película","Kauboi bibappu tengoku no tobira",https://www.imdb.com/title/tt0275277,Película,7.8,115,2001,"Animación, Crimen, Acción, Drama, Aventura, Ciencia ficción",57765,"2001-09-01","Shin'ichirō Watanabe,Yoshiyuki Takei"
tt2379308,4,2021-06-21,"Psycho-Pass","Psycho-Pass",https://www.imdb.com/title/tt2379308,Serie de TV,8.1,25,2012,"Animación, Acción, Ciencia ficción, Crimen, Suspense, Misterio",26257,"2012-10-11",
tt0480489,5,2021-06-21,"Elfen Lied","Erufen rîto",https://www.imdb.com/title/tt0480489,Serie de TV,7.8,24,2004,"Animación, Drama, Terror, Ciencia ficción, Suspense, Acción, Misterio",42047,"2004-07-25",
tt0433722,8,2021-06-21,"Paranoia agent","Môsô dairinin",https://www.imdb.com/title/tt0433722,Miniserie de TV,7.9,25,2004,"Animación, Misterio, Drama, Terror, Suspense",17030,"2006-01-06",
tt3280916,3,2021-06-20,"El Instituto Atticus","The Atticus Institute",https://www.imdb.com/title/tt3280916,Película,5.5,83,2015,"Terror",10281,"2015-01-05","Chris Sparling"
tt5918982,7,2021-06-20,"Possessor Uncut","Possessor",https://www.imdb.com/title/tt5918982,Película,6.5,103,2020,"Suspense, Ciencia ficción, Terror, Misterio",54908,"2021-06-10","Brandon Cronenberg"
tt9690328,5,2021-06-20,"Paper Spiders","Paper Spiders",https://www.imdb.com/title/tt9690328,Película,6.7,109,2020,"Drama",2045,"2021-05-07","Inon Shampanier"
tt0062480,5,2021-06-20,"Week end","Week end",https://www.imdb.com/title/tt0062480,Película,6.9,105,1967,"Comedia, Aventura, Drama",16818,"1967-12-29","Jean-Luc Godard"
tt3846642,5,2021-06-20,"The Girlfriend Experience","The Girlfriend Experience",https://www.imdb.com/title/tt3846642,Serie de TV,6.9,30,2016,"Drama",13008,"2016-04-10",
tt0500092,6,2021-06-20,"Serial Experiments Lain","Serial Experiments Lain",https://www.imdb.com/title/tt0500092,Miniserie de TV,8.0,24,1998,"Animación, Terror, Drama, Ciencia ficción, Misterio",22799,"2006-04-25",
tt0088509,6,2021-06-19,"Dragon Ball","Dragon Ball: Doragon bôru",https://www.imdb.com/title/tt0088509,Serie de TV,8.5,25,1986,"Animación, Acción, Comedia, Aventura, Fantasía",77051,"1989-03-02",
tt0423731,6,2021-06-19,"Samurai Champloo","Samurai Chanpurû",https://www.imdb.com/title/tt0423731,Serie de TV,8.5,24,2004,"Animación, Acción, Aventura, Comedia, Drama, Suspense",64755,"2004-05-19",
tt0213338,7,2021-06-19,"Cowboy Bebop","Kaubôi bibappu",https://www.imdb.com/title/tt0213338,Serie de TV,8.9,24,1998,"Animación, Acción, Drama, Comedia, Ciencia ficción, Aventura",172779,"1998-04-03",
tt0096686,6,2021-06-19,"Ranma ½","Ranma ½",https://www.imdb.com/title/tt0096686,Serie de TV,7.9,23,1989,"Animación, Comedia, Fantasía, Acción, Romance",6661,"1993-09-01",
tt0100044,6,2021-06-19,"The Record of the Lodoss War","Rôdosu-tô senki",https://www.imdb.com/title/tt0100044,Serie de TV,7.5,25,1990,"Animación, Acción, Aventura, Romance, Fantasía",3422,"1990-06-30",
tt0112166,6,2021-06-19,"Reena y Gaudy","Sureiyâzu",https://www.imdb.com/title/tt0112166,Serie de TV,7.5,25,1995,"Animación, Drama, Acción, Aventura, Comedia, Fantasía",2589,"1998-10-26",
tt0138919,7,2021-06-19,"La visión de Escaflowne","Tenkû no Esukafurône",https://www.imdb.com/title/tt0138919,Serie de TV,7.7,30,1996,"Animación, Acción, Aventura, Bélico, Comedia, Suspense, Ciencia ficción, Romance, Fantasía, Drama",4876,"1996-04-02",
tt0318871,7,2021-06-19,"Berserk","Kenpuu Denki Berserk",https://www.imdb.com/title/tt0318871,Serie de TV,8.8,23,1997,"Animación, Aventura, Fantasía, Terror, Acción, Drama, Romance",82408,"2016-07-01",
tt0184872,5,2021-06-19,"Kenshin, el Guerrero Samurai: La Película","Rurouni Kenshin: Meiji kenkaku romantan - Ishinshishi e no requiem",https://www.imdb.com/title/tt0184872,Película,7.3,90,1997,"Animación, Acción, Drama, Historia, Bélico",3088,"2004","Tsuji Hajiki"
tt0294885,6,2021-06-19,"Kenshin, el Guerrero Samurai: Final","Rurôni Kenshin: Seisô-hen",https://www.imdb.com/title/tt0294885,Miniserie de TV,8.0,42,2001,"Animación, Romance, Aventura, Suspense, Historia, Drama",4566,"2001-12-19",
tt0203082,8,2021-06-19,"Kenshin, el guerrero samurái: Recuerdos","Rurôni Kenshin: Meiji kenkaku romantan - Tsuioku-hen",https://www.imdb.com/title/tt0203082,Miniserie de TV,8.6,30,1999,"Animación, Aventura, Historia, Romance, Drama, Acción",18223,"1999-02-20",
tt0182629,6,2021-06-19,"Kenshin, el guerrero samurái","Rurôni Kenshin: Meiji kenkaku romantan",https://www.imdb.com/title/tt0182629,Serie de TV,8.5,24,1996,"Animación, Suspense, Historia, Drama, Comedia, Acción, Aventura",22246,"1996-01-10",
tt9894488,5,2021-06-18,"Foodie Love","Foodie Love",https://www.imdb.com/title/tt9894488,Serie de TV,7.7,,2019,"Drama",2030,"2019-12-04",
tt0085250,4,2021-06-16,"Emanuelle en prisión","Blade Violent - I violenti",https://www.imdb.com/title/tt0085250,Película,4.6,89,1983,"Drama, Crimen, Suspense, Terror, Acción",1381,"1983-08-31","Bruno Mattei,Gilbert Roussel"
tt8134742,5,2021-06-14,"3 del infierno","3 from Hell",https://www.imdb.com/title/tt8134742,Película,5.4,115,2019,"Terror, Acción, Del oeste",20467,"2020-11-26","Rob Zombie"
tt4524056,5,2021-06-14,"Vis a vis","Vis a vis",https://www.imdb.com/title/tt4524056,Serie de TV,7.8,45,2015,"Drama, Suspense, Crimen",30858,"2015-04-20",
tt13153956,6,2021-06-13,"Zora","Zora",https://www.imdb.com/title/tt13153956,Película,4.9,126,2020,"Drama, Misterio",344,"2021-06-10","Dalibor Matanić"
tt1399664,7,2021-06-13,"El infiltrado","The Night Manager",https://www.imdb.com/title/tt1399664,Serie de TV,8.0,60,2016,"Drama, Misterio, Suspense, Crimen",142135,"2016-02-24",
tt1958043,5,2021-06-12,"The Houses October Built","The Houses October Built",https://www.imdb.com/title/tt1958043,Película,5.2,91,2014,"Terror, Suspense",11837,"2014-10-10","Bobby Roe"
tt6905542,7,2021-06-12,"Cristal Oscuro: La era de la resistencia","The Dark Crystal: Age of Resistance",https://www.imdb.com/title/tt6905542,Serie de TV,8.4,,2019,"Fantasía, Aventura, Familiar",29514,"2019-08-30",
tt1336608,4,2021-06-11,"Rock of Ages (La era del rock)","Rock of Ages",https://www.imdb.com/title/tt1336608,Película,5.9,123,2012,"Musical, Comedia, Drama, Romance",85019,"2012-08-10","Adam Shankman"
tt3357444,6,2021-06-10,"Houreya wa ain","Houreya wa ain",https://www.imdb.com/title/tt3357444,Corto,6.1,16,2013,"Corto, Drama, Fantasía",18,"2013-12-07","Shahad Ameen"
tt6872846,6,2021-06-09,"Sayyedat al-Bahr","Sayyedat al-Bahr",https://www.imdb.com/title/tt6872846,Película,5.8,74,2019,"Drama, Misterio, Fantasía",2376,"2019-09-02","Shahad Ameen"
tt0091166,3,2021-06-07,"Destroyer (Brazo de acero)","Vendetta dal futuro",https://www.imdb.com/title/tt0091166,Película,5.3,94,1986,"Drama, Suspense, Ciencia ficción, Acción",3303,"1986-05-09","Sergio Martino"
tt10147644,5,2021-06-07,"El inocente","El inocente",https://www.imdb.com/title/tt10147644,Miniserie de TV,7.8,60,2021,"Crimen, Drama, Suspense, Misterio",44587,"2021-04-30",
tt0463854,7,2021-06-06,"28 semanas después","28 Weeks Later",https://www.imdb.com/title/tt0463854,Película,6.8,100,2007,"Terror, Ciencia ficción",367762,"2007-06-29","Juan Carlos Fresnadillo"
tt4635276,7,2021-06-06,"Master of None","Master of None",https://www.imdb.com/title/tt4635276,Serie de TV,8.2,30,2015,"Comedia, Drama",79059,"2015-11-06",
tt0065513,8,2021-06-06,"La cabina","La cabina",https://www.imdb.com/title/tt0065513,Corto de TV,7.8,35,1972,"Corto, Drama, Terror",5251,"1972-12-13","Antonio Mercero"
tt0090644,8,2021-06-06,"Angustia","Angustia",https://www.imdb.com/title/tt0090644,Película,6.7,91,1987,"Suspense, Terror",4848,"1988-01-08","Bigas Luna"
tt0220580,7,2021-06-06,"Intacto","Intacto",https://www.imdb.com/title/tt0220580,Película,6.7,108,2001,"Drama, Romance, Fantasía, Suspense",14261,"2001-11-09","Juan Carlos Fresnadillo"
tt2125435,6,2021-06-05,"Bestias del sur salvaje","Beasts of the Southern Wild",https://www.imdb.com/title/tt2125435,Película,7.2,93,2012,"Drama, Fantasía, Aventura",87010,"2013-01-25","Benh Zeitlin"
tt2420124,5,2021-06-05,"Wendy","Wendy",https://www.imdb.com/title/tt2420124,Película,5.7,111,2020,"Drama, Fantasía, Suspense",3993,"2020-12-11","Benh Zeitlin"
tt11333854,7,2021-06-04,"Un efecto óptico","Un efecto óptico",https://www.imdb.com/title/tt11333854,Película,4.6,80,2020,"Comedia, Drama",520,"2020-09-19","Juan Cavestany"
tt0289043,6,2021-06-03,"28 días después","28 Days Later",https://www.imdb.com/title/tt0289043,Película,7.5,113,2002,"Ciencia ficción, Suspense, Drama, Terror",554576,"2003-07-18","Danny Boyle"
tt0096251,7,2021-06-03,"Tetsuo, el hombre de hierro","Tetsuo",https://www.imdb.com/title/tt0096251,Película,6.9,67,1989,"Ciencia ficción, Terror",29435,"1989-07-01","Shin'ya Tsukamoto"
tt0412467,3,2021-06-03,"August Underground","August Underground",https://www.imdb.com/title/tt0412467,Vídeo,3.5,70,2001,"Terror",4616,"2001","Fred Vogel"
tt14502414,3,2021-05-30,"Love and Sex in Japan","Love and Sex in Japan",https://www.imdb.com/title/tt14502414,Película de TV,5.5,59,2016,"Documental",51,"2016","Antoine Lassaigne"
tt2699128,8,2021-05-28,"The Leftovers","The Leftovers",https://www.imdb.com/title/tt2699128,Serie de TV,8.3,60,2014,"Drama, Fantasía, Misterio, Suspense",133738,"2016-11-16",
tt2401256,7,2021-05-28,"The Night Of","The Night Of",https://www.imdb.com/title/tt2401256,Miniserie de TV,8.4,60,2016,"Crimen, Drama, Misterio",198905,"2016-07-10",
tt11760792,5,2021-05-27,"La voz humana","La voz humana",https://www.imdb.com/title/tt11760792,Corto,6.8,30,2020,"Corto, Drama",10127,"2020-10-21","Pedro Almodóvar"
tt0184084,7,2021-05-27,"¿Qué hay para cenar?","¿Qué hay para cenar?",https://www.imdb.com/title/tt0184084,Corto,8.2,,1972,"Corto",6,,"Antoni Padrós"
tt0816556,4,2021-05-27,"Lake Mungo","Lake Mungo",https://www.imdb.com/title/tt0816556,Película,6.2,87,2008,"Suspense, Misterio, Terror, Drama",38960,"2008-06-18","Joel Anderson"
tt0091635,6,2021-05-24,"9 semanas y media","Nine 1/2 Weeks",https://www.imdb.com/title/tt0091635,Película,5.9,117,1986,"Romance, Drama",47404,"1986-04-28","Adrian Lyne"
tt1051220,3,2021-05-24,"Las crónicas de Shannara","The Shannara Chronicles",https://www.imdb.com/title/tt1051220,Serie de TV,7.1,42,2016,"Fantasía, Aventura, Drama, Terror",66519,"2016-01-14",
tt11317142,6,2021-05-23,"Shiva Baby","Shiva Baby",https://www.imdb.com/title/tt11317142,Película,7.1,77,2020,"Comedia, Drama",42950,"2021-05-14","Emma Seligman"
tt9249166,6,2021-05-22,"El misterio del Pink Flamingo","The Mystery of the Pink Flamingo",https://www.imdb.com/title/tt9249166,Película,6.3,86,2020,"Documental, Comedia",120,"2020-12-10","Javier Polo Gandía"
tt1051906,6,2021-05-21,"El hombre invisible","The Invisible Man",https://www.imdb.com/title/tt1051906,Película,7.1,124,2020,"Ciencia ficción, Suspense, Terror, Misterio, Drama",289591,"2020-02-28","Leigh Whannell"
tt9894128,5,2021-05-21,"Les histoires vraies","Les histoires vraies",https://www.imdb.com/title/tt9894128,Corto,4.6,23,2017,"Documental, Corto",5,"2017-08","Lucien Monot"
tt10494406,7,2021-05-21,"He feng cun","He feng cun",https://www.imdb.com/title/tt10494406,Película,6.5,91,2019,"Drama",138,"2020-06-05","Luke Lungyin Lim"
tt10934284,6,2021-05-19,"Le pays","Le pays",https://www.imdb.com/title/tt10934284,Corto,null,44,2019,"Corto, Drama",0,"2019-04-08","Lucien Monot"
tt0080516,7,2021-05-19,"Al final de la escalera","The Changeling",https://www.imdb.com/title/tt0080516,Película,7.1,107,1980,"Misterio, Terror",45042,"1980-11-25","Peter Medak"
tt10199586,7,2021-05-18,"Atlantique","Atlantique",https://www.imdb.com/title/tt10199586,Película,6.7,106,2019,"Drama, Misterio, Romance, Fantasía",11277,"2019-11-29","Mati Diop"
tt13518112,6,2021-05-18,"Palma","Palma",https://www.imdb.com/title/tt13518112,Corto,7.2,39,2020,"Corto, Drama",18,"2021-04-16","Alexe Poukine"
tt1010271,7,2021-05-18,"Recuerdos perversos","The Poughkeepsie Tapes",https://www.imdb.com/title/tt1010271,Película,5.9,81,2007,"Terror, Suspense, Misterio, Crimen",32498,"2014-07-19","John Erick Dowdle"
tt7395114,5,2021-05-16,"El diablo a todas horas","The Devil All the Time",https://www.imdb.com/title/tt7395114,Película,7.1,138,2020,"Drama, Suspense, Crimen",173048,"2020-09-16","Antonio Campos"
tt9359344,3,2021-05-16,"Te quiero, imbécil","Te quiero, imbécil",https://www.imdb.com/title/tt9359344,Película,5.9,87,2020,"Comedia",4090,"2020-01-24","Laura Mañá"
tt2741602,5,2021-05-14,"The Blacklist","The Blacklist",https://www.imdb.com/title/tt2741602,Serie de TV,7.9,43,2013,"Crimen, Misterio, Drama, Suspense",303544,"2013-12-15",
tt8111088,7,2021-05-14,"The Mandalorian","The Mandalorian",https://www.imdb.com/title/tt8111088,Serie de TV,8.6,40,2019,"Ciencia ficción, Aventura, Fantasía, Acción",664500,"2020-03-24",
tt5290382,6,2021-05-14,"Mindhunter","Mindhunter",https://www.imdb.com/title/tt5290382,Serie de TV,8.6,60,2017,"Suspense, Crimen, Drama, Misterio",404374,"2017-10-13",
tt8244784,3,2021-05-14,"La caza","The Hunt",https://www.imdb.com/title/tt8244784,Película,6.6,90,2020,"Acción, Terror, Suspense",157966,"2020-07-31","Craig Zobel"
tt0105217,5,2021-05-14,"En nombre de Caín","Raising Cain",https://www.imdb.com/title/tt0105217,Película,6.1,92,1992,"Crimen, Drama, Terror, Suspense",19243,"1992-12-30","Brian De Palma"
tt1837683,3,2021-05-09,"La dama del bosque maldito","Lady of the Damned Forest",https://www.imdb.com/title/tt1837683,Película,2.7,87,2017,"Aventura, Fantasía, Terror, Romance",259,"2019-04-18","George Karja"
tt6763664,7,2021-05-09,"La maldición de Hill House","The Haunting of Hill House",https://www.imdb.com/title/tt6763664,Miniserie de TV,8.5,60,2018,"Terror, Drama, Suspense, Misterio",335049,"2018-10-12",
tt0386676,7,2021-05-08,"The Office","The Office",https://www.imdb.com/title/tt0386676,Serie de TV,9.0,22,2005,"Comedia",847127,"2005-03-24",
tt13650480,5,2021-05-08,"Leyendas de Marvel Studios","Marvel Studios: Legends",https://www.imdb.com/title/tt13650480,Serie de TV,6.5,7,2021,"Corto, Acción, Fantasía, Ciencia ficción, Aventura",5636,"2021-01-08",
tt9208876,5,2021-05-08,"Falcon y el Soldado de Invierno","The Falcon and the Winter Soldier",https://www.imdb.com/title/tt9208876,Miniserie de TV,7.1,50,2021,"Acción, Aventura, Ciencia ficción, Drama",285395,"2021-03-19",
tt9130508,6,2021-05-08,"Cherry","Cherry",https://www.imdb.com/title/tt9130508,Película,6.6,142,2021,"Drama, Crimen, Biografía",42942,"2021-03-12","Anthony Russo,Joe Russo"
tt5649108,6,2021-05-05,"Purasangre","Thoroughbreds",https://www.imdb.com/title/tt5649108,Película,6.6,92,2017,"Drama, Suspense, Crimen, Comedia",49796,"2018-03-09","Cory Finley"
tt5462602,6,2021-05-05,"La gran enfermedad del amor","The Big Sick",https://www.imdb.com/title/tt5462602,Película,7.5,120,2017,"Comedia, Romance, Drama",151444,"2017-11-03","Michael Showalter"
tt0118583,4,2021-05-05,"Alien Resurrección","Alien: Resurrection",https://www.imdb.com/title/tt0118583,Película,6.2,109,1997,"Ciencia ficción, Terror, Acción",294148,"1997-11-28","Jean-Pierre Jeunet"
tt0804503,8,2021-05-05,"Mad Men","Mad Men",https://www.imdb.com/title/tt0804503,Serie de TV,8.7,45,2007,"Drama",293663,"2008-05-08",
tt5073642,6,2021-05-03,"Color Out of Space","Color Out of Space",https://www.imdb.com/title/tt5073642,Película,6.1,111,2019,"Terror, Ciencia ficción, Misterio, Suspense",65917,"2020-08-07","Richard Stanley"
tt9770150,7,2021-05-01,"Nomadland","Nomadland",https://www.imdb.com/title/tt9770150,Película,7.3,107,2020,"Drama",221553,"2021-03-26","Chloé Zhao"
tt0063571,7,2021-04-28,"Ceremonia secreta","Secret Ceremony",https://www.imdb.com/title/tt0063571,Película,6.3,109,1968,"Suspense, Drama",2971,"1969-06","Joseph Losey"
tt13472984,6,2021-04-25,"Dos completos desconocidos","Two Distant Strangers",https://www.imdb.com/title/tt13472984,Corto,6.8,32,2020,"Corto, Drama, Ciencia ficción",24047,"2021-04-09","Travon Free,Martin Desmond Roe"
tt11884670,4,2021-04-25,"Genius Loci","Genius Loci",https://www.imdb.com/title/tt11884670,Corto,6.2,16,2020,"Animación, Corto, Fantasía",1345,"2025-02-20","Maya Merigeau"
tt10538710,6,2021-04-25,"Ojo blanco","Ayn levana",https://www.imdb.com/title/tt10538710,Corto,7.3,20,2019,"Corto, Drama",1351,"2019-10","Tomer Shushan"
tt11394298,6,2021-04-25,"El Agente Topo","El agente topo",https://www.imdb.com/title/tt11394298,Película,7.5,84,2020,"Documental",10340,"2021-03-18","Maite Alberdi"
tt14160362,3,2021-04-25,"Five Minutes","Five Minutes",https://www.imdb.com/title/tt14160362,Corto,null,7,2021,"Corto, Ciencia ficción",0,"2021-04-10","Génesis Lence"
tt12708526,2,2021-04-25,"Dama Blanca","Dama Blanca",https://www.imdb.com/title/tt12708526,Corto,null,,2020,"Corto, Drama",0,,"Elena Marcelo"
tt12706728,2,2021-04-24,"Gente-Sí","Já fólkið",https://www.imdb.com/title/tt12706728,Corto,5.7,8,2020,"Animación, Corto, Comedia, Familiar",1517,"2021-03-16","Gísli Darri Halldórsson"
tt11474480,6,2021-04-24,"The Present","Al-hadiya",https://www.imdb.com/title/tt11474480,Corto,7.7,24,2020,"Corto, Drama",4299,"2020-11-09","Farah Nabulsi"
tt11962160,6,2021-04-24,"La habitación del correo","The Letter Room",https://www.imdb.com/title/tt11962160,Corto,6.8,33,2020,"Corto, Comedia, Drama",3424,"2021-03-11","Elvira Lind"
tt5707802,5,2021-04-23,"Queridos blancos","Dear White People",https://www.imdb.com/title/tt5707802,Serie de TV,6.3,30,2017,"Comedia, Drama",27511,"2017-04-28",
tt0062833,5,2021-04-22,"La maldición del Altar Rojo","Curse of the Crimson Altar",https://www.imdb.com/title/tt0062833,Película,5.5,89,1968,"Terror",3652,"1968-12","Vernon Sewell"
tt3464896,6,2021-04-19,"Small Axe","Small Axe",https://www.imdb.com/title/tt3464896,Miniserie de TV,7.8,81,2020,"Drama, Historia",5863,"2021-01-07",
tt9143112,6,2021-04-18,"Falling","Falling",https://www.imdb.com/title/tt9143112,Película,6.5,112,2020,"Drama",8027,"2020-10-02","Viggo Mortensen"
tt0856288,7,2021-04-17,"Al interior","À l'intérieur",https://www.imdb.com/title/tt0856288,Película,6.7,82,2007,"Terror",48989,"2007-06-13","Alexandre Bustillo,Julien Maury"
tt12749596,5,2021-04-14,"Host","Host",https://www.imdb.com/title/tt12749596,Película,6.5,57,2020,"Terror, Misterio",52248,"2020-12-18","Rob Savage"
tt0074670,3,2021-04-08,"Ilsa, la hiena del harén","Ilsa, Harem Keeper of the Oil Sheiks",https://www.imdb.com/title/tt0074670,Película,5.0,85,1976,"Suspense, Terror",3443,"1976-03","Don Edmonds"
tt0071650,4,2021-04-08,"La loba de las SS","Ilsa: She Wolf of the SS",https://www.imdb.com/title/tt0071650,Película,5.1,96,1975,"Bélico, Terror, Drama, Suspense",9329,"1984-05-11","Don Edmonds"
tt0076809,2,2021-04-07,"Tentáculos","Tentacoli",https://www.imdb.com/title/tt0076809,Película,3.8,102,1977,"Ciencia ficción, Acción, Aventura, Comedia, Suspense, Terror",5033,"1977-02-25","Ovidio G. Assonitis"
tt8716014,5,2021-04-06,"Diana","Diana",https://www.imdb.com/title/tt8716014,Película,4.7,101,2018,"Misterio, Romance, Drama",415,"2019-05-09","Alejo Moreno"
tt0083726,5,2021-04-06,"El reto del samurái","The Challenge",https://www.imdb.com/title/tt0083726,Película,6.2,113,1982,"Drama, Acción",3039,"1982-07-23","John Frankenheimer"
tt0055588,5,2021-04-01,"La venganza de Don Mendo","La venganza de Don Mendo",https://www.imdb.com/title/tt0055588,Película,7.1,87,1962,"Comedia",433,"1962-02-19","Fernando Fernán Gómez"
tt0285663,5,2021-03-31,"Kurobara shôten","Kurobara shôten",https://www.imdb.com/title/tt0285663,Película,5.2,72,1975,"Comedia, Drama",233,"1975-08-09","Tatsumi Kumashiro"
tt12361974,4,2021-03-30,"La Liga de la Justicia de Zack Snyder","Zack Snyder's Justice League",https://www.imdb.com/title/tt12361974,Película,7.9,242,2021,"Aventura, Fantasía, Ciencia ficción",479060,"2021-03-18","Zack Snyder"
tt9000224,6,2021-03-26,"The Assistant","The Assistant",https://www.imdb.com/title/tt9000224,Película,6.3,87,2019,"Drama",29887,"2021-02-26","Kitty Green"
tt0067671,4,2021-03-26,"El retorno del conde Yorga","The Return of Count Yorga",https://www.imdb.com/title/tt0067671,Película,5.6,97,1971,"Terror",1718,"1971-08-20","Bob Kelljan"
tt0078300,4,2021-03-23,"La muerte tiene ojos","La sorella di Ursula",https://www.imdb.com/title/tt0078300,Película,5.1,96,1978,"Terror, Drama, Suspense, Misterio",1705,"1978-10-18","Enzo Milioni"
tt5498158,2,2021-03-21,"Tilda&Jean","Tilda&Jean",https://www.imdb.com/title/tt5498158,Película,5.8,,2012,"Drama",14,"2012-12-12","Darío Autrán"
tt9140560,6,2021-03-20,"Bruja Escarlata y Visión","WandaVision",https://www.imdb.com/title/tt9140560,Miniserie de TV,7.9,40,2021,"Acción, Ciencia ficción, Fantasía, Comedia, Misterio, Drama, Romance",423237,"2021-01-15",
tt11161474,6,2021-03-19,"Fragmentos de una mujer","Pieces of a Woman",https://www.imdb.com/title/tt11161474,Película,7.0,126,2020,"Drama",60625,"2021-01-07","Kornél Mundruczó"
tt0066849,7,2021-03-18,"La garra de Satán","The Blood on Satan's Claw",https://www.imdb.com/title/tt0066849,Película,6.4,97,1971,"Terror",9332,"1971-04-16","Piers Haggard"
tt0068289,4,2021-03-16,"Aquelarre sangriento","Blood Sabbath",https://www.imdb.com/title/tt0068289,Película,4.1,86,1972,"Terror, Aventura",733,,"Brianne Murphy"
tt0060288,4,2021-03-14,"Más peligrosas que los hombres","Deadlier Than the Male",https://www.imdb.com/title/tt0060288,Película,6.3,101,1967,"Aventura, Drama, Misterio, Crimen, Suspense",2315,"1967-02-12","Ralph Thomas"
tt0122143,4,2021-03-10,"The Last Broadcast","The Last Broadcast",https://www.imdb.com/title/tt0122143,Película,5.2,86,1998,"Misterio, Terror",6861,"1998-10-23","Stefan Avalos,Lance Weiler"
tt0087759,6,2021-03-09,"Danza mortal","Murderock - Uccide a passo di danza",https://www.imdb.com/title/tt0087759,Película,5.5,93,1984,"Misterio, Terror, Suspense",2787,"1984-04-20","Lucio Fulci"
tt0064212,3,2021-03-09,"De Sade","De Sade",https://www.imdb.com/title/tt0064212,Película,4.3,104,1969,"Biografía, Historia, Drama, Suspense",862,"1969-08-27","Cy Endfield,Roger Corman"
tt13393736,7,2021-03-05,"Billy","Billy",https://www.imdb.com/title/tt13393736,Película,6.7,71,2020,"Documental",16,"2020-11-11","Max Lemcke"
tt10329614,8,2021-03-05,"Censor","Censor",https://www.imdb.com/title/tt10329614,Película,5.9,84,2021,"Terror, Misterio, Suspense",23571,"2021-08-20","Prano Bailey-Bond"
tt12752246,7,2021-03-03,"Double Walker","Double Walker",https://www.imdb.com/title/tt12752246,Película,4.6,71,2021,"Crimen, Terror, Misterio, Suspense",490,"2021-11-12","Colin West"
tt12373414,7,2021-03-03,"Superior","Superior",https://www.imdb.com/title/tt12373414,Película,5.4,99,2021,"Drama, Suspense",474,"2022-10-05","Erin Vassilopoulos"
tt13621424,6,2021-03-03,"Taming the Garden","Taming the Garden",https://www.imdb.com/title/tt13621424,Película,6.9,91,2021,"Documental",814,"2021-12-02","Salomé Jashi"
tt4229954,5,2021-03-03,"Outcast","Outcast",https://www.imdb.com/title/tt4229954,Serie de TV,7.3,60,2016,"Drama, Terror",19519,"2016-05-20",
tt0076853,5,2021-03-02,"Las garras del infierno","The Uncanny",https://www.imdb.com/title/tt0076853,Película,5.8,89,1977,"Terror",2719,"1978-04","Denis Héroux"
tt0071133,6,2021-03-02,"El amor del capitán Brando","El amor del capitán Brando",https://www.imdb.com/title/tt0071133,Película,6.6,93,1974,"Drama",188,"1976-04-29","Jaime de Armiñán"
tt13609638,6,2021-03-02,"Users","Users",https://www.imdb.com/title/tt13609638,Película,5.6,81,2021,"Documental",95,"2022-09-08","Natalia Almada"
tt11967484,5,2021-03-02,"La chica y la araña","Das Mädchen und die Spinne",https://www.imdb.com/title/tt11967484,Película,6.0,98,2021,"Drama, Comedia",1915,"2021-07-08","Ramon Zürcher,Silvan Zürcher"
tt8897874,6,2021-03-02,"Primera cita","First Date",https://www.imdb.com/title/tt8897874,Película,5.4,103,2021,"Comedia, Crimen, Misterio",794,"2021-11-16","Manuel Crosby,Darren Knapp"
tt13622118,5,2021-03-01,"Cryptozoo","Cryptozoo",https://www.imdb.com/title/tt13622118,Película,6.4,95,2021,"Animación, Fantasía, Acción, Crimen, Drama, Misterio, Suspense",2492,"2021-12-17","Dash Shaw"
tt8372298,7,2021-02-28,"Swallow","Swallow",https://www.imdb.com/title/tt8372298,Película,6.5,94,2019,"Drama, Suspense, Misterio",32786,"2020-10-31","Carlo Mirabella-Davis"
tt9616700,3,2021-02-27,"Adú","Adú",https://www.imdb.com/title/tt9616700,Película,6.8,119,2020,"Drama",5818,"2020-01-31","Salvador Calvo"
tt5363618,6,2021-02-26,"Sound of Metal","Sound of Metal",https://www.imdb.com/title/tt5363618,Película,7.7,120,2019,"Drama, Música",188483,"2020-12-04","Darius Marder"
tt1070874,7,2021-02-26,"El juicio de los 7 de Chicago","The Trial of the Chicago 7",https://www.imdb.com/title/tt1070874,Película,7.7,129,2020,"Drama, Suspense, Historia",206909,"2020-10-16","Aaron Sorkin"
tt2137109,5,2021-02-26,"Masters of Sex","Masters of Sex",https://www.imdb.com/title/tt2137109,Serie de TV,7.9,60,2013,"Drama, Romance",40429,"2013-09-30",
tt0068284,3,2021-02-24,"Drácula negro","Blacula",https://www.imdb.com/title/tt0068284,Película,5.8,93,1972,"Suspense, Romance, Fantasía, Terror",8924,"1974","William Crain"
tt0084335,7,2021-02-24,"Desaparecido","Missing",https://www.imdb.com/title/tt0084335,Película,7.7,122,1982,"Misterio, Historia, Biografía, Drama, Suspense",24597,"1982-09-27","Costa-Gavras"
tt2243973,8,2021-02-23,"Hannibal","Hannibal",https://www.imdb.com/title/tt2243973,Serie de TV,8.5,45,2013,"Crimen, Suspense, Terror, Drama, Misterio",313143,"2013-04-11",
tt2467372,7,2021-02-23,"Brooklyn Nine-Nine","Brooklyn Nine-Nine",https://www.imdb.com/title/tt2467372,Serie de TV,8.4,22,2013,"Comedia, Crimen",422740,"2013-09-17",
tt10147520,6,2021-02-23,"Los favoritos de Midas","Los favoritos de Midas",https://www.imdb.com/title/tt10147520,Miniserie de TV,6.6,53,2020,"Crimen, Drama, Suspense",5168,"2020-11-13",
tt1236246,4,2021-02-23,"Runaways","Runaways",https://www.imdb.com/title/tt1236246,Serie de TV,6.8,60,2017,"Acción, Drama, Ciencia ficción",30637,"2017-11-22",
tt3822576,4,2021-02-21,"21 con 40","21 con 40",https://www.imdb.com/title/tt3822576,Corto,5.3,3,2014,"Corto, Comedia",120,"2014-06-23","Gabriel Beitia,Susan Bejar"
tt1244704,6,2021-02-21,"Un lugar en el cine","Un lugar en el cine",https://www.imdb.com/title/tt1244704,Película,6.9,106,2008,"Documental",47,"2008-04","Alberto Morais"
tt0070634,6,2021-02-19,"Los ritos satánicos de Drácula","The Satanic Rites of Dracula",https://www.imdb.com/title/tt0070634,Película,5.5,87,1973,"Drama, Terror",7980,"1976-08-10","Alan Gibson"
tt10332484,5,2021-02-19,"La Mugre","La Mugre",https://www.imdb.com/title/tt10332484,Corto,5.5,19,2019,"Corto, Drama",11,"2019-05","Pau Bösch,Berta Galvany"
tt8445832,7,2021-02-17,"La viajante","La viajante",https://www.imdb.com/title/tt8445832,Película,6.0,84,2020,"Drama",46,"2021-04-12","Miguel Mejias"
tt2802172,5,2021-02-17,"Los chicos del puerto","Los chicos del puerto",https://www.imdb.com/title/tt2802172,Película,5.5,78,2013,"Aventura, Drama, Historia",102,"2013-11-15","Alberto Morais"
tt1776942,6,2021-02-17,"Las olas","Las olas",https://www.imdb.com/title/tt1776942,Película,6.0,95,2011,"Drama",107,"2012-01-13","Alberto Morais"
tt0069427,7,2021-02-17,"Drácula y las mellizas","Twins of Evil",https://www.imdb.com/title/tt0069427,Película,6.6,87,1971,"Drama, Terror",7654,"1971-10-03","John Hough"
tt0068444,5,2021-02-16,"La dama roja mata siete veces","La dama rossa uccide sette volte",https://www.imdb.com/title/tt0068444,Película,6.5,99,1972,"Terror, Misterio, Crimen, Suspense",3792,"1972-08-18","Emilio Miraglia"
tt0066952,6,2021-02-16,"Conde Yorga, vampiro","Count Yorga, Vampire",https://www.imdb.com/title/tt0066952,Película,5.7,93,1970,"Drama, Romance, Suspense, Fantasía, Misterio, Terror",3427,"1970-06-12","Bob Kelljan"
tt11232334,6,2021-02-16,"Anmian lushe","Anmian lushe",https://www.imdb.com/title/tt11232334,Película,7.3,45,2020,"Drama",1144,"2020-10-28","Keff"
tt13627528,6,2021-02-14,"Todos quieren ser el próximo Weismann","Todos quieren ser el próximo Weismann",https://www.imdb.com/title/tt13627528,Película,7.2,65,2020,"Documental",17,"2021-07-05","Alberto Triano"
tt8514696,7,2021-02-13,"Nova Lituania","Nova Lituania",https://www.imdb.com/title/tt8514696,Película,6.6,96,2019,"Drama, Historia",1030,"2020-06-26","Karolis Kaupinis"
tt5537378,6,2021-02-13,"Izaokas","Izaokas",https://www.imdb.com/title/tt5537378,Película,7.0,104,2019,"Drama",398,"2021-08-13","Jurgis Matulevičius"
tt0066827,5,2021-02-13,"La bestia mata a sangre fría","La bestia uccide a sangue freddo",https://www.imdb.com/title/tt0066827,Película,5.1,96,1971,"Suspense, Misterio, Drama, Terror",2097,"1971-08-02","Fernando Di Leo"
tt12881556,5,2021-02-13,"Autoscopy","Autoscopy",https://www.imdb.com/title/tt12881556,Corto,6.6,14,2020,"Corto, Suspense",26,"2020-08-28","Claes Nordwall"
tt3778644,4,2021-02-13,"Han Solo: Una historia de Star Wars","Solo: A Star Wars Story",https://www.imdb.com/title/tt3778644,Película,6.9,135,2018,"Ciencia ficción, Acción, Aventura",414165,"2018-05-24","Ron Howard"
tt7556502,6,2021-02-13,"A Brixton Tale","A Brixton Tale",https://www.imdb.com/title/tt7556502,Película,4.8,76,2021,"Drama, Romance, Suspense",376,"2021-09-17","Darragh Carey,Bertrand Desrochers"
tt13648184,6,2021-02-13,"El perro que no calla","El perro que no calla",https://www.imdb.com/title/tt13648184,Película,6.2,73,2021,"Drama",1060,"2021-11-25","Ana Katz"
tt9815454,6,2021-02-10,"Unorthodox","Unorthodox",https://www.imdb.com/title/tt9815454,Miniserie de TV,8.0,50,2020,"Drama",99706,"2020-03-26",
tt11204260,7,2021-02-10,"Podría destruirte","I May Destroy You",https://www.imdb.com/title/tt11204260,Serie de TV,8.0,30,2020,"Drama",28665,"2020-06-08",
tt0084573,3,2021-02-10,"Raw Force - Invasores de la Tumba de Jade","Raw Force",https://www.imdb.com/title/tt0084573,Película,5.3,86,1982,"Comedia, Terror, Aventura, Acción",2750,"1982-07-09","Edward Murphy"
tt11271800,5,2021-02-07,"Mayday","Mayday",https://www.imdb.com/title/tt11271800,Película,4.5,100,2021,"Drama, Fantasía, Misterio",2471,"2021-10-01","Karen Cinorre"
tt13886890,7,2021-02-06,"Në kërkim të Venerës","Në kërkim të Venerës",https://www.imdb.com/title/tt13886890,Película,6.5,111,2021,"Drama",250,"2022-02-02","Norika Sefa"
tt12574336,5,2021-02-06,"Hecho en casa","Homemade",https://www.imdb.com/title/tt12574336,Miniserie de TV,6.1,138,2020,"Drama",963,"2020-06-30",
tt0067283,3,2021-02-06,"Justine de Sade","Justine de Sade",https://www.imdb.com/title/tt0067283,Película,5.0,100,1972,"Drama, Terror",508,"1972-05-19","Claude Pierson"
tt13804976,7,2021-02-05,"Agate mousse","Agate mousse",https://www.imdb.com/title/tt13804976,Película,6.1,68,2021,"Drama",17,"2021-02-04","Selim Mourad"
tt13667778,5,2021-02-05,"Archipel","Archipel",https://www.imdb.com/title/tt13667778,Película,7.0,72,2021,"Animación",90,"2022-12-07","Félix Dufour-Laperrière"
tt8132778,5,2021-02-05,"La noche de los reyes","La nuit des rois",https://www.imdb.com/title/tt8132778,Película,6.5,93,2020,"Drama, Fantasía",3126,"2021-09-08","Philippe Lacôte"
tt13695988,5,2021-02-04,"Zhishi yici ouran de lüxing","Zhishi yici ouran de lüxing",https://www.imdb.com/title/tt13695988,Película,6.5,107,2021,"Drama",158,"2021-06-18","Mengqiao Li"
tt13886712,7,2021-02-04,"Carro Rei","Carro Rei",https://www.imdb.com/title/tt13886712,Película,5.5,99,2021,"Ciencia ficción, Fantasía",300,"2022-01-07","Renata Pinheiro"
tt13845002,8,2021-02-03,"Phayasohk phiyohkyam","Phayasohk phiyohkyam",https://www.imdb.com/title/tt13845002,Película,7.1,114,2021,"Drama, Historia",96,"2022-10-30","Taiki Sakpisit"
tt13764318,7,2021-02-03,"Destello bravío","Destello bravío",https://www.imdb.com/title/tt13764318,Película,5.6,98,2021,"Drama",467,"2022-08-18","Ainhoa Rodríguez"
tt11818426,6,2021-02-03,"Gritt","Gritt",https://www.imdb.com/title/tt11818426,Película,6.2,118,2021,"Drama, Comedia",591,"2021-03-26","Itonje Søimer Guttormsen"
tt12440140,4,2021-02-02,"Anoko wa kizoku","Anoko wa kizoku",https://www.imdb.com/title/tt12440140,Película,6.8,124,2020,"Drama, Familiar",1306,"2021-02-26","Yukiko Sode"
tt11655202,6,2021-02-02,"Jinetes de la justicia","Retfærdighedens ryttere",https://www.imdb.com/title/tt11655202,Película,7.5,116,2020,"Comedia, Acción, Drama, Suspense",77355,"2021-08-13","Anders Thomas Jensen"
tt13885900,6,2021-02-02,"Aurora","Aurora",https://www.imdb.com/title/tt13885900,Película,6.1,90,2021,"Drama",115,"2021-09-22","Paz Fábrega"
tt9731242,5,2021-02-01,"El desorden que dejas","El desorden que dejas",https://www.imdb.com/title/tt9731242,Serie de TV,6.8,56,2020,"Drama, Misterio, Suspense, Crimen",12194,"2020-12-11",
tt5114356,7,2021-02-01,"Legión","Legion",https://www.imdb.com/title/tt5114356,Serie de TV,8.1,60,2017,"Acción, Ciencia ficción, Suspense",104469,"2017-02-08",
tt6238798,6,2021-01-31,"Con el viento","Con el viento",https://www.imdb.com/title/tt6238798,Película,6.1,108,2018,"Drama",268,"2018-08-30","Meritxell Colell"
tt5639354,6,2021-01-31,"Una mujer fantástica","Una mujer fantástica",https://www.imdb.com/title/tt5639354,Película,7.1,104,2017,"Drama",28638,"2017-10-20","Sebastián Lelio"
tt0066412,6,2021-01-30,"La perversa señora Ward","Lo strano vizio della signora Wardh",https://www.imdb.com/title/tt0066412,Película,6.9,92,1971,"Misterio, Crimen, Terror, Suspense",6391,"1972-06-12","Sergio Martino"
tt9484998,4,2021-01-29,"Palm Springs","Palm Springs",https://www.imdb.com/title/tt9484998,Película,7.4,90,2020,"Comedia, Romance, Fantasía, Misterio, Ciencia ficción",218198,"2021-01-29","Max Barbakow"
tt6548228,6,2021-01-29,"Castle Rock","Castle Rock",https://www.imdb.com/title/tt6548228,Serie de TV,7.5,60,2018,"Terror, Misterio, Fantasía, Suspense, Drama, Ciencia ficción",58612,"2018-07-25",
tt0077737,3,2021-01-28,"La profesora y el último de la clase","L'insegnante va in collegio",https://www.imdb.com/title/tt0077737,Película,4.4,92,1978,"Comedia",537,"1978-09-14","Mariano Laurenti"
tt4820370,7,2021-01-27,"Channel Zero","Channel Zero",https://www.imdb.com/title/tt4820370,Serie de TV,7.1,44,2016,"Drama, Terror, Misterio, Suspense, Fantasía",13713,"2016-10-11",
tt0097165,5,2021-01-25,"El club de los poetas muertos","Dead Poets Society",https://www.imdb.com/title/tt0097165,Película,8.1,128,1989,"Comedia, Drama",666412,"1989-11-22","Peter Weir"
tt0075984,3,2021-01-24,"Emanuelle y los últimos caníbales","Emanuelle e gli ultimi cannibali",https://www.imdb.com/title/tt0075984,Película,5.0,94,1977,"Terror, Aventura",3621,"1978-05-22","Joe D'Amato"
tt12474056,7,2021-01-23,"Nuevo orden","Nuevo orden",https://www.imdb.com/title/tt12474056,Película,6.5,86,2020,"Drama, Crimen, Suspense, Ciencia ficción",11263,"2021-02-19","Michel Franco"
tt9738784,6,2021-01-22,"El profesor de persa","Persischstunden",https://www.imdb.com/title/tt9738784,Película,7.4,127,2020,"Drama, Bélico",15899,"2021-01-22","Vadim Perelman"
tt0065143,7,2021-01-21,"El pájaro de las plumas de cristal","L'uccello dalle piume di cristallo",https://www.imdb.com/title/tt0065143,Película,7.1,96,1970,"Terror, Drama, Suspense, Misterio",27417,"1970-06-12","Dario Argento"
tt11028768,4,2021-01-19,"Sentimental","Sentimental",https://www.imdb.com/title/tt11028768,Película,6.6,82,2020,"Comedia",4257,"2020-10-30","Cesc Gay"
tt9764386,7,2021-01-18,"30 Monedas","30 Monedas",https://www.imdb.com/title/tt9764386,Serie de TV,7.0,60,2020,"Terror, Misterio, Suspense, Drama, Fantasía",12370,"2020-11-29",
tt9731222,5,2021-01-18,"El vecino","El vecino",https://www.imdb.com/title/tt9731222,Serie de TV,6.5,30,2019,"Comedia, Acción",2632,"2019-12-31",
tt3322310,3,2021-01-18,"Iron Fist","Iron Fist",https://www.imdb.com/title/tt3322310,Serie de TV,6.4,60,2017,"Acción, Ciencia ficción, Aventura, Crimen, Fantasía",150880,"2017-03-17",
tt0265086,3,2021-01-11,"Black Hawk derribado","Black Hawk Down",https://www.imdb.com/title/tt0265086,Película,7.7,144,2001,"Drama, Acción, Historia, Bélico",458735,"2002-02-22","Ridley Scott"
tt9606374,5,2021-01-10,"On the Rocks","On the Rocks",https://www.imdb.com/title/tt9606374,Película,6.4,96,2020,"Drama, Comedia, Romance",40140,"2020-10-23","Sofia Coppola"
tt7960322,4,2021-01-09,"Ane","Ane",https://www.imdb.com/title/tt7960322,Película,5.9,100,2020,"Drama, Misterio",788,"2020-10-16","David Pérez Sañudo"
tt0064186,4,2021-01-07,"Así de dulce, así de maravillosa","Così dolce... così perversa",https://www.imdb.com/title/tt0064186,Película,6.0,92,1969,"Terror, Suspense, Misterio",1552,"1969-10-31","Umberto Lenzi"
tt11385336,6,2021-01-03,"El olvido que seremos","El olvido que seremos",https://www.imdb.com/title/tt11385336,Película,7.2,136,2020,"Historia, Drama",2995,"2021-05-07","Fernando Trueba"
tt0065148,6,2021-01-03,"Una historia perversa","Una sull'altra",https://www.imdb.com/title/tt0065148,Película,6.6,108,1969,"Suspense, Terror, Drama, Misterio",3169,"1969-08-15","Lucio Fulci"
tt11238932,2,2021-01-02,"Explota, explota","Explota Explota",https://www.imdb.com/title/tt11238932,Película,5.7,116,2020,"Musical, Comedia, Romance",1300,"2020-10-02","Nacho Álvarez"
tt0464141,5,2021-01-02,"El orfanato","El orfanato",https://www.imdb.com/title/tt0464141,Película,7.4,105,2007,"Drama, Misterio, Suspense, Terror",171578,"2007-10-11","J.A. Bayona"
tt2948372,6,2021-01-01,"Soul","Soul",https://www.imdb.com/title/tt2948372,Película,8.0,100,2020,"Animación, Familiar, Aventura, Fantasía, Música, Comedia, Drama",456632,"2020-12-25","Pete Docter,Kemp Powers"
tt0256009,5,2021-01-01,"El espinazo del diablo","The Devil's Backbone",https://www.imdb.com/title/tt0256009,Película,7.3,106,2001,"Terror, Drama, Suspense",76088,"2001-04-20","Guillermo del Toro"
tt10767168,7,2020-12-31,"La llorona","La llorona",https://www.imdb.com/title/tt10767168,Película,6.6,97,2019,"Drama, Suspense, Terror, Crimen, Bélico",9271,"2020-01-22","Jayro Bustamante"
tt11572530,8,2020-12-29,"El año del descubrimiento","El año del descubrimiento",https://www.imdb.com/title/tt11572530,Película,7.5,200,2020,"Documental",561,"2020-11-13","Luis López Carrasco"
tt9354422,6,2020-12-29,"El inconveniente","El inconveniente",https://www.imdb.com/title/tt9354422,Película,6.6,94,2020,"Drama",1080,"2020-12-18","Bernabé Rico"
tt10970552,4,2020-12-28,"La maldición de Bly Manor","The Haunting of Bly Manor",https://www.imdb.com/title/tt10970552,Miniserie de TV,7.4,60,2020,"Drama, Terror, Misterio, Suspense",146762,"2020-10-09",
tt11362866,4,2020-12-27,"Historias lamentables","Historias lamentables",https://www.imdb.com/title/tt11362866,Película,6.6,126,2020,"Comedia",2103,"2020-11-19","Javier Fesser"
tt0119626,7,2020-12-26,"Martín (Hache)","Martín (Hache)",https://www.imdb.com/title/tt0119626,Película,7.6,123,1997,"Drama",5164,"1997-09-26","Adolfo Aristarain"
tt0407858,5,2020-12-26,"¡Hay motivo!","¡Hay motivo!",https://www.imdb.com/title/tt0407858,Película,5.7,100,2004,"Drama",383,"2004-11-12","Álvaro del Amo,Vicente Aranda,Mariano Barroso,Bernardo Belzunegui,Antonio José Betancor,Icíar Bollaín,Juan Diego Botto,Daniel Cebrián,Isabel Coixet,Fernando Colomo,José Luis Cuerda,Ana Díez,Miguel Ángel Díez,El Gran Wyoming,Diego Galán,Víctor García León,Yolanda García Serrano,José Luis García Sánchez,Chus Gutiérrez,Manuel Gómez Pereira,Mireia Lluch,Víctor Manuel,Julio Medem,Sigfrid Monleón,Pedro Olea,Joaquín Oristrell,Pere Portabella,Gracia Querejeta,José Ángel Rebolledo,Manuel Rivas,David Trueba,Alfonso Ungría,Imanol Uribe,Pere Joan Ventura"
tt0115850,5,2020-12-26,"La Celestina","La Celestina",https://www.imdb.com/title/tt0115850,Película,5.2,109,1996,"Drama",956,"1996-11-08","Gerardo Vera"
tt6681678,3,2020-12-26,"Los europeos","Los Europeos",https://www.imdb.com/title/tt6681678,Película,5.4,89,2020,"Drama",323,"2020-08-31","Víctor García León"
tt0455760,7,2020-12-25,"Silencio desde el mal","Dead Silence",https://www.imdb.com/title/tt0455760,Película,6.2,89,2007,"Terror, Misterio, Suspense",109570,"2007-11-09","James Wan"
tt7404868,6,2020-12-25,"Tôkyô banpaia hoteru: Eiga-ban","Tôkyô banpaia hoteru: Eiga-ban",https://www.imdb.com/title/tt7404868,Película,5.9,142,2017,"Fantasía, Terror",629,"2017-10-06","Sion Sono"
tt0064243,5,2020-12-24,"El dulce cuerpo de Deborah","Il dolce corpo di Deborah",https://www.imdb.com/title/tt0064243,Película,5.9,95,1968,"Drama, Misterio, Suspense, Romance, Terror",1098,"1975-12-04","Romolo Guerrieri"
tt0043465,6,2020-12-23,"Brigada 21","Detective Story",https://www.imdb.com/title/tt0043465,Película,7.5,103,1951,"Cine negro, Romance, Crimen, Drama",10656,"1952-05-19","William Wyler"
tt0060762,5,2020-12-23,"Le notti della violenza","Le notti della violenza",https://www.imdb.com/title/tt0060762,Película,5.4,91,1965,"Suspense",123,"1966-04-20","Roberto Mauri"
tt10464754,4,2020-12-22,"Nasdrovia","Nasdrovia",https://www.imdb.com/title/tt10464754,Miniserie de TV,6.4,,2020,"Acción, Comedia, Suspense, Drama",420,"2020-11-06",
tt10883660,6,2020-12-22,"Antidisturbios","Antidisturbios",https://www.imdb.com/title/tt10883660,Serie de TV,8.0,306,2020,"Suspense, Acción, Crimen, Drama",6070,"2020-10-16",
tt4630562,4,2020-12-22,"Fast & Furious 8","The Fate of the Furious",https://www.imdb.com/title/tt4630562,Película,6.6,136,2017,"Acción, Suspense, Crimen",277987,"2017-04-12","F. Gary Gray"
tt5774450,5,2020-12-19,"Verano del 84","Summer of 84",https://www.imdb.com/title/tt5774450,Película,6.7,105,2018,"Suspense, Terror, Misterio, Crimen, Drama",52101,"2018-08-10","François Simard,Anouk Whissell,Yoann-Karl Whissell"
tt9806468,3,2020-12-19,"Nieva en Benidorm","It Snows in Benidorm",https://www.imdb.com/title/tt9806468,Película,5.3,117,2020,"Suspense, Drama",1175,"2020-12-11","Isabel Coixet"
tt9086228,6,2020-12-12,"Gretel & Hansel. Un oscuro cuento de hadas","Gretel & Hansel",https://www.imdb.com/title/tt9086228,Película,5.6,87,2020,"Fantasía, Terror, Suspense, Misterio",39901,"2020-07-22","Osgood Perkins"
tt11865946,6,2020-12-11,"El arte de volver","El arte de volver",https://www.imdb.com/title/tt11865946,Película,6.0,91,2020,"Drama, Comedia, Romance",539,"2020-11-07","Pedro Collantes"
tt0171388,3,2020-12-09,"La jena di Londra","La jena di Londra",https://www.imdb.com/title/tt0171388,Película,4.7,79,1964,"Terror",80,"1964-06-23","Gino Mangini"
tt10077544,5,2020-12-09,"La boda de Rosa","La boda de Rosa",https://www.imdb.com/title/tt10077544,Película,6.4,97,2020,"Comedia",2252,"2020-08-21","Icíar Bollaín"
tt9057808,7,2020-12-08,"Los Lobos","Los lobos",https://www.imdb.com/title/tt9057808,Película,7.2,95,2019,"Drama",1382,"2021-06-10","Samuel Kishi"
tt8404520,5,2020-12-07,"Ares","Ares",https://www.imdb.com/title/tt8404520,Serie de TV,5.7,32,2020,"Terror, Drama, Misterio, Suspense",5231,"2020-01-17",
tt9916362,6,2020-12-07,"Akelarre","Akelarre",https://www.imdb.com/title/tt9916362,Película,6.4,92,2020,"Drama, Historia, Terror",6351,"2020-10-02","Pablo Agüero"
tt0048394,6,2020-12-07,"Muerte de un ciclista","Muerte de un ciclista",https://www.imdb.com/title/tt0048394,Película,7.6,88,1955,"Crimen, Drama",4948,"1955-09-07","Juan Antonio Bardem"
tt0107688,7,2020-12-07,"Pesadilla antes de Navidad","Tim Burton's the Nightmare Before Christmas",https://www.imdb.com/title/tt0107688,Película,7.9,76,1993,"Animación, Musical, Familiar, Aventura, Fantasía",414796,"1994-12-02","Henry Selick"
tt9220966,7,2020-12-05,"Del inconveniente de haber nacido","The Trouble with Being Born",https://www.imdb.com/title/tt9220966,Película,5.4,94,2020,"Drama, Ciencia ficción, Misterio, Suspense",1580,"2021-07-01","Sandra Wollner"
tt11614912,6,2020-12-05,"She Dies Tomorrow","She Dies Tomorrow",https://www.imdb.com/title/tt11614912,Película,5.0,86,2020,"Drama, Suspense, Misterio, Fantasía, Terror",7972,"2020-08-07","Amy Seimetz"
tt4359330,4,2020-12-04,"No matarás","No matarás",https://www.imdb.com/title/tt4359330,Película,6.2,92,2020,"Suspense, Drama",4164,"2020-10-16","David Victori"
tt0367882,3,2020-12-04,"Indiana Jones y el reino de la calavera de cristal","Indiana Jones and the Kingdom of the Crystal Skull",https://www.imdb.com/title/tt0367882,Película,6.2,122,2008,"Acción, Aventura",517343,"2008-05-23","Steven Spielberg"
tt0458290,6,2020-12-03,"Star Wars: The Clone Wars","Star Wars: The Clone Wars",https://www.imdb.com/title/tt0458290,Serie de TV,8.5,23,2008,"Animación, Acción, Aventura, Drama, Fantasía, Ciencia ficción",147898,"2008-12-23",
tt11329072,6,2020-11-30,"My Mexican Bretzel","My Mexican Bretzel",https://www.imdb.com/title/tt11329072,Película,7.2,73,2019,"Documental",657,"2019-11-18","Nuria Giménez"
tt6433880,5,2020-11-28,"Ana y el apocalipsis","Anna and the Apocalypse",https://www.imdb.com/title/tt6433880,Película,6.1,93,2017,"Musical, Comedia, Terror",17623,"2018-12-14","John McPhail"
tt2427892,6,2020-11-28,"Tom en la granja","Tom à la ferme",https://www.imdb.com/title/tt2427892,Película,6.9,102,2013,"Drama, Suspense, Misterio",20285,"2014-04-16","Xavier Dolan"
tt8767908,6,2020-11-28,"Matthias & Maxime","Matthias et Maxime",https://www.imdb.com/title/tt8767908,Película,6.8,119,2019,"Drama, Romance",10434,"2020-03-27","Xavier Dolan"
tt0057443,5,2020-11-27,"La muchacha que sabía demasiado","La ragazza che sapeva troppo",https://www.imdb.com/title/tt0057443,Película,6.9,83,1963,"Terror, Romance, Suspense, Misterio",6440,"1963","Mario Bava"
tt2820852,5,2020-11-26,"Fast & Furious 7","Fast & Furious 7",https://www.imdb.com/title/tt2820852,Película,7.1,137,2015,"Acción, Suspense",444085,"2015-04-02","James Wan"
tt11657892,6,2020-11-21,"Mamá, mamá, mamá","Mamá, mamá, mamá",https://www.imdb.com/title/tt11657892,Película,6.4,65,2020,"Drama",325,"2022-04-13","Sol Berruezo Pichon-Rivière"
tt0067800,8,2020-11-20,"Perros de paja","Straw Dogs",https://www.imdb.com/title/tt0067800,Película,7.4,113,1971,"Crimen, Drama, Suspense",68735,"1971-12-27","Sam Peckinpah"
tt0068638,8,2020-11-20,"La huida","The Getaway",https://www.imdb.com/title/tt0068638,Película,7.3,123,1972,"Acción, Suspense, Crimen",37778,"1972-12-13","Sam Peckinpah"
tt13235966,7,2020-11-18,"Her Name Was Europa","Her Name Was Europa",https://www.imdb.com/title/tt13235966,Película,6.5,76,2020,"Documental",26,"2020-02-21","Anja Dornieden,Juan David Gonzalez Monroy"
tt10340452,6,2020-11-17,"Birdsong","Birdsong",https://www.imdb.com/title/tt10340452,Película,6.0,90,2019,"Drama, Fantasía, Música",231,"2020-07-03","Hendrik Willemyns"
tt6146586,5,2020-11-16,"John Wick: Capítulo 3 - Parabellum","John Wick: Chapter 3 - Parabellum",https://www.imdb.com/title/tt6146586,Película,7.4,130,2019,"Acción, Suspense, Crimen",487122,"2019-05-31","Chad Stahelski"
tt11394282,7,2020-11-15,"Sin señas particulares","Sin señas particulares",https://www.imdb.com/title/tt11394282,Película,7.3,99,2020,"Drama",2828,"2020-11-27","Fernanda Valadez"
tt12140804,6,2020-11-14,"Ghosts","Hayaletler",https://www.imdb.com/title/tt12140804,Película,5.9,90,2020,"Drama",1185,"2021-04-17","Azra Deniz Okyay"
tt0074156,7,2020-11-12,"Asalto a la comisaría del distrito 13","Assault on Precinct 13",https://www.imdb.com/title/tt0074156,Película,7.3,91,1976,"Crimen, Suspense, Acción",61636,"1980-02-01","John Carpenter"
tt4699954,5,2020-11-11,"Amor tóxico","Amor tóxico",https://www.imdb.com/title/tt4699954,Película,3.4,113,2015,"Romance, Comedia",207,"2022-03-31","Norberto Ramos del Val"
tt4425200,5,2020-11-11,"John Wick: Pacto de sangre","John Wick: Chapter 2",https://www.imdb.com/title/tt4425200,Película,7.4,122,2017,"Acción, Suspense, Crimen",577606,"2017-04-21","Chad Stahelski"
tt6625730,6,2020-11-10,"Patria","Patria",https://www.imdb.com/title/tt6625730,Miniserie de TV,8.2,60,2020,"Drama",7572,"2020-09-27",
tt0335266,9,2020-11-08,"Lost in Translation","Lost in Translation",https://www.imdb.com/title/tt0335266,Película,7.7,102,2003,"Comedia, Drama",534070,"2004-02-13","Sofia Coppola"
tt11355242,5,2020-11-08,"Te jodes y bailas","Te jodes y bailas",https://www.imdb.com/title/tt11355242,Corto,5.2,19,2020,"Corto, Romance",19,"2020-03-07","Diego Saniz"
tt13143964,4,2020-11-07,"Borat, película film secuela","Borat Subsequent Moviefilm: Delivery of Prodigious Bribe to American Regime for Make Benefit Once Glorious Nation of Kazakhstan",https://www.imdb.com/title/tt13143964,Película,6.6,95,2020,"Comedia",166627,"2020-10-23","Jason Woliner"
tt7557108,7,2020-11-07,"Saint Maud","Saint Maud",https://www.imdb.com/title/tt7557108,Película,6.6,84,2019,"Terror, Drama, Suspense, Misterio",56737,"2020-12-23","Rose Glass"
tt7598076,6,2020-11-04,"Curiosa","Curiosa",https://www.imdb.com/title/tt7598076,Película,5.4,107,2019,"Historia, Drama, Biografía",5124,"2019-12-13","Lou Jeunet"
tt0122111,7,2020-11-03,"Viaje al fin del universo","Ikarie XB 1",https://www.imdb.com/title/tt0122111,Película,6.9,86,1963,"Ciencia ficción",3394,"1963-07-26","Jindřich Polák"
tt7580918,4,2020-11-02,"Video Girl AI","Video Girl AI",https://www.imdb.com/title/tt7580918,Miniserie de TV,6.8,25,2018,"Comedia, Drama, Romance, Ciencia ficción, Fantasía",83,"2018-01-13",
tt0040369,3,2020-10-31,"Fort Apache","Fort Apache",https://www.imdb.com/title/tt0040369,Película,7.4,128,1948,"Drama, Del oeste",21588,"1948-05-21","John Ford"
tt9244556,6,2020-10-29,"Mrs. America","Mrs. America",https://www.imdb.com/title/tt9244556,Miniserie de TV,7.8,51,2020,"Drama, Biografía, Historia",14837,"2020-04-15",
tt7221388,6,2020-10-26,"Cobra Kai","Cobra Kai",https://www.imdb.com/title/tt7221388,Serie de TV,8.4,30,2018,"Acción, Drama, Comedia, Deporte",246169,"2018-05-02",
tt2911666,4,2020-10-26,"John Wick (Otro día para matar)","John Wick",https://www.imdb.com/title/tt2911666,Película,7.5,101,2014,"Acción, Suspense, Crimen",838833,"2024-10-31","Chad Stahelski"
tt10093862,7,2020-10-25,"The Devil's Harmony","The Devil's Harmony",https://www.imdb.com/title/tt10093862,Corto,6.3,14,2019,"Corto, Terror",478,"2020-04-08","Dylan Holmes Williams"
tt8745960,7,2020-10-24,"Daniel no es real","Daniel Isn't Real",https://www.imdb.com/title/tt8745960,Película,6.0,100,2019,"Terror, Fantasía, Misterio, Drama",11963,"2020-06-30","Adam Egypt Mortimer"
tt8228172,4,2020-10-24,"Las furias (The furies)","The Furies",https://www.imdb.com/title/tt8228172,Película,5.4,82,2019,"Acción, Suspense, Terror",6929,"2020-06-01","Tony D'Aquino"
tt8946378,5,2020-10-23,"Puñales por la espalda (Knives Out)","Knives Out",https://www.imdb.com/title/tt8946378,Película,7.9,130,2019,"Crimen, Misterio, Suspense, Drama, Comedia",888754,"2019-11-29","Rian Johnson"
tt11310884,6,2020-10-18,"Historia de lo Oculto","Historia de lo Oculto",https://www.imdb.com/title/tt11310884,Película,6.4,82,2020,"Terror",2433,"2022-05-13","Cristian Ponce"
tt9421200,5,2020-10-18,"Cosmética del enemigo","A Perfect Enemy",https://www.imdb.com/title/tt9421200,Película,5.5,89,2020,"Suspense, Drama",4202,"2021-01-29","Kike Maíllo"
tt6818118,6,2020-10-17,"Jumbo","Jumbo",https://www.imdb.com/title/tt6818118,Película,6.1,93,2020,"Drama, Fantasía, Romance",1450,"2020-07-01","Zoé Wittock"
tt9000302,6,2020-10-16,"La mujer del infierno","Perempuan tanah jahanam",https://www.imdb.com/title/tt9000302,Película,6.6,106,2019,"Terror, Misterio, Suspense",9324,"2021-05-14","Joko Anwar"
tt11012574,3,2020-10-15,"Cabrito","Cabrito",https://www.imdb.com/title/tt11012574,Película,4.0,80,2020,"Terror",376,"2022-08-23","Luciano de Azevedo"
tt11623526,6,2020-10-15,"El ruido solar","El ruido solar",https://www.imdb.com/title/tt11623526,Corto,6.6,15,2020,"Corto, Ciencia ficción",42,"2020-10-13","Pablo Hernando"
tt10756302,6,2020-10-15,"A Strange Calm","A Strange Calm",https://www.imdb.com/title/tt10756302,Corto,6.3,14,2020,"Corto, Aventura, Misterio, Suspense",65,"2020-01-25","Austin Rourke"
tt10262380,3,2020-10-15,"Boys from County Hell","Boys from County Hell",https://www.imdb.com/title/tt10262380,Película,5.9,88,2020,"Terror, Comedia, Suspense",6639,"2021-08-06","Chris Baugh"
tt10629794,6,2020-10-15,"Eject","Eject",https://www.imdb.com/title/tt10629794,Corto,6.3,8,2019,"Corto, Terror",51,,"David Yorke"
tt7422822,6,2020-10-13,"Greener Grass","Greener Grass",https://www.imdb.com/title/tt7422822,Película,6.4,95,2019,"Comedia",6617,"2019-10-18","Jocelyn DeBoer,Dawn Luebbe"
tt0062453,8,2020-10-13,"El Viyi","Viy",https://www.imdb.com/title/tt0062453,Película,7.1,77,1967,"Drama, Fantasía, Terror",12015,"1967-11-27","Aleksandr Ptushko,Konstantin Ershov,Georgiy Kropachyov"
tt11764424,6,2020-10-12,"En medio del laberinto","En medio del laberinto",https://www.imdb.com/title/tt11764424,Película,6.1,65,2019,"Drama",23,"2020-08-27","Salomón Pérez"
tt9741310,5,2020-10-12,"Slaxx","Slaxx",https://www.imdb.com/title/tt9741310,Película,5.4,77,2020,"Comedia, Terror",4950,"2020-10-12","Elza Kephart"
tt9755362,6,2020-10-12,"The History of Monsters","The History of Monsters",https://www.imdb.com/title/tt9755362,Corto,7.1,19,2019,"Corto, Terror",57,"2019-10-01","Juan Pablo Arias Munoz"
tt9834506,6,2020-10-12,"Post Mortem","Post Mortem",https://www.imdb.com/title/tt9834506,Película,5.5,115,2020,"Terror, Misterio, Suspense",4274,"2021-10-28","Péter Bergendy"
tt11778118,5,2020-10-11,"Vicious Fun","Vicious Fun",https://www.imdb.com/title/tt11778118,Película,6.5,101,2020,"Terror, Comedia",9408,"2021-08-04","Cody Calahan"
tt10873438,5,2020-10-11,"La vampira de Barcelona","La vampira de Barcelona",https://www.imdb.com/title/tt10873438,Película,5.8,103,2020,"Drama, Terror, Historia",677,"2020-12-04","Lluís Danés"
tt9072352,7,2020-10-10,"Relic","Relic",https://www.imdb.com/title/tt9072352,Película,6.0,89,2020,"Drama, Terror, Suspense, Misterio",33468,"2021-03-12","Natalie Erika James"
tt9102084,6,2020-10-10,"Fried Barry","Fried Barry",https://www.imdb.com/title/tt9102084,Película,5.6,99,2020,"Terror, Comedia, Ciencia ficción",3562,"2022-05-19","Ryan Kruger"
tt10375106,7,2020-10-10,"Mandíbulas","Mandibules",https://www.imdb.com/title/tt10375106,Película,6.6,77,2020,"Comedia, Fantasía",7885,"2021-07-02","Quentin Dupieux"
tt0043899,3,2020-10-09,"Pandora y el holandés errante","Pandora and the Flying Dutchman",https://www.imdb.com/title/tt0043899,Película,6.9,124,1951,"Misterio, Romance, Fantasía, Drama",5486,"1951-02-01","Albert Lewin"
tt4936126,7,2020-10-09,"Video Blues","Video Blues",https://www.imdb.com/title/tt4936126,Película,7.1,74,2019,"Documental",39,"2019-11-16","Emma Tusell"
tt12754180,8,2020-10-09,"Dar-Dar","Dar-Dar",https://www.imdb.com/title/tt12754180,Corto,7.0,9,2020,"Corto, Terror",196,"2020-01-04","Paul Urkijo Alijo"
tt11663016,5,2020-10-09,"Axe to the Face","Axe to the Face",https://www.imdb.com/title/tt11663016,Corto,6.6,20,2020,"Corto, Suspense",19,"2020-02-28","Andrew Moorehead"
tt11421562,6,2020-10-08,"Milk Teeth","Milk Teeth",https://www.imdb.com/title/tt11421562,Corto,6.6,14,2020,"Corto, Fantasía, Terror",241,"2020-05-11","Felipe Vargas"
tt10697230,4,2020-10-08,"Red Light","Red Light",https://www.imdb.com/title/tt10697230,Corto,7.4,10,2020,"Corto, Terror",30,"2020-10-10","Alex Kahuam"
tt11214054,5,2020-10-05,"Violeta no coge el ascensor","Violeta no coge el ascensor",https://www.imdb.com/title/tt11214054,Película,5.6,87,2019,"Comedia, Romance",91,"2019-11-14","Mamen Díaz"
tt12733428,4,2020-10-05,"Eco","Eco",https://www.imdb.com/title/tt12733428,Película,null,120,2022,"Drama, Fantasía, Romance",0,"2022-09-01","Miguel Sierra"
tt12540024,4,2020-10-05,"El que fa segur el camí","El que fa segur el camí",https://www.imdb.com/title/tt12540024,Película,8.6,,2020,"Documental",7,"2020-07-01","Clara Vallvé,Guiu Vallvé,Jana Vallvé"
tt0273517,7,2020-10-04,"Darkness","Darkness",https://www.imdb.com/title/tt0273517,Película,5.4,88,2002,"Terror",21128,"2002-10-11","Jaume Balagueró"
tt10246140,6,2020-10-04,"This Film Is About Me","This Film Is About Me",https://www.imdb.com/title/tt10246140,Película,6.9,62,2019,"Documental",17,"2019-06","Alexis Delgado Búrdalo"
tt2328900,5,2020-10-03,"María reina de Escocia","Mary Queen of Scots",https://www.imdb.com/title/tt2328900,Película,6.3,124,2018,"Drama, Biografía, Historia",61232,"2019-02-08","Josie Rourke"
tt0115734,6,2020-10-03,"Bottlerocket (Ladrón que roba a ladrón)","Bottle Rocket",https://www.imdb.com/title/tt0115734,Película,6.9,91,1996,"Drama, Crimen, Comedia",88968,"1996-02-21","Wes Anderson"
tt10271836,6,2020-10-01,"Malditos","Malditos",https://www.imdb.com/title/tt10271836,Película,6.2,,2020,"Documental",14,"2020-10-10","Angel Esteban,Elena Goatelli"
tt0081568,4,2020-10-01,"Profesión: El especialista","The Stunt Man",https://www.imdb.com/title/tt0081568,Película,6.9,131,1980,"Acción, Drama, Romance, Suspense, Comedia",11798,"1980-06-27","Richard Rush"
tt0072962,9,2020-09-29,"Fraude","F for Fake",https://www.imdb.com/title/tt0072962,Película,7.7,89,1973,"Documental",19898,"1973-12-14","Orson Welles,Gary Graver,Oja Kodar,François Reichenbach"
tt0102293,6,2020-09-29,"Historia de Ricky","Lik wong",https://www.imdb.com/title/tt0102293,Película,7.0,91,1991,"Suspense, Comedia, Acción, Crimen, Ciencia ficción",16778,"1992-04-09","Ngai Choi Lam"
tt4682266,6,2020-09-26,"Los nuevos mutantes","The New Mutants",https://www.imdb.com/title/tt4682266,Película,5.3,94,2020,"Acción, Ciencia ficción, Terror, Misterio",103320,"2020-08-26","Josh Boone"
tt11095742,6,2020-09-26,"Boys State","Boys State",https://www.imdb.com/title/tt11095742,Película,7.5,109,2020,"Documental",6235,"2020-08-14","Amanda McBaine,Jesse Moss"
tt0494222,6,2020-09-25,"Bichos raros","Eagle vs Shark",https://www.imdb.com/title/tt0494222,Película,6.7,93,2007,"Comedia, Romance",27753,"2007-08-30","Taika Waititi"
tt12234176,5,2020-09-25,"La educación sentimental","La educación sentimental",https://www.imdb.com/title/tt12234176,Película,5.0,65,2020,"Documental",27,"2020-05-01","Jorge Juarez,Jorge Juárez López"
tt0367959,4,2020-09-24,"Hannibal, el origen del mal","Hannibal Rising",https://www.imdb.com/title/tt0367959,Película,6.1,121,2007,"Suspense, Crimen, Drama, Bélico, Aventura",122284,"2007-03-16","Peter Webber"
tt7691766,6,2020-09-24,"Kakegurui","Kakegurui",https://www.imdb.com/title/tt7691766,Serie de TV,6.8,24,2018,"Drama, Suspense",1631,"2018-01-14",
tt11447946,7,2020-09-24,"The Last to Leave Are the Cranes","The Last to Leave Are the Cranes",https://www.imdb.com/title/tt11447946,Película,null,65,2020,"Drama",0,"2021-01-01","Emilie Girardin"
tt11475032,6,2020-09-22,"Enero","Enero",https://www.imdb.com/title/tt11475032,Película,7.3,60,2019,"Documental",6,"2019-11-19","Ione Atenea"
tt8537984,3,2020-09-22,"Amor en polvo","Amor en polvo",https://www.imdb.com/title/tt8537984,Película,5.2,79,2019,"Romance",259,"2020-07-24","Suso Imbernón,Juanjo Moscardó Rius"
tt9717498,5,2020-09-21,"Uno para todos","Uno para todos",https://www.imdb.com/title/tt9717498,Película,6.3,91,2020,"Drama",915,"2020-09-18","David Ilundain"
tt8777146,6,2020-09-21,"Adalamadrina","Adalamadrina",https://www.imdb.com/title/tt8777146,Corto,5.6,10,2018,"Corto, Comedia, Drama",51,"2018-10-23","Carlota Oms"
tt10523108,5,2020-09-21,"Equals","Equals",https://www.imdb.com/title/tt10523108,Corto,6.9,20,2019,"Corto, Drama, Terror, Romance, Suspense",25,"2019-11-16","Javier Yañez Sanz"
tt10434142,7,2020-09-19,"Las niñas","Las niñas",https://www.imdb.com/title/tt10434142,Película,6.4,97,2020,"Drama",2968,"2020-09-04","Pilar Palomero"
tt11394290,6,2020-09-19,"The Earth Is Blue as an Orange","The Earth Is Blue as an Orange",https://www.imdb.com/title/tt11394290,Película,7.2,74,2020,"Documental, Bélico",881,"2020-10-26","Iryna Tsilyk"
tt8963708,6,2020-09-18,"Solo nos queda bailar","And Then We Danced",https://www.imdb.com/title/tt8963708,Película,7.6,113,2019,"Drama, Romance",15804,"2020-02-07","Levan Akin"
tt5834204,6,2020-09-18,"El cuento de la criada","The Handmaid's Tale",https://www.imdb.com/title/tt5834204,Serie de TV,8.3,60,2017,"Drama, Suspense, Ciencia ficción",303894,"2017-04-26",
tt5687612,6,2020-09-18,"Fleabag","Fleabag",https://www.imdb.com/title/tt5687612,Serie de TV,8.7,30,2016,"Comedia, Drama",251836,"2017-02-10",
tt3006802,4,2020-09-18,"Outlander","Outlander",https://www.imdb.com/title/tt3006802,Serie de TV,8.3,60,2014,"Drama, Romance, Fantasía, Aventura",204099,"2014-12-10",
tt3920596,7,2020-09-18,"Big Little Lies","Big Little Lies",https://www.imdb.com/title/tt3920596,Serie de TV,8.4,50,2017,"Crimen, Drama, Misterio",247584,"2017-02-19",
tt8772296,7,2020-09-18,"Euphoria","Euphoria",https://www.imdb.com/title/tt8772296,Serie de TV,8.1,60,2019,"Drama",323268,"2019-06-17",
tt0101640,8,2020-09-17,"La linterna roja","Da hong denglong gaogao gua",https://www.imdb.com/title/tt0101640,Película,8.1,125,1991,"Romance, Drama",38406,"1992-02-12","Yimou Zhang"
tt10332508,5,2020-09-15,"Primal","Primal",https://www.imdb.com/title/tt10332508,Serie de TV,8.6,22,2019,"Animación, Acción, Aventura, Drama, Terror, Fantasía",30766,"2020-01-01",
tt6889090,5,2020-09-14,"La casa de las miniaturas","The Miniaturist",https://www.imdb.com/title/tt6889090,Miniserie de TV,7.0,60,2017,"Drama, Misterio, Fantasía",7164,"2018-02-13",
tt5675620,6,2020-09-14,"The Punisher","The Punisher",https://www.imdb.com/title/tt5675620,Serie de TV,8.4,60,2017,"Acción, Crimen, Suspense, Drama",312760,"2017-11-17",
tt3322312,7,2020-09-14,"Daredevil","Daredevil",https://www.imdb.com/title/tt3322312,Serie de TV,8.6,60,2015,"Acción, Crimen, Drama, Suspense, Ciencia ficción",540425,"2015-10-20",
tt4230076,4,2020-09-14,"The Defenders","The Defenders",https://www.imdb.com/title/tt4230076,Miniserie de TV,7.2,50,2017,"Acción, Aventura, Crimen, Ciencia ficción, Fantasía",129170,"2017-08-18",
tt3322314,5,2020-09-14,"Luke Cage","Luke Cage",https://www.imdb.com/title/tt3322314,Serie de TV,7.2,60,2016,"Acción, Ciencia ficción, Crimen, Suspense, Drama",150068,"2016-09-30",
tt0219822,5,2020-09-13,"Human Nature","Human Nature",https://www.imdb.com/title/tt0219822,Película,6.4,96,2001,"Drama, Comedia",19613,"2003-09-19","Michel Gondry"
tt7939766,6,2020-09-13,"Estoy pensando en dejarlo","I'm Thinking of Ending Things",https://www.imdb.com/title/tt7939766,Película,6.5,134,2020,"Drama, Suspense",111855,"2020-09-04","Charlie Kaufman"
tt10952782,6,2020-09-12,"Malasaña 32","Malasaña 32",https://www.imdb.com/title/tt10952782,Película,5.6,104,2020,"Terror, Misterio",6928,"2020-01-17","Albert Pintó"
tt11386526,5,2020-09-12,"La maleta de Helios","La maleta de Helios",https://www.imdb.com/title/tt11386526,Película,null,,2019,"Documental",0,"2019-11-13","Javier Angulo,Nacho A. Villar"
tt6723592,5,2020-09-11,"Tenet","Tenet",https://www.imdb.com/title/tt6723592,Película,7.3,150,2020,"Acción, Ciencia ficción, Suspense",708095,"2020-08-26","Christopher Nolan"
tt7524414,6,2020-09-06,"Beats","Beats",https://www.imdb.com/title/tt7524414,Película,7.1,101,2019,"Drama, Comedia, Crimen, Música",5164,"2019-05-17","Brian Welsh"
tt5827790,4,2020-09-05,"Orígenes secretos","Orígenes secretos",https://www.imdb.com/title/tt5827790,Película,6.1,96,2020,"Acción, Crimen, Drama, Suspense, Misterio",8114,"2020-08-28","David Galán Galindo"
tt2649356,8,2020-09-03,"Heridas abiertas","Sharp Objects",https://www.imdb.com/title/tt2649356,Miniserie de TV,8.0,60,2018,"Drama, Suspense, Crimen, Misterio",141096,"2018-07-09",
tt8134186,7,2020-09-03,"Devs","Devs",https://www.imdb.com/title/tt8134186,Miniserie de TV,7.6,51,2020,"Suspense, Ciencia ficción, Drama, Misterio",58800,"2020-03-05",
tt0069120,6,2020-09-01,"La primera noche de la quietud","La prima notte di quiete",https://www.imdb.com/title/tt0069120,Película,7.1,132,1972,"Romance, Drama",3636,"1972-10-18","Valerio Zurlini"
tt2654430,7,2020-08-30,"Whiplash","Whiplash",https://www.imdb.com/title/tt2654430,Corto,7.8,18,2013,"Corto, Drama, Música",8055,"2013-01-18","Damien Chazelle"
tt10058892,6,2020-08-28,"The Journey of Monalisa","The Journey of Monalisa",https://www.imdb.com/title/tt10058892,Película,7.6,92,2019,"Documental, Biografía",46,"2020-09-25","Nicole Costa"
tt0790686,4,2020-08-27,"Reflejos","Mirrors",https://www.imdb.com/title/tt0790686,Película,6.1,110,2008,"Terror, Misterio",120044,"2008-10-03","Alexandre Aja"
tt7948260,3,2020-08-24,"Limbo","Limbo",https://www.imdb.com/title/tt7948260,Miniserie de TV,7.4,7,2018,"Suspense",24,"2018-05-01",
tt8382834,4,2020-08-24,"Instinto","Instinto",https://www.imdb.com/title/tt8382834,Serie de TV,6.1,47,2019,"Misterio, Drama",1310,"2019-05-10",
tt3429498,4,2020-08-21,"Todos tus secretos","Todos tus secretos",https://www.imdb.com/title/tt3429498,Película,5.5,82,2014,"Comedia, Suspense",169,"2014-01-23","Manuel Bartual"
tt1475582,4,2020-08-17,"Sherlock","Sherlock",https://www.imdb.com/title/tt1475582,Serie de TV,9.0,90,2010,"Crimen, Misterio, Drama, Suspense",1098056,"2010",
tt2306299,4,2020-08-17,"Vikingos","Vikings",https://www.imdb.com/title/tt2306299,Serie de TV,8.5,45,2013,"Acción, Drama, Historia, Bélico, Romance, Aventura",648655,"2013-03-03",
tt5753856,8,2020-08-17,"Dark","Dark",https://www.imdb.com/title/tt5753856,Serie de TV,8.7,60,2017,"Misterio, Crimen, Drama, Suspense, Ciencia ficción",559344,"2017-12-01",
tt9561862,4,2020-08-17,"Love, Death & Robots","Love, Death & Robots",https://www.imdb.com/title/tt9561862,Serie de TV,8.4,15,2019,"Animación, Corto, Comedia, Fantasía, Terror, Ciencia ficción, Acción, Aventura, Drama, Misterio, Suspense",232147,"2019-03-15",
tt5180504,5,2020-08-17,"The Witcher","The Witcher",https://www.imdb.com/title/tt5180504,Serie de TV,7.8,60,2019,"Aventura, Fantasía, Misterio, Acción, Drama",624368,"2019-12-20",
tt0103874,7,2020-08-17,"Drácula de Bram Stoker","Bram Stoker's Dracula",https://www.imdb.com/title/tt0103874,Película,7.4,128,1992,"Fantasía, Romance, Terror",270371,"1993-01-15","Francis Ford Coppola"
tt9139220,5,2020-08-17,"Drácula","Dracula",https://www.imdb.com/title/tt9139220,Miniserie de TV,6.8,90,2020,"Terror, Drama, Fantasía, Suspense, Acción",58303,"2020-01-04",
tt0306414,6,2020-08-17,"The Wire (Bajo escucha)","The Wire",https://www.imdb.com/title/tt0306414,Serie de TV,9.3,60,2002,"Suspense, Crimen, Drama",437691,"2007-12-16",
tt6468322,5,2020-08-17,"La casa de papel","La casa de papel",https://www.imdb.com/title/tt6468322,Serie de TV,8.2,60,2017,"Suspense, Crimen, Misterio, Acción, Drama",617359,"2017-05-02",
tt2356777,7,2020-08-17,"True Detective","True Detective",https://www.imdb.com/title/tt2356777,Serie de TV,8.8,60,2014,"Crimen, Drama, Misterio, Suspense",767253,"2014-01-13",
tt2442560,5,2020-08-17,"Peaky Blinders","Peaky Blinders",https://www.imdb.com/title/tt2442560,Serie de TV,8.7,60,2013,"Drama, Crimen",790299,"2013-09-12",
tt2861424,8,2020-08-17,"Rick y Morty","Rick and Morty",https://www.imdb.com/title/tt2861424,Serie de TV,9.0,23,2013,"Animación, Aventura, Comedia, Ciencia ficción",709745,"2014-10-25",
tt4574334,6,2020-08-17,"Stranger Things","Stranger Things",https://www.imdb.com/title/tt4574334,Serie de TV,8.6,60,2016,"Drama, Terror, Suspense, Ciencia ficción, Misterio, Fantasía",1733231,"2016-07-15",
tt0903747,6,2020-08-17,"Breaking Bad","Breaking Bad",https://www.imdb.com/title/tt0903747,Serie de TV,9.5,48,2008,"Drama, Crimen, Suspense",2666518,"2009-03-11",
tt7366338,7,2020-08-17,"Chernobyl","Chernobyl",https://www.imdb.com/title/tt7366338,Miniserie de TV,9.3,60,2019,"Drama, Historia, Suspense",1059990,"2019-05-07",
tt7131720,5,2020-08-17,"Kakegurui","Kakegurui",https://www.imdb.com/title/tt7131720,Serie de TV,7.1,24,2017,"Animación, Drama, Misterio, Suspense",17890,"2018-05-04",
tt6693154,6,2020-08-17,"La zona","La zona",https://www.imdb.com/title/tt6693154,Serie de TV,6.5,60,2017,"Suspense, Acción, Aventura, Crimen, Drama, Misterio, Terror",1066,"2017-10-27",
tt9272462,4,2020-08-17,"Justo antes de Cristo","Justo antes de Cristo",https://www.imdb.com/title/tt9272462,Serie de TV,6.2,,2019,"Comedia",476,"2019-04-05",
tt8387272,5,2020-08-17,"Vota Juan","Vota Juan",https://www.imdb.com/title/tt8387272,Serie de TV,6.9,,2019,"Comedia",807,"2019-01-25",
tt5868826,7,2020-08-17,"La peste","La peste",https://www.imdb.com/title/tt5868826,Serie de TV,7.2,50,2018,"Suspense, Crimen, Drama, Misterio, Historia",2427,"2018-01-12",
tt7636656,7,2020-08-17,"Matar al padre","Matar al padre",https://www.imdb.com/title/tt7636656,Miniserie de TV,6.6,,2018,"Drama",235,"2018-05-25",
tt8333560,5,2020-08-17,"Capítulo 0","Capítulo 0",https://www.imdb.com/title/tt8333560,Serie de TV,7.2,25,2018,"Comedia",426,"2018-09-11",
tt1661526,6,2020-08-17,"Crematorio","Crematorio",https://www.imdb.com/title/tt1661526,Serie de TV,7.6,,2011,"Drama",1215,"2011-03-07",
tt7117634,6,2020-08-17,"Mira lo que has hecho","Mira lo que has hecho",https://www.imdb.com/title/tt7117634,Serie de TV,7.4,25,2018,"Comedia",1691,"2018-02-06",
tt8337662,6,2020-08-17,"Hierro","Hierro",https://www.imdb.com/title/tt8337662,Serie de TV,7.5,48,2019,"Suspense, Misterio, Crimen",3350,"2019-06-07",
tt11953308,5,2020-08-17,"Vamos Juan","Vamos Juan",https://www.imdb.com/title/tt11953308,Serie de TV,7.1,,2020,"Comedia",561,"2020-03-29",
tt6970690,6,2020-08-17,"Gigantes","Gigantes",https://www.imdb.com/title/tt6970690,Serie de TV,7.2,50,2018,"Drama, Crimen",953,"2018-10-05",
tt7684260,7,2020-08-17,"Arde Madrid","Arde Madrid",https://www.imdb.com/title/tt7684260,Miniserie de TV,7.6,30,2018,"Drama, Comedia",1912,"2018-11-08",
tt7587136,7,2020-08-17,"El día de mañana","El día de mañana",https://www.imdb.com/title/tt7587136,Serie de TV,7.5,,2018,"Suspense, Drama",913,"2018-06-22",
tt11796304,7,2020-08-17,"El Palmar de Troya","El Palmar de Troya",https://www.imdb.com/title/tt11796304,Miniserie de TV,7.5,,2020,"Documental",305,"2020-02-06",
tt8344544,6,2020-08-17,"Vida perfecta","Vida perfecta",https://www.imdb.com/title/tt8344544,Serie de TV,7.3,30,2019,"Drama, Comedia",1384,"2019-10-18",
tt8917542,6,2020-08-17,"La línea invisible","La línea invisible",https://www.imdb.com/title/tt8917542,Serie de TV,7.2,45,2020,"Drama, Historia",1466,"2020-04-08",
tt11248266,7,2020-08-17,"El colapso","L'effondrement",https://www.imdb.com/title/tt11248266,Miniserie de TV,7.7,21,2019,"Aventura, Ciencia ficción",3147,"2020-07-14",
tt12151186,5,2020-08-17,"En casa","En casa",https://www.imdb.com/title/tt12151186,Serie de TV,6.1,25,2020,"Comedia, Drama",106,"2020-06-03",
tt10371088,4,2020-08-17,"Por H o por B","Por H o por B",https://www.imdb.com/title/tt10371088,Serie de TV,6.2,,2020,"Comedia",515,"2020-07-22",
tt11296058,6,2020-08-16,"La pintora y el ladrón","Kunstneren og tyven",https://www.imdb.com/title/tt11296058,Película,7.5,106,2020,"Documental",4649,"2020-12-18","Benjamin Ree"
tt7937168,6,2020-08-15,"La trinchera infinita","La trinchera infinita",https://www.imdb.com/title/tt7937168,Película,7.2,147,2019,"Drama, Historia",7970,"2019-10-31","Aitor Arregi,Jon Garaño,Jose Mari Goenaga"
tt9786512,5,2020-08-15,"Adiós","Adiós",https://www.imdb.com/title/tt9786512,Película,6.1,111,2019,"Suspense, Drama, Acción, Aventura",2356,"2019-11-22","Paco Cabezas"
tt8535968,7,2020-08-15,"System Crasher","Systemsprenger",https://www.imdb.com/title/tt8535968,Película,7.8,125,2019,"Drama",16805,"2020-07-27","Nora Fingscheidt"
tt0011000,6,2020-08-13,"Páginas del libro de Satán","Blade af Satans bog",https://www.imdb.com/title/tt0011000,Película,6.6,167,1920,"Drama",1465,"1921-01-24","Carl Theodor Dreyer"
tt0052357,8,2020-08-09,"De entre los muertos (Vertigo)","Vertigo",https://www.imdb.com/title/tt0052357,Película,8.2,128,1958,"Romance, Suspense, Misterio",462033,"1958-05-28","Alfred Hitchcock"
tt0056058,9,2020-08-08,"Harakiri","Seppuku",https://www.imdb.com/title/tt0056058,Película,8.6,133,1962,"Misterio, Drama",93665,"1962-09-16","Masaki Kobayashi"
tt9894668,6,2020-08-03,"Ikea 2","Ikea 2",https://www.imdb.com/title/tt9894668,Película,4.8,60,2016,"Drama",21,"2016","Juan González,Nando Martínez"
tt0082971,7,2020-08-02,"En busca del arca perdida","Raiders of the Lost Ark",https://www.imdb.com/title/tt0082971,Película,8.4,115,1981,"Aventura",1119189,"1981-10-05","Steven Spielberg"
tt0097576,8,2020-08-02,"Indiana Jones y la última cruzada","Indiana Jones and the Last Crusade",https://www.imdb.com/title/tt0097576,Película,8.2,127,1989,"Aventura",870202,"1989-09-01","Steven Spielberg"
tt8580274,5,2020-07-31,"Festival de la Canción de Eurovisión: La historia de Fire Saga","Eurovision Song Contest: The Story of Fire Saga",https://www.imdb.com/title/tt8580274,Película,6.5,123,2020,"Comedia, Música",110511,"2020-06-26","David Dobkin"
tt10219406,6,2020-07-31,"Ceniza Negra","Ceniza negra",https://www.imdb.com/title/tt10219406,Película,6.0,82,2019,"Drama",414,"2020-03-04","Sofía Quirós"
tt1792641,5,2020-07-29,"Tsuyakenkaku: Kunoichi biyaku seme","Tsuyakenkaku: Kunoichi biyaku seme",https://www.imdb.com/title/tt1792641,Película,5.7,68,2010,,50,"2010-11-23","Ken'ichi Fujiwara"
tt10199590,7,2020-07-26,"Los miserables","Les Misérables",https://www.imdb.com/title/tt10199590,Película,7.6,104,2019,"Drama, Crimen, Suspense",30812,"2019-11-22","Ladj Ly"
tt5607714,6,2020-07-25,"En cuerpo y alma","Teströl és lélekröl",https://www.imdb.com/title/tt5607714,Película,7.5,116,2017,"Drama, Romance, Fantasía, Misterio",31743,"2017-10-27","Ildikó Enyedi"
tt9010802,2,2020-07-25,"Si yo fuera rico","Si yo fuera rico",https://www.imdb.com/title/tt9010802,Película,5.0,98,2019,"Comedia",1778,"2019-11-15","Álvaro Fernández Armero"
tt0287394,5,2020-07-20,"Dan Oniroku bara no nikutai","Dan Oniroku bara no nikutai",https://www.imdb.com/title/tt0287394,Película,4.7,72,1978,"Drama",183,"1978-09-09","Katsuhiko Fujii"
tt2254066,5,2020-07-13,"Dai 3 byôren no oni","Dai 3 byôren no oni",https://www.imdb.com/title/tt2254066,Película,null,89,2011,"Terror",0,"2011","Hiroyuki Kawasaki"
tt5032026,2,2020-07-13,"Anabel","Anabel",https://www.imdb.com/title/tt5032026,Película,4.3,75,2015,"Terror, Misterio",461,"2015-10-11","Antonio Trashorras"
tt5979872,4,2020-07-13,"Bleach: Burîchu","Bleach: Burîchu",https://www.imdb.com/title/tt5979872,Película,6.3,108,2018,"Aventura, Acción, Fantasía",14079,"2018-09-14","Shinsuke Satô"
tt0087469,7,2020-07-13,"Indiana Jones y el templo maldito","Indiana Jones and the Temple of Doom",https://www.imdb.com/title/tt0087469,Película,7.5,118,1984,"Aventura, Acción",572977,"1984-10-05","Steven Spielberg"
tt0057869,8,2020-07-05,"Banda aparte","Bande à part",https://www.imdb.com/title/tt0057869,Película,7.6,95,1964,"Drama, Comedia, Crimen",29214,"1964-08-05","Jean-Luc Godard"
tt6390668,7,2020-07-04,"La vida invisible de Eurídice Gusmão","A Vida Invisível de Eurídice Gusmão",https://www.imdb.com/title/tt6390668,Película,7.7,139,2019,"Drama",10899,"2019-11-22","Karim Aïnouz"
tt1839492,6,2020-06-29,"Ruby Sparks","Ruby Sparks",https://www.imdb.com/title/tt1839492,Película,7.2,104,2012,"Comedia, Romance, Fantasía, Drama",109744,"2012-10-26","Jonathan Dayton,Valerie Faris"
tt0212985,4,2020-06-29,"Hannibal","Hannibal",https://www.imdb.com/title/tt0212985,Película,6.8,131,2001,"Crimen, Drama, Suspense",316108,"2001-02-23","Ridley Scott"
tt1780762,2,2020-06-28,"Aftershock","Aftershock",https://www.imdb.com/title/tt1780762,Película,4.8,89,2012,"Suspense, Terror, Acción, Aventura, Drama",13005,"2014-06-12","Nicolás López"
tt8777758,5,2020-06-26,"Montevideo","Montevideo",https://www.imdb.com/title/tt8777758,Película,6.8,94,2019,"Suspense, Drama",59,"2020-01-24","Paúl Venegas"
tt11162826,6,2020-06-26,"Animales desnudos","Nackte Tiere",https://www.imdb.com/title/tt11162826,Película,5.7,83,2020,"Drama",289,"2020-09-17","Melanie Waelde"
tt7715270,7,2020-06-25,"Adoration","Adoration",https://www.imdb.com/title/tt7715270,Película,6.3,98,2019,"Drama, Suspense",1435,"2020-01-22","Fabrice du Welz"
tt8015444,6,2020-06-25,"Last and First Men","Last and First Men",https://www.imdb.com/title/tt8015444,Película,6.7,70,2020,"Ciencia ficción, Fantasía, Misterio",5097,"2020-09-21","Jóhann Jóhannsson"
tt12443946,6,2020-06-25,"Sweat","Sweat",https://www.imdb.com/title/tt12443946,Película,6.5,106,2020,"Drama",4814,"2021-05-21","Magnus von Horn"
tt7613162,7,2020-06-25,"Lovecut","Lovecut",https://www.imdb.com/title/tt7613162,Película,5.2,94,2020,"Drama, Romance",369,"2020-09-24","Iliana Estañol,Johanna Lietha"
tt8311958,5,2020-06-24,"Divino amor","Divino Amor",https://www.imdb.com/title/tt8311958,Película,6.1,101,2019,"Drama, Ciencia ficción",2457,"2019-06-27","Gabriel Mascaro"
tt11732324,6,2020-06-24,"Un crimen común","Un crimen común",https://www.imdb.com/title/tt11732324,Película,5.9,96,2020,"Suspense, Drama",335,"2021-04-08","Francisco Márquez"
tt11160900,7,2020-06-24,"La Fiesta Silenciosa","La Fiesta Silenciosa",https://www.imdb.com/title/tt11160900,Película,5.3,87,2019,"Suspense",444,"2020-06-04","Diego Fried,Federico Finkielstain"
tt9850050,7,2020-06-24,"Charter","Charter",https://www.imdb.com/title/tt9850050,Película,6.2,94,2020,"Drama",1689,"2020-03-13","Amanda Kernell"
tt11685322,7,2020-06-23,"Sweet Thing","Sweet Thing",https://www.imdb.com/title/tt11685322,Película,7.0,91,2020,"Drama",1495,"2021-06-18","Alexandre Rockwell"
tt6864720,4,2020-06-23,"Nevod","Nevod",https://www.imdb.com/title/tt6864720,Película,4.9,75,2017,"Drama",46,"2017-10-13","Aleksandra Strelyanaya"
tt8816412,6,2020-06-22,"Amina","Amina",https://www.imdb.com/title/tt8816412,Película,5.9,70,2019,"Documental",122,"2019-04-13","Kivilcim Akay"
tt0353969,7,2020-06-21,"Memories of Murder (Crónica de un asesino en serie)","Salinui chueok",https://www.imdb.com/title/tt0353969,Película,8.1,131,2003,"Misterio, Crimen, Drama, Suspense",273776,"2004-05-21","Bong Joon Ho"
tt8872580,7,2020-06-20,"La inocencia","La innocència",https://www.imdb.com/title/tt8872580,Película,6.4,92,2019,"Drama",827,"2020-01-10","Lucía Alemany"
tt7428476,6,2020-06-20,"El increíble finde menguante","El increíble finde menguante",https://www.imdb.com/title/tt7428476,Película,5.9,93,2019,"Drama",590,"2019-05-10","Jon Mikel Caballero"
tt1905041,5,2020-06-13,"Fast & Furious 6","Furious 6",https://www.imdb.com/title/tt1905041,Película,7.0,130,2013,"Acción, Suspense, Crimen, Aventura",443797,"2013-05-24","Justin Lin"
tt10397590,5,2020-06-13,"Arenal","Arenal",https://www.imdb.com/title/tt10397590,Corto,5.1,22,2019,"Corto",17,"2019-04-06","Rafa Alberola"
tt10695436,3,2020-06-13,"A Little Taste","A Little Taste",https://www.imdb.com/title/tt10695436,Corto,6.7,5,2019,"Corto, Terror",55,"2019-10-08","Victor Català"
tt7139936,4,2020-06-13,"Día de lluvia en Nueva York","A Rainy Day in New York",https://www.imdb.com/title/tt7139936,Película,6.4,92,2019,"Comedia, Romance",58997,"2019-10-11","Woody Allen"
tt0422272,4,2020-06-13,"Frágiles","Frágiles",https://www.imdb.com/title/tt0422272,Película,6.0,101,2005,"Suspense, Terror, Misterio",18505,"2005-10-14","Jaume Balagueró"
tt6782708,5,2020-06-10,"Katte ni furuetero","Katte ni furuetero",https://www.imdb.com/title/tt6782708,Película,6.7,117,2017,"Drama, Comedia, Romance",1213,"2017-12-23","Akiko Ōku"
tt2756032,6,2020-06-08,"The One I Love","The One I Love",https://www.imdb.com/title/tt2756032,Película,7.0,91,2014,"Drama, Ciencia ficción, Comedia, Romance, Suspense, Fantasía, Misterio",47801,"2014-08-08","Charlie McDowell"
tt0078861,6,2020-06-03,"Bildnis einer Trinkerin","Bildnis einer Trinkerin",https://www.imdb.com/title/tt0078861,Película,6.7,108,1979,"Drama",779,"1979-10-27","Ulrike Ottinger"
tt2935510,4,2020-05-31,"Ad Astra","Ad Astra",https://www.imdb.com/title/tt2935510,Película,6.5,123,2019,"Ciencia ficción, Suspense, Aventura, Drama, Misterio",283767,"2019-09-20","James Gray"
tt3495794,5,2020-05-31,"Les ponts de Sarajevo","Les ponts de Sarajevo",https://www.imdb.com/title/tt3495794,Película,5.9,114,2014,"Drama",426,"2014-07-16","Aida Begic,Leonardo Di Costanzo,Jean-Luc Godard,Kamen Kalev,Isild Le Besco,Sergey Loznitsa,Vincenzo Marra,Ursula Meier,Vladimir Perisic,Cristi Puiu,Marc Recha,Angela Schanelec,Teresa Villaverde"
tt10417622,5,2020-05-30,"Ani mulalu? Crazy World","Ani mulalu? Crazy World",https://www.imdb.com/title/tt10417622,Película,7.2,82,2014,"Acción",588,"2014","Nabwana I.G.G."
tt10224888,6,2020-05-30,"L'heure de l'ours","L'heure de l'ours",https://www.imdb.com/title/tt10224888,Corto,6.8,14,2019,"Animación, Corto",341,"2020-05-29","Agnès Patron"
tt10471478,6,2020-05-30,"Electric Swan","Electric Swan",https://www.imdb.com/title/tt10471478,Corto,6.6,40,2019,"Corto, Drama, Fantasía",370,"2019-08-29","Konstantina Kotzamani"
tt7043012,4,2020-05-29,"Velvet Buzzsaw","Velvet Buzzsaw",https://www.imdb.com/title/tt7043012,Película,5.7,113,2019,"Suspense, Terror, Misterio",69319,"2019-02-01","Dan Gilroy"
tt0085328,4,2020-05-26,"La llave secreta","La chiave",https://www.imdb.com/title/tt0085328,Película,5.4,116,1983,"Romance, Historia, Drama",3751,"1983-10-19","Tinto Brass"
tt0046911,7,2020-05-25,"Las diabólicas","Les Diaboliques",https://www.imdb.com/title/tt0046911,Película,8.1,117,1955,"Terror, Drama, Misterio, Crimen, Suspense",73807,"1957-04-28","Henri-Georges Clouzot"
tt1437358,4,2020-05-23,"Mientras duermes","Mientras duermes",https://www.imdb.com/title/tt1437358,Película,7.2,102,2011,"Suspense, Drama, Crimen",50359,"2011-10-14","Jaume Balagueró"
tt0012349,8,2020-05-21,"El chico","The Kid",https://www.imdb.com/title/tt0012349,Película,8.2,68,1921,"Familiar, Drama, Comedia",146870,"1921-02-06","Charles Chaplin"
tt0449927,3,2020-05-20,"Enjo-kôsai bokumetsu undô: jigoku-hen","Enjo-kôsai bokumetsu undô: jigoku-hen",https://www.imdb.com/title/tt0449927,Película,5.2,57,2004,"Acción, Terror",107,"2004-10-02","Kôsuke Suzuki"
tt0074687,6,2020-05-19,"Inquisición","Inquisición",https://www.imdb.com/title/tt0074687,Película,6.0,90,1977,"Drama, Historia, Terror",774,"1977-01-31","Paul Naschy"
tt0051201,5,2020-05-18,"Testigo de cargo","Witness for the Prosecution",https://www.imdb.com/title/tt0051201,Película,8.4,116,1957,"Crimen, Suspense, Drama, Misterio",163946,"1958-11-13","Billy Wilder"
tt9234450,5,2020-05-18,"Madre","Madre",https://www.imdb.com/title/tt9234450,Película,6.6,128,2019,"Suspense, Drama",2951,"2019-11-15","Rodrigo Sorogoyen"
tt2576852,6,2020-05-17,"El cuento de la princesa Kaguya","Kaguya-hime no monogatari",https://www.imdb.com/title/tt2576852,Película,8.0,137,2013,"Animación, Drama, Fantasía, Familiar, Romance",62947,"2013-11-23","Isao Takahata"
tt1596343,5,2020-05-15,"Fast & Furious 5","Fast Five",https://www.imdb.com/title/tt1596343,Película,7.3,130,2011,"Acción, Suspense, Crimen",437610,"2011-04-29","Justin Lin"
tt0224077,6,2020-05-14,"Seijû gakuen","Seijû gakuen",https://www.imdb.com/title/tt0224077,Película,6.6,91,1974,"Drama, Suspense",1924,"1974-02-16","Norifumi Suzuki"
tt0111503,5,2020-05-13,"Mentiras arriesgadas","True Lies",https://www.imdb.com/title/tt0111503,Película,7.3,141,1994,"Suspense, Comedia, Acción",303041,"1994-09-02","James Cameron"
tt6792282,6,2020-05-09,"La noche de 12 años","La noche de 12 años",https://www.imdb.com/title/tt6792282,Película,7.5,122,2018,"Drama, Crimen, Historia, Biografía, Aventura",11820,"2018-11-23","Álvaro Brechner"
tt1852770,3,2020-05-08,"Drácula 3D","Dracula 3D",https://www.imdb.com/title/tt1852770,Película,3.6,110,2012,"Terror, Suspense, Romance, Drama",5784,"2012-11-09","Dario Argento"
tt3302024,4,2020-05-07,"Kimi wa zonbi ni koishiteru","Kimi wa zonbi ni koishiteru",https://www.imdb.com/title/tt3302024,Vídeo,6.6,71,2011,"Comedia, Terror",94,"2011-11-04","Naoyuki Tomomatsu"
tt0042529,4,2020-05-06,"Guilty Bystander","Guilty Bystander",https://www.imdb.com/title/tt0042529,Película,6.2,91,1950,"Drama, Crimen, Suspense, Misterio, Cine negro",1416,"1950-04-21","Joseph Lerner"
tt1686821,1,2020-05-04,"Vampire Academy","Vampire Academy",https://www.imdb.com/title/tt1686821,Película,5.4,104,2014,"Fantasía, Acción, Misterio, Comedia, Terror, Drama, Suspense, Romance",58895,"2014-07-25","Mark Waters"
tt8975008,5,2020-05-03,"Litus","Litus.",https://www.imdb.com/title/tt8975008,Película,6.3,85,2019,"Comedia, Drama",1142,"2019-09-13","Dani de la Orden"
tt0162346,6,2020-05-02,"Ghost World","Ghost World",https://www.imdb.com/title/tt0162346,Película,7.3,111,2001,"Drama, Comedia",131680,"2002-01-04","Terry Zwigoff"
tt4964788,5,2020-04-25,"Todos lo saben","Todos lo saben",https://www.imdb.com/title/tt4964788,Película,6.9,133,2018,"Drama, Suspense, Misterio, Crimen",40587,"2018-09-14","Asghar Farhadi"
tt1013752,4,2020-04-24,"Fast & Furious: Aún más rápido","Fast & Furious",https://www.imdb.com/title/tt1013752,Película,6.5,107,2009,"Acción, Suspense",339743,"2009-04-03","Justin Lin"
tt0463985,4,2020-04-24,"A todo gas: Tokyo Race","The Fast and the Furious: Tokyo Drift",https://www.imdb.com/title/tt0463985,Película,6.1,104,2006,"Acción, Suspense, Crimen",337542,"2006-07-21","Justin Lin"
tt0467200,4,2020-04-23,"Las hermanas Bolena","The Other Boleyn Girl",https://www.imdb.com/title/tt0467200,Película,6.7,115,2008,"Drama, Romance, Historia, Biografía",127778,"2008-02-29","Justin Chadwick"
tt0079971,2,2020-04-22,"Supersonic Man","Supersonic Man",https://www.imdb.com/title/tt0079971,Película,3.1,88,1979,"Aventura, Comedia, Fantasía, Ciencia ficción",1188,"1979-08-14","Juan Piquer Simón"
tt1029234,8,2020-04-20,"Martyrs","Martyrs",https://www.imdb.com/title/tt1029234,Película,7.0,99,2008,"Terror",122341,"2008-09-03","Pascal Laugier"
tt8212958,7,2020-04-19,"Lo que arde","O que arde",https://www.imdb.com/title/tt8212958,Película,6.6,86,2019,"Drama, Crimen",4420,"2019-10-11","Oliver Laxe"
tt8193790,6,2020-04-17,"La chaqueta de piel de ciervo","Le daim",https://www.imdb.com/title/tt8193790,Película,6.6,77,2019,"Comedia, Terror, Drama, Suspense",13242,"2019-06-19","Quentin Dupieux"
tt0082307,6,2020-04-17,"El más allá","...E tu vivrai nel terrore! L'aldilà",https://www.imdb.com/title/tt0082307,Película,6.5,87,1981,"Terror",28236,"1981-10-19","Lucio Fulci"
tt0074824,4,2020-04-17,"La lozana andaluza","La lozana andaluza",https://www.imdb.com/title/tt0074824,Película,4.8,98,1976,"Drama, Comedia, Historia, Romance",86,"1976-10-18","Vicente Escrivá"
tt0071813,3,2020-04-15,"Las marginadas","Las marginadas",https://www.imdb.com/title/tt0071813,Película,4.1,105,1977,"Drama",28,"1977-06-09","Ignacio F. Iquino"
tt0059541,4,2020-04-14,"One Shocking Moment","One Shocking Moment",https://www.imdb.com/title/tt0059541,Película,4.7,71,1965,"Drama",375,"1965-07-23","Ted V. Mikels"
tt0083791,7,2020-04-13,"Cristal oscuro","The Dark Crystal",https://www.imdb.com/title/tt0083791,Película,7.1,93,1982,"Familiar, Aventura, Fantasía",77830,"1983-03-28","Jim Henson,Frank Oz"
tt9806192,6,2020-04-11,"¿Dónde está mi cuerpo?","J'ai perdu mon corps",https://www.imdb.com/title/tt9806192,Película,7.5,81,2019,"Animación, Drama, Fantasía, Romance",39028,"2019-11-29","Jérémy Clapin"
tt6320628,5,2020-04-11,"Spider-Man: Lejos de casa","Spider-Man: Far from Home",https://www.imdb.com/title/tt6320628,Película,7.3,129,2019,"Acción, Aventura, Ciencia ficción, Comedia, Fantasía",671440,"2019-07-05","Jon Watts"
tt11392114,5,2020-04-10,"Bloody Nose, Empty Pockets","Bloody Nose, Empty Pockets",https://www.imdb.com/title/tt11392114,Película,7.2,98,2020,"Documental, Drama",1776,"2020-07-10","Bill Ross IV,Turner Ross"
tt7014006,7,2020-04-09,"Eighth Grade","Eighth Grade",https://www.imdb.com/title/tt7014006,Película,7.3,93,2018,"Comedia, Drama",87398,"2018-08-03","Bo Burnham"
tt9026524,7,2020-04-08,"Bliss","Bliss",https://www.imdb.com/title/tt9026524,Película,5.9,80,2019,"Terror, Misterio, Drama, Suspense",6506,"2019-09-27","Joe Begos"
tt0055478,5,2020-04-06,"Stark Fear","Stark Fear",https://www.imdb.com/title/tt0055478,Película,5.5,86,1962,"Suspense, Drama",608,"1962-12","Ned Hockman,Skip Homeier"
tt1854513,5,2020-04-05,"Blancanieves","Blancanieves",https://www.imdb.com/title/tt1854513,Película,7.5,104,2012,"Drama, Fantasía",12205,"2012-09-28","Pablo Berger"
tt3967856,6,2020-04-04,"Okja","Okja",https://www.imdb.com/title/tt3967856,Película,7.3,120,2017,"Aventura, Ciencia ficción, Drama, Acción",143052,"2017-06-28","Bong Joon Ho"
tt8816194,4,2020-04-04,"Ven con papá","Come to Daddy",https://www.imdb.com/title/tt8816194,Película,6.0,96,2019,"Comedia, Suspense, Misterio",22448,"2020-03-04","Ant Timpson"
tt2723144,4,2020-04-03,"Nation Estate","Nation Estate",https://www.imdb.com/title/tt2723144,Corto,6.0,10,2013,"Corto, Drama, Ciencia ficción",74,"2013-01","Larissa Sansour"
tt3210854,7,2020-04-02,"Habana","Habana",https://www.imdb.com/title/tt3210854,Corto,7.0,22,2014,"Corto, Ciencia ficción, Bélico",95,"2014-02-01","Edouard Salier"
tt1720261,3,2020-04-01,"The External World","The External World",https://www.imdb.com/title/tt1720261,Corto,7.4,17,2010,"Animación, Corto, Comedia",907,"2021-03-18","David O'Reilly"
tt0056193,7,2020-04-01,"Lolita","Lolita",https://www.imdb.com/title/tt0056193,Película,7.5,153,1962,"Crimen, Romance, Drama",116958,"1962-06-21","Stanley Kubrick"
tt0107254,3,2020-03-31,"Viernes 13: El final. Jason se va al infierno","Jason Goes to Hell: The Final Friday",https://www.imdb.com/title/tt0107254,Película,4.1,87,1993,"Suspense, Fantasía, Misterio, Terror",41565,"1993-08-13","Adam Marcus"
tt3075818,5,2020-03-30,"Parachutes","Parachutes",https://www.imdb.com/title/tt3075818,Corto,7.0,6,2012,"Corto, Ciencia ficción, Drama",19,"2012","Wendy Pillonel"
tt5823554,4,2020-03-29,"Schirkoa","Schirkoa",https://www.imdb.com/title/tt5823554,Corto,6.5,14,2016,"Animación, Corto",125,"2017-10-22","Ishan Shukla"
tt10303332,7,2020-03-28,"Symbiosis","Symbiosis",https://www.imdb.com/title/tt10303332,Corto,7.0,13,2019,"Animación, Corto",123,"2019-08","Nadja Andrasev"
tt7857374,5,2020-03-28,"Feedback","Feedback",https://www.imdb.com/title/tt7857374,Película,5.6,97,2019,"Suspense, Acción, Aventura, Terror",2820,"2019-03-01","Pedro C. Alonso"
tt6168774,6,2020-03-27,"2 0 4 5","2 0 4 5",https://www.imdb.com/title/tt6168774,Corto,5.4,9,2016,"Corto",11,"2016-08-22","Blaz Murn,Maja Doroteja Prelog"
tt10511024,3,2020-03-27,"Le Sens de la marche","Le Sens de la marche",https://www.imdb.com/title/tt10511024,Corto,5.0,9,2018,"Corto",8,"2018-08","Jela Hasler"
tt4881616,5,2020-03-26,"Yellow Fieber","Yellow Fieber",https://www.imdb.com/title/tt4881616,Corto,6.4,15,2015,"Corto, Drama, Fantasía, Romance",47,"2015-08","Konstantina Kotzamani"
tt10451852,7,2020-03-24,"Nine Days","Nine Days",https://www.imdb.com/title/tt10451852,Película,6.8,124,2020,"Drama, Fantasía",13894,"2021-07-30","Edson Oda"
tt6837320,5,2020-03-23,"Stars of Gaomeigu","Stars of Gaomeigu",https://www.imdb.com/title/tt6837320,Corto,7.1,23,2017,"Corto, Fantasía",23,"2017-04-25","Marko Grba Singh"
tt6405242,7,2020-03-22,"Bon Appetit","Bon Appetit",https://www.imdb.com/title/tt6405242,Corto,7.6,18,2017,"Corto, Drama, Terror, Misterio, Suspense",40,"2017-07-12","Erenik Beqiri"
tt8343886,7,2020-03-22,"La virgen de agosto","La virgen de agosto",https://www.imdb.com/title/tt8343886,Película,6.6,125,2019,"Drama",1829,"2019-08-15","Jonás Trueba"
tt8228288,6,2020-03-21,"El hoyo","El hoyo",https://www.imdb.com/title/tt8228288,Película,7.0,94,2019,"Suspense, Ciencia ficción, Terror, Misterio",329183,"2019-11-08","Galder Gaztelu-Urrutia"
tt8781720,7,2020-03-20,"To dasos","To dasos",https://www.imdb.com/title/tt8781720,Corto,5.8,18,2018,"Corto, Drama, Ciencia ficción",82,"2018-08-14","Lia Tsalta"
tt0322259,3,2020-03-20,"2 Fast 2 Furious: A todo gas 2","2 Fast 2 Furious",https://www.imdb.com/title/tt0322259,Película,6.0,107,2003,"Crimen, Suspense, Acción",329156,"2003-06-20","John Singleton"
tt7368494,5,2020-03-19,"The Day the Beans Ran Out","The Day the Beans Ran Out",https://www.imdb.com/title/tt7368494,Corto,7.8,13,2018,"Corto, Comedia, Fantasía, Ciencia ficción",17,"2018-03-11","Guðný Rós Þórhallsdóttir"
tt2785818,6,2020-03-19,"JAY-Z & Kanye West feat. Frank Ocean: No Church in the Wild","JAY-Z & Kanye West feat. Frank Ocean: No Church in the Wild",https://www.imdb.com/title/tt2785818,Videoclip,7.6,5,2012,"Música",248,"2012-05-29","Romain Gavras"
tt10757990,6,2020-03-18,"Kart postal apo to telos tou kosmou","Kart postal apo to telos tou kosmou",https://www.imdb.com/title/tt10757990,Corto,6.1,23,2019,"Corto, Drama",226,"2019-08-21","Konstantinos Antonopoulos"
tt10912636,4,2020-03-17,"Amusement Ride","Amusement Ride",https://www.imdb.com/title/tt10912636,Corto,5.0,6,2019,"Documental, Corto",20,"2019-09-07","Tomonari Nishikawa"
tt10276014,6,2020-03-17,"Vie et mort d'Óscar Pérez","Vie et mort d'Óscar Pérez",https://www.imdb.com/title/tt10276014,Película,6.0,46,2019,"Documental",8,"2019-04-03","Romain Champalaune"
tt8674680,4,2020-03-16,"Der Esel hieß Geronimo","Der Esel hieß Geronimo",https://www.imdb.com/title/tt8674680,Película,6.8,80,2018,"Documental, Aventura",18,"2018-10-30","Arjun Talwar,Bigna Tomschin"
tt1649444,5,2020-03-15,"[REC]³: Génesis","[Rec]³: Génesis",https://www.imdb.com/title/tt1649444,Película,5.0,80,2012,"Terror, Suspense, Acción, Aventura, Fantasía, Ciencia ficción",41782,"2012-03-30","Paco Plaza"
tt7689964,5,2020-03-15,"RBG","RBG",https://www.imdb.com/title/tt7689964,Película,7.6,98,2018,"Documental, Biografía",15682,"2019-02-01","Julie Cohen,Betsy West"
tt5727208,5,2020-03-14,"Diamantes en bruto","Uncut Gems",https://www.imdb.com/title/tt5727208,Película,7.4,135,2019,"Drama, Crimen, Suspense",361115,"2020-01-31","Benny Safdie,Josh Safdie"
tt7806430,3,2020-03-13,"Perdiendo el este","Perdiendo el este",https://www.imdb.com/title/tt7806430,Película,5.0,104,2019,"Comedia",1044,"2019-02-15","Paco Caballero"
tt9601220,5,2020-03-13,"Black Bear","Black Bear",https://www.imdb.com/title/tt9601220,Película,6.5,104,2020,"Drama",18246,"2020-12-04","Lawrence Michael Levine"
tt5690360,3,2020-02-29,"Slender Man","Slender Man",https://www.imdb.com/title/tt5690360,Película,3.3,93,2018,"Terror, Misterio, Suspense",43529,"2018-10-19","Sylvain White"
tt9784626,5,2020-02-28,"Movements of a Nearby Mountain","Movements of a Nearby Mountain",https://www.imdb.com/title/tt9784626,Película,6.7,86,2019,"Documental",48,"2019-03-16","Sebastian Brameshuber"
tt9231040,7,2020-02-25,"First Cow","First Cow",https://www.imdb.com/title/tt9231040,Película,7.1,122,2019,"Drama, Del oeste",24808,"2021-05-21","Kelly Reichardt"
tt11468896,6,2020-02-25,"Gorod usnul","Gorod usnul",https://www.imdb.com/title/tt11468896,Película,4.9,71,2020,"Drama",76,"2020-02-21","Maria Ignatenko"
tt8690948,2,2020-02-25,"Notre-Dame du Nil","Notre-Dame du Nil",https://www.imdb.com/title/tt8690948,Película,6.3,93,2019,"Drama",757,"2020-02-05","Atiq Rahimi"
tt11417886,5,2020-02-25,"El prófugo","El prófugo",https://www.imdb.com/title/tt11417886,Película,6.0,90,2020,"Suspense, Terror",1340,"2021-09-30","Natalia Meta"
tt11639052,5,2020-02-25,"Schwarze Milch","Schwarze Milch",https://www.imdb.com/title/tt11639052,Película,6.2,92,2020,"Drama",135,"2020-07-23","Uisenma Borchu"
tt10874006,7,2020-02-25,"Anne at 13,000 Feet.","Anne at 13,000 Feet.",https://www.imdb.com/title/tt10874006,Película,6.5,75,2019,"Drama",778,"2021-02-19","Kazik Radwanski"
tt0062336,3,2020-02-25,"El tango del viudo y su espejo deformante","El tango del viudo y su espejo deformante",https://www.imdb.com/title/tt0062336,Película,6.3,70,2020,"Drama, Misterio",298,"2020-02-20","Raúl Ruiz"
tt0062285,7,2020-02-25,"Soleil Ô","Soleil Ô",https://www.imdb.com/title/tt0062285,Película,7.3,98,1970,"Drama",1129,"1973-01-04","Med Hondo"
tt0232500,4,2020-02-18,"The Fast and the Furious (A todo gas)","The Fast and the Furious",https://www.imdb.com/title/tt0232500,Película,6.8,106,2001,"Crimen, Suspense, Acción",464901,"2001-10-05","Rob Cohen"
tt9889012,6,2020-02-17,"Muero por volver","Muero por volver",https://www.imdb.com/title/tt9889012,Corto,6.5,15,2019,"Corto",20,"2019-03-16","Javier Marco"
tt9452070,3,2020-02-17,"Norteños","Norteños",https://www.imdb.com/title/tt9452070,Corto,6.5,8,2018,"Corto, Comedia",80,"2018-10-15","Grandmas"
tt6565702,4,2020-02-12,"X-Men: Fénix Oscura","X-Men: Dark Phoenix",https://www.imdb.com/title/tt6565702,Película,5.7,113,2019,"Acción, Aventura, Ciencia ficción",232306,"2019-06-07","Simon Kinberg"
tt0055630,9,2020-02-10,"Yojimbo","Yôjinbô",https://www.imdb.com/title/tt0055630,Película,8.2,110,1961,"Drama, Acción, Suspense",144438,"1961-04-25","Akira Kurosawa"
tt1830833,1,2020-02-10,"The Believer's Heaven","The Believer's Heaven",https://www.imdb.com/title/tt1830833,Película,3.4,58,1977,"Fantasía, Terror, Suspense",295,"1977","Ron Ormond"
tt8906678,7,2020-02-09,"Ikhwène","Ikhwène",https://www.imdb.com/title/tt8906678,Corto,7.0,25,2018,"Corto, Drama, Familiar, Bélico",1707,"2019-04-05","Meryam Joobeur"
tt9204606,5,2020-02-09,"Life Overtakes Me","Life Overtakes Me",https://www.imdb.com/title/tt9204606,Corto,6.5,39,2019,"Documental, Corto",2316,"2019-06-14","John Haptas,Kristine Samuelson"
tt4729430,4,2020-02-09,"Klaus","Klaus",https://www.imdb.com/title/tt4729430,Película,8.2,96,2019,"Animación, Aventura, Comedia, Familiar, Fantasía",241713,"2019-11-15","Sergio Pablos,Carlos Martínez López"
tt8551848,4,2020-02-09,"Nefta Football Club","Nefta Football Club",https://www.imdb.com/title/tt8551848,Corto,7.2,17,2018,"Corto, Comedia, Drama",2114,"2018-10-24","Yves Piat"
tt8767544,7,2020-02-09,"Une soeur","Une soeur",https://www.imdb.com/title/tt8767544,Corto,7.5,17,2018,"Corto, Suspense, Drama",1764,"2018-10-01","Delphine Girard"
tt9842776,6,2020-02-09,"16 de diciembre","16 de Decembro",https://www.imdb.com/title/tt9842776,Corto,6.4,14,2019,"Corto, Drama",98,"2019-06-30","Álvaro Gago"
tt1467304,4,2020-02-08,"El ciempiés humano","The Human Centipede (First Sequence)",https://www.imdb.com/title/tt1467304,Película,4.4,92,2009,"Terror",98237,"2012-03-27","Tom Six"
tt10923134,7,2020-02-07,"Dcera","Dcera",https://www.imdb.com/title/tt10923134,Corto,6.5,15,2019,"Animación, Corto, Drama, Familiar, Fantasía",1365,"2019-06","Daria Kashcheeva"
tt8579674,5,2020-02-06,"1917","1917",https://www.imdb.com/title/tt8579674,Película,8.2,119,2019,"Bélico, Drama",783956,"2020-01-10","Sam Mendes"
tt11442774,4,2020-02-03,"Da-Dzma","Da-Dzma",https://www.imdb.com/title/tt11442774,Corto,6.7,15,2019,"Corto, Drama",9,"2019-12-11","Jaro Minne"
tt10440308,5,2020-02-03,"Metamorphosis","Metamorphosis",https://www.imdb.com/title/tt10440308,Vídeo,6.0,11,2019,"Animación, Corto, Drama, Terror",58,"2019-09-05","Juan Fran Jacinto,Carla Pereira Docampo"
tt9536832,6,2020-02-03,"SparkShorts: Kitbull","SparkShorts: Kitbull",https://www.imdb.com/title/tt9536832,Episodio de TV,8.0,9,2019,"Animación, Corto, Comedia, Familiar, Drama, Fantasía, Ciencia ficción",8147,"2019-02-18","Rosana Sullivan"
tt10499942,8,2020-02-03,"Mémorable","Mémorable",https://www.imdb.com/title/tt10499942,Corto,8.0,12,2019,"Animación, Corto, Drama, Familiar",1932,"2019-06-11","Bruno Collet"
tt9032798,7,2020-02-03,"Sister","Sister",https://www.imdb.com/title/tt9032798,Corto,7.1,8,2018,"Animación, Corto, Drama, Familiar, Fantasía",1445,"2018-06-15","Siqi Song"
tt7129636,5,2020-02-03,"Hair Love","Hair Love",https://www.imdb.com/title/tt7129636,Corto,7.4,7,2019,"Animación, Corto, Familiar, Comedia, Drama",7619,"2019-08-14","Matthew A. Cherry,Everett Downing Jr.,Bruce W. Smith"
tt7321190,7,2020-01-24,"Arcadia","Arcadia",https://www.imdb.com/title/tt7321190,Película,7.3,78,2017,"Documental",326,"2017-10-08","Paul Wright"
tt5688932,7,2020-01-24,"Perdona que te moleste","Sorry to Bother You",https://www.imdb.com/title/tt5688932,Película,6.9,112,2018,"Comedia, Fantasía, Ciencia ficción, Drama",95503,"2019-04-10","Boots Riley"
tt7653254,7,2020-01-19,"Historia de un matrimonio","Marriage Story",https://www.imdb.com/title/tt7653254,Película,7.9,137,2019,"Drama, Romance",374815,"2019-12-06","Noah Baumbach"
tt2584384,8,2020-01-19,"Jojo Rabbit","Jojo Rabbit",https://www.imdb.com/title/tt2584384,Película,7.9,108,2019,"Comedia, Bélico, Drama",493372,"2020-01-17","Taika Waititi"
tt8706846,5,2020-01-17,"Ronco rumor remoto","Ronco rumor remoto",https://www.imdb.com/title/tt8706846,Película,6.9,74,2018,"Drama",8,"2018-03-24","Jorge López Navarrete"
tt0102926,8,2020-01-16,"El silencio de los corderos","The Silence of the Lambs",https://www.imdb.com/title/tt0102926,Película,8.6,118,1991,"Crimen, Drama, Terror, Suspense",1744665,"1991-09-06","Jonathan Demme"
tt10656320,7,2020-01-16,"Black Sun","Black Sun",https://www.imdb.com/title/tt10656320,Corto,5.2,20,2019,"Corto",134,"2019-08-12","Arda Çiltepe"
tt8647924,6,2020-01-15,"Los testigos de Putin","Svideteli Putina",https://www.imdb.com/title/tt8647924,Película,7.0,102,2018,"Documental",1630,"2020-01-01","Vitaliy Manskiy"
tt0058458,5,2020-01-14,"La piel suave","La peau douce",https://www.imdb.com/title/tt0058458,Película,7.5,113,1964,"Romance, Drama",9200,"1964-04-20","François Truffaut"
tt0078771,7,2020-01-14,"El amor en fuga","L'amour en fuite",https://www.imdb.com/title/tt0078771,Película,7.0,94,1979,"Comedia, Romance, Drama",8297,"1979-01-24","François Truffaut"
tt0065651,6,2020-01-14,"Domicilio conyugal","Domicile conjugal",https://www.imdb.com/title/tt0065651,Película,7.4,97,1970,"Romance, Drama, Comedia",11699,"2020-11-17","François Truffaut"
tt0059485,5,2020-01-10,"Murder in Mississippi","Murder in Mississippi",https://www.imdb.com/title/tt0059485,Película,5.5,84,1965,"Drama, Crimen",246,"1965-10","Joseph P. Mawra"
tt11083252,5,2020-01-09,"Cerro dos Pios","Cerro dos Pios",https://www.imdb.com/title/tt11083252,Película,null,82,2019,"Documental",0,"2019-10-21","Miguel de Jesus"
tt6143782,4,2020-01-09,"Hex","Hex",https://www.imdb.com/title/tt6143782,Película,3.9,85,2018,"Suspense, Terror",2241,"2019-09-06","Rudolf Buitendach"
tt10849958,6,2020-01-08,"Nach zwei Stunden waren zehn Minuten vergangen","Nach zwei Stunden waren zehn Minuten vergangen",https://www.imdb.com/title/tt10849958,Corto,5.8,20,2019,"Corto",24,"2019-08-29","Steffen Goldkamp"
tt11401672,4,2020-01-07,"Who the Fuck Are You","Who the Fuck Are You",https://www.imdb.com/title/tt11401672,Película,7.5,80,2019,"Drama, Misterio",42,"2019-11-28","Marina Radmilac"
tt4487076,5,2020-01-02,"Memorias de un hombre en pijama","Memorias de un hombre en pijama",https://www.imdb.com/title/tt4487076,Película,5.6,74,2018,"Animación",177,"2019-01-04","Carlos Fernandez de Vigo"
tt4971344,5,2019-12-30,"Los hermanos Sisters","The Sisters Brothers",https://www.imdb.com/title/tt4971344,Película,6.9,122,2018,"Del oeste, Drama",75880,"2019-05-10","Jacques Audiard"
tt10399278,6,2019-12-30,"Between a Rock and a Hard Place","Between a Rock and a Hard Place",https://www.imdb.com/title/tt10399278,Corto,7.2,19,2019,"Corto, Drama",256,"2019-08-26","Mads Koudal"
tt0120663,8,2019-12-30,"Eyes Wide Shut","Eyes Wide Shut",https://www.imdb.com/title/tt0120663,Película,7.5,159,1999,"Misterio, Drama, Suspense",436756,"1999-09-17","Stanley Kubrick"
tt5814060,4,2019-12-30,"La monja","The Nun",https://www.imdb.com/title/tt5814060,Película,5.4,96,2018,"Terror, Suspense, Misterio",199007,"2018-09-07","Corin Hardy"
tt10623866,7,2019-12-26,"Mathius Marvellous Shop","Mathius Marvellous Shop",https://www.imdb.com/title/tt10623866,Película,5.9,94,2019,"Comedia, Fantasía, Ciencia ficción",9,"2019-11-06","Paola Alvarez,Manuel Escorihuela"
tt7664504,7,2019-12-26,"Tres idénticos desconocidos","Three Identical Strangers",https://www.imdb.com/title/tt7664504,Película,7.6,96,2018,"Documental, Biografía, Drama, Misterio, Historia",45329,"2018-11-30","Tim Wardle"
tt0045112,8,2019-12-26,"La vida de Oharu, mujer galante","Saikaku ichidai onna",https://www.imdb.com/title/tt0045112,Película,8.0,148,1952,"Drama",8494,"1952-04-17","Kenji Mizoguchi"
tt10214916,6,2019-12-24,"I apostasi anamesa ston ourano ki emas","I apostasi anamesa ston ourano ki emas",https://www.imdb.com/title/tt10214916,Corto,6.8,9,2019,"Corto, Drama",1180,"2019-05-24","Vasilis Kekatos"
tt2527338,7,2019-12-23,"Star Wars: El ascenso de Skywalker","Star Wars: Episode IX - The Rise of Skywalker",https://www.imdb.com/title/tt2527338,Película,6.3,141,2019,"Ciencia ficción, Acción, Aventura, Fantasía",549835,"2019-12-19","J.J. Abrams"
tt11383980,5,2019-12-23,"House of Seven Belles","House of Seven Belles",https://www.imdb.com/title/tt11383980,Película,4.3,92,1979,"Drama, Terror",198,"1979","Andy Milligan"
tt9583526,7,2019-12-23,"Romantic Comedy","Romantic Comedy",https://www.imdb.com/title/tt9583526,Película,5.9,78,2019,"Documental, Comedia, Romance",529,"2020-05-07","Elizabeth Sankey"
tt10589914,7,2019-12-23,"Ai naki mori de sakebe","Ai naki mori de sakebe",https://www.imdb.com/title/tt10589914,Película,6.2,151,2019,"Crimen, Terror, Suspense, Drama",3277,"2019-10-11","Sion Sono"
tt0075999,7,2019-12-21,"Escalofrío","Escalofrío",https://www.imdb.com/title/tt0075999,Película,5.9,82,1978,"Terror",1490,"1978-08-14","Carlos Puerto,Juan Piquer Simón"
tt0056732,7,2019-12-21,"El ángel exterminador","El ángel exterminador",https://www.imdb.com/title/tt0056732,Película,7.9,95,1962,"Fantasía, Drama",38460,"1966-09-22","Luis Buñuel"
tt0046478,9,2019-12-21,"Cuentos de la luna pálida","Ugetsu monogatari",https://www.imdb.com/title/tt0046478,Película,8.1,96,1953,"Bélico, Fantasía, Drama",28539,"1953-03-26","Kenji Mizoguchi"
tt6415416,6,2019-12-21,"Mug","Twarz",https://www.imdb.com/title/tt6415416,Película,6.4,91,2018,"Drama, Comedia",2929,"2019-01-23","Malgorzata Szumowska"
tt9056192,7,2019-12-21,"Zombi child","Zombi Child",https://www.imdb.com/title/tt9056192,Película,5.9,103,2019,"Fantasía, Drama, Terror",2839,"2020-10-06","Bertrand Bonello"
tt0246578,8,2019-12-19,"Donnie Darko","Donnie Darko",https://www.imdb.com/title/tt0246578,Película,8.0,113,2001,"Ciencia ficción, Suspense, Misterio, Drama",918725,"2002-07-05","Richard Kelly"
tt5991410,2,2019-12-19,"Señor, dame paciencia","Señor, dame paciencia",https://www.imdb.com/title/tt5991410,Película,5.3,91,2017,"Comedia, Fantasía",2247,"2017-06-16","Álvaro Díaz Lorenzo"
tt0448115,3,2019-12-19,"¡Shazam!","Shazam!",https://www.imdb.com/title/tt0448115,Película,7.0,132,2019,"Fantasía, Acción, Aventura, Comedia",417726,"2019-04-05","David F. Sandberg"
tt8054608,7,2019-12-19,"Dios es mujer y se llama Petrunya","Gospod postoi, imeto i' e Petrunija",https://www.imdb.com/title/tt8054608,Película,6.8,100,2019,"Drama",2748,"2019-05-01","Teona Strugar Mitevska"
tt1926245,4,2019-12-12,"Empusa","Empusa",https://www.imdb.com/title/tt1926245,Película,3.9,97,2010,"Terror",91,"2010-10-16","Paul Naschy"
tt5066598,3,2019-12-12,"Los del túnel","Los del túnel",https://www.imdb.com/title/tt5066598,Película,4.9,95,2016,"Comedia, Drama",774,"2017-01-20","Pepón Montero"
tt0365608,3,2019-12-11,"Pacto de brujas","Pacto de brujas",https://www.imdb.com/title/tt0365608,Película,4.0,107,2003,"Terror, Misterio, Suspense",112,"2003-04-25","Javier Elorrieta"
tt0421054,4,2019-12-11,"Domino","Domino",https://www.imdb.com/title/tt0421054,Película,5.9,127,2005,"Suspense, Drama, Crimen, Acción, Biografía",71745,"2006-07-21","Tony Scott"
tt7408552,2,2019-12-11,"La maldita primavera","La maldita primavera",https://www.imdb.com/title/tt7408552,Película,5.5,70,2017,,32,"2017-05-04","Marc Ferrer"
tt2358913,6,2019-12-11,"Berserk. La Edad de Oro III: El Advenimiento","Berserk: Ougon jidai-hen III - Kourin",https://www.imdb.com/title/tt2358913,Película,7.9,110,2013,"Animación, Acción, Fantasía, Terror, Aventura, Drama",13523,"2013-02-01","Toshiyuki Kubooka"
tt8806768,4,2019-12-09,"Lo dejo cuando quiera","Lo dejo cuando quiera",https://www.imdb.com/title/tt8806768,Película,5.6,98,2019,"Comedia",2143,"2019-04-12","Carlos Therón"
tt5808778,4,2019-12-04,"Pieles","Pieles",https://www.imdb.com/title/tt5808778,Película,6.0,77,2017,"Drama, Fantasía, Comedia",8127,"2017-03-31","Eduardo Casanova"
tt0112817,7,2019-12-04,"Dead Man","Dead Man",https://www.imdb.com/title/tt0112817,Película,7.5,121,1995,"Drama, Aventura, Del oeste",109765,"1996-10-15","Jim Jarmusch"
tt0054389,7,2019-12-03,"Tirad sobre el pianista","Tirez sur le pianiste",https://www.imdb.com/title/tt0054389,Película,7.4,81,1960,"Crimen, Drama, Suspense",22028,"1960-11-25","François Truffaut"
tt0062695,7,2019-12-03,"Besos robados","Baisers volés",https://www.imdb.com/title/tt0062695,Película,7.5,91,1968,"Romance, Drama, Comedia",16719,"2005-12-10","François Truffaut"
tt8800266,8,2019-12-01,"Ema","Ema",https://www.imdb.com/title/tt8800266,Película,6.7,107,2019,"Drama, Música, Romance",10053,"2019-09-26","Pablo Larraín"
tt0082186,6,2019-11-28,"Furia de titanes","Clash of the Titans",https://www.imdb.com/title/tt0082186,Película,6.9,118,1981,"Acción, Aventura, Fantasía",51988,"1981-07-02","Desmond Davis"
tt3402594,5,2019-11-25,"The Demolisher","The Demolisher",https://www.imdb.com/title/tt3402594,Película,3.4,85,2015,"Acción, Terror, Suspense",720,"2019-04-12","Gabriel Carrer"
tt1302006,4,2019-11-24,"El irlandés","The Irishman",https://www.imdb.com/title/tt1302006,Película,7.8,209,2019,"Crimen, Drama, Biografía, Historia, Suspense",478527,"2019-11-27","Martin Scorsese"
tt1477834,4,2019-11-20,"Aquaman","Aquaman",https://www.imdb.com/title/tt1477834,Película,6.8,143,2018,"Acción, Aventura, Ciencia ficción, Fantasía",559031,"2018-12-21","James Wan"
tt3345474,5,2019-11-16,"Parásito. Parte 2","Kiseijû: Kanketsu-hen",https://www.imdb.com/title/tt3345474,Película,6.5,117,2015,"Terror, Ciencia ficción, Acción, Drama",3624,"2016-06-08","Takashi Yamazaki"
tt5567572,4,2019-11-16,"El cielo en el infierno","El cielo en el infierno",https://www.imdb.com/title/tt5567572,Película,4.0,70,2016,"Comedia, Drama, Terror",97,,"Norberto Ramos del Val"
tt6509058,5,2019-11-14,"Nancy","Nancy",https://www.imdb.com/title/tt6509058,Película,6.2,85,2018,"Drama, Misterio, Suspense",3931,"2018-08-16","Christina Choe"
tt10651680,5,2019-11-14,"Sea of Lost Time","Sea of Lost Time",https://www.imdb.com/title/tt10651680,Película,5.9,45,2019,"Fantasía",11,"2019-01-22","Gurvinder Singh"
tt9352926,6,2019-11-13,"The Sound of Silence","The Sound of Silence",https://www.imdb.com/title/tt9352926,Película,5.8,88,2019,"Drama",1719,"2019-09-13","Michael Tyburski"
tt10537634,6,2019-11-12,"Ôfanzu burûsu","Ôfanzu burûsu",https://www.imdb.com/title/tt10537634,Película,6.8,89,2018,,15,"2019-05-31","Riho Kudo"
tt0055032,9,2019-11-10,"Jules y Jim","Jules et Jim",https://www.imdb.com/title/tt0055032,Película,7.6,105,1962,"Romance, Drama",47222,"1962-01-23","François Truffaut"
tt0395125,7,2019-11-10,"Crimen ferpecto","Crimen ferpecto",https://www.imdb.com/title/tt0395125,Película,7.0,105,2004,"Comedia, Crimen, Suspense",13734,"2004-10-22","Álex de la Iglesia"
tt8063274,5,2019-11-07,"Asamblea","Asamblea",https://www.imdb.com/title/tt8063274,Película,6.1,75,2019,"Comedia",152,"2020-04-17","Álex Montoya"
tt3384350,2,2019-11-06,"The Devil's Dolls","Worry Dolls",https://www.imdb.com/title/tt3384350,Película,4.3,85,2016,"Terror, Suspense",1970,"2016-09-16","Padraig Reynolds"
tt1139592,3,2019-11-06,"Jeepers Creepers 3","Jeepers Creepers 3",https://www.imdb.com/title/tt1139592,Película,3.9,100,2017,"Terror",27235,"2018-10-19","Victor Salva"
tt6105880,5,2019-11-06,"JoJo's Bizarre Adventure: Diamond Is Unbreakable","JoJo no Kimyô na Bôken Daiyamondo wa Kudakenai Dai-Isshô",https://www.imdb.com/title/tt6105880,Película,5.8,119,2017,"Aventura, Acción, Fantasía",2228,"2017-08-04","Takashi Miike"
tt5884784,3,2019-11-06,"The Super","The Super",https://www.imdb.com/title/tt5884784,Película,5.2,90,2017,"Suspense, Terror, Misterio",21841,"2018-10-19","Stephan Rick"
tt7021758,4,2019-11-06,"Compulsión","Compulsión",https://www.imdb.com/title/tt7021758,Película,4.6,71,2017,"Crimen, Terror, Suspense",432,"2017-10-13","Ángel González"
tt5084170,7,2019-11-06,"La espada del inmortal","Mugen no jûnin",https://www.imdb.com/title/tt5084170,Película,6.7,140,2017,"Acción, Drama, Historia",20781,"2018-01-01","Takashi Miike"
tt2310958,2,2019-11-04,"Summertime","Summertime",https://www.imdb.com/title/tt2310958,Película,3.1,93,2012,"Musical, Comedia, Terror",268,"2022-09-08","Norberto Ramos del Val"
tt8841486,7,2019-11-02,"Gulyabani","Gulyabani",https://www.imdb.com/title/tt8841486,Corto,6.5,34,2018,"Documental, Corto, Misterio",249,"2018-08-05","Gürcan Keltek"
tt7666250,6,2019-11-02,"Yuli","Yuli",https://www.imdb.com/title/tt7666250,Película,7.0,115,2018,"Biografía, Drama, Música, Historia",2427,"2018-12-14","Icíar Bollaín"
tt9678452,7,2019-10-30,"Una banda de chicas","Una banda de chicas",https://www.imdb.com/title/tt9678452,Película,7.1,83,2018,"Documental",63,"2019-11-07","Marilina Giménez"
tt3901962,3,2019-10-30,"Sendero","Sendero",https://www.imdb.com/title/tt3901962,Película,3.6,85,2015,"Drama, Terror, Suspense, Acción",741,"2015-10-12","Lucio A. Rojas"
tt1881109,4,2019-10-27,"Zeroville","Zeroville",https://www.imdb.com/title/tt1881109,Película,4.6,96,2019,"Comedia, Drama, Misterio",3958,"2019-09-27","James Franco"
tt0085484,3,2019-10-25,"Emerald Cities","Emerald Cities",https://www.imdb.com/title/tt0085484,Película,6.0,89,1983,"Comedia, Drama, Música",215,,"Rick Schmidt"
tt4975280,4,2019-10-23,"Strangled","A martfüi rém",https://www.imdb.com/title/tt4975280,Película,6.9,121,2016,"Suspense, Crimen, Terror, Misterio, Drama",6895,"2016-11-10","Árpád Sopsits"
tt5189894,4,2019-10-23,"68 Kill","68 Kill",https://www.imdb.com/title/tt5189894,Película,6.1,93,2017,"Suspense, Comedia, Crimen",7233,"2017-08-04","Trent Haaga"
tt5618752,7,2019-10-23,"Krotkaya","Krotkaya",https://www.imdb.com/title/tt5618752,Película,6.5,143,2017,"Drama, Misterio",2657,"2017-08-16","Sergey Loznitsa"
tt2291540,6,2019-10-23,"Mi amigo Dahmer","My Friend Dahmer",https://www.imdb.com/title/tt2291540,Película,6.2,107,2017,"Drama, Biografía, Terror, Crimen, Suspense",25972,"2022-08-16","Marc Meyers"
tt6777338,7,2019-10-23,"La villana","Aknyeo",https://www.imdb.com/title/tt6777338,Película,6.6,124,2017,"Acción, Suspense",18805,"2017-06-08","Jung Byung-gil"
tt6951594,3,2019-10-23,"Call TV","Call TV",https://www.imdb.com/title/tt6951594,Película,3.3,84,2017,"Suspense, Terror, Comedia, Crimen",206,"2022-08-19","Norberto Ramos del Val"
tt5688178,5,2019-10-22,"Królewicz olch","Królewicz olch",https://www.imdb.com/title/tt5688178,Película,5.3,101,2016,"Drama",178,"2017-08-18","Kuba Czekaj"
tt2582498,5,2019-10-22,"Sweet Virginia","Sweet Virginia",https://www.imdb.com/title/tt2582498,Película,6.2,93,2017,"Drama, Suspense",12649,"2020-03-12","Jamie M. Dagg"
tt3415358,6,2019-10-22,"Rabbit","Rabbit",https://www.imdb.com/title/tt3415358,Película,4.8,103,2017,"Suspense, Misterio, Terror",726,"2018-08-30","Luke Shanahan"
tt4978710,7,2019-10-22,"Marjorie Prime","Marjorie Prime",https://www.imdb.com/title/tt4978710,Película,6.3,99,2017,"Drama, Ciencia ficción, Romance",7294,"2017-10-19","Michael Almereyda"
tt7323600,7,2019-10-21,"Hagazussa","Hagazussa",https://www.imdb.com/title/tt7323600,Película,5.8,102,2017,"Terror, Drama",8632,"2018-05-17","Lukas Feigelfeld"
tt5091530,5,2019-10-21,"M.F.A.","M.F.A.",https://www.imdb.com/title/tt5091530,Película,5.9,92,2017,"Suspense, Drama, Terror",8033,"2017-10-13","Natalia Leite"
tt4720702,4,2019-10-21,"Bushwick","Bushwick",https://www.imdb.com/title/tt4720702,Película,5.2,94,2017,"Acción, Suspense",14954,"2017-08-25","Jonathan Milott,Cary Murnion"
tt6830412,4,2019-10-21,"El habitante","El habitante",https://www.imdb.com/title/tt6830412,Película,5.3,93,2017,"Terror",1509,"2018-06-15","Guillermo Amoedo"
tt3896738,7,2019-10-21,"Hounds of Love","Hounds of Love",https://www.imdb.com/title/tt3896738,Película,6.5,108,2016,"Crimen, Drama, Suspense",14605,"2017-06-01","Ben Young"
tt10325740,5,2019-10-21,"Toomas Beneath the Valley of the Wild Wolves","Toomas Beneath the Valley of the Wild Wolves",https://www.imdb.com/title/tt10325740,Corto,6.7,18,2018,"Animación, Corto, Comedia, Fantasía",371,"2018","Chintis Lundgren"
tt8278754,6,2019-10-20,"Algunas Bestias","Algunas Bestias",https://www.imdb.com/title/tt8278754,Película,5.6,97,2019,"Suspense, Drama",329,"2020-11-20","Jorge Riquelme Serrano"
tt7972178,5,2019-10-20,"70 binladens","70 Binladens",https://www.imdb.com/title/tt7972178,Película,6.0,100,2018,"Suspense",1467,"2019-03-08","Koldo Serra"
tt0054240,4,2019-10-18,"La orgía de los muertos","Orgy of the Dead",https://www.imdb.com/title/tt0054240,Película,3.0,91,1965,"Terror, Fantasía",3660,"1965-06-01","Stephen C. Apostolof"
tt5142400,3,2019-10-18,"The Book of Birdie","The Book of Birdie",https://www.imdb.com/title/tt5142400,Película,5.3,91,2017,"Fantasía, Terror",197,"2018-10-02","Elizabeth E. Schuch"
tt3859272,4,2019-10-18,"Tragedy Girls","Tragedy Girls",https://www.imdb.com/title/tt3859272,Película,6.0,98,2017,"Terror, Comedia, Crimen",13801,"2017-10-20","Tyler MacIntyre"
tt4857264,6,2019-10-17,"Contratiempo","Contratiempo",https://www.imdb.com/title/tt4857264,Película,8.0,106,2016,"Suspense, Crimen, Misterio, Drama",216578,"2017-01-06","Oriol Paulo"
tt0308983,5,2019-10-16,"Tiempo de tormenta","Tiempo de tormenta",https://www.imdb.com/title/tt0308983,Película,5.8,87,2003,"Romance, Drama",273,"2003-04-25","Pedro Olea"
tt4176928,5,2019-10-16,"Acantilado","Acantilado",https://www.imdb.com/title/tt4176928,Película,5.2,99,2016,"Suspense, Romance",556,"2016-06-03","Helena Taberna"
tt2358911,5,2019-10-16,"Berserk. La Edad de Oro II: La Batalla de Doldrey","Berserk: Ougon jidai-hen II - Dorudorei koryaku",https://www.imdb.com/title/tt2358911,Película,7.7,95,2012,"Animación, Acción, Aventura, Fantasía, Drama, Terror",13531,"2012-06-23","Toshiyuki Kubooka"
tt4572998,4,2019-10-16,"Techo y comida","Techo y comida",https://www.imdb.com/title/tt4572998,Película,6.7,93,2015,"Drama",1102,"2015-12-04","Juan Miguel del Castillo"
tt1711525,5,2019-10-16,"Fiesta de empresa","Office Christmas Party",https://www.imdb.com/title/tt1711525,Película,5.9,105,2016,"Comedia",94788,"2016-12-07","Josh Gordon,Will Speck"
tt0116769,4,2019-10-16,"Killer Barbys","Killer Barbys",https://www.imdb.com/title/tt0116769,Película,3.7,90,1996,"Terror",1126,"1996-05-22","Jesús Franco"
tt0126562,5,2019-10-14,"Olga's House of Shame","Olga's House of Shame",https://www.imdb.com/title/tt0126562,Película,4.1,70,1964,"Terror, Crimen, Drama",519,"1964-02-06","Joseph P. Mawra"
tt0112922,7,2019-10-13,"El día de la bestia","El día de la bestia",https://www.imdb.com/title/tt0112922,Película,7.3,103,1995,"Crimen, Acción, Suspense, Terror, Comedia",25064,"1995-10-20","Álex de la Iglesia"
tt0277371,5,2019-10-13,"No es otra estúpida película americana","Not Another Teen Movie",https://www.imdb.com/title/tt0277371,Película,5.8,89,2001,"Romance, Comedia",128252,"2002-03-22","Joel Gallen"
tt6823368,3,2019-10-12,"Glass (Cristal)","Glass",https://www.imdb.com/title/tt6823368,Película,6.6,129,2019,"Suspense, Drama, Ciencia ficción, Terror, Fantasía",306960,"2019-01-18","M. Night Shyamalan"
tt11041136,4,2019-10-12,"Sestra","Sestra",https://www.imdb.com/title/tt11041136,Película,6.5,97,2019,"Drama",322,"2020-10-07","Svetla Tsotsorkova"
tt10864024,5,2019-10-11,"Disco","Disco",https://www.imdb.com/title/tt10864024,Película,5.1,94,2019,"Drama",1056,"2019-10-04","Jorunn Myklebust Syversen"
tt9904250,6,2019-10-11,"La reina de los lagartos","La reina de los lagartos",https://www.imdb.com/title/tt9904250,Película,4.7,63,2019,"Fantasía",226,"2020-11-20","Juan González,Nando Martínez"
tt7286456,8,2019-10-11,"Joker","Joker",https://www.imdb.com/title/tt7286456,Película,8.3,122,2019,"Drama",1721037,"2019-10-04","Todd Phillips"
tt8358220,3,2019-10-08,"After Midnight","After Midnight",https://www.imdb.com/title/tt8358220,Película,5.4,83,2019,"Terror, Drama, Ciencia ficción, Romance",5504,"2021-02-11","Jeremy Gardner,Christian Stella"
tt2762506,8,2019-10-08,"Bacurau","Bacurau",https://www.imdb.com/title/tt2762506,Película,7.3,131,2019,"Suspense, Aventura, Misterio, Del oeste, Terror, Acción, Drama",35327,"2020-05-14","Juliano Dornelles,Kleber Mendonça Filho"
tt1759744,6,2019-10-07,"Las chicas de Manson","Charlie Says",https://www.imdb.com/title/tt1759744,Película,5.9,110,2018,"Drama, Crimen, Biografía",5979,"2019-05-17","Mary Harron"
tt10563420,6,2019-10-07,"The Deeper You Dig","The Deeper You Dig",https://www.imdb.com/title/tt10563420,Película,5.7,95,2019,"Terror, Drama",3456,"2020-06-05","John Adams,Zelda Adams,Toby Poser"
tt4500678,3,2019-10-07,"Luz","Luz: The Flower of Evil",https://www.imdb.com/title/tt4500678,Película,4.9,104,2019,"Del oeste, Fantasía, Terror, Drama",939,"2022-05-30","Juan Diego Escobar Alzate"
tt10272534,8,2019-10-07,"Lux Aeterna","Lux Æterna",https://www.imdb.com/title/tt10272534,Película,6.2,51,2019,"Drama, Suspense",9018,"2020-11-27","Gaspar Noé"
tt10651850,6,2019-10-07,"Nimic","Nimic",https://www.imdb.com/title/tt10651850,Corto,6.5,12,2019,"Corto, Drama, Fantasía",10493,"2020-11-27","Yorgos Lanthimos"
tt8269120,3,2019-10-06,"Encuentros en la oscuridad","Dark Encounter",https://www.imdb.com/title/tt8269120,Película,5.4,97,2019,"Ciencia ficción, Misterio, Suspense",5090,"2021-06-25","Carl Strathie"
tt4925340,5,2019-10-06,"La maldición de Lake Manor","Il nido",https://www.imdb.com/title/tt4925340,Película,5.9,107,2019,"Terror, Misterio",2253,"2021-01-22","Roberto De Feo"
tt7984734,8,2019-10-06,"El faro","The Lighthouse",https://www.imdb.com/title/tt7984734,Película,7.4,109,2019,"Drama, Fantasía, Misterio, Suspense, Terror",308482,"2020-01-10","Robert Eggers"
tt9894470,5,2019-10-06,"VFW","VFW",https://www.imdb.com/title/tt9894470,Película,6.1,92,2019,"Acción, Terror, Crimen, Suspense",10450,"2020-09-23","Joe Begos"
tt7798634,4,2019-10-06,"Noche de bodas","Ready or Not",https://www.imdb.com/title/tt7798634,Película,6.9,95,2019,"Terror, Misterio, Comedia",263441,"2019-10-11","Matt Bettinelli-Olpin,Tyler Gillett"
tt8406738,7,2019-10-05,"Ventajas de viajar en tren","Ventajas de viajar en tren",https://www.imdb.com/title/tt8406738,Película,6.4,103,2019,"Suspense, Comedia, Misterio",3642,"2019-11-08","Aritz Moreno"
tt8368406,7,2019-10-05,"Vivarium","Vivarium",https://www.imdb.com/title/tt8368406,Película,5.8,97,2019,"Ciencia ficción, Misterio, Terror",95160,"2020-04-08","Lorcan Finnegan"
tt6902676,6,2019-10-05,"Guns Akimbo","Guns Akimbo",https://www.imdb.com/title/tt6902676,Película,6.3,98,2019,"Acción, Comedia, Suspense, Crimen",78938,"2020-03-23","Jason Lei Howden"
tt10301380,4,2019-09-30,"Leyenda dorada","Leyenda dorada",https://www.imdb.com/title/tt10301380,Corto,5.6,11,2019,"Corto, Drama, Fantasía",150,"2020-05-01","Ion De Sosa,Chema García Ibarra"
tt8489152,5,2019-09-30,"La hija de un ladrón","La hija de un ladrón",https://www.imdb.com/title/tt8489152,Película,6.2,102,2019,"Drama",1120,"2019-11-29","Belén Funes"
tt8508496,3,2019-09-30,"Siempre es Otoño","Siempre es Otoño",https://www.imdb.com/title/tt8508496,Película,6.5,75,2020,"Drama, Romance",76,"2020-07-17","Alex Sereno"
tt7967412,6,2019-09-30,"Quien a hierro mata","Quien a hierro mata",https://www.imdb.com/title/tt7967412,Película,6.6,107,2019,"Drama, Suspense, Crimen",9536,"2019-08-30","Paco Plaza"
tt0057345,10,2019-09-28,"El desprecio","Le Mépris",https://www.imdb.com/title/tt0057345,Película,7.4,103,1963,"Romance, Drama",39648,"1963-10-29","Jean-Luc Godard"
tt7818580,4,2019-09-26,"Mientras dure la guerra","Mientras dure la guerra",https://www.imdb.com/title/tt7818580,Película,6.9,107,2019,"Drama, Historia, Bélico",7780,"2019-09-27","Alejandro Amenábar"
tt5897636,7,2019-09-25,"Verano 1993","Estiu 1993",https://www.imdb.com/title/tt5897636,Película,7.1,97,2017,"Drama, Familiar",9290,"2017-06-30","Carla Simón"
tt9549028,4,2019-09-25,"The Pillars","The Pillars",https://www.imdb.com/title/tt9549028,Película,7.5,57,2018,"Documental",9,"2018-11-15","Javier Cástor Moreno Biurrun,Javier Moreno,Claudia Negro,Lucia Touceda,Lucía Touceda,Raúl Vallejo,Raúl Vallejo"
tt2006051,2,2019-09-24,"Ali","Ali",https://www.imdb.com/title/tt2006051,Película,6.0,88,2012,"Drama",185,"2013-05-17","Paco R. Baños"
tt1446483,4,2019-09-24,"Luna caliente","Luna caliente",https://www.imdb.com/title/tt1446483,Película,5.3,88,2009,"Suspense, Drama",175,"2010-02-05","Vicente Aranda"
tt0090190,2,2019-09-24,"El vengador tóxico","The Toxic Avenger",https://www.imdb.com/title/tt0090190,Película,6.2,82,1984,"Ciencia ficción, Acción, Terror, Comedia",36308,"1985-11","Michael Herz,Lloyd Kaufman"
tt3890160,8,2019-09-24,"Baby Driver","Baby Driver",https://www.imdb.com/title/tt3890160,Película,7.5,113,2017,"Acción, Música, Crimen, Drama, Romance, Suspense",693341,"2017-07-07","Edgar Wright"
tt2076862,2,2019-09-24,"Soy un fantasma","I Am a Ghost",https://www.imdb.com/title/tt2076862,Película,5.9,76,2012,"Drama, Terror, Suspense",1581,"2014-03-01","H.P. Mendoza"
tt5674842,2,2019-09-23,"Villaviciosa de al lado","Villaviciosa de al lado",https://www.imdb.com/title/tt5674842,Película,4.6,90,2016,"Comedia",2258,"2016-12-02","Nacho G. Velilla"
tt2261311,4,2019-09-23,"Ser y llegar a ser","Être et devenir",https://www.imdb.com/title/tt2261311,Película,7.0,99,2014,"Documental, Familiar",141,"2014-05-28","Clara Bellar"
tt5463378,5,2019-09-23,"Ezhdeha Vared Mishavad!","Ezhdeha Vared Mishavad!",https://www.imdb.com/title/tt5463378,Película,6.6,105,2016,"Drama, Terror, Misterio, Suspense",3116,"2016-04-27","Mani Haghighi"
tt0118845,8,2019-09-22,"Happy Together","Chun gwong ja sit",https://www.imdb.com/title/tt0118845,Película,7.6,96,1997,"Romance, Drama",38803,"1997-11-14","Wong Kar-Wai"
tt7375186,7,2019-09-22,"Fines de semana","Weekends",https://www.imdb.com/title/tt7375186,Corto,7.2,15,2017,"Animación, Corto, Drama, Fantasía",1690,"2017-10-18","Trevor Jimenez"
tt0091474,4,2019-09-21,"Hunter","Manhunter",https://www.imdb.com/title/tt0091474,Película,7.2,120,1986,"Crimen, Misterio, Suspense",93225,"1988-06-16","Michael Mann"
tt7914416,7,2019-09-21,"One cut of the dead","Kamera o tomeru na!",https://www.imdb.com/title/tt7914416,Película,7.6,96,2017,"Comedia, Terror, Drama",36103,"2018-06-23","Shin'ichirō Ueda"
tt0093777,5,2019-09-19,"El príncipe de las tinieblas","Prince of Darkness",https://www.imdb.com/title/tt0093777,Película,6.6,102,1987,"Terror",56146,"1988-11-25","John Carpenter"
tt4633694,6,2019-09-17,"Spider-Man: Un nuevo universo","Spider-Man: Into the Spider-Verse",https://www.imdb.com/title/tt4633694,Película,8.4,117,2018,"Animación, Acción, Ciencia ficción, Aventura, Familiar, Fantasía",812600,"2018-12-21","Bob Persichetti,Peter Ramsey,Rodney Rothman"
tt0165623,5,2019-09-16,"La angustia del miedo","Angst",https://www.imdb.com/title/tt0165623,Película,7.1,87,1983,"Drama, Suspense, Terror",16849,"1983","Gerald Kargl"
tt0072157,7,2019-09-16,"Shurayuki-hime: Urami renka","Shurayuki-hime: Urami renka",https://www.imdb.com/title/tt0072157,Película,6.3,89,1974,"Drama, Suspense",4894,"1974-06-15","Toshiya Fujita"
tt8777940,5,2019-09-15,"La Tierra llamando a Ana","La Tierra llamando a Ana",https://www.imdb.com/title/tt8777940,Corto,6.2,21,2019,"Corto, Romance",36,"2019-03-13","Fernando Bonelli"
tt7772580,4,2019-09-14,"La perfección","The Perfection",https://www.imdb.com/title/tt7772580,Película,6.2,90,2018,"Drama, Terror, Suspense",54276,"2019-05-24","Richard Shepard"
tt1259570,5,2019-09-09,"Carne de neón","Carne de neón",https://www.imdb.com/title/tt1259570,Película,5.6,98,2010,"Comedia, Suspense, Drama",1940,"2011-01-21","Paco Cabezas"
tt2854926,4,2019-09-09,"¡Tú la llevas!","Tag",https://www.imdb.com/title/tt2854926,Película,6.5,100,2018,"Comedia, Acción",163809,"2020-04-27","Jeff Tomsic"
tt0070909,5,2019-09-09,"Almas de metal","Westworld",https://www.imdb.com/title/tt0070909,Película,6.9,88,1973,"Suspense, Drama, Ciencia ficción, Del oeste, Acción",68055,"1975-04-14","Michael Crichton"
tt7349950,3,2019-09-08,"It: Capítulo 2","It: Chapter Two",https://www.imdb.com/title/tt7349950,Película,6.5,169,2019,"Terror, Drama, Fantasía",361688,"2019-09-06","Andy Muschietti"
tt0084719,4,2019-08-22,"El destripador de Nueva York","Lo squartatore di New York",https://www.imdb.com/title/tt0084719,Película,6.3,91,1982,"Misterio, Suspense, Terror",14011,"1982-06-19","Lucio Fulci"
tt6597612,7,2019-08-22,"Júlia ist","Júlia ist",https://www.imdb.com/title/tt6597612,Película,6.3,90,2017,"Drama",575,"2017-06-16","Elena Martín"
tt3429812,5,2019-08-20,"The Blvd","The Blvd",https://www.imdb.com/title/tt3429812,Película,6.8,64,1999,"Documental",18,"1999","Deborah Stratman"
tt4842296,8,2019-08-20,"Hele sa hiwagang hapis","Hele sa hiwagang hapis",https://www.imdb.com/title/tt4842296,Película,7.3,485,2016,"Drama, Aventura, Fantasía",418,"2016-03-26","Lav Diaz"
tt6260108,5,2019-08-20,"People Power Bombshell: The Diary of Vietnam Rose","People Power Bombshell: The Diary of Vietnam Rose",https://www.imdb.com/title/tt6260108,Película,6.8,89,2016,"Documental",27,"2016-11-17","John Torres"
tt4468634,5,2019-08-20,"Certain Women","Certain Women",https://www.imdb.com/title/tt4468634,Película,6.4,107,2016,"Drama",17460,"2017-02-22","Kelly Reichardt"
tt0071154,6,2019-08-20,"Perversa","Appassionata",https://www.imdb.com/title/tt0071154,Película,5.4,96,1974,"Drama",1188,"1974-06-06","Gianluigi Calderone"
tt6260534,6,2019-08-19,"Radio Kobanî","Radio Kobanî",https://www.imdb.com/title/tt6260534,Película,7.5,70,2016,"Documental",145,"2017-04-20","Reber Dosky"
tt5501166,4,2019-08-19,"La deuxième nuit","La deuxième nuit",https://www.imdb.com/title/tt5501166,Película,8.0,75,2016,"Documental",147,"2017-03","Eric Pauwels"
tt6618178,6,2019-08-19,"Los niños","The Grown-Ups",https://www.imdb.com/title/tt6618178,Película,7.5,82,2016,"Documental",352,"2017-06-08","Maite Alberdi"
tt0063242,3,2019-08-19,"Campo de concentración N.º 7","Love Camp 7",https://www.imdb.com/title/tt0063242,Película,3.9,96,1969,"Bélico, Drama, Terror, Suspense",1371,"1969-10-04","Lee Frost"
tt0326373,6,2019-08-19,"Viaje a Jupiter","Le voyage sur Jupiter",https://www.imdb.com/title/tt0326373,Corto,6.4,8,1909,"Corto, Ciencia ficción",388,"1909-08-13","Segundo de Chomón"
tt0000516,9,2019-08-19,"El hotel eléctrico","El hotel eléctrico",https://www.imdb.com/title/tt0000516,Corto,6.5,8,1908,"Animación, Corto, Fantasía, Ciencia ficción",1280,"1908-10-31","Segundo de Chomón"
tt0000499,7,2019-08-19,"Viaje a través de lo imposible","Le voyage à travers l'impossible",https://www.imdb.com/title/tt0000499,Corto,7.4,24,1904,"Corto, Aventura, Fantasía, Familiar, Acción, Ciencia ficción",4489,"1904-07-31","Georges Méliès"
tt8908824,3,2019-08-19,"To Plant a Flag","To Plant a Flag",https://www.imdb.com/title/tt8908824,Corto,6.4,15,2018,"Corto, Comedia",177,"2018-09-08","Bobbie Peers"
tt7131622,8,2019-08-18,"Érase una vez en... Hollywood","Once Upon a Time in... Hollywood",https://www.imdb.com/title/tt7131622,Película,7.6,161,2019,"Drama, Comedia",975823,"2019-08-15","Quentin Tarantino"
tt0395584,5,2019-08-18,"Los renegados del diablo","The Devil's Rejects",https://www.imdb.com/title/tt0395584,Película,6.7,107,2005,"Terror, Crimen, Del oeste, Drama",111792,"2005-11-11","Rob Zombie"
tt0455960,2,2019-08-16,"Carretera al infierno","The Hitcher",https://www.imdb.com/title/tt0455960,Película,5.6,84,2007,"Suspense, Crimen",47864,"2007-08-24","Dave Meyers"
tt0070603,6,2019-08-16,"El retorno de Walpurgis","El retorno de Walpurgis",https://www.imdb.com/title/tt0070603,Película,5.5,73,1973,"Terror",1138,"1973-09-26","Carlos Aured"
tt2201548,4,2019-08-16,"A Teacher","A Teacher",https://www.imdb.com/title/tt2201548,Película,4.8,75,2013,"Drama, Romance",5855,"2013-09-06","Hannah Fidell"
tt4565400,3,2019-08-16,"Child Eater","Child Eater",https://www.imdb.com/title/tt4565400,Película,4.3,82,2016,"Terror, Misterio",1302,"2016-10-28","Erlingur Thoroddsen"
tt3315380,3,2019-08-16,"Night of Something Strange","Night of Something Strange",https://www.imdb.com/title/tt3315380,Película,4.7,97,2016,"Terror, Comedia",2389,"2016-11-22","Jonathan Straiton"
tt3113696,2,2019-08-14,"Cazador de demonios","Don't Kill It",https://www.imdb.com/title/tt3113696,Película,5.2,83,2016,"Terror, Acción",5427,"2017-03-03","Mike Mendez"
tt2597768,5,2019-08-14,"Encuéntrame","Come and Find Me",https://www.imdb.com/title/tt2597768,Película,5.7,112,2016,"Suspense, Drama, Misterio, Acción",10332,"2016-11-11","Zack Whedon"
tt5520358,5,2019-08-14,"Robin","Robin",https://www.imdb.com/title/tt5520358,Película,5.7,90,2017,"Suspense, Misterio",111,"2018-11-29","Antonio Tublen"
tt5458566,4,2019-08-14,"Dræberne fra Nibe","Dræberne fra Nibe",https://www.imdb.com/title/tt5458566,Película,5.3,90,2017,"Comedia, Crimen, Drama",3046,"2017-01-12","Ole Bornedal"
tt6599340,4,2019-08-14,"Haebing","Haebing",https://www.imdb.com/title/tt6599340,Película,6.4,117,2017,"Suspense, Crimen, Misterio",2426,"2017-03-01","Soo-youn Lee"
tt4211312,4,2019-08-14,"The White King","The White King",https://www.imdb.com/title/tt4211312,Película,5.5,89,2016,"Drama, Ciencia ficción",4861,"2017-01-27","Alex Helfrecht,Jörg Tittel"
tt6270524,3,2019-08-14,"Vampire Cleanup Department","Gau geung ching dou foo",https://www.imdb.com/title/tt6270524,Película,5.6,93,2017,"Acción, Comedia, Terror",1107,"2017-03-16","Sin-Hang Chiu,Pak-Wing Yan"
tt4433890,5,2019-08-14,"Medidas extremas","Eiðurinn",https://www.imdb.com/title/tt4433890,Película,6.4,103,2016,"Crimen, Drama, Suspense",2614,"2016-09-09","Baltasar Kormákur"
tt1219827,4,2019-08-13,"Ghost in the Shell: El alma de la máquina","Ghost in the Shell",https://www.imdb.com/title/tt1219827,Película,6.3,107,2017,"Acción, Drama, Ciencia ficción, Suspense, Crimen, Misterio",241309,"2017-03-31","Rupert Sanders"
tt0134619,2,2019-08-13,"Comportamiento perturbado","Disturbing Behavior",https://www.imdb.com/title/tt0134619,Película,5.7,84,1998,"Misterio, Ciencia ficción, Suspense, Terror",27977,"1999-05-07","David Nutter"
tt4467626,2,2019-08-12,"Scare Campaign","Scare Campaign",https://www.imdb.com/title/tt4467626,Película,5.9,80,2016,"Terror",4422,"2016-10-25","Cameron Cairnes,Colin Cairnes"
tt4303340,7,2019-08-12,"I Am Not a Serial Killer","I Am Not a Serial Killer",https://www.imdb.com/title/tt4303340,Película,6.2,104,2016,"Suspense, Drama, Terror, Crimen, Misterio",17126,"2016-08-26","Billy O'Brien"
tt2262315,5,2019-08-12,"Alguien está vigilándote","The Good Neighbor",https://www.imdb.com/title/tt2262315,Película,6.3,98,2016,"Suspense, Crimen, Drama, Terror",20235,"2017-08-14","Kasra Farahani"
tt4483220,2,2019-08-12,"La feria del terror","The Funhouse Massacre",https://www.imdb.com/title/tt4483220,Película,5.2,90,2015,"Comedia, Terror",5071,"2018-06-21","Andy Palmer"
tt0081114,8,2019-08-12,"Maniac","Maniac",https://www.imdb.com/title/tt0081114,Película,6.3,87,1980,"Suspense, Drama, Crimen, Terror",22695,"1981-08-10","William Lustig"
tt8753750,3,2019-08-12,"Nacho no conduce","Nacho no conduce",https://www.imdb.com/title/tt8753750,Corto,6.8,19,2018,"Corto, Comedia, Drama",35,"2018-10-23","Alejandro Marín"
tt7321356,4,2019-08-12,"Tiempo después","Tiempo después",https://www.imdb.com/title/tt7321356,Película,5.7,99,2018,"Comedia, Ciencia ficción",1559,"2018-12-28","José Luis Cuerda"
tt6768578,7,2019-08-11,"Dogman","Dogman",https://www.imdb.com/title/tt6768578,Película,7.2,103,2018,"Drama, Crimen, Suspense",31874,"2018-05-17","Matteo Garrone"
tt1707380,3,2019-08-09,"Todo saldrá bien","Every Thing Will Be Fine",https://www.imdb.com/title/tt1707380,Película,5.5,118,2015,"Drama",6717,"2015-04-02","Wim Wenders"
tt4679438,6,2019-08-09,"B, la pelicula","B",https://www.imdb.com/title/tt4679438,Película,6.7,80,2015,"Drama, Crimen",600,"2015-09-20","David Ilundain"
tt3387520,5,2019-08-09,"Historias de miedo para contar en la oscuridad","Scary Stories to Tell in the Dark",https://www.imdb.com/title/tt3387520,Película,6.2,108,2019,"Terror, Misterio, Aventura",92965,"2019-08-09","André Øvredal"
tt8081326,7,2019-08-09,"El sonido del futuro","Le choc du futur",https://www.imdb.com/title/tt8081326,Película,6.1,78,2019,"Drama, Comedia, Música",349,"2019-06-19","Marc Collin"
tt2452200,3,2019-08-08,"Son of a Gun","Son of a Gun",https://www.imdb.com/title/tt2452200,Película,6.4,108,2014,"Drama, Acción, Crimen, Suspense",31240,"2014-10-16","Julius Avery"
tt2131532,4,2019-08-08,"Hidden: Terror en Kingsville","Hidden",https://www.imdb.com/title/tt2131532,Película,6.3,84,2015,"Terror, Suspense, Ciencia ficción",29807,"2015-09-15","Matt Duffer,Ross Duffer"
tt4594906,6,2019-08-08,"Los exiliados románticos","Los exiliados románticos",https://www.imdb.com/title/tt4594906,Película,6.2,70,2015,"Drama",484,"2016-04-07","Jonás Trueba"
tt3748172,5,2019-08-07,"El juego de Gerald","Gerald's Game",https://www.imdb.com/title/tt3748172,Película,6.5,103,2017,"Suspense, Terror, Drama",143651,"2017-09-29","Mike Flanagan"
tt0862467,7,2019-08-07,"Valhalla Rising","Valhalla Rising",https://www.imdb.com/title/tt0862467,Película,6.0,93,2009,"Drama, Aventura, Fantasía",67003,"2010-03-31","Nicolas Winding Refn"
tt0069390,7,2019-08-06,"Todos los colores de la oscuridad","Tutti i colori del buio",https://www.imdb.com/title/tt0069390,Película,6.6,95,1972,"Suspense, Terror",5459,"1973-08-27","Sergio Martino"
tt5893264,3,2019-08-06,"Basada en hechos reales","D'après une histoire vraie",https://www.imdb.com/title/tt5893264,Película,5.7,100,2017,"Drama, Suspense, Misterio",7904,"2018-06-01","Roman Polanski"
tt5308322,4,2019-08-05,"Feliz día de tu muerte","Happy Death Day",https://www.imdb.com/title/tt5308322,Película,6.6,96,2017,"Suspense, Terror, Misterio, Comedia",188603,"2017-11-10","Christopher Landon"
tt0804516,6,2019-08-05,"Parking 2","P2",https://www.imdb.com/title/tt0804516,Película,5.9,98,2007,"Suspense, Terror, Crimen",39440,"2008-02-22","Franck Khalfoun"
tt1517451,5,2019-08-05,"Ha nacido una estrella","A Star Is Born",https://www.imdb.com/title/tt1517451,Película,7.6,136,2018,"Drama, Romance, Música",452338,"2018-10-05","Bradley Cooper"
tt1727824,3,2019-08-05,"Bohemian Rhapsody","Bohemian Rhapsody",https://www.imdb.com/title/tt1727824,Película,7.9,134,2018,"Biografía, Drama, Música",653372,"2018-10-31","Bryan Singer"
tt0158714,8,2019-08-04,"Lady Snowblood","Shurayuki-hime",https://www.imdb.com/title/tt0158714,Película,7.6,97,1973,"Suspense, Acción, Crimen, Drama",19343,"1973-12-01","Toshiya Fujita"
tt2953762,5,2019-08-02,"Yo, Olga Hepnarová","Já, Olga Hepnarová",https://www.imdb.com/title/tt2953762,Película,6.6,105,2016,"Drama, Crimen, Biografía, Suspense",2888,"2016-11","Petr Kazda,Tomás Weinreb"
tt0082748,6,2019-08-02,"Mil gritos tiene la noche","Mil gritos tiene la noche",https://www.imdb.com/title/tt0082748,Película,6.0,85,1982,"Misterio, Suspense, Terror",14717,"1982-08-23","Juan Piquer Simón"
tt0069421,5,2019-08-02,"Vicios prohibidos","Il tuo vizio è una stanza chiusa e solo io ne ho la chiave",https://www.imdb.com/title/tt0069421,Película,6.6,97,1972,"Suspense, Terror, Drama, Misterio",5428,"1972-08-18","Sergio Martino"
tt6835498,5,2019-08-01,"Khrustal","Khrustal",https://www.imdb.com/title/tt6835498,Película,6.9,95,2018,"Drama",2070,"2018-08-30","Darya Zhuk"
tt3467452,4,2019-07-30,"Sonno Profondo","Sonno Profondo",https://www.imdb.com/title/tt3467452,Película,4.7,67,2013,"Terror, Suspense",234,"2013-10-11","Luciano Onetti"
tt0124666,3,2019-07-30,"The Girls on F Street","The Girls on F Street",https://www.imdb.com/title/tt0124666,Película,4.8,69,1966,"Drama",447,"1974-09-04","Saul Resnick"
tt0069753,2,2019-07-30,"Magia negra","Baba Yaga",https://www.imdb.com/title/tt0069753,Película,5.7,89,1973,"Terror, Drama",2772,"1973-09-20","Corrado Farina"
tt6543652,7,2019-07-29,"Cold War","Zimna wojna",https://www.imdb.com/title/tt6543652,Película,7.5,89,2018,"Drama, Romance, Música",65950,"2018-10-05","Paweł Pawlikowski"
tt6923970,4,2019-07-29,"El alquiler","El alquiler",https://www.imdb.com/title/tt6923970,Corto,5.9,16,2017,"Corto, Drama",30,"2017-10-24","Pablo Gómez-Castro"
tt7104984,3,2019-07-28,"La sombra de la ley","La sombra de la ley",https://www.imdb.com/title/tt7104984,Película,6.4,126,2018,"Suspense, Crimen, Historia, Acción, Aventura",4595,"2018-10-11","Dani de la Torre"
tt8772262,8,2019-07-27,"Midsommar","Midsommar",https://www.imdb.com/title/tt8772262,Película,7.1,148,2019,"Terror, Drama, Misterio, Suspense",495757,"2019-07-26","Ari Aster"
tt9455348,3,2019-07-27,"Benidorm 2017","Benidorm 2017",https://www.imdb.com/title/tt9455348,Corto,5.7,23,2018,"Corto, Comedia, Drama, Familiar, Misterio, Ciencia ficción",52,"2018-10-08","Claudia Costafreda"
tt6217608,7,2019-07-27,"The Rider","The Rider",https://www.imdb.com/title/tt6217608,Película,7.4,104,2017,"Drama, Del oeste",22327,"2018-09-28","Chloé Zhao"
tt0074768,4,2019-07-26,"Lager SSadis Kastrat Kommandantur","Lager SSadis Kastrat Kommandantur",https://www.imdb.com/title/tt0074768,Película,3.5,94,1976,"Bélico, Drama, Suspense, Terror",1689,"1976-11-16","Sergio Garrone"
tt5265960,6,2019-07-25,"La región salvaje","La región salvaje",https://www.imdb.com/title/tt5265960,Película,6.1,98,2016,"Drama, Terror, Ciencia ficción, Suspense, Misterio, Romance",7822,"2017-02-02","Amat Escalante"
tt0063715,7,2019-07-24,"Historias extraordinarias","Histoires extraordinaires",https://www.imdb.com/title/tt0063715,Película,6.4,121,1968,"Misterio, Drama, Terror",7855,"1985-06-18","Federico Fellini,Louis Malle,Roger Vadim"
tt0093990,3,2019-07-23,"Budy, el carnicero","Slaughterhouse",https://www.imdb.com/title/tt0093990,Película,5.3,85,1987,"Terror, Comedia",3478,"1987-08-28","Rick Roessler"
tt7767922,5,2019-07-22,"The Villa","The Villa",https://www.imdb.com/title/tt7767922,Corto,6.3,19,2018,"Corto, Comedia, Familiar, Misterio",18,"2018-07-28","Emmanuel Poulain-Arnaud"
tt2372251,4,2019-07-22,"Blackwood","Down a Dark Hall",https://www.imdb.com/title/tt2372251,Película,5.1,96,2018,"Drama, Fantasía, Suspense, Terror, Misterio",15654,"2018-08-03","Rodrigo Cortés"
tt0079522,9,2019-07-15,"Manhattan","Manhattan",https://www.imdb.com/title/tt0079522,Película,7.8,96,1979,"Drama, Romance, Comedia",153420,"1979-09-10","Woody Allen"
tt0104466,5,2019-07-15,"Maridos y mujeres","Husbands and Wives",https://www.imdb.com/title/tt0104466,Película,7.5,108,1992,"Romance, Comedia, Drama",33164,"1993-03-18","Woody Allen"
tt0097123,5,2019-07-15,"Delitos y faltas","Crimes and Misdemeanors",https://www.imdb.com/title/tt0097123,Película,7.8,104,1989,"Drama, Comedia",63688,"1990-03-06","Woody Allen"
tt0109348,5,2019-07-15,"Balas sobre Broadway","Bullets Over Broadway",https://www.imdb.com/title/tt0109348,Película,7.4,98,1994,"Crimen, Comedia",43436,"1995-03-03","Woody Allen"
tt7605702,7,2019-07-15,"Los días que vendrán","Els dies que vindran",https://www.imdb.com/title/tt7605702,Película,6.8,95,2019,"Drama, Romance",982,"2019-06-28","Carlos Marques-Marcet"
tt3104988,4,2019-07-14,"Crazy Rich Asians","Crazy Rich Asians",https://www.imdb.com/title/tt3104988,Película,6.9,120,2018,"Comedia, Romance, Drama",211157,"2019-01-19","Jon M. Chu"
tt9302096,6,2019-07-14,"Suc de síndria","Suc de síndria",https://www.imdb.com/title/tt9302096,Corto,6.7,20,2019,"Corto, Drama",412,"2019-03-16","Irene Moray"
tt5613484,7,2019-07-13,"En los 90","Mid90s",https://www.imdb.com/title/tt5613484,Película,7.4,85,2018,"Comedia, Drama",89523,"2019-06-21","Jonah Hill"
tt0289765,5,2019-07-05,"El dragón rojo","Red Dragon",https://www.imdb.com/title/tt0289765,Película,7.2,124,2002,"Drama, Crimen, Suspense",313767,"2002-10-25","Brett Ratner"
tt6751668,8,2019-07-05,"Parásitos","Gisaengchung",https://www.imdb.com/title/tt6751668,Película,8.5,132,2019,"Drama, Suspense",1190647,"2019-10-25","Bong Joon Ho"
tt6886080,7,2019-07-04,"To the Stars","To the Stars",https://www.imdb.com/title/tt6886080,Película,6.2,109,2019,"Drama",2272,"2020-04-24","Martha Stephens"
tt10409568,7,2019-07-04,"El Hombre del Futuro","El Hombre del Futuro",https://www.imdb.com/title/tt10409568,Película,6.7,96,2019,"Drama",101,"2019-08-29","Felipe Ríos Fuentes"
tt6062774,8,2019-07-04,"Monos","Monos",https://www.imdb.com/title/tt6062774,Película,6.8,102,2019,"Drama, Suspense, Aventura",19989,"2019-08-15","Alejandro Landes"
tt7347846,5,2019-07-04,"La cabaña siniestra","The Lodge",https://www.imdb.com/title/tt7347846,Película,6.0,108,2019,"Suspense, Drama, Terror, Misterio",65763,"2020-05-19","Severin Fiala,Veronika Franz"
tt7397338,6,2019-07-03,"Real love","C'est ça l'amour",https://www.imdb.com/title/tt7397338,Película,6.7,98,2018,"Drama, Comedia",883,"2019-03-27","Claire Burger"
tt7464188,6,2019-07-03,"In Fabric","In Fabric",https://www.imdb.com/title/tt7464188,Película,6.1,118,2018,"Terror, Comedia, Misterio, Fantasía, Drama, Suspense",15742,"2021-01-19","Peter Strickland"
tt8695030,4,2019-07-03,"Los muertos no mueren","The Dead Don't Die",https://www.imdb.com/title/tt8695030,Película,5.4,104,2019,"Comedia, Terror, Fantasía, Ciencia ficción, Acción, Crimen, Drama, Misterio, Suspense",103310,"2019-06-28","Jim Jarmusch"
tt10199664,5,2019-07-03,"Adam","Adam",https://www.imdb.com/title/tt10199664,Película,7.2,98,2019,"Drama",2319,"2020-11-06","Maryam Touzani"
tt9068100,8,2019-07-01,"Antología de un pueblo fantasma","Répertoire des villes disparues",https://www.imdb.com/title/tt9068100,Película,6.3,97,2019,"Drama, Fantasía, Comedia, Misterio",1532,"2020-10-23","Denis Côté"
tt9567718,6,2019-07-01,"La cordillera de los sueños","La cordillère des songes",https://www.imdb.com/title/tt9567718,Película,7.2,84,2019,"Documental",1039,"2019-10-30","Patricio Guzmán"
tt7689186,4,2019-07-01,"Let There Be Light","Let There Be Light",https://www.imdb.com/title/tt7689186,Película,7.2,93,2019,"Drama",538,"2020-07-27","Marko Škop"
tt6063090,6,2019-06-30,"La luz de mi vida","Light of My Life",https://www.imdb.com/title/tt6063090,Película,6.6,119,2019,"Drama, Ciencia ficción, Suspense",17269,"2019-10-10","Casey Affleck"
tt9522080,8,2019-06-30,"Papicha, sueños de libertad","Papicha",https://www.imdb.com/title/tt9522080,Película,7.1,108,2019,"Drama",4128,"2020-08-07","Mounia Meddour"
tt9514970,7,2019-06-29,"Hijos de Dinamarca","Danmarks sønner",https://www.imdb.com/title/tt9514970,Película,6.4,123,2019,"Drama, Suspense",2046,"2019-04-11","Ulaa Salim"
tt8747596,6,2019-06-29,"¿Qué harás cuando el mundo esté en llamas?","What You Gonna Do When the World's on Fire?",https://www.imdb.com/title/tt8747596,Película,6.8,123,2018,"Documental",776,"2018-12-05","Roberto Minervini"
tt0052100,4,2019-06-11,"Pull My Daisy","Pull My Daisy",https://www.imdb.com/title/tt0052100,Corto,6.4,30,1959,"Corto",878,"1959-11-11","Robert Frank,Alfred Leslie"
tt0069271,5,2019-06-11,"The Silent Revolution","The Silent Revolution",https://www.imdb.com/title/tt0069271,Corto,7.5,40,1972,"Documental, Corto",30,,"Edouard de Laurot,Eckehard Munck"
tt7746728,4,2019-06-11,"Sol Alegria","Sol Alegria",https://www.imdb.com/title/tt7746728,Película,5.3,90,2018,"Comedia, Fantasía",286,"2018","Mariah Teixeira,Tavinho Teixeira"
tt7668870,4,2019-06-11,"Searching...","Searching",https://www.imdb.com/title/tt7668870,Película,7.6,102,2018,"Suspense, Drama, Misterio",194603,"2018-09-28","Aneesh Chaganty"
tt10155790,2,2019-06-11,"Instructions on How to Make a Film","Instructions on How to Make a Film",https://www.imdb.com/title/tt10155790,Corto,5.9,13,2018,"Corto",14,"2018","Nazli Dinçel"
tt10075070,5,2019-06-11,"Os Jovens Baumann","Os Jovens Baumann",https://www.imdb.com/title/tt10075070,Película,6.1,70,2018,"Familiar",74,"2018-09","Bruna Carvalho Almeida"
tt6772950,3,2019-06-11,"Verdad o reto","Truth or Dare",https://www.imdb.com/title/tt6772950,Película,5.3,100,2018,"Terror, Suspense, Misterio",75123,"2018-05-11","Jeff Wadlow"
tt8445700,6,2019-06-11,"Love Me Not","Love Me Not",https://www.imdb.com/title/tt8445700,Película,5.2,82,2019,"Drama",191,"2020-02-21","Lluís Miñarro"
tt5929754,7,2019-06-03,"Lo que arde con el fuego","Wildlife",https://www.imdb.com/title/tt5929754,Película,6.8,105,2018,"Drama",33987,"2020-04-23","Paul Dano"
tt3859304,5,2019-05-29,"Bronce","The Bronze",https://www.imdb.com/title/tt3859304,Película,6.1,100,2015,"Comedia, Drama, Deporte",14589,"2016-03-18","Bryan Buckley"
tt0062765,7,2019-05-25,"Bullitt","Bullitt",https://www.imdb.com/title/tt0062765,Película,7.4,114,1968,"Suspense, Crimen, Acción",81694,"1968-10-17","Peter Yates"
tt8228460,5,2019-05-25,"Above 592 metres","Above 592 metres",https://www.imdb.com/title/tt8228460,Corto,6.9,25,2018,"Documental, Corto",15,"2018-04","Maddi Barber"
tt7545566,7,2019-05-25,"Skate Kitchen","Skate Kitchen",https://www.imdb.com/title/tt7545566,Película,6.8,106,2018,"Drama",5257,"2018-08-10","Crystal Moselle"
tt0093677,7,2019-05-25,"Ópera","Opera",https://www.imdb.com/title/tt0093677,Película,6.9,107,1987,"Misterio, Suspense, Crimen, Terror",21976,"1987-12-19","Dario Argento"
tt4515762,3,2019-05-23,"Another WolfCop","Another WolfCop",https://www.imdb.com/title/tt4515762,Película,5.4,82,2017,"Comedia, Terror, Fantasía",2054,"2018-10-13","Lowell Dean"
tt5719076,3,2019-05-22,"Dead Night","Dead Night",https://www.imdb.com/title/tt5719076,Película,4.4,86,2017,"Terror, Fantasía",1665,"2018-07-27","Brad Baruh"
tt8322784,5,2019-05-22,"Manu","Manu",https://www.imdb.com/title/tt8322784,Película,6.8,92,2018,"Documental, Biografía, Historia",29,"2022-04-30","Emmanuelle Bonmariage"
tt9463454,8,2019-05-22,"By the Name of Tania","By the Name of Tania",https://www.imdb.com/title/tt9463454,Película,6.4,85,2019,"Documental",60,"2019-11-07","Mary Jimenez,Bénédicte Liénard"
tt8923500,5,2019-05-22,"Midnight Traveler","Midnight Traveler",https://www.imdb.com/title/tt8923500,Película,7.6,88,2019,"Documental, Bélico",665,"2019-09-18","Hassan Fazili"
tt8299760,2,2019-05-22,"The Fear of Dying in Transit","The Fear of Dying in Transit",https://www.imdb.com/title/tt8299760,Corto,4.0,29,2018,"Documental, Corto, Misterio, Ciencia ficción",5,"2018-04","Ian Purnell"
tt8492976,7,2019-05-22,"Souvenir","Souvenir",https://www.imdb.com/title/tt8492976,Corto,7.6,21,2019,"Documental, Corto",7,"2019-01-26","Miriam Gossing,Lina Sieckmann"
tt10200142,4,2019-05-22,"City of Children","City of Children",https://www.imdb.com/title/tt10200142,Corto,5.4,16,2019,"Documental, Corto",12,"2019-04-08","Arantxa Hernández Barthe"
tt9479138,6,2019-05-22,"Selfie","Selfie",https://www.imdb.com/title/tt9479138,Película,7.2,76,2019,"Documental",851,"2019-05-30","Agostino Ferrente"
tt9106444,6,2019-05-22,"El cuarto reino","El cuarto reino. El reino de los plásticos",https://www.imdb.com/title/tt9106444,Película,6.6,83,2019,"Documental",68,"2019-03-16","Adán Aliaga,Àlex Lora"
tt7158430,5,2019-05-22,"Ritmos del corazón","Hearts Beat Loud",https://www.imdb.com/title/tt7158430,Película,6.9,97,2018,"Drama, Música, Comedia",12526,"2018-06-15","Brett Haley"
tt9619800,3,2019-05-22,"Xalko","Xalko",https://www.imdb.com/title/tt9619800,Película,7.1,100,2018,"Documental",29,"2018","Hind Benchekroun,Sami Mermer"
tt0099763,7,2019-05-22,"Henry: Retrato de un asesino","Henry: Portrait of a Serial Killer",https://www.imdb.com/title/tt0099763,Película,7.0,83,1986,"Drama, Biografía, Terror, Crimen, Suspense",44874,"1991-02-06","John McNaughton"
tt2781516,2,2019-05-22,"WolfCop","WolfCop",https://www.imdb.com/title/tt2781516,Película,5.6,79,2014,"Terror, Comedia",8222,"2015-02-25","Lowell Dean"
tt1285009,4,2019-05-22,"Los extraños: Cacería nocturna","The Strangers: Prey at Night",https://www.imdb.com/title/tt1285009,Película,5.3,85,2018,"Terror",40809,"2018-06-01","Johannes Roberts"
tt1137450,3,2019-05-08,"El justiciero (Death Wish)","Death Wish",https://www.imdb.com/title/tt1137450,Película,6.3,107,2018,"Acción, Crimen, Drama, Suspense",84055,"2018-03-29","Eli Roth"
tt7886234,4,2019-05-06,"Background","Background",https://www.imdb.com/title/tt7886234,Corto,7.0,14,2018,"Corto, Comedia",41,"2018-04-12","Toni Bestard"
tt1560139,6,2019-05-06,"Boy","Boy",https://www.imdb.com/title/tt1560139,Película,7.5,87,2010,"Comedia, Drama",31834,"2010-03-25","Taika Waititi"
tt3711510,4,2019-05-06,"El aviso","El aviso",https://www.imdb.com/title/tt3711510,Película,5.9,92,2018,"Suspense, Drama, Crimen, Fantasía, Misterio",7275,"2018-03-23","Daniel Calparsoro"
tt9458770,4,2019-05-01,"Black Bus Stop","Black Bus Stop",https://www.imdb.com/title/tt9458770,Vídeo,6.0,9,2019,"Corto",57,"2019-06-11","Kevin Jerome Everson,Claudrena Harold"
tt8765496,7,2019-04-30,"Que el diablo te lleve","Sebelum Iblis Menjemput",https://www.imdb.com/title/tt8765496,Película,5.9,110,2018,"Terror, Misterio, Suspense",6100,"2018-11-15","Timo Tjahjanto"
tt5531694,3,2019-04-30,"Los Crímenes del Día de Todos los Santos","Los Crímenes del Día de Todos los Santos",https://www.imdb.com/title/tt5531694,Película,5.8,79,2018,"Terror, Crimen, Drama, Suspense",45,"2019-01-17","Héctor Escandell,Vicente Torres"
tt7360470,5,2019-04-30,"Kleptomami","Kleptomami",https://www.imdb.com/title/tt7360470,Corto,6.9,10,2017,"Corto, Comedia",77,"2017-10-26","Pola Beck"
tt0103644,4,2019-04-30,"Alien³","Alien³",https://www.imdb.com/title/tt0103644,Película,6.4,114,1992,"Acción, Terror, Ciencia ficción",355225,"1992-09-11","David Fincher"
tt0058933,4,2019-04-30,"Bad Girls Go to Hell","Bad Girls Go to Hell",https://www.imdb.com/title/tt0058933,Película,4.8,65,1965,"Crimen, Drama",1301,"1969-05-16","Doris Wishman"
tt4154756,8,2019-04-30,"Vengadores: Infinity War","Avengers: Infinity War",https://www.imdb.com/title/tt4154756,Película,8.4,149,2018,"Acción, Ciencia ficción, Aventura",1404242,"2018-04-27","Anthony Russo,Joe Russo"
tt4154796,8,2019-04-30,"Vengadores: Endgame","Avengers: Endgame",https://www.imdb.com/title/tt4154796,Película,8.4,181,2019,"Acción, Ciencia ficción, Aventura",1481366,"2019-04-25","Anthony Russo,Joe Russo"
tt1870419,6,2019-04-30,"Hatchet III","Hatchet III",https://www.imdb.com/title/tt1870419,Película,5.6,81,2013,"Suspense, Terror, Acción, Comedia",11814,"2013-11-07","BJ McDonnell"
tt1270835,5,2019-04-30,"Hatchet II","Hatchet II",https://www.imdb.com/title/tt1270835,Película,5.5,85,2010,"Terror, Suspense, Comedia, Acción",16668,"2010-11","Adam Green"
tt0422401,5,2019-04-30,"Hatchet","Hatchet",https://www.imdb.com/title/tt0422401,Película,5.7,93,2006,"Terror, Comedia, Suspense",36609,"2009-07-04","Adam Green"
tt4154664,5,2019-04-30,"Capitana Marvel","Captain Marvel",https://www.imdb.com/title/tt4154664,Película,6.7,123,2019,"Acción, Aventura, Ciencia ficción",670604,"2019-03-08","Anna Boden,Ryan Fleck"
tt5095030,4,2019-04-30,"Ant-Man y la Avispa","Ant-Man and the Wasp",https://www.imdb.com/title/tt5095030,Película,7.0,118,2018,"Acción, Aventura, Ciencia ficción, Comedia",504633,"2018-07-04","Peyton Reed"
tt7336470,5,2019-04-28,"Buñuel en el laberinto de las tortugas","Buñuel en el laberinto de las tortugas",https://www.imdb.com/title/tt7336470,Película,7.1,80,2018,"Animación, Drama, Biografía, Historia",2650,"2019-04-26","Salvador Simó"
tt3976144,4,2019-04-26,"El monstruo","The Monster",https://www.imdb.com/title/tt3976144,Película,5.4,91,2016,"Terror, Drama, Fantasía",21061,"2016-10-06","Bryan Bertino"
tt1825683,5,2019-04-25,"Black Panther","Black Panther",https://www.imdb.com/title/tt1825683,Película,7.3,134,2018,"Acción, Aventura, Ciencia ficción",923631,"2018-02-16","Ryan Coogler"
tt7690762,3,2019-04-22,"El pacto","El pacto",https://www.imdb.com/title/tt7690762,Película,5.2,106,2018,"Suspense, Terror, Misterio",1353,"2018-08-17","David Victori"
tt6340640,8,2019-04-15,"Les Garçons sauvages","Les Garçons sauvages",https://www.imdb.com/title/tt6340640,Película,6.8,110,2017,"Aventura, Misterio, Drama, Fantasía, Comedia",3514,"2018-02-28","Bertrand Mandico"
tt1913166,5,2019-04-15,"La enfermera (Nurse 3D)","Nurse 3-D",https://www.imdb.com/title/tt1913166,Película,4.5,84,2013,"Suspense, Terror",12290,"2016","Doug Aarniokoski"
tt8291806,8,2019-04-08,"Dolor y gloria","Dolor y gloria",https://www.imdb.com/title/tt8291806,Película,7.5,113,2019,"Drama",67649,"2019-03-22","Pedro Almodóvar"
tt0974015,3,2019-04-08,"Liga de la Justicia","Justice League",https://www.imdb.com/title/tt0974015,Película,6.0,120,2017,"Ciencia ficción",509124,"2017-11-17","Zack Snyder"
tt5981304,5,2019-04-08,"Tierra firme","Anchor and Hope",https://www.imdb.com/title/tt5981304,Película,6.3,113,2017,"Comedia, Drama, Romance",1255,"2017-11-24","Carlos Marques-Marcet"
tt6892462,5,2019-04-08,"El mundo es tuyo","Le monde est à toi",https://www.imdb.com/title/tt6892462,Película,6.3,102,2018,"Comedia, Crimen",5269,"2018-08-15","Romain Gavras"
tt0167190,6,2019-04-08,"Hellboy","Hellboy",https://www.imdb.com/title/tt0167190,Película,6.9,122,2004,"Fantasía, Aventura, Ciencia ficción, Terror, Acción",372735,"2004-10-01","Guillermo del Toro"
tt10127534,4,2019-04-08,"Los Hijos de Errol Flynn","Los Hijos de Errol Flynn",https://www.imdb.com/title/tt10127534,Corto,4.8,21,2019,"Documental, Corto",8,"2019-04-04","Juan Vicente Castillejo"
tt10039674,4,2019-04-08,"Muedra","Muedra",https://www.imdb.com/title/tt10039674,Corto,7.2,9,2019,"Corto",42,"2019-03-10","Cesar Diaz Melendez"
tt9823778,4,2019-04-08,"Amandine","Amandine",https://www.imdb.com/title/tt9823778,Corto,5.5,,2019,"Corto, Suspense",14,"2019-03-12","Juan Carlos Mostaza"
tt0837563,6,2019-04-03,"Cementerio de animales","Pet Sematary",https://www.imdb.com/title/tt0837563,Película,5.7,100,2019,"Terror, Suspense, Misterio",106432,"2019-04-05","Kevin Kölsch,Dennis Widmyer"
tt0138075,5,2019-04-02,"Satan in High Heels","Satan in High Heels",https://www.imdb.com/title/tt0138075,Película,5.5,90,1962,"Drama",704,"1967-08-03","Jerald Intrator"
tt2837574,6,2019-04-01,"The Old Man & the Gun","The Old Man & the Gun",https://www.imdb.com/title/tt2837574,Película,6.7,93,2018,"Comedia, Crimen, Drama, Biografía, Romance",52988,"2019-01-25","David Lowery"
tt1740707,6,2019-04-01,"Trollhunter","Trolljegeren",https://www.imdb.com/title/tt1740707,Película,6.9,103,2010,"Fantasía, Drama, Suspense",83814,"2010-10-29","André Øvredal"
tt3409848,6,2019-04-01,"Zama","Zama",https://www.imdb.com/title/tt3409848,Película,6.7,115,2017,"Drama, Historia",7821,"2017-09-28","Lucrecia Martel"
tt0089104,3,2019-03-28,"Fuga del Bronx","Fuga dal Bronx",https://www.imdb.com/title/tt0089104,Película,4.7,89,1983,"Suspense, Ciencia ficción, Acción",3386,"1983-11-14","Enzo G. Castellari"
tt1767382,4,2019-03-28,"Silent house (La casa silenciosa)","Silent House",https://www.imdb.com/title/tt1767382,Película,5.2,86,2011,"Terror, Suspense",25888,"2012-03-09","Chris Kentis,Laura Lau"
tt6908274,5,2019-03-25,"Durante la tormenta","Durante la tormenta",https://www.imdb.com/title/tt6908274,Película,7.4,128,2018,"Drama, Suspense, Romance, Misterio, Fantasía",72639,"2018-11-30","Oriol Paulo"
tt8238064,3,2019-03-25,"Seattle","Seattle",https://www.imdb.com/title/tt8238064,Corto,6.3,19,2018,"Corto",32,"2018-04-13","Marta Aledo"
tt6857112,7,2019-03-25,"Nosotros","Us",https://www.imdb.com/title/tt6857112,Película,6.8,116,2019,"Suspense, Terror, Misterio",399060,"2019-03-22","Jordan Peele"
tt8806392,5,2019-03-25,"Two","Two",https://www.imdb.com/title/tt8806392,Corto,null,9,2018,"Corto",0,"2019-06-08","Vasilios Papaioannu"
tt9447774,5,2019-03-21,"Vever","Vever",https://www.imdb.com/title/tt9447774,Corto,6.0,12,2018,"Documental, Corto",118,"2018-11-01","Deborah Stratman"
tt6469548,7,2019-03-20,"El guerrero de la venganza","The Head Hunter",https://www.imdb.com/title/tt6469548,Película,5.4,72,2018,"Terror, Fantasía",7847,"2019-04-05","Jordan Downey"
tt0065761,5,2019-03-20,"El gato de 9 colas","Il gatto a nove code",https://www.imdb.com/title/tt0065761,Película,6.6,112,1971,"Terror, Suspense, Misterio",14484,"1971-08-09","Dario Argento"
tt0071431,5,2019-03-20,"No profanar el sueño de los muertos","No profanar el sueño de los muertos",https://www.imdb.com/title/tt0071431,Película,6.7,93,1974,"Drama, Ciencia ficción, Terror",10643,"1975-10-20","Jorge Grau"
tt3183660,4,2019-03-19,"Animales fantásticos y dónde encontrarlos","Fantastic Beasts and Where to Find Them",https://www.imdb.com/title/tt3183660,Película,7.2,132,2016,"Aventura, Familiar, Fantasía",544716,"2016-11-18","David Yates"
tt5164184,4,2019-03-19,"Entre sombras","In Darkness",https://www.imdb.com/title/tt5164184,Película,5.8,100,2018,"Suspense, Misterio",15518,"2021-04-19","Anthony Byrne"
tt9626278,5,2019-03-19,"Fourteen","Fourteen",https://www.imdb.com/title/tt9626278,Película,6.7,94,2019,"Drama",996,"2020-05-15","Dan Sallitt"
tt0402399,6,2019-03-18,"El Nuevo Mundo","The New World",https://www.imdb.com/title/tt0402399,Película,6.7,135,2005,"Drama, Historia, Biografía, Romance",94168,"2006-02-24","Terrence Malick"
tt0348144,5,2019-03-18,"Sunday","Sunday",https://www.imdb.com/title/tt0348144,Corto,6.6,17,1961,"Documental, Corto",145,"2021-03-16","Dan Drasin"
tt0836683,5,2019-03-18,"Aparecidos","Aparecidos",https://www.imdb.com/title/tt0836683,Película,6.0,120,2007,"Terror, Aventura, Suspense",1773,"2008-12-12","Paco Cabezas"
tt9136156,3,2019-03-14,"Ada Kaleh","Ada Kaleh",https://www.imdb.com/title/tt9136156,Corto,5.5,14,2018,"Corto",45,"2018-09-08","Helena Wittmann"
tt7332306,5,2019-03-08,"Skin","Skin",https://www.imdb.com/title/tt7332306,Corto,7.1,21,2018,"Corto, Drama, Suspense",6086,"2018-08","Guy Nattiv"
tt4443658,5,2019-03-08,"Cuidado con los extraños","Better Watch Out",https://www.imdb.com/title/tt4443658,Película,6.5,89,2016,"Suspense, Terror, Comedia",53211,"2018-04-06","Chris Peckover"
tt0123652,3,2019-03-08,"Chained Girls","Chained Girls",https://www.imdb.com/title/tt0123652,Película,4.0,65,1965,"Documental",388,"1965-03-25","Joseph P. Mawra"
tt4372390,6,2019-03-07,"Detour","Detour",https://www.imdb.com/title/tt4372390,Película,6.2,97,2016,"Suspense, Acción",6895,"2017-05-26","Christopher Smith"
tt3041550,6,2019-03-05,"Matangi/Maya/M.I.A.","Matangi/Maya/M.I.A.",https://www.imdb.com/title/tt3041550,Película,7.5,96,2018,"Documental, Música, Biografía",2326,"2018-09-21","Steve Loveridge"
tt4054654,4,2019-03-04,"Como perros salvajes","Dog Eat Dog",https://www.imdb.com/title/tt4054654,Película,4.8,93,2016,"Suspense, Crimen, Acción",10564,"2016-11-11","Paul Schrader"
tt3289956,7,2019-03-04,"La autopsia de Jane Doe","The Autopsy of Jane Doe",https://www.imdb.com/title/tt3289956,Película,6.8,86,2016,"Terror, Misterio, Suspense",168275,"2017-03-31","André Øvredal"
tt0330702,6,2019-03-04,"No te muevas","Non ti muovere",https://www.imdb.com/title/tt0330702,Película,7.0,125,2004,"Drama, Romance",8982,"2004-09-17","Sergio Castellitto"
tt8789288,4,2019-03-04,"Masaje","Masaje",https://www.imdb.com/title/tt8789288,Corto,5.0,3,1972,"Corto",22,"1972","Iván Zulueta"
tt0183091,5,2019-03-04,"Frank Stein","Frank Stein",https://www.imdb.com/title/tt0183091,Corto,6.0,4,1972,"Corto",98,,"Iván Zulueta"
tt6217306,7,2019-03-04,"El apóstol","Apostle",https://www.imdb.com/title/tt6217306,Película,6.3,130,2018,"Suspense, Terror, Misterio, Fantasía, Drama",67105,"2018-10-12","Gareth Evans"
tt0259376,2,2019-03-04,"Juego de Luna","Juego de Luna",https://www.imdb.com/title/tt0259376,Película,6.1,96,2001,"Drama",231,"2003-03-12","Mónica Laguna"
tt0163988,6,2019-03-04,"Al límite (Bringing Out the Dead)","Bringing Out the Dead",https://www.imdb.com/title/tt0163988,Película,6.8,121,1999,"Suspense, Drama",81901,"2000-04-28","Martin Scorsese"
tt7390380,5,2019-03-01,"I Hate New York","I Hate New York",https://www.imdb.com/title/tt7390380,Película,6.3,75,2018,"Documental",130,"2020-09-01","Gustavo Sánchez"
tt0085124,4,2019-02-26,"1990: Los guerreros del Bronx","1990: I guerrieri del Bronx",https://www.imdb.com/title/tt0085124,Película,5.2,92,1982,"Suspense, Ciencia ficción, Acción",4569,"1983-01-24","Enzo G. Castellari"
tt4547194,6,2019-02-26,"I Kill Giants","I Kill Giants",https://www.imdb.com/title/tt4547194,Película,6.1,106,2017,"Suspense, Drama, Fantasía",33614,"2018-08-06","Anders Walter"
tt5456798,3,2019-02-26,"Mythica: La corona de hierro","Mythica: The Iron Crown",https://www.imdb.com/title/tt5456798,Película,5.5,93,2016,"Drama, Acción, Aventura, Ciencia ficción",2030,"2016-05-14","John Lyde"
tt0105414,6,2019-02-26,"Mujer blanca soltera busca...","Single White Female",https://www.imdb.com/title/tt0105414,Película,6.4,107,1992,"Drama, Suspense",47184,"1992-11-06","Barbet Schroeder"
tt5096726,2,2019-02-26,"Parada en el infierno","Stop Over in Hell",https://www.imdb.com/title/tt5096726,Película,3.8,92,2016,"Del oeste, Crimen, Suspense, Terror, Drama",489,"2016-10-09","Víctor Matellano"
tt2692538,4,2019-02-26,"Wax","Wax",https://www.imdb.com/title/tt2692538,Película,3.8,82,2014,"Terror",437,"2015-03-13","Víctor Matellano"
tt0068424,4,2019-02-26,"El esqueleto prehistórico","The Creeping Flesh",https://www.imdb.com/title/tt0068424,Película,6.1,92,1973,"Ciencia ficción, Terror",5048,"1973-01-01","Freddie Francis"
tt0092733,3,2019-02-26,"Misión: Alto riesgo","Catch the Heat",https://www.imdb.com/title/tt0092733,Película,5.1,88,1987,"Drama, Crimen, Comedia, Acción",413,"1987-10","Joel Silberg"
tt0085694,4,2019-02-26,"Siete mujeres atrapadas","The House on Sorority Row",https://www.imdb.com/title/tt0085694,Película,5.8,91,1982,"Misterio, Suspense, Terror",11445,"1983-01-21","Mark Rosman"
tt7467476,6,2019-02-22,"Fiera","Fauve",https://www.imdb.com/title/tt7467476,Corto,7.6,17,2018,"Corto, Drama",3858,"2020-08-15","Jérémy Comte"
tt8615478,5,2019-02-22,"Conducta animal","Animal Behaviour",https://www.imdb.com/title/tt8615478,Corto,6.5,14,2018,"Animación, Corto, Comedia",2075,"2018-06-11","David Fine,Alison Snowden"
tt1054115,3,2019-02-19,"El placer de la caza","Rovdyr",https://www.imdb.com/title/tt1054115,Película,5.1,78,2008,"Terror",4671,"2008-01-04","Patrik Syversen"
tt0120533,5,2019-02-18,"Celebrity","Celebrity",https://www.imdb.com/title/tt0120533,Película,6.3,113,1998,"Drama, Comedia",28836,"1999-02-26","Woody Allen"
tt0133122,5,2019-02-18,"New Rose Hotel","New Rose Hotel",https://www.imdb.com/title/tt0133122,Película,5.2,93,1998,"Suspense, Ciencia ficción, Drama, Misterio",7254,"1999-11-19","Abel Ferrara"
tt0070544,8,2019-02-18,"El planeta salvaje","La planète sauvage",https://www.imdb.com/title/tt0070544,Película,7.6,72,1973,"Animación, Ciencia ficción",43192,"1981-03-17","René Laloux"
tt5947412,3,2019-02-18,"Downunder","Downunder",https://www.imdb.com/title/tt5947412,Corto,6.4,,2017,"Corto, Suspense",55,"2017-11-10","Fernando González Gómez"
tt1680133,4,2019-02-18,"Extraterrestre","Extraterrestre",https://www.imdb.com/title/tt1680133,Película,5.8,95,2011,"Comedia, Drama, Ciencia ficción",4242,"2012-03-23","Nacho Vigalondo"
tt0108053,3,2019-02-18,"Schramm","Schramm",https://www.imdb.com/title/tt0108053,Película,5.7,65,1993,"Drama, Terror",3855,"1993","Jörg Buttgereit"
tt5083738,8,2019-02-15,"La favorita","The Favourite",https://www.imdb.com/title/tt5083738,Película,7.5,119,2018,"Biografía, Drama, Historia, Comedia",260903,"2019-01-18","Yorgos Lanthimos"
tt4982166,6,2019-02-15,"La noche del virgen","La noche del virgen",https://www.imdb.com/title/tt4982166,Película,5.2,117,2016,"Comedia, Fantasía, Terror, Misterio, Suspense",696,"2016-11","Roberto San Sebastián"
tt0079482,3,2019-02-13,"Largo fin de semana","Long Weekend",https://www.imdb.com/title/tt0079482,Película,6.5,97,1978,"Misterio, Terror, Suspense",7040,"1979-03-29","Colin Eggleston"
tt0075261,7,2019-02-11,"Squirm - Gusanos asesinos","Squirm",https://www.imdb.com/title/tt0075261,Película,4.9,92,1976,"Terror",7102,"1976-07-30","Jeff Lieberman"
tt0108399,6,2019-02-11,"Amor a quemarropa","True Romance",https://www.imdb.com/title/tt0108399,Película,7.9,119,1993,"Suspense, Drama, Crimen, Romance",263124,"1993-11-12","Tony Scott"
tt0088194,6,2019-02-11,"Calles de fuego","Streets of Fire",https://www.imdb.com/title/tt0088194,Película,6.7,93,1984,"Música, Crimen, Drama, Suspense, Acción, Romance",27768,"1984-10-26","Walter Hill"
tt0056083,4,2019-02-11,"La casa de los monstruos cachondos","House on Bare Mountain",https://www.imdb.com/title/tt0056083,Película,4.1,62,1962,"Terror, Comedia",819,"1962","Lee Frost,Wes Bishop"
tt4504044,3,2019-02-08,"The Prodigy","The Prodigy",https://www.imdb.com/title/tt4504044,Película,5.9,92,2019,"Suspense, Terror, Misterio, Fantasía",31625,"2019-02-08","Nicholas McCarthy"
tt0095719,4,2019-02-07,"Nido subterráneo","The Nest",https://www.imdb.com/title/tt0095719,Película,5.3,89,1987,"Ciencia ficción, Terror",3687,"1988-05-13","Terence H. Winkless"
tt0064338,2,2019-02-06,"El castillo de Fu-Manchu","The Castle of Fu Manchu",https://www.imdb.com/title/tt0064338,Película,3.0,92,1969,"Terror, Crimen, Aventura",2532,"1972-09-18","Jesús Franco"
tt0051588,6,2019-02-04,"El cebo","Es geschah am hellichten Tag",https://www.imdb.com/title/tt0051588,Película,7.7,90,1958,"Drama, Crimen, Suspense",6244,"1958-07-09","Ladislao Vajda"
tt5859238,6,2019-02-04,"Lucky","Lucky",https://www.imdb.com/title/tt5859238,Película,7.3,88,2017,"Drama, Comedia, Del oeste",28732,"2017-09-29","John Carroll Lynch"
tt7139480,6,2019-02-04,"Matria","Matria",https://www.imdb.com/title/tt7139480,Corto,7.1,21,2017,"Corto, Drama, Familiar",171,"2017-10-24","Álvaro Gago"
tt9199142,6,2019-02-04,"Soy una tumba","Soy una tumba",https://www.imdb.com/title/tt9199142,Corto,6.5,12,2019,"Corto, Drama",39,"2019-05","Khris Cembe"
tt7758982,4,2019-02-04,"9 pasos","9 pasos",https://www.imdb.com/title/tt7758982,Corto,6.2,8,2017,"Corto, Suspense, Terror",139,"2017-11-11","Marisa Crespo,Moisés Romera"
tt1174042,6,2019-02-04,"El mito de la adolescencia","The Myth of the American Sleepover",https://www.imdb.com/title/tt1174042,Película,6.3,96,2010,"Comedia, Drama, Romance",5126,"2011-04-07","David Robert Mitchell"
tt6973360,6,2019-02-01,"Sin fin","Sin fin",https://www.imdb.com/title/tt6973360,Película,6.7,96,2018,"Romance, Drama, Ciencia ficción",602,"2018-10-31","César Esteban Alenda,José Esteban Alenda"
tt5904182,8,2019-01-31,"Ana de día","Ana de día",https://www.imdb.com/title/tt5904182,Película,5.4,110,2018,"Drama, Misterio, Suspense",612,"2022-05-13","Andrea Jaurrieta"
tt6997426,6,2019-01-30,"Desenterrando Sad Hill","Desenterrando Sad Hill",https://www.imdb.com/title/tt6997426,Película,7.4,86,2017,"Documental",1996,"2018-12-01","Guillermo de Oliveira"
tt6109502,7,2019-01-29,"Viaje al cuarto de una madre","Viaje al cuarto de una madre",https://www.imdb.com/title/tt6109502,Película,6.6,90,2018,"Drama",1141,"2018-10-05","Celia Rico Clavellino"
tt4846232,7,2019-01-28,"Good Time","Good Time",https://www.imdb.com/title/tt4846232,Película,7.3,102,2017,"Crimen, Drama, Suspense",158530,"2018-01-11","Benny Safdie,Josh Safdie"
tt0369610,5,2019-01-28,"Jurassic World","Jurassic World",https://www.imdb.com/title/tt0369610,Película,6.9,124,2015,"Aventura, Ciencia ficción, Acción",736633,"2015-06-12","Colin Trevorrow"
tt4881806,4,2019-01-28,"Jurassic World: El reino caído","Jurassic World: Fallen Kingdom",https://www.imdb.com/title/tt4881806,Película,6.2,128,2018,"Acción, Aventura, Ciencia ficción",386591,"2018-06-07","J.A. Bayona"
tt8099236,7,2019-01-28,"El silencio de otros","El silencio de otros",https://www.imdb.com/title/tt8099236,Película,8.0,96,2018,"Documental",2539,"2019-05-08","Robert Bahar,Almudena Carracedo"
tt9422306,6,2019-01-28,"Wan Xia. La última luz del atardecer","Wan Xia. La última luz del atardecer",https://www.imdb.com/title/tt9422306,Corto,7.1,22,2018,"Corto",9,"2018-03-11","Silvia Rey Canudo"
tt0384286,2,2019-01-25,"Cry Wolf","Cry Wolf",https://www.imdb.com/title/tt0384286,Película,5.8,90,2005,"Suspense, Terror, Drama, Misterio",30013,"2007-01-26","Jeff Wadlow"
tt0082348,7,2019-01-25,"Excalibur","Excalibur",https://www.imdb.com/title/tt0082348,Película,7.3,140,1981,"Drama, Romance, Aventura, Fantasía",74597,"1981-10-22","John Boorman"
tt0082288,6,2019-01-25,"El dragón del lago de fuego","Dragonslayer",https://www.imdb.com/title/tt0082288,Película,6.6,108,1981,"Aventura, Fantasía, Acción",20861,"1982-08-27","Matthew Robbins"
tt1213641,6,2019-01-23,"First Man - El primer hombre","First Man",https://www.imdb.com/title/tt1213641,Película,7.3,141,2018,"Drama, Biografía, Historia",219120,"2018-10-11","Damien Chazelle"
tt0089499,5,2019-01-23,"Lola","Lola",https://www.imdb.com/title/tt0089499,Película,5.6,106,1986,"Suspense, Crimen, Drama",298,"1989-04-22","Bigas Luna"
tt6266538,6,2019-01-21,"El vicio del poder","Vice",https://www.imdb.com/title/tt6266538,Película,7.2,132,2018,"Biografía, Drama, Comedia, Historia",176412,"2019-01-11","Adam McKay"
tt0097388,4,2019-01-21,"Viernes 13 VIII: Jason toma Manhattan","Friday the 13th Part VIII: Jason Takes Manhattan",https://www.imdb.com/title/tt0097388,Película,4.5,100,1989,"Aventura, Suspense, Terror",48885,"1989-07-28","Rob Hedden"
tt7095482,8,2019-01-18,"El reino","El reino",https://www.imdb.com/title/tt7095482,Película,7.1,132,2018,"Suspense, Drama, Misterio",10415,"2018-09-28","Rodrigo Sorogoyen"
tt9422088,3,2019-01-18,"El tesoro","El tesoro",https://www.imdb.com/title/tt9422088,Corto,5.0,12,2018,"Corto, Drama",12,"2018-02-22","Néstor Del Castillo,Marisa Lafuente"
tt5479590,4,2019-01-18,"Apuntes para una película de atracos","Apuntes para una película de atracos",https://www.imdb.com/title/tt5479590,Película,6.6,90,2018,"Documental",379,"2018-12-05","Elías León Siminiani"
tt3544112,8,2019-01-16,"Sing Street","Sing Street",https://www.imdb.com/title/tt3544112,Película,7.9,106,2016,"Musical, Drama, Música, Comedia, Romance",108832,"2016-09-30","John Carney"
tt0081318,6,2019-01-16,"Miedo en la ciudad de los muertos vivientes","Paura nella città dei morti viventi",https://www.imdb.com/title/tt0081318,Película,6.2,93,1980,"Terror",21244,"1981-03-16","Lucio Fulci"
tt6306400,4,2019-01-14,"Fortunata","Fortunata",https://www.imdb.com/title/tt6306400,Película,6.2,103,2017,"Drama",1730,"2018-04-27","Sergio Castellitto"
tt0082378,2,2019-01-14,"Examen final","Final Exam",https://www.imdb.com/title/tt0082378,Película,4.6,89,1981,"Suspense, Terror",5205,"1981-06-05","Jimmy Huston"
tt0369339,7,2019-01-14,"Collateral","Collateral",https://www.imdb.com/title/tt0369339,Película,7.5,120,2004,"Crimen, Suspense, Acción, Drama",472968,"2004-10-15","Michael Mann"
tt0104409,6,2019-01-14,"Hellraiser III. Infierno en la Tierra","Hellraiser III: Hell on Earth",https://www.imdb.com/title/tt0104409,Película,5.5,97,1992,"Terror",38523,"1994-06-03","Anthony Hickox"
tt0059659,5,2019-01-09,"El rostro del asesino","El rostro del asesino",https://www.imdb.com/title/tt0059659,Película,5.3,86,1967,"Misterio",59,"1967-09-01","Pedro Lazaga"
tt4513674,4,2019-01-08,"Café Society","Café Society",https://www.imdb.com/title/tt4513674,Película,6.6,96,2016,"Comedia, Romance, Drama",85164,"2016-08-26","Woody Allen"
tt4786282,6,2019-01-08,"Nunca apagues la luz","Lights Out",https://www.imdb.com/title/tt4786282,Película,6.3,81,2016,"Terror, Misterio",153971,"2016-08-19","David F. Sandberg"
tt1386697,3,2019-01-08,"Escuadrón suicida","Suicide Squad",https://www.imdb.com/title/tt1386697,Película,5.9,123,2016,"Acción, Ciencia ficción, Aventura, Fantasía",765569,"2016-08-05","David Ayer"
tt2586120,6,2019-01-08,"El fiel","Le Fidèle",https://www.imdb.com/title/tt2586120,Película,6.3,130,2017,"Crimen, Drama, Romance, Suspense",6142,"2017-10-04","Michaël R. Roskam"
tt3110958,4,2019-01-04,"Ahora me ves 2","Now You See Me 2",https://www.imdb.com/title/tt3110958,Película,6.4,129,2016,"Comedia, Suspense, Acción, Aventura, Misterio, Crimen",365300,"2016-07-22","Jon M. Chu"
tt3672018,3,2019-01-04,"Cómo sobrevivir a una despedida","Cómo sobrevivir a una despedida",https://www.imdb.com/title/tt3672018,Película,4.4,97,2015,"Comedia",1170,"2015-04-24","Manuela Burló Moreno"
tt0829150,4,2019-01-04,"Drácula: La leyenda jamás contada","Dracula Untold",https://www.imdb.com/title/tt0829150,Película,6.3,92,2014,"Acción, Drama, Fantasía, Terror",224323,"2014-10-24","Gary Shore"
tt1201607,5,2019-01-04,"Harry Potter y las Reliquias de la Muerte: Parte 2","Harry Potter and the Deathly Hallows: Part 2",https://www.imdb.com/title/tt1201607,Película,8.1,130,2011,"Aventura, Misterio, Fantasía, Familiar",1060133,"2011-07-15","David Yates"
tt0926084,4,2019-01-04,"Harry Potter y las Reliquias de la Muerte: Parte 1","Harry Potter and the Deathly Hallows: Part 1",https://www.imdb.com/title/tt0926084,Película,7.7,146,2010,"Aventura, Misterio, Fantasía, Familiar",673120,"2010-11-19","David Yates"
tt0093300,2,2019-01-04,"Tiburón, la venganza","Jaws: The Revenge",https://www.imdb.com/title/tt0093300,Película,3.1,90,1987,"Aventura, Suspense, Terror",53057,"1987-12-21","Joseph Sargent"
tt0085750,4,2019-01-04,"Tiburón 3-D. El gran tiburón","Jaws 3-D",https://www.imdb.com/title/tt0085750,Película,3.8,98,1983,"Terror, Aventura, Suspense",53433,"1983-12-16","Joe Alves"
tt0077766,5,2019-01-04,"Tiburón 2","Jaws 2",https://www.imdb.com/title/tt0077766,Película,5.8,116,1978,"Suspense, Aventura, Terror",92580,"1978-11-16","Jeannot Szwarc"
tt0056693,4,2019-01-04,"Wild Guitar","Wild Guitar",https://www.imdb.com/title/tt0056693,Película,4.7,92,1962,"Música, Comedia, Romance, Drama",1194,"1962-12","Ray Dennis Steckler"
tt4230700,6,2019-01-03,"La perfecta desconocida","Complete Unknown",https://www.imdb.com/title/tt4230700,Película,5.4,91,2016,"Drama, Misterio",6907,"2016-08-26","Joshua Marston"
tt5278832,8,2019-01-03,"The Lure","Córki dancingu",https://www.imdb.com/title/tt5278832,Película,6.2,92,2015,"Musical, Terror, Suspense, Drama, Fantasía",11303,"2015-12-25","Agnieszka Smoczynska"
tt4048272,8,2019-01-03,"Toni Erdmann","Toni Erdmann",https://www.imdb.com/title/tt4048272,Película,7.3,162,2016,"Drama, Comedia",55576,"2017-01-20","Maren Ade"
tt4016934,8,2019-01-03,"La doncella","Ah-ga-ssi",https://www.imdb.com/title/tt4016934,Película,8.1,145,2016,"Drama, Romance, Suspense",207736,"2016-12-02","Park Chan-wook"
tt0120815,9,2019-01-03,"Salvar al soldado Ryan","Saving Private Ryan",https://www.imdb.com/title/tt0120815,Película,8.6,169,1998,"Drama, Bélico",1658607,"1998-09-18","Steven Spielberg"
tt3799694,6,2018-12-28,"Dos buenos tipos","The Nice Guys",https://www.imdb.com/title/tt3799694,Película,7.4,116,2016,"Suspense, Crimen, Comedia, Acción, Misterio",423380,"2016-06-10","Shane Black"
tt3065204,7,2018-12-28,"Expediente Warren: El caso Enfield","The Conjuring 2",https://www.imdb.com/title/tt3065204,Película,7.3,134,2016,"Terror, Misterio, Suspense",348299,"2016-06-17","James Wan"
tt3608646,3,2018-12-28,"Mythica: La nigromante","Mythica: The Necromancer",https://www.imdb.com/title/tt3608646,Película,5.4,93,2015,"Fantasía, Acción, Aventura",2800,"2015-12-11","A. Todd Smith"
tt3478232,3,2018-12-28,"Mythica: La espora negra","Mythica: The Darkspore",https://www.imdb.com/title/tt3478232,Película,5.2,107,2015,"Fantasía, Acción, Aventura",4165,"2015-06-19","Anne K. Black"
tt0060315,8,2018-12-28,"Django","Django",https://www.imdb.com/title/tt0060315,Película,7.2,91,1966,"Acción, Drama, Del oeste",34549,"1966-09-23","Sergio Corbucci"
tt3709758,7,2018-12-28,"To This Day","To This Day",https://www.imdb.com/title/tt3709758,Corto,8.1,8,2013,"Animación, Corto",49,"2013",
tt4441098,3,2018-12-27,"Cold Moon","Cold Moon",https://www.imdb.com/title/tt4441098,Película,4.7,87,2016,"Drama, Misterio, Suspense, Crimen, Terror",2266,"2017-10-06","Griff Furst"
tt4078160,6,2018-12-27,"The Lesson","The Lesson",https://www.imdb.com/title/tt4078160,Película,4.3,97,2015,"Terror, Suspense, Drama",1715,"2016-02-29","Ruth Platt"
tt3385516,6,2018-12-27,"X-Men: Apocalipsis","X-Men: Apocalypse",https://www.imdb.com/title/tt3385516,Película,6.8,144,2016,"Ciencia ficción, Acción, Aventura",497932,"2016-05-20","Bryan Singer"
tt0330373,5,2018-12-27,"Harry Potter y el cáliz de fuego","Harry Potter and the Goblet of Fire",https://www.imdb.com/title/tt0330373,Película,7.7,157,2005,"Misterio, Familiar, Aventura, Fantasía",762679,"2005-11-25","Mike Newell"
tt1403177,6,2018-12-27,"Hesher","Hesher",https://www.imdb.com/title/tt1403177,Película,6.9,106,2010,"Drama, Comedia",55865,"2011-06-25","Spencer Susser"
tt0061522,3,2018-12-27,"Cottonpickin' Chickenpickers","Cottonpickin' Chickenpickers",https://www.imdb.com/title/tt0061522,Película,4.2,92,1967,"Música, Comedia",191,"1967-04-21","Larry E. Jackson"
tt3729920,7,2018-12-26,"La desaparición de Eleanor Rigby","The Disappearance of Eleanor Rigby: Them",https://www.imdb.com/title/tt3729920,Película,6.3,123,2014,"Drama, Romance",13702,"2014-09-12","Ned Benson"
tt6883152,3,2018-12-26,"The Devil and Father Amorth","The Devil and Father Amorth",https://www.imdb.com/title/tt6883152,Película,4.6,68,2017,"Documental, Terror",2783,"2017-08-31","William Friedkin"
tt6708044,3,2018-12-26,"La tribu","La tribu",https://www.imdb.com/title/tt6708044,Película,5.8,90,2018,"Comedia, Música",3252,"2018-03-16","Fernando Colomo"
tt0295297,4,2018-12-24,"Harry Potter y la cámara secreta","Harry Potter and the Chamber of Secrets",https://www.imdb.com/title/tt0295297,Película,7.5,161,2002,"Misterio, Familiar, Aventura, Fantasía",775377,"2002-11-29","Chris Columbus"
tt0241527,4,2018-12-24,"Harry Potter y la piedra filosofal","Harry Potter and the Sorcerer's Stone",https://www.imdb.com/title/tt0241527,Película,7.7,152,2001,"Familiar, Aventura, Fantasía",963277,"2001-11-30","Chris Columbus"
tt1072748,5,2018-12-24,"Winchester: La casa que construyeron los espíritus","Winchester",https://www.imdb.com/title/tt1072748,Película,5.5,99,2018,"Suspense, Terror, Misterio, Biografía",39628,"2018-03-09","Michael Spierig,Peter Spierig"
tt5140878,5,2018-12-21,"Annabelle: Creation","Annabelle: Creation",https://www.imdb.com/title/tt5140878,Película,6.5,109,2017,"Terror, Suspense, Misterio",172497,"2017-10-12","David F. Sandberg"
tt2975590,4,2018-12-19,"Batman v Superman: El amanecer de la justicia","Batman v Superman: Dawn of Justice",https://www.imdb.com/title/tt2975590,Película,6.4,151,2016,"Ciencia ficción",797948,"2016-03-23","Zack Snyder"
tt4552524,4,2018-12-19,"Jeruzalem","Jeruzalem",https://www.imdb.com/title/tt4552524,Película,4.8,94,2015,"Terror, Ciencia ficción, Suspense, Acción, Aventura, Fantasía, Misterio",12514,"2016-07-07","Doron Paz,Yoav Paz"
tt6155172,7,2018-12-17,"Roma","Roma",https://www.imdb.com/title/tt6155172,Película,7.6,135,2018,"Drama",179549,"2018-12-14","Alfonso Cuarón"
tt3322892,5,2018-12-13,"XX","XX",https://www.imdb.com/title/tt3322892,Película,4.6,80,2017,"Terror",12943,"2017-02-17","Roxanne Benjamin,Sofìa Carrillo,Karyn Kusama,St. Vincent,Jovanka Vuckovic"
tt0247527,5,2018-12-13,"Spring Night, Summer Night","Spring Night, Summer Night",https://www.imdb.com/title/tt0247527,Película,7.0,82,1967,"Drama",874,"1967-05-28","Joseph L. Anderson"
tt0357991,3,2018-12-12,"El oro de Moscú","El oro de Moscú",https://www.imdb.com/title/tt0357991,Película,4.8,100,2003,"Comedia, Aventura, Acción",1196,"2003-03-28","Jesús Bonilla"
tt3917316,6,2018-12-12,"Barcelona, noche de invierno","Barcelona, nit d'hivern",https://www.imdb.com/title/tt3917316,Película,6.4,95,2015,"Romance",1176,"2015-12-04","Dani de la Orden"
tt2734566,8,2018-12-12,"La novia","La novia",https://www.imdb.com/title/tt2734566,Película,6.6,96,2015,"Drama, Romance",3725,"2015-12-11","Paula Ortiz"
tt6597824,7,2018-12-12,"Madre","Madre",https://www.imdb.com/title/tt6597824,Corto,7.4,19,2017,"Corto, Drama, Suspense",2303,"2020-04-22","Rodrigo Sorogoyen"
tt1034415,8,2018-12-12,"Suspiria","Suspiria",https://www.imdb.com/title/tt1034415,Película,6.7,152,2018,"Terror, Suspense, Misterio, Fantasía, Drama",106321,"2018-11-02","Luca Guadagnino"
tt0371724,4,2018-12-11,"Guía del autoestopista galáctico","The Hitchhiker's Guide to the Galaxy",https://www.imdb.com/title/tt0371724,Película,6.7,109,2005,"Aventura, Comedia, Ciencia ficción",218288,"2005-09-02","Garth Jennings"
tt1343750,5,2018-12-10,"Treevenge","Treevenge",https://www.imdb.com/title/tt1343750,Corto,7.3,16,2008,"Corto, Terror, Comedia",3160,"2008-07-07","Jason Eisener"
tt5057140,7,2018-12-10,"Noche de lobos","Hold the Dark",https://www.imdb.com/title/tt5057140,Película,5.6,125,2018,"Suspense, Drama, Crimen, Misterio, Acción",43574,"2018-09-28","Jeremy Saulnier"
tt0482606,4,2018-12-10,"Los extraños","The Strangers",https://www.imdb.com/title/tt0482606,Película,6.1,86,2008,"Terror, Suspense, Misterio",158863,"2008-09-19","Bryan Bertino"
tt2062700,6,2018-12-10,"Song to Song","Song to Song",https://www.imdb.com/title/tt2062700,Película,5.6,129,2017,"Drama, Música, Romance",24452,"2020-09-25","Terrence Malick"
tt7507532,6,2018-12-03,"Invierno en Europa","Invierno en Europa",https://www.imdb.com/title/tt7507532,Película,7.7,70,2017,"Documental",14,"2017-10-26","Polo Menárguez"
tt8019032,4,2018-12-03,"Domesticado","Domesticado",https://www.imdb.com/title/tt8019032,Corto,6.4,17,2018,"Corto, Drama",16,"2018-04-09","Juan Francisco Viruega"
tt8286974,6,2018-12-03,"Cerdita","Cerdita",https://www.imdb.com/title/tt8286974,Corto,6.7,14,2018,"Corto, Drama, Terror",1637,"2018-03-11","Carlota Pereda"
tt7741650,6,2018-12-03,"Ato San Nen","Ato San Nen",https://www.imdb.com/title/tt7741650,Corto,7.4,25,2018,"Corto",127,"2018-04-13","Pedro Collantes"
tt8361028,3,2018-12-03,"Cam","Cam",https://www.imdb.com/title/tt8361028,Película,5.9,94,2018,"Suspense, Terror, Misterio, Drama",39920,"2018-11-16","Daniel Goldhaber"
tt7369988,3,2018-12-03,"Quiero lo eterno","Quiero lo eterno",https://www.imdb.com/title/tt7369988,Película,3.3,74,2017,"Ciencia ficción, Suspense",20,"2017-11-19","Miguel Ángel Blanca"
tt2109184,4,2018-12-03,"Paranormal Activity 4","Paranormal Activity 4",https://www.imdb.com/title/tt2109184,Película,4.7,88,2012,"Terror, Misterio",74687,"2012-10-19","Henry Joost,Ariel Schulman"
tt1778304,4,2018-12-03,"Paranormal Activity 3","Paranormal Activity 3",https://www.imdb.com/title/tt1778304,Película,5.8,83,2011,"Terror, Misterio, Suspense",105340,"2011-10-21","Henry Joost,Ariel Schulman"
tt1536044,4,2018-12-03,"Paranormal Activity 2","Paranormal Activity 2",https://www.imdb.com/title/tt1536044,Película,5.7,91,2010,"Terror, Misterio",116497,"2010-10-22","Tod Williams"
tt0084740,7,2018-11-30,"El sur","El sur",https://www.imdb.com/title/tt0084740,Película,7.8,95,1983,"Romance, Misterio, Drama",7476,"1988-01-20","Víctor Erice"
tt1881002,6,2018-11-30,"Maggie","Maggie",https://www.imdb.com/title/tt1881002,Película,5.6,95,2015,"Drama, Terror, Ciencia ficción",49102,"2016-01-08","Henry Hobson"
tt4263482,9,2018-11-30,"La bruja","The VVitch: A New-England Folktale",https://www.imdb.com/title/tt4263482,Película,7.0,92,2015,"Terror, Misterio, Drama, Fantasía, Suspense",358503,"2016-05-13","Robert Eggers"
tt3900206,7,2018-11-30,"Loreak (Flores)","Loreak",https://www.imdb.com/title/tt3900206,Película,6.7,99,2014,"Drama",3307,"2015-05-14","Jon Garaño,Jose Mari Goenaga"
tt3510480,4,2018-11-29,"Anacleto: Agente secreto","Anacleto: Agente secreto",https://www.imdb.com/title/tt3510480,Película,6.1,93,2015,"Acción, Comedia, Suspense",4609,"2015-09-04","Javier Ruiz Caldera"
tt0079854,5,2018-11-29,"Salve quien pueda, la vida","Sauve qui peut (la vie)",https://www.imdb.com/title/tt0079854,Película,6.5,87,1980,"Drama",4347,"1980-10-15","Jean-Luc Godard"
tt5199474,6,2018-11-29,"Que Se Salve Quien Pueda (La Vida)","Sauve la vie (qui peut)",https://www.imdb.com/title/tt5199474,Película,6.0,102,1981,"Documental, Drama",109,"1981-02","Jean-Luc Godard"
tt0070169,6,2018-11-29,"Guerra en Harlem","Hell Up in Harlem",https://www.imdb.com/title/tt0070169,Película,5.9,94,1973,"Drama, Acción, Suspense, Crimen",2100,"1973-12","Larry Cohen"
tt4622512,5,2018-11-28,"La batalla de los sexos","Battle of the Sexes",https://www.imdb.com/title/tt4622512,Película,6.7,121,2017,"Comedia, Biografía, Deporte, Drama, Historia",64173,"2017-11-03","Jonathan Dayton,Valerie Faris"
tt0336618,5,2018-11-28,"If Footmen Tire You What Will Horses Do?","If Footmen Tire You What Will Horses Do?",https://www.imdb.com/title/tt0336618,Película,4.3,52,1971,"Terror, Drama",667,"1971-11-17","Ron Ormond"
tt0412540,4,2018-11-28,"The Burning Hell","The Burning Hell",https://www.imdb.com/title/tt0412540,Película,3.7,58,1974,"Terror, Fantasía",595,"1974","Ron Ormond"
tt0067087,5,2018-11-28,"Faustine et le bel été","Faustine et le bel été",https://www.imdb.com/title/tt0067087,Película,5.6,98,1972,"Romance, Drama, Comedia",545,"1972-01-12","Nina Companeez"
tt3108158,7,2018-11-28,"El mundo de Kanako","Kawaki.",https://www.imdb.com/title/tt3108158,Película,6.5,118,2014,"Drama, Misterio, Suspense, Crimen",6559,"2014-06-27","Tetsuya Nakashima"
tt0423409,5,2018-11-26,"Tristram Shandy: A Cock and Bull Story","A Cock and Bull Story",https://www.imdb.com/title/tt0423409,Película,6.7,94,2005,"Comedia",13698,"2007-03-23","Michael Winterbottom"
tt0039417,8,2018-11-26,"Alemania, año cero","Germania anno zero",https://www.imdb.com/title/tt0039417,Película,7.8,78,1948,"Drama",15488,"1948-12-01","Roberto Rossellini"
tt3831636,3,2018-11-26,"Slasher.com","Slasher.com",https://www.imdb.com/title/tt3831636,Película,3.4,89,2017,"Terror, Suspense, Crimen",738,"2017-01-16","Chip Gubera"
tt0095179,5,2018-11-26,"Viernes 13. 7.ª parte: Sangre nueva","Friday the 13th Part VII: The New Blood",https://www.imdb.com/title/tt0095179,Película,5.2,88,1988,"Suspense, Terror",48198,"1988-05-13","John Carl Buechler"
tt6981702,3,2018-11-26,"Sin rodeos","Sin rodeos",https://www.imdb.com/title/tt6981702,Película,5.7,87,2018,"Comedia",2793,"2018-03-02","Santiago Segura"
tt7349662,7,2018-11-26,"Infiltrado en el KKKlan","BlacKkKlansman",https://www.imdb.com/title/tt7349662,Película,7.5,135,2018,"Biografía, Crimen, Drama, Comedia, Suspense",317133,"2018-10-31","Spike Lee"
tt2395427,6,2018-11-25,"Vengadores: La era de Ultrón","Avengers: Age of Ultron",https://www.imdb.com/title/tt2395427,Película,7.3,141,2015,"Acción, Aventura, Ciencia ficción",1018318,"2015-04-29","Joss Whedon"
tt2473682,4,2018-11-25,"Paranormal Activity: Los señalados","Paranormal Activity: The Marked Ones",https://www.imdb.com/title/tt2473682,Película,5.1,84,2014,"Terror, Misterio",48551,"2014-01-01","Christopher Landon"
tt0112913,9,2018-11-22,"Fallen Angels (Ángeles caídos)","Do lok tin si",https://www.imdb.com/title/tt0112913,Película,7.5,99,1995,"Crimen, Romance, Comedia, Drama",60837,"1995-09-06","Wong Kar-Wai"
tt6728914,4,2018-11-21,"Spanish Western","Spanish Western",https://www.imdb.com/title/tt6728914,Película,6.9,57,2014,"Documental",47,"2014","Alberto Esteban"
tt4190962,5,2018-11-21,"Desde que el mundo es mundo","Desde que el mundo es mundo",https://www.imdb.com/title/tt4190962,Película,6.8,103,2015,"Documental, Familiar, Historia",25,"2015-05-04","Günter Schwaiger"
tt5189766,5,2018-11-21,"Yorgos","Yorgos",https://www.imdb.com/title/tt5189766,Película,null,72,2014,"Documental",0,"2014","José Domingo Rivera,Paco Toledo"
tt4597632,4,2018-11-21,"Ajoblanco, crónica en rojo y negro","Ajoblanco, crónica en rojo y negro",https://www.imdb.com/title/tt4597632,Película de TV,null,,2015,"Documental",0,"2015-04-23","David Fernández de Castro"
tt2419986,6,2018-11-21,"Sexo fácil, películas tristes","Sexo fácil, películas tristes",https://www.imdb.com/title/tt2419986,Película,5.7,91,2014,"Comedia, Romance",920,"2015-04-24","Alejo Flah"
tt1843866,5,2018-11-21,"Capitán América: El Soldado de Invierno","Captain America: The Winter Soldier",https://www.imdb.com/title/tt1843866,Película,7.7,136,2014,"Acción, Aventura, Ciencia ficción, Suspense",986544,"2014-03-28","Anthony Russo,Joe Russo"
tt5540188,6,2018-11-19,"El Cairo confidencial","The Nile Hilton Incident",https://www.imdb.com/title/tt5540188,Película,6.8,111,2017,"Suspense, Crimen, Drama, Misterio",10528,"2018-04-06","Tarik Saleh"
tt5221584,6,2018-11-19,"Doña Clara","Aquarius",https://www.imdb.com/title/tt5221584,Película,7.4,146,2016,"Drama",22286,"2017-03-10","Kleber Mendonça Filho"
tt5592878,5,2018-11-19,"Errementari (El herrero y el diablo)","Errementari",https://www.imdb.com/title/tt5592878,Película,6.4,98,2017,"Fantasía, Terror",14942,"2018-10-12","Paul Urkijo Alijo"
tt6347976,3,2018-11-16,"Evil","Evil",https://www.imdb.com/title/tt6347976,Corto,5.1,10,2017,"Corto, Terror",11,"2017-03-03","Jose Vega"
tt1981115,4,2018-11-16,"Thor: El mundo oscuro","Thor: The Dark World",https://www.imdb.com/title/tt1981115,Película,6.7,112,2013,"Acción, Aventura, Fantasía, Ciencia ficción",789670,"2013-10-31","Alan Taylor"
tt1483013,6,2018-11-16,"Oblivion","Oblivion",https://www.imdb.com/title/tt1483013,Película,7.0,124,2013,"Acción, Ciencia ficción, Aventura",590108,"2013-04-12","Joseph Kosinski"
tt2515214,6,2018-11-16,"Todos están muertos","Todos están muertos",https://www.imdb.com/title/tt2515214,Película,5.8,88,2014,"Drama, Comedia, Familiar",791,"2015-10-16","Beatriz Sanchís"
tt2199571,4,2018-11-16,"Una noche para sobrevivir","Run All Night",https://www.imdb.com/title/tt2199571,Película,6.6,114,2015,"Acción, Suspense, Crimen",120467,"2015-04-17","Jaume Collet-Serra"
tt1300854,6,2018-11-16,"Iron Man 3","Iron Man Three",https://www.imdb.com/title/tt1300854,Película,7.1,130,2013,"Acción, Aventura, Ciencia ficción",981064,"2013-04-26","Shane Black"
tt1869716,4,2018-11-16,"The East","The East",https://www.imdb.com/title/tt1869716,Película,6.8,116,2013,"Suspense, Drama, Crimen, Misterio, Aventura",54268,"2013-07-12","Zal Batmanglij"
tt2808986,5,2018-11-15,"Tokyo Tribe","Tokyo Tribe",https://www.imdb.com/title/tt2808986,Película,6.4,116,2014,"Musical, Acción, Fantasía",3835,"2014-08-30","Sion Sono"
tt0416449,7,2018-11-15,"300","300",https://www.imdb.com/title/tt0416449,Película,7.6,117,2006,"Acción, Drama",920512,"2007-03-23","Zack Snyder"
tt0300051,4,2018-11-15,"Jersey Girl (Una chica de Jersey)","Jersey Girl",https://www.imdb.com/title/tt0300051,Película,6.2,102,2004,"Romance, Drama, Comedia",74997,"2004-10-08","Kevin Smith"
tt3560464,5,2018-11-15,"Ten no Chasuke","Ten no Chasuke",https://www.imdb.com/title/tt3560464,Película,6.0,106,2015,"Comedia, Acción, Fantasía",319,"2015-06-27","Sabu"
tt1702429,5,2018-11-15,"Eisenstein en Guanajuato","Eisenstein in Guanajuato",https://www.imdb.com/title/tt1702429,Película,6.3,105,2015,"Romance, Biografía, Comedia, Drama",3272,"2015-06-18","Peter Greenaway"
tt2948840,6,2018-11-14,"Life","Life",https://www.imdb.com/title/tt2948840,Película,6.1,111,2015,"Drama, Biografía",9483,"2015-09-10","Anton Corbijn"
tt0485376,4,2018-11-14,"Dark Corners","Dark Corners",https://www.imdb.com/title/tt0485376,Película,4.9,92,2006,"Terror, Suspense, Romance",2779,"2006-05-10","Ray Gower"
tt5687334,5,2018-11-13,"Mal genio","Le Redoutable",https://www.imdb.com/title/tt5687334,Película,6.6,107,2017,"Drama, Romance, Biografía, Comedia",6372,"2017-09-13","Michel Hazanavicius"
tt2562232,6,2018-11-13,"Birdman o (La inesperada virtud de la ignorancia)","Birdman or (The Unexpected Virtue of Ignorance)",https://www.imdb.com/title/tt2562232,Película,7.7,119,2014,"Comedia, Drama",702632,"2015-01-09","Alejandro G. Iñárritu"
tt0848228,6,2018-11-13,"Marvel Los Vengadores","The Avengers",https://www.imdb.com/title/tt0848228,Película,8.0,143,2012,"Acción, Ciencia ficción",1578935,"2012-04-27","Joss Whedon"
tt2084970,4,2018-11-13,"The Imitation Game (Descifrando Enigma)","The Imitation Game",https://www.imdb.com/title/tt2084970,Película,8.0,114,2014,"Drama, Biografía, Suspense, Bélico",884080,"2015-01-01","Morten Tyldum"
tt2514338,8,2018-11-13,"Jauja","Jauja",https://www.imdb.com/title/tt2514338,Película,6.3,109,2014,"Drama, Del oeste, Fantasía, Aventura",4808,"2014-11-27","Lisandro Alonso"
tt2245084,5,2018-11-13,"Big Hero 6","Big Hero 6",https://www.imdb.com/title/tt2245084,Película,7.8,102,2014,"Animación, Acción, Familiar, Ciencia ficción, Aventura, Comedia, Crimen, Drama",560795,"2014-12-19","Don Hall,Chris Williams"
tt2310332,5,2018-11-13,"El hobbit: La batalla de los cinco ejércitos","The Hobbit: The Battle of the Five Armies",https://www.imdb.com/title/tt2310332,Película,7.4,144,2014,"Aventura, Fantasía",624331,"2014-12-17","Peter Jackson"
tt0458339,4,2018-11-12,"Capitán América: El primer vengador","Captain America: The First Avenger",https://www.imdb.com/title/tt0458339,Película,6.9,124,2011,"Acción, Aventura, Ciencia ficción",984119,"2011-08-05","Joe Johnston"
tt2224004,6,2018-11-12,"Sweetwater","Sweetwater",https://www.imdb.com/title/tt2224004,Película,6.2,95,2013,"Del oeste, Suspense, Drama",6966,"2013-10-11","Logan Miller,Noah Miller"
tt0082379,4,2018-11-12,"El terror final","The Final Terror",https://www.imdb.com/title/tt0082379,Película,5.2,84,1983,"Terror",4718,"1983-07-14","Andrew Davis"
tt6485304,5,2018-11-11,"Quién te cantará","Quién te cantará",https://www.imdb.com/title/tt6485304,Película,6.9,125,2018,"Drama, Música, Misterio",3485,"2018-10-26","Carlos Vermut"
tt8610760,2,2018-11-11,"Indomable Ava Gardner","Ava Gardner, la gitane d'Hollywood: les années espagnoles de la Comtesse aux Pieds Nus",https://www.imdb.com/title/tt8610760,Película de TV,6.1,53,2018,"Documental",160,"2018-11-03","Sergio Mondelo"
tt5814592,4,2018-11-11,"The Party","The Party",https://www.imdb.com/title/tt5814592,Película,6.6,71,2017,"Comedia, Drama",23042,"2018-02-09","Sally Potter"
tt0091080,5,2018-11-11,"Viernes 13, 6ª parte. Jason vive","Jason Lives: Friday the 13th Part VI",https://www.imdb.com/title/tt0091080,Película,6.0,86,1986,"Suspense, Terror",58149,"1986-08-01","Tom McLoughlin"
tt5842890,7,2018-11-11,"Jupiter's Moon","Jupiter holdja",https://www.imdb.com/title/tt5842890,Película,6.1,129,2017,"Drama, Ciencia ficción, Fantasía, Misterio, Suspense",3678,"2017-06-08","Kornél Mundruczó"
tt2844798,5,2018-11-11,"White God","Fehér isten",https://www.imdb.com/title/tt2844798,Película,6.8,121,2014,"Drama, Suspense, Aventura",17731,"2014-06-12","Kornél Mundruczó"
tt0055230,5,2018-11-11,"Marea nocturna","Night Tide",https://www.imdb.com/title/tt0055230,Película,6.4,86,1961,"Suspense, Terror, Romance, Drama",4766,"1963-02-01","Curtis Harrington"
tt2370718,4,2018-11-11,"Artifact","Artifact",https://www.imdb.com/title/tt2370718,Película,7.8,103,2012,"Documental, Música",4758,"2013-12-03","Jared Leto"
tt3148348,4,2018-11-11,"Let Us Prey","Let Us Prey",https://www.imdb.com/title/tt3148348,Película,5.8,92,2014,"Terror, Suspense, Drama",12029,"2015-06-12","Brian O'Malley"
tt5580390,6,2018-10-29,"La forma del agua","The Shape of Water",https://www.imdb.com/title/tt5580390,Película,7.3,123,2017,"Romance, Drama, Fantasía, Ciencia ficción",479669,"2018-02-16","Guillermo del Toro"
tt1856101,7,2018-10-29,"Blade Runner 2049","Blade Runner 2049",https://www.imdb.com/title/tt1856101,Película,8.0,164,2017,"Ciencia ficción, Suspense, Acción, Drama, Misterio",766333,"2017-10-06","Denis Villeneuve"
tt4511200,4,2018-10-28,"Manifesto","Manifesto",https://www.imdb.com/title/tt4511200,Película,6.5,95,2015,"Drama",7649,"2017-11-23","Julian Rosefeldt"
tt7269368,3,2018-10-26,"Colores","Colores",https://www.imdb.com/title/tt7269368,Corto,6.8,19,2017,"Animación, Corto",9,"2017-05-21","Arly Jones,Sami Natsheh"
tt7745362,5,2018-10-26,"Un día en el parque","Un día en el parque",https://www.imdb.com/title/tt7745362,Corto,6.3,3,2017,"Animación, Corto, Comedia, Familiar, Ciencia ficción",45,"2017-05-31","Diego Porral"
tt7745410,3,2018-10-26,"El ermitaño","El ermitaño",https://www.imdb.com/title/tt7745410,Corto,null,15,2017,"Animación, Corto",0,"2017","Raúl Díez"
tt7613940,7,2018-10-26,"Woody & Woody","Woody & Woody",https://www.imdb.com/title/tt7613940,Corto,7.0,12,2017,"Animación, Corto",75,"2017-05-09","Jaume Carrió"
tt0109424,8,2018-10-25,"Chungking Express","Chung Hing sam lam",https://www.imdb.com/title/tt0109424,Película,7.9,102,1994,"Crimen, Comedia, Misterio, Romance, Drama",113386,"1996-06-27","Wong Kar-Wai"
tt1299653,3,2018-10-25,"Messengers 2","Messengers 2: The Scarecrow",https://www.imdb.com/title/tt1299653,Vídeo,4.7,94,2009,"Terror",5535,"2010-03-24","Martin Barnewitz"
tt6040806,6,2018-10-24,"Petra","Petra",https://www.imdb.com/title/tt6040806,Película,6.7,107,2018,"Drama",1430,"2018-10-19","Jaime Rosales"
tt0096119,4,2018-10-22,"Campamento sangriento 3","Sleepaway Camp III: Teenage Wasteland",https://www.imdb.com/title/tt0096119,Película,5.0,80,1989,"Comedia, Terror",10747,"2016-01-26","Michael A. Simpson"
tt5442430,5,2018-10-22,"Life: Vida","Life",https://www.imdb.com/title/tt5442430,Película,6.6,104,2017,"Ciencia ficción, Suspense, Terror",279669,"2017-04-07","Daniel Espinosa"
tt1840388,3,2018-10-22,"La casa de Rosewood Lane","Rosewood Lane",https://www.imdb.com/title/tt1840388,Película,4.6,97,2011,"Suspense, Terror, Drama, Misterio",4038,"2012-07-05","Victor Salva"
tt2094064,6,2018-10-22,"Mucho ruido y pocas nueces","Much Ado About Nothing",https://www.imdb.com/title/tt2094064,Película,7.0,109,2012,"Comedia, Romance, Drama",17464,"2013-12-20","Joss Whedon"
tt7613844,6,2018-10-21,"Marta no viene a cenar","Marta no viene a cenar",https://www.imdb.com/title/tt7613844,Corto,6.2,17,2017,"Corto, Comedia",21,"2017-11-15","Macarena Astorga"
tt2113681,3,2018-10-21,"El abuelo que saltó por la ventana y se largó","Hundraåringen som klev ut genom fönstret och försvann",https://www.imdb.com/title/tt2113681,Película,7.0,114,2013,"Aventura, Comedia",44432,"2014-07-11","Felix Herngren"
tt2975578,6,2018-10-21,"Anarchy: La noche de las bestias","The Purge: Anarchy",https://www.imdb.com/title/tt2975578,Película,6.4,103,2014,"Terror, Suspense, Acción, Ciencia ficción",173963,"2014-07-25","James DeMonaco"
tt1318514,5,2018-10-21,"El origen del planeta de los simios","Rise of the Planet of the Apes",https://www.imdb.com/title/tt1318514,Película,7.6,105,2011,"Acción, Ciencia ficción, Drama, Suspense",609405,"2011-08-05","Rupert Wyatt"
tt1976000,3,2018-10-20,"Las dos caras de enero","The Two Faces of January",https://www.imdb.com/title/tt1976000,Película,6.2,96,2014,"Suspense, Romance, Crimen, Misterio",35288,"2014-06-13","Hossein Amini"
tt1425928,2,2018-10-20,"Vampire Girl vs. Frankenstein Girl","Kyûketsu Shôjo tai Shôjo Furanken",https://www.imdb.com/title/tt1425928,Película,5.7,84,2009,"Acción, Terror, Comedia",4094,"2009-10-09","Yoshihiro Nishimura,Naoyuki Tomomatsu"
tt1430132,5,2018-10-20,"Lobezno inmortal","The Wolverine",https://www.imdb.com/title/tt1430132,Película,6.7,126,2013,"Acción, Ciencia ficción, Suspense",529012,"2013-07-24","James Mangold"
tt0831387,6,2018-10-20,"Godzilla","Godzilla",https://www.imdb.com/title/tt0831387,Película,6.4,123,2014,"Acción, Ciencia ficción, Aventura, Suspense",467788,"2014-05-15","Gareth Edwards"
tt1270797,4,2018-10-20,"Venom","Venom",https://www.imdb.com/title/tt1270797,Película,6.6,112,2018,"Acción, Ciencia ficción, Aventura",615680,"2018-10-05","Ruben Fleischer"
tt0082259,6,2018-10-20,"Deprisa, deprisa","Deprisa, deprisa",https://www.imdb.com/title/tt0082259,Película,7.0,99,1981,"Drama, Crimen, Romance",2118,"1981-03-25","Carlos Saura"
tt0075060,5,2018-10-20,"Perros callejeros","Perros callejeros",https://www.imdb.com/title/tt0075060,Película,6.3,103,1977,"Crimen, Drama, Acción",760,"1982","José Antonio de la Loma"
tt0081218,6,2018-10-20,"Navajeros","Navajeros",https://www.imdb.com/title/tt0081218,Película,6.6,95,1980,"Crimen, Drama, Suspense",1071,"1980-10-06","Eloy de la Iglesia"
tt0425430,4,2018-10-20,"The Messengers","The Messengers",https://www.imdb.com/title/tt0425430,Película,5.4,90,2007,"Terror, Misterio, Drama",43008,"2007-03-30","Danny Pang,Oxide Chun Pang"
tt5516328,6,2018-10-20,"Historias de ultratumba","Ghost Stories",https://www.imdb.com/title/tt5516328,Película,6.4,98,2017,"Drama, Terror, Misterio",40385,"2018-10-26","Jeremy Dyson,Andy Nyman"
tt0458525,4,2018-10-19,"X-Men orígenes: Lobezno","X-Men Origins: Wolverine",https://www.imdb.com/title/tt0458525,Película,6.5,107,2009,"Acción, Ciencia ficción",573988,"2009-04-30","Gavin Hood"
tt0376994,4,2018-10-19,"X-Men: La decisión final","X-Men: The Last Stand",https://www.imdb.com/title/tt0376994,Película,6.6,104,2006,"Acción, Ciencia ficción, Aventura",578340,"2006-05-26","Brett Ratner"
tt2771800,4,2018-10-17,"Geung see","Geung see",https://www.imdb.com/title/tt2771800,Película,6.3,103,2013,"Acción, Terror, Fantasía",7066,"2013-10-24","Juno Mak"
tt1253863,4,2018-10-17,"300: El origen de un imperio","300: Rise of an Empire",https://www.imdb.com/title/tt1253863,Película,6.2,102,2014,"Acción, Drama, Fantasía, Aventura, Historia, Bélico",331259,"2014-03-07","Noam Murro"
tt0119177,6,2018-10-17,"Gattaca","Gattaca",https://www.imdb.com/title/tt0119177,Película,7.7,106,1997,"Ciencia ficción, Drama, Suspense",350205,"1998-03-20","Andrew Niccol"
tt0071464,7,2018-10-16,"Emmanuelle","Emmanuelle",https://www.imdb.com/title/tt0071464,Película,5.2,94,1974,"Romance, Drama",12441,"1974-06-26","Just Jaeckin"
tt1170358,5,2018-10-16,"El hobbit: La desolación de Smaug","The Hobbit: The Desolation of Smaug",https://www.imdb.com/title/tt1170358,Película,7.8,161,2013,"Fantasía, Aventura",760403,"2013-12-13","Peter Jackson"
tt0004873,6,2018-10-15,"Alicia en el País de las Maravillas","Alice in Wonderland",https://www.imdb.com/title/tt0004873,Película,6.1,52,1915,"Aventura, Familiar, Fantasía",1024,"1915-01-19","W.W. Young"
tt0080761,7,2018-10-15,"Viernes 13","Friday the 13th",https://www.imdb.com/title/tt0080761,Película,6.4,95,1980,"Misterio, Suspense, Terror",176718,"1980-08-13","Sean S. Cunningham"
tt0236640,6,2018-10-15,"Nación Prozac","Prozac Nation",https://www.imdb.com/title/tt0236640,Película,6.2,95,2001,"Romance, Biografía, Drama",20414,"2003-06-13","Erik Skjoldbjærg"
tt2278871,7,2018-10-15,"La vida de Adèle","La Vie d'Adèle: Chapitres 1 et 2",https://www.imdb.com/title/tt2278871,Película,7.6,180,2013,"Drama, Romance",174520,"2013-10-09","Abdellatif Kechiche"
tt0077651,8,2018-10-15,"La noche de Halloween","Halloween",https://www.imdb.com/title/tt0077651,Película,7.7,91,1978,"Suspense, Terror",342238,"1979-10-28","John Carpenter"
tt6628394,7,2018-10-14,"Malos tiempos en El Royale","Bad Times at the El Royale",https://www.imdb.com/title/tt6628394,Película,7.1,141,2018,"Suspense, Misterio, Crimen, Drama",180445,"2018-11-16","Drew Goddard"
tt6491178,6,2018-10-13,"Al otro lado de la ley","Dragged Across Concrete",https://www.imdb.com/title/tt6491178,Película,6.9,158,2018,"Suspense, Acción, Crimen, Drama",62998,"2020-05-29","S. Craig Zahler"
tt4530422,6,2018-10-13,"Overlord","Overlord",https://www.imdb.com/title/tt4530422,Película,6.6,110,2018,"Acción, Terror, Ciencia ficción, Bélico",117486,"2018-11-09","Julius Avery"
tt6921496,6,2018-10-13,"A Bluebird in My Heart","A Bluebird in My Heart",https://www.imdb.com/title/tt6921496,Película,6.4,85,2018,"Drama, Suspense",2174,"2020-06-10","Jérémie Guez"
tt7175992,6,2018-10-13,"La última lección","L'heure de la sortie",https://www.imdb.com/title/tt7175992,Película,6.4,104,2018,"Suspense, Drama, Misterio",3398,"2019-05-24","Sébastien Marnier"
tt6499752,6,2018-10-13,"Upgrade (Ilimitado)","Upgrade",https://www.imdb.com/title/tt6499752,Película,7.5,100,2018,"Ciencia ficción, Suspense, Acción",237567,"2018-06-01","Leigh Whannell"
tt7204348,7,2018-10-13,"El ángel","El ángel",https://www.imdb.com/title/tt7204348,Película,6.9,118,2018,"Biografía, Crimen, Drama",12471,"2018-10-31","Luis Ortega"
tt1502407,6,2018-10-13,"La noche de Halloween","Halloween",https://www.imdb.com/title/tt1502407,Película,6.5,106,2018,"Terror, Suspense, Crimen, Drama",188440,"2018-10-26","David Gordon Green"
tt8426594,6,2018-10-13,"El viento","The Wind",https://www.imdb.com/title/tt8426594,Película,5.6,88,2018,"Terror, Del oeste, Misterio, Suspense, Drama",10779,"2019-04-05","Emma Tammi"
tt7058612,5,2018-10-13,"Kasane","Kasane",https://www.imdb.com/title/tt7058612,Película,6.0,112,2018,"Acción, Fantasía, Suspense, Drama, Terror",500,"2018-09-07","Yūichi Satō"
tt6205872,6,2018-10-10,"Nación salvaje","Assassination Nation",https://www.imdb.com/title/tt6205872,Película,6.0,108,2018,"Suspense, Comedia, Terror",23603,"2019-03-29","Sam Levinson"
tt5227746,6,2018-10-10,"The Unthinkable","Den blomstertid nu kommer",https://www.imdb.com/title/tt5227746,Película,5.9,129,2018,"Suspense, Acción, Romance, Ciencia ficción",9785,"2018-06-20","Victor Danell"
tt7282468,7,2018-10-10,"Burning","Beoning",https://www.imdb.com/title/tt7282468,Película,7.4,148,2018,"Drama, Misterio, Suspense, Crimen",87133,"2018-05-17","Lee Chang-dong"
tt4922674,5,2018-10-10,"Dimensión paralela","Parallel",https://www.imdb.com/title/tt4922674,Película,5.9,104,2018,"Drama, Suspense, Ciencia ficción, Misterio",6271,"2020-12-11","Isaac Ezban"
tt8311792,8,2018-10-10,"Muere, monstruo, muere","Muere, monstruo, muere",https://www.imdb.com/title/tt8311792,Película,5.5,109,2018,"Drama, Terror, Suspense",1178,"2019-05-09","Alejandro Fadel"
tt6195094,7,2018-10-09,"Ghostland","Ghostland",https://www.imdb.com/title/tt6195094,Película,6.4,91,2018,"Terror, Drama, Misterio, Suspense",47910,"2018-03-14","Pascal Laugier"
tt4119054,6,2018-10-09,"Top Knot Detective","Top Knot Detective",https://www.imdb.com/title/tt4119054,Película,6.5,87,2017,"Acción, Comedia, Crimen, Historia, Misterio, Drama",450,"2018-07-18","Aaron McCann,Dominic Pearce"
tt4003440,9,2018-10-09,"La casa de Jack","The House That Jack Built",https://www.imdb.com/title/tt4003440,Película,6.8,152,2018,"Drama, Terror, Crimen",107661,"2019-01-25","Lars von Trier"
tt5691670,8,2018-10-09,"Lo que esconde Silver Lake","Under the Silver Lake",https://www.imdb.com/title/tt5691670,Película,6.5,139,2018,"Crimen, Suspense, Misterio",62480,"2018-12-28","David Robert Mitchell"
tt7073710,7,2018-10-09,"Lo que te mantiene viva","What Keeps You Alive",https://www.imdb.com/title/tt7073710,Película,5.7,98,2018,"Suspense, Terror",10961,"2018-08-24","Colin Minihan"
tt6927316,6,2018-10-08,"Ingan, gonggan, sigan geurigo ingan","Ingan, gonggan, sigan geurigo ingan",https://www.imdb.com/title/tt6927316,Película,5.8,122,2018,"Drama",1211,"2018-09-19","Kim Ki-duk"
tt6820256,5,2018-10-08,"Ártico","Arctic",https://www.imdb.com/title/tt6820256,Película,6.8,98,2018,"Drama, Aventura",63985,"2019-05-31","Joe Penna"
tt7538958,5,2018-10-08,"Animal","Animal",https://www.imdb.com/title/tt7538958,Película,6.2,112,2018,"Suspense, Drama",1721,"2018-05-24","Armando Bo"
tt8033802,4,2018-10-07,"Dinner Party","Dinner Party",https://www.imdb.com/title/tt8033802,Corto,7.2,13,2018,"Corto, Drama",38,"2018-01","Ángel Manuel Soto"
tt6212478,6,2018-10-07,"American Animals","American Animals",https://www.imdb.com/title/tt6212478,Película,7.0,116,2018,"Crimen, Drama, Biografía, Suspense, Historia",53659,"2021-11-05","Bart Layton"
tt0097719,7,2018-10-06,"Laurin: Un viaje a la muerte","Laurin",https://www.imdb.com/title/tt0097719,Película,6.3,84,1989,"Misterio, Suspense, Drama, Terror",1222,"1989-11-30","Robert Sigl"
tt6516314,7,2018-10-06,"Piercing","Piercing",https://www.imdb.com/title/tt6516314,Película,5.5,81,2018,"Suspense, Terror, Misterio",9264,"2019-03-26","Nicolas Pesce"
tt6180552,6,2018-10-06,"Kôkaku kidôtai: Shin gekijô-ban - Virtual Reality Diver","Kôkaku kidôtai: Shin gekijô-ban - Virtual Reality Diver",https://www.imdb.com/title/tt6180552,Corto,6.9,15,2016,"Animación, Corto, Ciencia ficción",19,"2016-06-01","Hiroaki Higashi"
tt7747290,6,2018-10-06,"Deerbrook","Deerbrook",https://www.imdb.com/title/tt7747290,Vídeo,null,15,2017,"Corto, Crimen, Drama, Misterio, Suspense",0,"2017-11","Connor Illsley,Grayson Moore,Jon Riera,Aidan Shipley,Milan Tomasevic"
tt3184934,5,2018-10-06,"Una nueva amiga","Une nouvelle amie",https://www.imdb.com/title/tt3184934,Película,6.5,108,2014,"Drama, Comedia, Romance",9594,"2015-05-15","François Ozon"
tt7156222,7,2018-10-06,"Bajo arresto!","Au poste!",https://www.imdb.com/title/tt7156222,Película,6.7,74,2018,"Comedia",6307,"2019-09-17","Quentin Dupieux"
tt7946422,6,2018-10-05,"Prospect","Prospect",https://www.imdb.com/title/tt7946422,Película,6.3,100,2018,"Ciencia ficción, Drama, Suspense, Aventura",41178,"2021-03-30","Christopher Caldwell,Zeek Earl"
tt6009104,6,2018-10-05,"Sin dejar huellas","Fleuve noir",https://www.imdb.com/title/tt6009104,Película,6.3,113,2018,"Suspense, Crimen, Drama, Misterio",4182,"2018-07-18","Erick Zonca"
tt2460348,3,2018-10-05,"Al final todos mueren","Al final todos mueren",https://www.imdb.com/title/tt2460348,Película,5.1,112,2013,"Comedia, Fantasía, Romance",289,"2013-10-31","David Galán Galindo,Roberto Pérez Toledo,Pablo Vara,Javier Botet,Javier Fesser"
tt2229499,5,2018-10-05,"Don Jon","Don Jon",https://www.imdb.com/title/tt2229499,Película,6.5,90,2013,"Comedia, Drama, Romance",256125,"2013-10-31","Joseph Gordon-Levitt"
tt2197909,5,2018-10-05,"Todos queremos lo mejor para ella","Tots volem el millor per a ella",https://www.imdb.com/title/tt2197909,Película,6.0,100,2013,"Drama",357,"2013-10-25","Mar Coll"
tt2527186,5,2018-10-05,"All cheerleaders die - Todas las cheerleaders muertas","All Cheerleaders Die",https://www.imdb.com/title/tt2527186,Película,5.1,89,2013,"Terror, Comedia",10095,"2014-05-08","Lucky McKee,Chris Sivertson"
tt2187884,3,2018-10-05,"Escape from Tomorrow","Escape from Tomorrow",https://www.imdb.com/title/tt2187884,Película,5.1,90,2013,"Terror, Drama, Comedia, Fantasía, Ciencia ficción, Suspense",10449,"2014-07-19","Randy Moore"
tt2334896,5,2018-10-05,"The Dirties","The Dirties",https://www.imdb.com/title/tt2334896,Película,6.8,83,2013,"Drama, Crimen",9296,"2014-06-06","Matt Johnson"
tt2093270,3,2018-10-05,"Retornados","The Returned",https://www.imdb.com/title/tt2093270,Película,5.9,98,2013,"Suspense, Crimen, Drama, Ciencia ficción, Terror",9070,"2013-11-15","Manuel Carballo"
tt2395970,6,2018-10-05,"Rewind This!","Rewind This!",https://www.imdb.com/title/tt2395970,Película,7.0,91,2013,"Documental",2396,"2013-08-27","Josh Johnson"
tt1925435,5,2018-10-05,"Frankenstein's Army","Frankenstein's Army",https://www.imdb.com/title/tt1925435,Película,5.4,84,2013,"Terror, Ciencia ficción, Acción, Aventura, Suspense, Bélico",10109,"2013-05-18","Richard Raaphorst"
tt2424028,4,2018-10-05,"Tráiganme la cabeza de la mujer metralleta","Tráiganme la cabeza de la Mujer Metralleta",https://www.imdb.com/title/tt2424028,Película,5.4,73,2012,"Acción, Crimen, Comedia, Romance",1300,"2013-05-23","Ernesto Díaz Espinoza"
tt1959438,5,2018-10-05,"Kiss of the damned","Kiss of the Damned",https://www.imdb.com/title/tt1959438,Película,5.5,97,2012,"Terror, Drama, Romance",5705,"2013-03-28","Xan Cassavetes"
tt1334537,5,2018-10-05,"Humpday","Humpday",https://www.imdb.com/title/tt1334537,Película,6.0,94,2009,"Comedia, Drama, Romance",6608,"2009-09-16","Lynn Shelton"
tt1602613,7,2018-10-04,"Sólo Dios perdona","Only God Forgives",https://www.imdb.com/title/tt1602613,Película,5.7,90,2013,"Crimen, Drama, Suspense, Acción",123761,"2013-10-31","Nicolas Winding Refn"
tt2027140,5,2018-10-04,"La espuma de los días","L'écume des jours",https://www.imdb.com/title/tt2027140,Película,6.5,131,2013,"Drama, Fantasía, Comedia, Romance",17385,"2013-09-27","Michel Gondry"
tt0072019,6,2018-10-04,"Lorna, la exorcista","Les possédées du diable",https://www.imdb.com/title/tt0072019,Película,5.4,81,1974,"Terror",997,"1974-12-18","Jesús Franco"
tt0096438,4,2018-10-04,"¿Quién engañó a Roger Rabbit?","Who Framed Roger Rabbit",https://www.imdb.com/title/tt0096438,Película,7.7,104,1988,"Animación, Crimen, Familiar, Aventura, Misterio, Comedia, Fantasía",234629,"1988-11-25","Robert Zemeckis"
tt1103982,5,2018-10-04,"The Girlfriend Experience","The Girlfriend Experience",https://www.imdb.com/title/tt1103982,Película,5.5,77,2009,"Drama",17882,"2010-08-06","Steven Soderbergh"
tt0808185,5,2018-10-04,"El inadaptado","Den brysomme mannen",https://www.imdb.com/title/tt0808185,Película,7.2,95,2006,"Drama, Misterio, Comedia, Fantasía, Ciencia ficción",19199,"2006-05-26","Jens Lien"
tt2252680,5,2018-10-04,"La gran familia española","La gran familia española",https://www.imdb.com/title/tt2252680,Película,6.2,95,2013,"Comedia, Drama",4779,"2013-09-13","Daniel Sánchez Arévalo"
tt0464848,5,2018-10-04,"Woodshock","Woodshock",https://www.imdb.com/title/tt0464848,Corto,5.5,7,1985,"Documental, Corto",442,"1985","Lee Daniel,Richard Linklater"
tt0096118,5,2018-10-04,"Campamento sangriento II","Sleepaway Camp II: Unhappy Campers",https://www.imdb.com/title/tt0096118,Película,5.5,80,1988,"Comedia, Terror",15263,"1990-03-03","Michael A. Simpson"
tt2582426,6,2018-10-04,"Julia","Julia",https://www.imdb.com/title/tt2582426,Película,4.6,95,2014,"Suspense, Terror",1965,"2015-10-23","Matthew A. Brown"
tt0357173,6,2018-10-03,"Los cortometrajes de David Lynch","The Short Films of David Lynch",https://www.imdb.com/title/tt0357173,Vídeo,7.3,97,2002,"Animación, Documental, Terror, Drama",3706,"2002-06-01","David Lynch"
tt0081519,4,2018-10-03,"Sinfonía erótica","Sinfonía erótica",https://www.imdb.com/title/tt0081519,Película,4.6,91,1980,"Crimen, Suspense, Romance, Drama",508,"1980","Jesús Franco"
tt1206285,5,2018-10-03,"Camino","Camino",https://www.imdb.com/title/tt1206285,Película,7.4,138,2008,"Drama",5587,"2008-10-17","Javier Fesser"
tt1900908,6,2018-10-03,"Klip","Klip",https://www.imdb.com/title/tt1900908,Película,5.5,102,2012,"Drama",7781,"2012-04-12","Maja Milos"
tt0071910,5,2018-10-03,"El portero de noche","Il portiere di notte",https://www.imdb.com/title/tt0071910,Película,6.6,118,1974,"Drama",16652,"1974-04-03","Liliana Cavani"
tt0059800,5,2018-10-03,"Operación Trueno","Thunderball",https://www.imdb.com/title/tt0059800,Película,6.9,130,1965,"Suspense, Aventura, Acción",139094,"1965-12-30","Terence Young"
tt0051808,6,2018-10-03,"La fortaleza escondida","Kakushi-toride no san-akunin",https://www.imdb.com/title/tt0051808,Película,8.0,139,1958,"Drama, Aventura",46313,"1958-12-28","Akira Kurosawa"
tt2106476,7,2018-10-03,"La caza de Thomas Vinterberg","Jagten",https://www.imdb.com/title/tt2106476,Película,8.3,115,2012,"Drama",416839,"2013-04-19","Thomas Vinterberg"
tt1663662,6,2018-10-03,"Pacific Rim","Pacific Rim",https://www.imdb.com/title/tt1663662,Película,6.9,131,2013,"Ciencia ficción, Acción, Aventura",563327,"2013-08-09","Guillermo del Toro"
tt0092610,4,2018-10-03,"Mal gusto","Bad Taste",https://www.imdb.com/title/tt0092610,Película,6.4,91,1987,"Ciencia ficción, Terror, Comedia",51721,"1988-12-02","Peter Jackson"
tt0959337,5,2018-10-03,"Revolutionary Road","Revolutionary Road",https://www.imdb.com/title/tt0959337,Película,7.3,119,2008,"Drama, Romance",238185,"2009-01-23","Sam Mendes"
tt0485857,2,2018-10-01,"El reverso oscuro de Emma Callan","The Attic",https://www.imdb.com/title/tt0485857,Vídeo,3.4,88,2007,"Suspense, Terror",2145,"2008-04-01","Mary Lambert"
tt0072136,5,2018-10-01,"De infarto","Seizure",https://www.imdb.com/title/tt0072136,Película,4.7,98,1974,"Terror",1326,"1974-11-15","Oliver Stone"
tt8389532,5,2018-10-01,"Hollywood, ¡sexo no, por favor!","Hollywood, No Sex Please!",https://www.imdb.com/title/tt8389532,Película de TV,6.0,56,2018,"Documental, Historia",186,"2018","Clara Kuperberg,Julia Kuperberg"
tt0363589,8,2018-10-01,"Elephant","Elephant",https://www.imdb.com/title/tt0363589,Película,7.1,81,2003,"Drama, Crimen, Suspense",105424,"2003-11-28","Gus Van Sant"
tt0113540,8,2018-10-01,"Kids","Kids",https://www.imdb.com/title/tt0113540,Película,7.0,91,1995,"Drama",92560,"1995-10-27","Larry Clark"
tt1754000,7,2018-10-01,"Rabia Asesina","Kalevet",https://www.imdb.com/title/tt1754000,Película,5.8,90,2010,"Terror",3140,"2010-12-02","Aharon Keshales,Navot Papushado"
tt0060877,5,2018-10-01,"Planeta sangriento","Queen of Blood",https://www.imdb.com/title/tt0060877,Película,5.3,78,1966,"Ciencia ficción, Terror",2750,"1966-03-02","Curtis Harrington"
tt3398436,4,2018-10-01,"German Angst","German Angst",https://www.imdb.com/title/tt3398436,Película,5.2,112,2015,"Fantasía, Terror, Drama",2304,"2015-05-07","Jörg Buttgereit,Michal Kosakowski,Andreas Marschall"
tt5599332,5,2018-10-01,"Verano rojo","Verano rojo",https://www.imdb.com/title/tt5599332,Película,3.5,89,2017,"Terror",554,"2017-01-30","Carles Jofre"
tt0093833,2,2018-10-01,"Zombies paletos","Redneck Zombies",https://www.imdb.com/title/tt0093833,Vídeo,4.2,84,1987,"Comedia, Terror",3523,"1987-09-18","Pericles Lewnes"
tt0086320,5,2018-10-01,"Campamento de verano","Sleepaway Camp",https://www.imdb.com/title/tt0086320,Película,6.2,84,1983,"Terror",44732,"1983-11-18","Robert Hiltzik"
tt0087803,6,2018-10-01,"1984","Nineteen Eighty-Four",https://www.imdb.com/title/tt0087803,Película,7.0,113,1984,"Ciencia ficción, Drama",89293,"1985-01-15","Michael Radford"
tt0068935,7,2018-09-30,"El furor del dragón","Meng long guo jiang",https://www.imdb.com/title/tt0068935,Película,7.1,99,1972,"Crimen, Aventura, Suspense, Drama, Comedia, Acción",44418,"1972-12-30","Bruce Lee"
tt0077631,8,2018-09-30,"Grease","Grease",https://www.imdb.com/title/tt0077631,Película,7.2,110,1978,"Musical, Comedia, Romance",329304,"1978-09-25","Randal Kleiser"
tt0342172,6,2018-09-30,"Capturing the Friedmans","Capturing the Friedmans",https://www.imdb.com/title/tt0342172,Película,7.6,107,2003,"Documental, Biografía, Crimen",28985,"2004-05-21","Andrew Jarecki"
tt0079116,5,2018-09-30,"Fuga de Alcatraz","Escape from Alcatraz",https://www.imdb.com/title/tt0079116,Película,7.5,112,1979,"Crimen, Drama, Biografía, Suspense",166373,"1979-12-19","Don Siegel"
tt0106308,5,2018-09-30,"El ejército de las tinieblas","Army of Darkness",https://www.imdb.com/title/tt0106308,Película,7.4,81,1992,"Comedia, Terror",212022,"1993-07-30","Sam Raimi"
tt0054225,6,2018-09-30,"La chica con la maleta","La ragazza con la valigia",https://www.imdb.com/title/tt0054225,Película,7.4,121,1961,"Drama, Romance",3000,"1961-02-10","Valerio Zurlini"
tt0091142,4,2018-09-30,"Gothic","Gothic",https://www.imdb.com/title/tt0091142,Película,5.7,87,1986,"Drama, Fantasía, Misterio, Terror",10085,"1987-04-28","Ken Russell"
tt0474642,5,2018-09-30,"En la cama","En la cama",https://www.imdb.com/title/tt0474642,Película,6.1,85,2005,"Drama",3650,"2006-07-14","Matías Bize"
tt0104779,4,2018-09-30,"Lunas de hiel","Bitter Moon",https://www.imdb.com/title/tt0104779,Película,7.2,139,1992,"Romance, Suspense, Drama",46737,"1992-10-09","Roman Polanski"
tt2368525,3,2018-09-30,"15 años y un día","15 años y un día",https://www.imdb.com/title/tt2368525,Película,5.7,96,2013,"Drama, Aventura",1439,"2013-06-07","Gracia Querejeta"
tt0053976,7,2018-09-30,"El manantial de la doncella","Jungfrukällan",https://www.imdb.com/title/tt0053976,Película,8.0,89,1960,"Drama",34082,"1960-02-08","Ingmar Bergman"
tt0064334,5,2018-09-30,"Die fliegenden Ärzte von Ostafrika","Die fliegenden Ärzte von Ostafrika",https://www.imdb.com/title/tt0064334,Película de TV,6.6,45,1970,"Documental",571,"1970-05-03","Werner Herzog"
tt2076220,7,2018-09-30,"Holy Motors","Holy Motors",https://www.imdb.com/title/tt2076220,Película,7.0,115,2012,"Drama, Fantasía",51603,"2012-11-16","Leos Carax"
tt1343092,6,2018-09-30,"El gran Gatsby","The Great Gatsby",https://www.imdb.com/title/tt1343092,Película,7.2,143,2013,"Drama, Romance",648683,"2013-05-17","Baz Luhrmann"
tt0983213,7,2018-09-30,"5 centímetros por segundo","Byôsoku 5 senchimêtoru",https://www.imdb.com/title/tt0983213,Película,7.4,63,2007,"Animación, Romance, Drama, Familiar",71841,"2007-03-03","Makoto Shinkai"
tt0791303,4,2018-09-30,"Génova","Genova",https://www.imdb.com/title/tt0791303,Película,6.0,93,2008,"Drama, Romance, Misterio",7004,"2009-05-08","Michael Winterbottom"
tt0034248,7,2018-09-30,"Sospecha","Suspicion",https://www.imdb.com/title/tt0034248,Película,7.2,99,1941,"Cine negro, Drama, Suspense, Misterio",45555,"1941-11-14","Alfred Hitchcock"
tt0401085,6,2018-09-30,"C.R.A.Z.Y.","C.R.A.Z.Y.",https://www.imdb.com/title/tt0401085,Película,7.8,129,2005,"Drama, Comedia",35279,"2006-08-04","Jean-Marc Vallée"
tt0073629,8,2018-09-30,"The Rocky Horror Picture Show","The Rocky Horror Picture Show",https://www.imdb.com/title/tt0073629,Película,7.4,100,1975,"Musical, Terror, Comedia",185672,"1975-09-29","Jim Sharman"
tt0084503,8,2018-09-30,"Pink Floyd: The Wall (El muro)","Pink Floyd: The Wall",https://www.imdb.com/title/tt0084503,Película,8.0,95,1982,"Fantasía, Música, Drama",90476,"1982-07-14","Alan Parker"
tt0070215,4,2018-09-30,"Mi nombre es Ninguno","Il mio nome è Nessuno",https://www.imdb.com/title/tt0070215,Película,7.3,116,1973,"Comedia, Del oeste",31217,"1974-03-18","Tonino Valerii"
tt0059229,6,2018-09-30,"Giulietta de los espíritus","Giulietta degli spiriti",https://www.imdb.com/title/tt0059229,Película,7.4,137,1965,"Drama, Comedia, Fantasía",15857,"2004-12-31","Federico Fellini"
tt0060560,8,2018-09-30,"El pornógrafo","Erogotoshi-tachi yori: Jinruigaku nyûmon",https://www.imdb.com/title/tt0060560,Película,7.2,128,1966,"Comedia, Drama",2776,"1966-03-12","Shōhei Imamura"
tt0070136,8,2018-09-30,"El gran éxtasis del escultor de madera Steiner","Die große Ekstase des Bildschnitzers Steiner",https://www.imdb.com/title/tt0070136,Película,7.5,45,1974,"Documental, Biografía, Deporte",3352,"2026-04-22","Werner Herzog"
tt1639325,4,2018-09-30,"Adieu, Babylone!","Adieu, Babylone!",https://www.imdb.com/title/tt1639325,Película de TV,6.0,54,1993,"Drama",54,"1993-08-28","Fernando Arrabal"
tt0351817,6,2018-09-30,"El ocaso del samurái","Tasogare Seibei",https://www.imdb.com/title/tt0351817,Película,8.0,129,2002,"Romance, Drama",27254,"2002-11-02","Yōji Yamada"
tt1595656,7,2018-09-30,"To the Wonder","To the Wonder",https://www.imdb.com/title/tt1595656,Película,5.8,112,2012,"Drama, Romance",31024,"2013-04-12","Terrence Malick"
tt0056736,6,2018-09-30,"El eclipse","L'eclisse",https://www.imdb.com/title/tt0056736,Película,7.7,126,1962,"Romance, Drama",24706,"1962-04-13","Michelangelo Antonioni"
tt0300270,7,2018-09-30,"La niña santa","La niña santa",https://www.imdb.com/title/tt0300270,Película,6.8,106,2004,"Drama",4754,"2004-11-26","Lucrecia Martel"
tt0077621,4,2018-09-30,"Camino del sur","Goin' South",https://www.imdb.com/title/tt0077621,Película,6.2,108,1978,"Romance, Comedia, Del oeste",8880,"1978-10-06","Jack Nicholson"
tt0222368,5,2018-09-30,"Los sin nombre","Los sin nombre",https://www.imdb.com/title/tt0222368,Película,5.8,102,1999,"Drama, Misterio, Suspense, Terror",8080,"1999-11-12","Jaume Balagueró"
tt0113677,6,2018-09-30,"Vivir rodando","Living in Oblivion",https://www.imdb.com/title/tt0113677,Película,7.5,90,1995,"Drama, Comedia",21902,"1996-02-16","Tom DiCillo"
tt1728196,7,2018-09-30,"Hara-Kiri: muerte de un samurai","Ichimei",https://www.imdb.com/title/tt1728196,Película,7.3,128,2011,"Drama",10245,"2012-08-17","Takashi Miike"
tt1836808,5,2018-09-30,"Grandes esperanzas de Mike Newell","Great Expectations",https://www.imdb.com/title/tt1836808,Película,6.3,128,2012,"Drama, Romance",14376,"2013-03-27","Mike Newell"
tt0064505,6,2018-09-30,"Un trabajo en Italia","The Italian Job",https://www.imdb.com/title/tt0064505,Película,7.2,99,1969,"Suspense, Crimen, Comedia, Acción",54784,"1969-10-24","Peter Collinson"
tt0100842,6,2018-09-30,"La increíble verdad","The Unbelievable Truth",https://www.imdb.com/title/tt0100842,Película,7.2,90,1989,"Romance, Drama, Comedia",6868,"1990-11-08","Hal Hartley"
tt0431641,4,2018-09-30,"Azumi 2: Death or Love","Azumi 2: Death or Love",https://www.imdb.com/title/tt0431641,Película,6.2,108,2005,"Acción, Aventura, Drama",5890,"2005-03-12","Shūsuke Kaneko"
tt1827487,5,2018-09-30,"Érase una vez en Anatolia","Bir Zamanlar Anadolu'da",https://www.imdb.com/title/tt1827487,Película,7.8,157,2011,"Drama, Crimen, Suspense",54494,"2013-03-22","Nuri Bilge Ceylan"
tt0057643,6,2018-09-30,"El verdugo","El verdugo",https://www.imdb.com/title/tt0057643,Película,7.9,87,1963,"Comedia, Drama",8285,"1964-03-13","Luis García Berlanga"
tt2034139,4,2018-09-30,"El último exorcismo 2","The Last Exorcism: Part II",https://www.imdb.com/title/tt2034139,Película,4.0,88,2013,"Terror, Suspense",17708,"2013-11-08","Ed Gass-Donnelly"
tt2396429,7,2018-09-30,"Deddo sushi","Deddo sushi",https://www.imdb.com/title/tt2396429,Película,5.7,92,2012,"Acción, Comedia, Terror",1993,"2013-01-19","Noboru Iguchi"
tt1740476,2,2018-09-30,"Butcher Boys","Butcher Boys",https://www.imdb.com/title/tt1740476,Película,3.5,86,2012,"Acción, Terror, Suspense, Comedia",1745,"2012-08-04","Duane Graves,Justin Meeks"
tt0084488,6,2018-09-30,"Permanent vacation","Permanent Vacation",https://www.imdb.com/title/tt0084488,Película,6.1,75,1980,"Drama, Comedia",11808,"1984-04-25","Jim Jarmusch"
tt0057363,6,2018-09-30,"La mujer insecto","Nippon konchûki",https://www.imdb.com/title/tt0057363,Película,7.3,123,1963,"Drama",2737,"1963-11-16","Shōhei Imamura"
tt0875034,4,2018-09-30,"Nine","Nine",https://www.imdb.com/title/tt0875034,Película,5.8,118,2009,"Musical, Romance, Drama",46671,"2010-01-22","Rob Marshall"
tt0316599,6,2018-09-30,"Cementerio Yakuza","Shin jingi no hakaba",https://www.imdb.com/title/tt0316599,Película,6.9,131,2002,"Crimen, Suspense, Acción",2509,"2002-06-22","Takashi Miike"
tt1764625,5,2018-09-29,"Las aventuras de Tadeo Jones","Las aventuras de Tadeo Jones",https://www.imdb.com/title/tt1764625,Película,6.0,92,2012,"Animación, Aventura, Comedia, Familiar",9961,"2012-08-31","Enrique Gato"
tt0049189,6,2018-09-29,"Y Dios creó la mujer","Et Dieu... créa la femme",https://www.imdb.com/title/tt0049189,Película,6.3,95,1956,"Romance, Drama",10834,"1956-11-28","Roger Vadim"
tt0053102,5,2018-09-29,"La nave de los monstruos","La nave de los monstruos",https://www.imdb.com/title/tt0053102,Película,6.3,81,1960,"Terror, Ciencia ficción, Comedia",538,"1960-01-22","Rogelio A. González"
tt2494558,7,2018-09-29,"El vástago de Drácula","Son of Dracula",https://www.imdb.com/title/tt2494558,Película,5.7,94,1999,"Fantasía, Terror",17,"1999-06-05","Salim Suma"
tt0182996,5,2018-09-29,"No vayas al bosque... sola","Don't Go in the Woods",https://www.imdb.com/title/tt0182996,Película,3.7,82,1981,"Suspense, Terror",4017,"1981-11-20","James Bryan"
tt0092549,3,2018-09-29,"Miami Connection","Miami Connection",https://www.imdb.com/title/tt0092549,Película,5.6,87,1988,"Crimen, Suspense, Música, Acción",7575,"1988-08-18","Woo-sang Park,Y.K. Kim"
tt1242599,7,2018-09-29,"Bellflower","Bellflower",https://www.imdb.com/title/tt1242599,Película,6.3,103,2011,"Acción, Drama, Romance",8274,"2012-03-21","Evan Glodell"
tt0808399,5,2018-09-29,"New York, I Love You","New York, I Love You",https://www.imdb.com/title/tt0808399,Película,6.2,103,2008,"Romance, Drama, Comedia",50234,"2009-10-16","Mira Nair,Fatih Akin,Yvan Attal,Randall Balsmeyer,Allen Hughes,Shunji Iwai,Wen Jiang,Shekhar Kapur,Joshua Marston,Natalie Portman,Brett Ratner"
tt0159948,5,2018-09-29,"Alice in Acidland","Alice in Acidland",https://www.imdb.com/title/tt0159948,Película,3.7,55,1969,"Drama",745,"1969-06","Donn Greer"
tt2134092,7,2018-09-29,"El viaje extraordinario","Le voyage extraordinaire",https://www.imdb.com/title/tt2134092,Película,7.4,80,2011,"Documental",527,"2013-05-31","Serge Bromberg,Eric Lange"
tt1772850,3,2018-09-29,"Exit 33","Exit 33",https://www.imdb.com/title/tt1772850,Película,2.9,89,2011,"Terror",266,"2011-08-02","Tommy Brunswick"
tt2210479,6,2018-09-28,"Berserk. La Edad de Oro I: El Huevo del Rey Conquistador","Berserk: Ougon Jidai-hen I - Haou no Tamago",https://www.imdb.com/title/tt2210479,Película,7.5,76,2012,"Animación, Acción, Aventura, Fantasía, Drama, Terror",16219,"2012-04-26","Toshiyuki Kubooka"
tt1763217,4,2018-09-28,"El perfecto desconocido","El perfecto desconocido",https://www.imdb.com/title/tt1763217,Película,6.1,92,2011,"Comedia, Drama",342,"2012-03-23","Toni Bestard"
tt1937149,6,2018-09-28,"El cuerpo","El cuerpo",https://www.imdb.com/title/tt1937149,Película,7.6,112,2012,"Suspense, Misterio, Crimen, Drama",80374,"2012-12-21","Oriol Paulo"
tt4939248,5,2018-09-28,"1, 2, 3, Standstill","1,2,3, Standstill",https://www.imdb.com/title/tt4939248,Película,6.8,,2009,"Documental",7,"2009-10-26","Jose Manuel Rodriguez Bermejo"
tt0419641,5,2018-09-28,"Alta sociedad de Martha Fiennes","Chromophobia",https://www.imdb.com/title/tt0419641,Película,6.1,136,2005,"Drama",2259,"2007-05-18","Martha Fiennes"
tt2378171,5,2018-09-28,"El mundo es nuestro","El mundo es nuestro",https://www.imdb.com/title/tt2378171,Película,6.5,83,2012,"Comedia, Crimen",1793,"2012-06-22","Alfonso Sánchez"
tt1652207,5,2018-09-28,"El monstro del mar!","El monstro del mar!",https://www.imdb.com/title/tt1652207,Película,4.6,75,2010,"Terror, Acción, Ciencia ficción",424,"2010-09-11","Stuart Simpson"
tt1744577,5,2018-09-28,"All That Remains","All That Remains",https://www.imdb.com/title/tt1744577,Película,7.9,92,2011,"Drama",50,"2011-06-30","Pierre-Adrian Irle,Valentin Rotelli"
tt1783714,5,2018-09-28,"El último fin de semana","El último fin de semana",https://www.imdb.com/title/tt1783714,Película,3.0,82,2011,"Terror, Misterio, Drama",301,"2022-08-26","Norberto Ramos del Val"
tt1017451,6,2018-09-28,"The Runaways","The Runaways",https://www.imdb.com/title/tt1017451,Película,6.5,106,2010,"Drama, Música, Biografía",52847,"2010-09-10","Floria Sigismondi"
tt1451632,4,2018-09-28,"Sensation","Sensation",https://www.imdb.com/title/tt1451632,Película,5.9,107,2010,"Comedia",423,"2011-11-04","Tom Hall"
tt0058461,8,2018-09-28,"Por un puñado de dólares","Per un pugno di dollari",https://www.imdb.com/title/tt0058461,Película,7.9,99,1964,"Drama, Del oeste",256288,"1964-09-12","Sergio Leone"
tt0046345,7,2018-09-28,"Un verano con Mónica","Sommaren med Monika",https://www.imdb.com/title/tt0046345,Película,7.5,96,1953,"Romance, Drama",18032,"1953-02-09","Ingmar Bergman"
tt1815673,6,2018-09-28,"Die Vaterlosen","Die Vaterlosen",https://www.imdb.com/title/tt1815673,Película,6.5,104,2011,"Drama",259,"2011-04-08","Marie Kreutzer"
tt0078908,5,2018-09-28,"Cromosoma 3","The Brood",https://www.imdb.com/title/tt0078908,Película,6.8,92,1979,"Ciencia ficción, Terror",38467,"1982-05-13","David Cronenberg"
tt1509797,5,2018-09-24,"De amor y de agua fresca","D'amour et d'eau fraîche",https://www.imdb.com/title/tt1509797,Película,6.0,85,2010,"Drama",461,"2010-08-18","Isabelle Czajka"
tt1754589,3,2018-09-24,"The Anniversary at Shallow Creek","The Anniversary at Shallow Creek",https://www.imdb.com/title/tt1754589,Película,3.7,90,2011,"Suspense, Terror",393,"2011-05","Jon D. Wagner"
tt0069398,5,2018-09-24,"Todo va bien","Tout va bien",https://www.imdb.com/title/tt0069398,Película,6.5,95,1972,"Drama",4196,"1972-04-28","Jean-Luc Godard,Jean-Pierre Gorin"
tt1757939,5,2018-09-24,"¡Vivan las antípodas!","¡Vivan las antípodas!",https://www.imdb.com/title/tt1757939,Película,7.1,108,2011,"Documental",754,"2012-02-23","Victor Kossakovsky"
tt1825678,5,2018-09-24,"Berlin Telegram","Berlin Telegram",https://www.imdb.com/title/tt1825678,Película,5.9,,2012,"Drama",45,"2012","Leila Albayaty"
tt0077594,5,2018-09-24,"Juego con la muerte","Game of Death",https://www.imdb.com/title/tt0077594,Película,5.9,100,1978,"Drama, Suspense, Crimen, Acción",22951,"1978-12-16","Robert Clouse,Bruce Lee"
tt0859765,7,2018-09-24,"Naturaleza muerta","San xia hao ren",https://www.imdb.com/title/tt0859765,Película,7.3,111,2006,"Drama",8133,"2007-08-24","Zhangke Jia"
tt0497351,6,2018-09-24,"Dance Party, USA","Dance Party, USA",https://www.imdb.com/title/tt0497351,Película,6.1,65,2006,"Drama",801,"2006-03-12","Aaron Katz"
tt1349486,5,2018-09-24,"Umbrage","Umbrage",https://www.imdb.com/title/tt1349486,Película,3.2,90,2009,"Terror, Del oeste, Drama",559,"2012-10-17","Drew Cullingham"
tt0443496,5,2018-09-24,"Edmond","Edmond",https://www.imdb.com/title/tt0443496,Película,6.2,82,2005,"Drama, Suspense",13187,"2007-03-16","Stuart Gordon"
tt0054067,5,2018-09-24,"La máscara del demonio","La maschera del demonio",https://www.imdb.com/title/tt0054067,Película,7.1,87,1960,"Terror",20303,"1960-08-12","Mario Bava"
tt0460740,7,2018-09-24,"Cashback","Cashback",https://www.imdb.com/title/tt0460740,Película,7.1,102,2006,"Drama, Romance, Comedia",95236,"2008-04-11","Sean Ellis"
tt3901826,6,2018-09-24,"El pan de la guerra","The Breadwinner",https://www.imdb.com/title/tt3901826,Película,7.7,94,2017,"Animación, Drama, Bélico",31235,"2019-06-14","Nora Twomey"
tt2543472,5,2018-09-24,"Wonder","Wonder",https://www.imdb.com/title/tt2543472,Película,7.9,113,2017,"Drama, Familiar",198913,"2017-12-01","Stephen Chbosky"
tt7485508,6,2018-09-24,"Carmen y Lola","Carmen y Lola",https://www.imdb.com/title/tt7485508,Película,7.1,103,2018,"Drama, Romance",3982,"2018-11-14","Arantxa Echevarría"
tt2967856,7,2018-09-24,"Un día más con vida","Un día más con vida",https://www.imdb.com/title/tt2967856,Película,7.3,85,2018,"Animación, Biografía",2995,"2018-10-26","Raúl de la Fuente,Damian Nenow"
tt0111341,10,2018-09-23,"Sátántangó","Sátántangó",https://www.imdb.com/title/tt0111341,Película,8.2,439,1994,"Drama",14528,"2022-12-23","Béla Tarr"
tt1663321,5,2018-09-23,"Pollo con ciruelas","Poulet aux prunes",https://www.imdb.com/title/tt1663321,Película,7.0,93,2011,"Drama, Comedia",10439,"2012-08-03","Vincent Paronnaud,Marjane Satrapi"
tt1634800,5,2018-09-23,"Maximum Shame","Maximum Shame",https://www.imdb.com/title/tt1634800,Película,2.9,80,2010,"Musical, Fantasía, Terror, Ciencia ficción",457,"2010-07","Carlos Atanes"
tt0062870,6,2018-09-23,"Marqués de Sade: Justine","Marquis de Sade: Justine",https://www.imdb.com/title/tt0062870,Película,5.1,90,1969,"Drama",2353,"1969-04-03","Jesús Franco"
tt0095515,7,2018-09-23,"Let's Get Lost","Let's Get Lost",https://www.imdb.com/title/tt0095515,Película,7.7,120,1988,"Documental, Música, Biografía",2636,"2009-09-18","Bruce Weber"
tt0463935,4,2018-09-23,"Sexy killers","Candy Stripers",https://www.imdb.com/title/tt0463935,Película,3.4,89,2006,"Terror, Ciencia ficción",1558,"2006-06-27","Kate Robbins"
tt0954947,6,2018-09-23,"El demonio bajo la piel","The Killer Inside Me",https://www.imdb.com/title/tt0954947,Película,6.1,109,2010,"Crimen, Drama, Suspense, Misterio",37160,"2011-01-21","Michael Winterbottom"
tt0100164,2,2018-09-23,"La virgen sagrada contra la posesión infernal","Moh soen gip",https://www.imdb.com/title/tt0100164,Película,5.6,92,1991,"Terror, Acción",604,"1991-06-07","Chun-Ku Lu"
tt0809427,6,2018-09-23,"Fantasma","Fantasma",https://www.imdb.com/title/tt0809427,Película,6.4,63,2006,"Drama",442,"2006-05-23","Lisandro Alonso"
tt1468757,3,2018-09-23,"Zombie Women of Satan","Zombie Women of Satan",https://www.imdb.com/title/tt1468757,Película,3.3,85,2009,"Terror, Comedia, Romance",970,"2009-08-31","Steve O'Brien,Warren Speed"
tt2018047,6,2018-09-23,"Cabaret Desire","Cabaret Desire",https://www.imdb.com/title/tt2018047,Vídeo,4.4,80,2011,"X, Romance",470,"2011","Erika Lust"
tt0435091,5,2018-09-23,"Jóvenes","Joves",https://www.imdb.com/title/tt0435091,Película,5.1,105,2004,"Drama",236,"2005-01-21","Carles Torras,Ramon Térmens"
tt0055830,7,2018-09-23,"El carnaval de las almas","Carnival of Souls",https://www.imdb.com/title/tt0055830,Película,7.0,78,1962,"Misterio, Terror",31545,"1962-11-02","Herk Harvey"
tt0092991,6,2018-09-23,"Terroríficamente muertos","Evil Dead II",https://www.imdb.com/title/tt0092991,Película,7.6,84,1987,"Comedia, Terror",199876,"1988-09-30","Sam Raimi"
tt1142977,5,2018-09-23,"Frankenweenie","Frankenweenie",https://www.imdb.com/title/tt1142977,Película,6.9,87,2012,"Animación, Comedia, Familiar, Ciencia ficción, Terror, Drama, Suspense, Fantasía",127443,"2012-10-11","Tim Burton"
tt0837562,5,2018-09-23,"Hotel Transilvania","Hotel Transylvania",https://www.imdb.com/title/tt0837562,Película,7.1,91,2012,"Animación, Comedia, Familiar, Fantasía",318811,"2012-10-26","Genndy Tartakovsky"
tt0097456,4,2018-09-21,"La esperanza negra","Grave Secrets",https://www.imdb.com/title/tt0097456,Película,4.6,90,1989,"Terror",673,"1989-10","Donald P. Borchers"
tt0475169,7,2018-09-21,"13 Tzameti","13 Tzameti",https://www.imdb.com/title/tt0475169,Película,7.3,93,2005,"Suspense, Crimen, Drama",18708,"2007-01-26","Géla Babluani"
tt0023563,5,2018-09-21,"El testamento del Dr. Mabuse","Das Testament des Dr. Mabuse",https://www.imdb.com/title/tt0023563,Película,7.9,121,1933,"Misterio, Suspense, Crimen",14749,"1961-08-24","Fritz Lang"
tt1572491,4,2018-09-21,"Balada triste de trompeta","Balada triste de trompeta",https://www.imdb.com/title/tt1572491,Película,6.5,107,2010,"Comedia, Drama, Terror, Bélico",16035,"2010-12-17","Álex de la Iglesia"
tt1649419,6,2018-09-21,"Lo imposible","Lo imposible",https://www.imdb.com/title/tt1649419,Película,7.5,114,2012,"Suspense, Drama, Historia",266761,"2012-10-11","J.A. Bayona"
tt0095132,2,2018-09-21,"Los fantasmas de Sodoma","Il fantasma di Sodoma",https://www.imdb.com/title/tt0095132,Vídeo,3.8,84,1988,"Terror",978,"1988","Lucio Fulci,Mario Bianchi"
tt0117318,4,2018-09-21,"El escándalo de Larry Flynt","The People vs. Larry Flynt",https://www.imdb.com/title/tt0117318,Película,7.3,130,1996,"Biografía, Drama",106653,"1997-02-25","Miloš Forman"
tt0064040,5,2018-09-21,"El ejército de las sombras","L'armée des ombres",https://www.imdb.com/title/tt0064040,Película,8.1,145,1969,"Drama, Bélico",29616,"1972-06-19","Jean-Pierre Melville"
tt0465146,4,2018-09-21,"Animales heridos","Animals ferits",https://www.imdb.com/title/tt0465146,Película,4.8,94,2006,"Drama",187,"2006-02-10","Ventura Pons"
tt0410730,5,2018-09-21,"Taxidermia","Taxidermia",https://www.imdb.com/title/tt0410730,Película,6.8,94,2006,"Comedia, Terror",19743,"2007-06-08","György Pálfi"
tt0057693,5,2018-09-21,"El hombre con rayos X en los ojos","X",https://www.imdb.com/title/tt0057693,Película,6.6,79,1963,"Terror, Ciencia ficción, Suspense",9227,"1966-01-24","Roger Corman"
tt2112968,5,2018-09-21,"Iceberg","Iceberg",https://www.imdb.com/title/tt2112968,Película,5.5,84,2011,"Drama",62,"2012-06-15","Gabriel Velázquez"
tt0048037,6,2018-09-21,"Ensayo de un crimen","Ensayo de un crimen",https://www.imdb.com/title/tt0048037,Película,7.6,89,1955,"Crimen, Drama, Comedia",6541,"1955-05-19","Luis Buñuel"
tt0768120,5,2018-09-21,"Conociendo a Matsuko","Kiraware Matsuko no isshô",https://www.imdb.com/title/tt0768120,Película,7.8,130,2006,"Musical, Comedia, Drama, Misterio",9709,"2006-05-27","Tetsuya Nakashima"
tt0063149,6,2018-09-21,"Soy curiosa azul","Jag är nyfiken - blå",https://www.imdb.com/title/tt0063149,Película,6.0,107,1968,"Drama",1790,"2005-07-01","Vilgot Sjöman"
tt1440345,4,2018-09-21,"Un lugar donde quedarse (This Must Be the Place)","This Must Be the Place",https://www.imdb.com/title/tt1440345,Película,6.7,118,2011,"Drama, Comedia, Aventura",39033,"2012-05-11","Paolo Sorrentino"
tt0061834,6,2018-09-21,"Soy curiosa amarillo","Jag är nyfiken - gul",https://www.imdb.com/title/tt0061834,Película,6.0,121,1967,"Romance, Drama",4559,"1978-07-19","Vilgot Sjöman"
tt1303902,2,2018-09-21,"Someone's Knocking at the Door","Someone's Knocking at the Door",https://www.imdb.com/title/tt1303902,Película,4.0,80,2009,"Terror, Fantasía",1751,"2009-04-16","Chad Ferrin"
tt0069745,6,2018-09-21,"El ataque de las vampiras","La comtesse noire",https://www.imdb.com/title/tt0069745,Película,4.7,82,1973,"Terror",2373,"1973-06-05","Jesús Franco"
tt0095941,3,2018-09-21,"La sombra de Lester","Quando Alice ruppe lo specchio",https://www.imdb.com/title/tt0095941,Vídeo,5.1,86,1988,"Comedia, Crimen, Terror",2060,"1988","Lucio Fulci"
tt1566637,5,2018-09-21,"The Afflicted","The Afflicted",https://www.imdb.com/title/tt1566637,Película,4.5,85,2011,"Suspense, Terror",1608,"2011-05-08","Jason Stoddard"
tt0061882,7,2018-09-21,"Branded to kill","Koroshi no rakuin",https://www.imdb.com/title/tt0061882,Película,7.2,91,1967,"Drama, Suspense, Crimen, Acción",11255,"1967-06-15","Seijun Suzuki"
tt1986825,6,2018-09-21,"Los niños salvajes","Els nens salvatges",https://www.imdb.com/title/tt1986825,Película,6.1,100,2012,"Drama",593,"2012-05-25","Patricia Ferreira"
tt0085496,5,2018-09-21,"Entre tinieblas","Entre tinieblas",https://www.imdb.com/title/tt0085496,Película,6.5,114,1983,"Drama, Comedia",9365,"1983-10-03","Pedro Almodóvar"
tt0431021,5,2018-09-21,"The Possession: El origen del mal","The Possession",https://www.imdb.com/title/tt0431021,Película,5.9,92,2012,"Terror, Suspense, Misterio",66309,"2012-09-07","Ole Bornedal"
tt2108535,1,2018-09-21,"Holmes & Watson: Madrid Days","Holmes & Watson: Madrid Days",https://www.imdb.com/title/tt2108535,Película,4.2,129,2012,"Drama, Misterio, Suspense",338,"2012-09-07","José Luis Garci"
tt1713452,2,2018-09-19,"Half Moon","Half Moon",https://www.imdb.com/title/tt1713452,Película,3.2,95,2010,"Terror",396,"2010-10-01","Jason Toler"
tt0089902,5,2018-09-19,"La cita","Rendez-vous",https://www.imdb.com/title/tt0089902,Película,6.4,82,1985,"Romance, Drama",3423,"1985-05-15","André Téchiné"
tt0056931,6,2018-09-19,"Los hijos de los malditos","Children of the Damned",https://www.imdb.com/title/tt0056931,Película,6.2,89,1964,"Terror, Drama, Misterio, Ciencia ficción",5553,"1964-01-29","Anton Leader"
tt1230439,5,2018-09-19,"Trash","Trash",https://www.imdb.com/title/tt1230439,Película,5.2,91,2010,"Drama",147,"2010-10-30","Carles Torras"
tt2279041,6,2018-09-19,"Jodidos kabrones","Jodidos kabrones",https://www.imdb.com/title/tt2279041,Película,4.2,63,2012,"Comedia, Terror",71,"2012-02-10","Manolito Motosierra"
tt1998213,5,2018-09-19,"El cuaderno de barro","El cuaderno de barro",https://www.imdb.com/title/tt1998213,Película,7.0,60,2011,"Documental",59,"2011-09-20","Isaki Lacuesta"
tt1612305,7,2018-09-19,"El alma de las moscas","El alma de las moscas",https://www.imdb.com/title/tt1612305,Película,6.6,78,2011,"Comedia",105,"2012-07-13","Jonathan Cenzual Burley"
tt0095607,6,2018-09-19,"Medea","Medea",https://www.imdb.com/title/tt0095607,Película de TV,7.1,77,1988,"Drama",3942,"1988-04-01","Lars von Trier"
tt1423381,2,2018-09-19,"Hienas","Hienas",https://www.imdb.com/title/tt1423381,Vídeo,4.1,122,2009,"Crimen, Comedia, Misterio, Aventura",60,"2022-08-28","Norberto Ramos del Val"
tt1179071,3,2018-09-19,"The Orphan Killer","The Orphan Killer",https://www.imdb.com/title/tt1179071,Película,3.8,83,2011,"Terror",1851,"2011-10-13","Matt Farnsworth"
tt0491244,5,2018-09-19,"Hak se wui: Yi woo wai kwai","Hak se wui: Yi woo wai kwai",https://www.imdb.com/title/tt0491244,Película,7.4,93,2006,"Crimen, Drama, Suspense",7591,"2007-08-10","Johnnie To"
tt0054443,7,2018-09-19,"El pueblo de los malditos","Village of the Damned",https://www.imdb.com/title/tt0054443,Película,7.3,77,1960,"Terror, Ciencia ficción",21531,"1960-12-07","Wolf Rilla"
tt1722476,6,2018-09-19,"The Swell Season","The Swell Season",https://www.imdb.com/title/tt1722476,Película,6.9,91,2011,"Documental, Música, Romance",883,"2012-07-13","Nick August-Perna,Chris Dapkins,Carlo Mirabella-Davis"
tt0180747,7,2018-09-19,"Hotel Room","Hotel Room",https://www.imdb.com/title/tt0180747,Película,5.9,86,1998,"Drama, Comedia",90,"2000-11-16","Cesc Gay,Daniel Gimelberg"
tt0122515,4,2018-09-19,"The Acid House","The Acid House",https://www.imdb.com/title/tt0122515,Película,6.2,111,1998,"Comedia, Drama",8402,"2000-03-10","Paul McGuigan"
tt1634058,3,2018-09-19,"Star Vehicle","Star Vehicle",https://www.imdb.com/title/tt1634058,Película,3.5,75,2010,"Terror",359,"2010-09-24","Ryan Nicholson"
tt0434008,5,2018-09-19,"Election","Hak se wui",https://www.imdb.com/title/tt0434008,Película,7.1,101,2005,"Drama, Suspense, Crimen",12510,"2005-12-30","Johnnie To"
tt1446714,4,2018-09-19,"Prometheus","Prometheus",https://www.imdb.com/title/tt1446714,Película,7.0,124,2012,"Aventura, Ciencia ficción",706255,"2012-08-03","Ridley Scott"
tt1288411,5,2018-09-19,"Usted está aquí","You Are Here",https://www.imdb.com/title/tt1288411,Película,6.0,79,2010,"Drama, Fantasía, Ciencia ficción",335,"2018-08-23","Daniel Cockburn"
tt1297920,7,2018-09-19,"Blog","Blog",https://www.imdb.com/title/tt1297920,Película,5.3,88,2010,"Drama",257,"2011-01-21","Elena Trapé"
tt1156143,4,2018-09-19,"Las malas hierbas","Les herbes folles",https://www.imdb.com/title/tt1156143,Película,6.2,104,2009,"Drama, Romance",4110,"2012-03-16","Alain Resnais"
tt1563655,7,2018-09-19,"Elisa K","Elisa K",https://www.imdb.com/title/tt1563655,Película,5.9,71,2010,"Drama",243,"2010-09-24","Jordi Cadena,Judith Colell"
tt0070130,6,2018-09-19,"La gran comilona","La Grande Bouffe",https://www.imdb.com/title/tt0070130,Película,7.0,130,1973,"Comedia, Drama",16192,"1978-05-12","Marco Ferreri"
tt1483386,6,2018-09-19,"Héroes","Héroes",https://www.imdb.com/title/tt1483386,Película,7.1,104,2010,"Comedia, Drama, Familiar",992,"2010-10-22","Pau Freixas"
tt1588337,3,2018-09-19,"De dioses y hombres","Des hommes et des dieux",https://www.imdb.com/title/tt1588337,Película,7.2,122,2010,"Drama, Historia",16844,"2011-01-14","Xavier Beauvois"
tt1316540,8,2018-09-19,"El caballo de Turín","A torinói ló",https://www.imdb.com/title/tt1316540,Película,7.7,155,2011,"Drama",21682,"2011-03-31","Béla Tarr,Ágnes Hranitzky"
tt2087850,3,2018-09-19,"Los infieles","Les infidèles",https://www.imdb.com/title/tt2087850,Película,5.3,109,2012,"Comedia, Drama",9182,"2012-04-04","Jean Dujardin,Gilles Lellouche,Emmanuelle Bercot,Fred Cavayé,Alexandre Courtès,Michel Hazanavicius,Jan Kounen,Éric Lartigau"
tt1345836,4,2018-09-19,"El caballero oscuro: La leyenda renace","The Dark Knight Rises",https://www.imdb.com/title/tt1345836,Película,8.4,164,2012,"Suspense, Crimen",2023078,"2012-07-20","Christopher Nolan"
tt0382097,5,2018-09-19,"Incautos","Incautos",https://www.imdb.com/title/tt0382097,Película,6.7,110,2004,"Crimen, Suspense, Drama",1097,"2004-07-09","Miguel Bardem"
tt0091369,5,2018-09-19,"Dentro del laberinto","Labyrinth",https://www.imdb.com/title/tt0091369,Película,7.3,101,1986,"Musical, Familiar, Aventura, Fantasía",166553,"1986-12-19","Jim Henson"
tt2620590,6,2018-09-17,"Leatherface","Leatherface",https://www.imdb.com/title/tt2620590,Película,5.0,90,2017,"Terror, Suspense, Crimen, Drama, Misterio",31747,"2018-06-17","Alexandre Bustillo,Julien Maury"
tt5886440,4,2018-09-17,"El secreto de Marrowbone","Marrowbone",https://www.imdb.com/title/tt5886440,Película,6.7,110,2017,"Drama, Suspense, Terror, Misterio",51417,"2017-10-27","Sergio G. Sánchez"
tt0060968,6,2018-09-17,"Shanty Tramp","Shanty Tramp",https://www.imdb.com/title/tt0060968,Película,5.6,72,1967,"Crimen, Suspense, Drama",598,"1967-06-21","Joseph G. Prieto"
tt0056671,5,2018-09-17,"La gata negra","Walk on the Wild Side",https://www.imdb.com/title/tt0056671,Película,6.7,114,1962,"Romance, Drama",3462,"1962-03-17","Edward Dmytryk"
tt0948470,5,2018-09-17,"The Amazing Spider-Man","The Amazing Spider-Man",https://www.imdb.com/title/tt0948470,Película,7.0,136,2012,"Acción, Ciencia ficción",785079,"2012-07-06","Marc Webb"
tt1937097,5,2018-09-17,"Año de Gracia","Any de Gràcia",https://www.imdb.com/title/tt1937097,Película,5.3,90,2011,"Comedia, Drama",195,"2012-03-02","Ventura Pons"
tt1794790,7,2018-09-17,"Finisterrae","Finisterrae",https://www.imdb.com/title/tt1794790,Película,6.4,80,2010,"Fantasía",724,"2010-06-11","Sergio Caballero"
tt1529569,2,2018-09-17,"Una dulce mentira","De vrais mensonges",https://www.imdb.com/title/tt1529569,Película,6.4,105,2010,"Comedia, Romance",7767,"2011-04-15","Pierre Salvadori"
tt1478964,4,2018-09-17,"Attack the Block","Attack the Block",https://www.imdb.com/title/tt1478964,Película,6.6,88,2011,"Ciencia ficción, Comedia, Acción, Suspense, Aventura",116229,"2011-05-13","Joe Cornish"
tt1433318,5,2018-09-17,"Mònica del Raval","Mònica del Raval",https://www.imdb.com/title/tt1433318,Película,7.6,108,2009,"Documental, Biografía",97,"2009-10-02","Francesc Betriu"
tt1435513,2,2018-09-17,"Hysteria","Hysteria",https://www.imdb.com/title/tt1435513,Película,6.7,100,2011,"Comedia, Romance, Biografía",34240,"2012-06-15","Tanya Wexler"
tt0345061,4,2018-09-17,"Código 46","Code 46",https://www.imdb.com/title/tt0345061,Película,6.1,93,2003,"Drama, Suspense, Ciencia ficción, Romance",21865,"2005-04-22","Michael Winterbottom"
tt1403865,6,2018-09-17,"Valor de ley (True Grit)","True Grit",https://www.imdb.com/title/tt1403865,Película,7.6,110,2010,"Drama, Del oeste",378901,"2011-02-11","Ethan Coen,Joel Coen"
tt1320244,6,2018-09-17,"El último exorcismo","The Last Exorcism",https://www.imdb.com/title/tt1320244,Película,5.7,87,2010,"Suspense, Terror, Misterio",54645,"2011-03-06","Daniel Stamm"
tt1007029,5,2018-09-17,"La dama de hierro","The Iron Lady",https://www.imdb.com/title/tt1007029,Película,6.4,105,2011,"Drama, Biografía",117357,"2012-01-05","Phyllida Lloyd"
tt0901487,7,2018-09-17,"El bueno, el malo y el raro","Joeun nom, napun nom, esanghan nom",https://www.imdb.com/title/tt0901487,Película,7.2,139,2008,"Aventura, Acción, Del oeste, Comedia",39987,"2008-07-17","Kim Jee-woon"
tt3463106,4,2018-09-16,"The Cured","The Cured",https://www.imdb.com/title/tt3463106,Película,5.6,95,2017,"Terror, Drama, Ciencia ficción, Suspense",10418,"2018-04-20","David Freyne"
tt0062711,8,2018-09-14,"Barbarella","Barbarella",https://www.imdb.com/title/tt0062711,Película,5.9,98,1968,"Acción, Ciencia ficción, Aventura, Fantasía",41156,"1968-10-22","Roger Vadim"
tt1723811,9,2018-09-14,"Shame","Shame",https://www.imdb.com/title/tt1723811,Película,7.2,101,2011,"Drama",218562,"2012-02-17","Steve McQueen"
tt0421715,3,2018-09-14,"El curioso caso de Benjamin Button","The Curious Case of Benjamin Button",https://www.imdb.com/title/tt0421715,Película,7.8,166,2008,"Romance, Drama, Fantasía",753157,"2009-02-06","David Fincher"
tt1637687,5,2018-09-14,"De mayor quiero ser soldado","De mayor quiero ser soldado",https://www.imdb.com/title/tt1637687,Película,5.9,100,2010,"Drama",787,"2011-10-21","Christian Molina"
tt1257569,5,2018-09-14,"Petit indi","Petit indi",https://www.imdb.com/title/tt1257569,Película,5.7,92,2009,"Drama",221,"2009-10-30","Marc Recha"
tt1495980,3,2018-09-14,"La caída de Lehman Brothers","The Last Days of Lehman Brothers",https://www.imdb.com/title/tt1495980,Película de TV,6.1,60,2009,"Drama",763,"2009-09-09","Michael Samuels"
tt0056983,2,2018-09-14,"Demencia 13","Dementia 13",https://www.imdb.com/title/tt0056983,Película,5.7,75,1963,"Suspense, Terror",10295,"1963-08-31","Francis Ford Coppola"
tt1571222,5,2018-09-14,"Un método peligroso","A Dangerous Method",https://www.imdb.com/title/tt1571222,Película,6.4,99,2011,"Drama, Biografía, Romance",112527,"2011-11-25","David Cronenberg"
tt1356864,7,2018-09-14,"I'm Still Here","I'm Still Here",https://www.imdb.com/title/tt1356864,Película,6.1,108,2010,"Música, Comedia, Drama",25065,"2011-02-11","Casey Affleck"
tt0776201,3,2018-09-14,"Wer war Kafka?","Wer war Kafka?",https://www.imdb.com/title/tt0776201,Película,6.8,98,2006,"Documental",61,"2007-01-26","Richard Dindo"
tt1421051,5,2018-09-14,"Somewhere","Somewhere",https://www.imdb.com/title/tt1421051,Película,6.3,97,2010,"Drama, Comedia, Romance",48911,"2011-09-30","Sofia Coppola"
tt0036613,4,2018-09-14,"Arsénico por compasión","Arsenic and Old Lace",https://www.imdb.com/title/tt0036613,Película,7.9,118,1944,"Crimen, Suspense, Comedia",78037,"1944-09-21","Frank Capra"
tt0293113,5,2018-09-14,"Dracula: Pages from a Virgin's Diary","Dracula: Pages from a Virgin's Diary",https://www.imdb.com/title/tt0293113,Película,6.8,73,2002,"Musical, Drama, Terror",2356,"2003-12-12","Guy Maddin"
tt1671496,4,2018-09-13,"Si no nosotros, ¿quién?","Wer wenn nicht wir",https://www.imdb.com/title/tt1671496,Película,6.3,124,2011,"Biografía, Drama",1359,"2011-11-25","Andres Veiel"
tt1379182,9,2018-09-13,"Canino","Kynodontas",https://www.imdb.com/title/tt1379182,Película,7.1,97,2009,"Drama, Suspense",124704,"2010-05-12","Yorgos Lanthimos"
tt0404203,4,2018-09-13,"Juegos secretos. Little Children","Little Children",https://www.imdb.com/title/tt0404203,Película,7.5,137,2006,"Drama, Romance",122530,"2007-02-09","Todd Field"
tt0290673,8,2018-09-13,"Irreversible","Irréversible",https://www.imdb.com/title/tt0290673,Película,7.3,97,2002,"Crimen, Misterio, Drama, Suspense",165069,"2002-10-11","Gaspar Noé"
tt1407052,7,2018-09-13,"Arrugas","Arrugas",https://www.imdb.com/title/tt1407052,Película,7.6,89,2011,"Animación, Drama",4879,"2012-01-27","Ignacio Ferreras"
tt1707391,2,2018-09-13,"4:44 Last Day on Earth","4:44 Last Day on Earth",https://www.imdb.com/title/tt1707391,Película,4.7,82,2011,"Drama, Fantasía, Ciencia ficción",6055,"2012-12-19","Abel Ferrara"
tt1772240,5,2018-09-13,"Apollo 18","Apollo 18",https://www.imdb.com/title/tt1772240,Película,5.2,86,2011,"Terror, Suspense, Ciencia ficción, Misterio",60548,"2011-09-01","Gonzalo López-Gallego"
tt1734067,4,2018-09-13,"Atrocious","Atrocious",https://www.imdb.com/title/tt1734067,Película,4.9,79,2010,"Terror, Suspense, Misterio",5510,"2012-06-16","Fernando Barreda Luna"
tt0054017,5,2018-09-13,"La última mujer sobre la Tierra","Last Woman on Earth",https://www.imdb.com/title/tt0054017,Película,4.7,71,1960,"Terror, Drama, Misterio, Romance, Ciencia ficción",2408,"1960-08-05","Roger Corman"
tt0419294,5,2018-09-13,"Los tres entierros de Melquiades Estrada","The Three Burials of Melquiades Estrada",https://www.imdb.com/title/tt0419294,Película,7.3,121,2005,"Drama, Aventura, Crimen, Misterio, Del oeste",43442,"2006-02-17","Tommy Lee Jones"
tt1134664,4,2018-09-12,"Boogie Woogie","Boogie Woogie",https://www.imdb.com/title/tt1134664,Película,5.1,94,2009,"Comedia, Drama",4411,"2017-09-29","Duncan Ward"
tt1298554,6,2018-09-12,"Eva","Eva",https://www.imdb.com/title/tt1298554,Película,6.6,94,2011,"Drama, Fantasía, Ciencia ficción, Romance",10749,"2011-10-28","Kike Maíllo"
tt0447907,6,2018-09-12,"Concursante","Concursante",https://www.imdb.com/title/tt0447907,Película,6.4,84,2007,"Comedia, Drama",1976,"2007-03-16","Rodrigo Cortés"
tt0495138,7,2018-09-12,"La leyenda del tiempo","La leyenda del tiempo",https://www.imdb.com/title/tt0495138,Película,7.0,109,2006,"Drama",384,"2006-06-02","Isaki Lacuesta"
tt0756206,4,2018-09-12,"Container","Container",https://www.imdb.com/title/tt0756206,Película,4.8,72,2006,"Drama",1049,"2006-03-10","Lukas Moodysson"
tt1226774,7,2018-09-12,"In the loop","In the Loop",https://www.imdb.com/title/tt1226774,Película,7.4,106,2009,"Comedia",64507,"2009-12-04","Armando Iannucci"
tt0469754,6,2018-09-12,"El jefe de todo esto","Direktøren for det hele",https://www.imdb.com/title/tt0469754,Película,6.6,99,2006,"Comedia",13508,"2007-03-16","Lars von Trier"
tt1462758,5,2018-09-12,"Buried","Buried",https://www.imdb.com/title/tt1462758,Película,7.0,95,2010,"Misterio, Suspense, Drama",177334,"2010-10-01","Rodrigo Cortés"
tt0385586,7,2018-09-12,"Nekojiru-sô","Nekojiru-sô",https://www.imdb.com/title/tt0385586,Corto,7.6,34,2001,"Animación, Corto, Comedia, Fantasía, Terror",6636,"2001-02-21","Tatsuo Satō"
tt1542344,5,2018-09-11,"127 horas","127 Hours",https://www.imdb.com/title/tt1542344,Película,7.5,94,2010,"Drama, Biografía",427401,"2011-02-04","Danny Boyle"
tt1757919,5,2018-09-11,"Un cine como tú en un país como éste","Un cine como tú en un país como éste",https://www.imdb.com/title/tt1757919,Película,6.8,73,2010,"Documental",38,"2010-10-26","Chema de la Peña"
tt0349903,4,2018-09-11,"Ocean's Twelve. Uno más entra en juego","Ocean's Twelve",https://www.imdb.com/title/tt0349903,Película,6.5,125,2004,"Suspense, Crimen",440855,"2004-12-17","Steven Soderbergh"
tt0117364,4,2018-09-11,"Retrato de una dama","The Portrait of a Lady",https://www.imdb.com/title/tt0117364,Película,6.2,144,1996,"Romance, Drama",13581,"1997-02-06","Jane Campion"
tt1451755,6,2018-09-11,"La mujer sin piano","La mujer sin piano",https://www.imdb.com/title/tt1451755,Película,5.8,94,2009,"Comedia, Drama",342,"2010-01-29","Javier Rebollo"
tt0068969,6,2018-09-11,"Morbo","Morbo",https://www.imdb.com/title/tt0068969,Película,5.7,88,1972,"Drama, Suspense",225,"1972-09-15","Gonzalo Suárez"
tt0079672,5,2018-09-11,"Noche de estreno. Opening night","Opening Night",https://www.imdb.com/title/tt0079672,Película,7.8,144,1977,"Drama",14255,"2020-07-26","John Cassavetes"
tt0073196,4,2018-09-11,"Te amo... pero yo no","Je t'aime moi non plus",https://www.imdb.com/title/tt0073196,Película,5.9,89,1976,"Drama",2602,"1980-03-07","Serge Gainsbourg"
tt0330229,6,2018-09-11,"Dolls - Marionetas","Dôruzu",https://www.imdb.com/title/tt0330229,Película,7.5,114,2002,"Romance, Drama",18041,"2003-01-24","Takeshi Kitano"
tt0061770,7,2018-09-11,"Un hombre","Hombre",https://www.imdb.com/title/tt0061770,Película,7.4,111,1967,"Drama, Del oeste",16006,"1967-03-21","Martin Ritt"
tt0069332,7,2018-09-11,"Super Fly","Super Fly",https://www.imdb.com/title/tt0069332,Película,6.4,91,1972,"Música, Suspense, Crimen, Drama, Acción",9420,"1980-05-01","Gordon Parks Jr."
tt0091939,6,2018-09-11,"Nola Darling","She's Gotta Have It",https://www.imdb.com/title/tt0091939,Película,6.8,84,1986,"Romance, Comedia",17825,"1987-09-03","Spike Lee"
tt0022718,3,2018-09-11,"Boudu salvado de las aguas","Boudu sauvé des eaux",https://www.imdb.com/title/tt0022718,Película,7.2,85,1932,"Comedia",6700,"1932-11-11","Jean Renoir"
tt3405714,3,2018-09-10,"Mythica: Una proeza heroica","Mythica: A Quest for Heroes",https://www.imdb.com/title/tt3405714,Película,5.5,92,2014,"Fantasía, Acción, Aventura",5610,"2014-12-08","Anne K. Black"
tt0369359,3,2018-09-10,"Carne muerta","Dead Meat",https://www.imdb.com/title/tt0369359,Película,4.7,80,2004,"Acción, Comedia, Terror, Ciencia ficción",2448,"2004-12","Conor McMahon"
tt0058073,5,2018-09-10,"La maldad de Frankenstein","The Evil of Frankenstein",https://www.imdb.com/title/tt0058073,Película,6.0,84,1964,"Terror",5282,"1964-05-31","Freddie Francis"
tt0050894,5,2018-09-10,"La venganza de Frankenstein","The Revenge of Frankenstein",https://www.imdb.com/title/tt0050894,Película,6.7,90,1958,"Ciencia ficción, Terror",7130,"1958-09-05","Terence Fisher"
tt0035160,6,2018-09-10,"Obsesión","Ossessione",https://www.imdb.com/title/tt0035160,Película,7.5,140,1943,"Crimen, Romance, Drama",9123,"1949-05-24","Luchino Visconti"
tt0058557,6,2018-09-10,"Plan siniestro","Seance on a Wet Afternoon",https://www.imdb.com/title/tt0058557,Película,7.5,121,1964,"Drama, Crimen",8308,"1965-03-22","Bryan Forbes"
tt0451094,7,2018-09-10,"Sympathy for Lady Vengeance","Chinjeolhan Geumjassi",https://www.imdb.com/title/tt0451094,Película,7.5,115,2005,"Drama, Crimen, Suspense",94336,"2007-08-10","Park Chan-wook"
tt0053220,4,2018-09-10,"Cabalgar en solitario","Ride Lonesome",https://www.imdb.com/title/tt0053220,Película,7.1,73,1959,"Del oeste",7688,"1959-02-15","Budd Boetticher"
tt0082979,4,2018-09-10,"Rojos","Reds",https://www.imdb.com/title/tt0082979,Película,7.3,195,1981,"Romance, Biografía, Historia, Drama",27020,"1981-12-25","Warren Beatty"
tt0071141,7,2018-09-10,"Todos nos llamamos Alí","Angst essen Seele auf",https://www.imdb.com/title/tt0071141,Película,8.0,93,1974,"Drama, Romance",26256,"1974-06-05","Rainer Werner Fassbinder"
tt0023158,3,2018-09-10,"Ámame esta noche","Love Me Tonight",https://www.imdb.com/title/tt0023158,Película,7.5,104,1932,"Musical, Comedia, Romance",5170,"1932-08-18","Rouben Mamoulian"
tt0112767,6,2018-09-10,"Cyclo","Xich Lo",https://www.imdb.com/title/tt0112767,Película,7.1,123,1995,"Crimen, Drama",5983,"1995-11-16","Tran Anh Hung"
tt0040725,6,2018-09-10,"Las zapatillas rojas","The Red Shoes",https://www.imdb.com/title/tt0040725,Película,8.1,135,1948,"Música, Romance, Drama",44122,"1966-05-27","Michael Powell,Emeric Pressburger"
tt0051899,4,2018-09-10,"El hombre del oeste","Man of the West",https://www.imdb.com/title/tt0051899,Película,7.0,100,1958,"Drama, Del oeste",10926,"1958-10-10","Anthony Mann"
tt0978764,2,2018-09-10,"Sucker Punch","Sucker Punch",https://www.imdb.com/title/tt0978764,Película,6.1,110,2011,"Fantasía, Acción, Aventura, Suspense",262810,"2011-03-25","Zack Snyder"
tt0077405,7,2018-09-10,"Días del cielo","Days of Heaven",https://www.imdb.com/title/tt0077405,Película,7.7,94,1978,"Romance, Drama",69835,"1978-10-06","Terrence Malick"
tt0093713,5,2018-09-10,"Pelle el Conquistador","Pelle erobreren",https://www.imdb.com/title/tt0093713,Película,7.7,157,1987,"Drama",12777,"1987-12-25","Bille August"
tt0058430,7,2018-09-08,"Onibaba","Onibaba",https://www.imdb.com/title/tt0058430,Película,7.8,103,1964,"Drama, Suspense, Terror",26109,"1964-11-21","Kaneto Shindō"
tt0095715,6,2018-09-08,"Alice","Neco z Alenky",https://www.imdb.com/title/tt0095715,Película,7.4,86,1988,"Animación, Aventura, Familiar, Fantasía",15309,"1990-11-01","Jan Švankmajer"
tt0115950,7,2018-09-08,"Cosas que nunca te dije","Cosas que nunca te dije",https://www.imdb.com/title/tt0115950,Película,6.7,93,1996,"Drama, Comedia, Romance",1720,"1996-10-11","Isabel Coixet"
tt0112870,6,2018-09-08,"Dilwale Dulhania Le Jayenge","Dilwale Dulhania Le Jayenge",https://www.imdb.com/title/tt0112870,Película,8.0,189,1995,"Drama, Romance",86622,"1995-10-20","Aditya Chopra"
tt0441773,5,2018-09-08,"Kung Fu Panda","Kung Fu Panda",https://www.imdb.com/title/tt0441773,Película,7.6,92,2008,"Animación, Comedia, Acción, Aventura, Familiar, Fantasía",588848,"2008-07-11","Mark Osborne,John Stevenson"
tt0069191,4,2018-09-08,"Roma","Roma",https://www.imdb.com/title/tt0069191,Película,7.3,120,1972,"Comedia, Drama",14990,"1976-07-16","Federico Fellini"
tt1436562,1,2018-09-08,"Río","Rio",https://www.imdb.com/title/tt1436562,Película,6.9,96,2011,"Animación, Aventura, Comedia, Familiar, Música, Romance",277144,"2011-04-08","Carlos Saldanha"
tt1067583,1,2018-09-08,"Agua para elefantes","Water for Elephants",https://www.imdb.com/title/tt1067583,Película,6.9,122,2011,"Drama, Romance",124550,"2011-05-06","Francis Lawrence"
tt1265998,5,2018-09-08,"Afro Samurai: Resurrection","Afro Samurai: Resurrection",https://www.imdb.com/title/tt1265998,Película de TV,7.1,97,2009,"Animación, Acción, Aventura, Drama, Fantasía, Ciencia ficción",10200,"2009-01-25","Fuminori Kizaki"
tt0050468,6,2018-09-08,"Duelo de titanes","Gunfight at the O.K. Corral",https://www.imdb.com/title/tt0050468,Película,7.1,122,1957,"Drama, Biografía, Del oeste",19067,"1957-05-30","John Sturges"
tt0022286,7,2018-09-08,"El enemigo público","The Public Enemy",https://www.imdb.com/title/tt0022286,Película,7.6,83,1931,"Crimen, Drama",23773,"1931-05-15","William A. Wellman"
tt0036630,5,2018-09-08,"San Pietro","San Pietro",https://www.imdb.com/title/tt0036630,Corto,6.6,32,1945,"Documental, Corto, Bélico",2707,"1945-05-03","John Huston"
tt0059527,7,2018-09-08,"La tienda en la calle Mayor","Obchod na korze",https://www.imdb.com/title/tt0059527,Película,8.2,128,1965,"Bélico, Drama",10568,"1965-10-08","Ján Kadár,Elmar Klos"
tt0077315,4,2018-09-08,"La habitación verde","La chambre verte",https://www.imdb.com/title/tt0077315,Película,6.8,94,1978,"Drama",3549,"1978-04-05","François Truffaut"
tt0074749,8,2018-09-08,"El asesinato de un corredor de apuestas chino","The Killing of a Chinese Bookie",https://www.imdb.com/title/tt0074749,Película,7.2,135,1976,"Crimen, Suspense, Drama",16619,"1976-02-15","John Cassavetes"
tt0067277,8,2018-09-08,"Johnny cogió su fusil","Johnny Got His Gun",https://www.imdb.com/title/tt0067277,Película,7.8,111,1971,"Drama, Bélico",20034,"1973-10-31","Dalton Trumbo"
tt0114134,7,2018-09-08,"The Pillow Book","The Pillow Book",https://www.imdb.com/title/tt0114134,Película,6.5,126,1996,"Drama",14314,"1997-02-21","Peter Greenaway"
tt0310775,6,2018-09-08,"Sympathy for Mr. Vengeance","Boksuneun naui geot",https://www.imdb.com/title/tt0310775,Película,7.5,129,2002,"Suspense, Crimen, Drama",82655,"2002-03-29","Park Chan-wook"
tt0022150,4,2018-09-07,"El millón","Le million",https://www.imdb.com/title/tt0022150,Película,7.3,91,1931,"Musical, Comedia",4109,"1931-02-04","René Clair"
tt0040550,7,2018-09-07,"Louisiana Story","Louisiana Story",https://www.imdb.com/title/tt0040550,Película,6.4,78,1948,"Aventura, Drama",2402,"1948-10-28","Robert J. Flaherty"
tt0062952,9,2018-09-07,"Rostros (Faces)","Faces",https://www.imdb.com/title/tt0062952,Película,7.4,130,1968,"Drama",12887,"2020-11-19","John Cassavetes"
tt0049730,6,2018-09-07,"Centauros del desierto","The Searchers",https://www.imdb.com/title/tt0049730,Película,7.8,119,1956,"Aventura, Del oeste",103631,"1956-05-26","John Ford"
tt0119879,7,2018-09-07,"Perdita Durango","Perdita Durango",https://www.imdb.com/title/tt0119879,Película,6.3,129,1997,"Terror, Romance, Crimen, Acción",11023,"1997-10-31","Álex de la Iglesia"
tt0117968,6,2018-09-07,"Tres vidas y una sola muerte","Trois vies et une seule mort",https://www.imdb.com/title/tt0117968,Película,6.8,123,1996,"Crimen, Fantasía, Misterio, Comedia",1718,"1997-01-16","Raúl Ruiz"
tt0098635,6,2018-09-07,"Cuando Harry encontró a Sally...","When Harry Met Sally...",https://www.imdb.com/title/tt0098635,Película,7.7,95,1989,"Drama, Romance, Comedia",274490,"1990-03-05","Rob Reiner"
tt0050280,7,2018-09-07,"La maldición de Frankenstein","The Curse of Frankenstein",https://www.imdb.com/title/tt0050280,Película,7.0,83,1957,"Suspense, Ciencia ficción, Terror",15037,"1958-06-09","Terence Fisher"
tt0022599,4,2018-09-07,"Viva la libertad","À nous la liberté",https://www.imdb.com/title/tt0022599,Película,7.4,83,1931,"Musical, Comedia",5379,"1931-12-18","René Clair"
tt0036135,4,2018-09-07,"Perfidia","The Man in Grey",https://www.imdb.com/title/tt0036135,Película,6.5,116,1943,"Historia, Romance, Drama",1833,"1943-08-06","Leslie Arliss"
tt0048342,4,2018-09-07,"El hombre de Laramie","The Man from Laramie",https://www.imdb.com/title/tt0048342,Película,7.3,103,1955,"Drama, Del oeste",13330,"1955-08-31","Anthony Mann"
tt0073768,5,2018-09-07,"Supervixens","Supervixens",https://www.imdb.com/title/tt0073768,Película,5.8,106,1975,"Suspense, Comedia",5997,"1976-11-13","Russ Meyer"
tt0072417,8,2018-09-07,"Una mujer bajo la influencia","A Woman Under the Influence",https://www.imdb.com/title/tt0072417,Película,8.0,155,1974,"Romance, Drama",33955,"1976-11-09","John Cassavetes"
tt0061184,7,2018-09-07,"¿Quién teme a Virginia Woolf?","Who's Afraid of Virginia Woolf?",https://www.imdb.com/title/tt0061184,Película,8.0,131,1966,"Drama",83652,"1966-06-22","Mike Nichols"
tt0116384,4,2018-09-07,"Gabbeh","Gabbeh",https://www.imdb.com/title/tt0116384,Película,6.9,75,1996,"Misterio, Romance, Drama",4046,"1997-02-20","Mohsen Makhmalbaf"
tt0095765,6,2018-09-07,"Cinema Paradiso","Nuovo Cinema Paradiso",https://www.imdb.com/title/tt0095765,Película,8.5,174,1988,"Romance, Drama",320021,"1989-12-18","Giuseppe Tornatore"
tt0020629,7,2018-09-07,"Sin novedad en el frente","All Quiet on the Western Front",https://www.imdb.com/title/tt0020629,Película,8.1,152,1930,"Drama, Bélico",72616,"1930-09-18","Lewis Milestone"
tt0028010,2,2018-09-07,"Al servicio de las damas","My Man Godfrey",https://www.imdb.com/title/tt0028010,Película,7.9,94,1936,"Romance, Drama, Comedia",28906,"1936-09-06","Gregory La Cava"
tt0047849,7,2018-09-07,"Conspiración de silencio","Bad Day at Black Rock",https://www.imdb.com/title/tt0047849,Película,7.6,81,1955,"Suspense, Misterio, Crimen, Del oeste, Drama",27056,"1955-02-13","John Sturges"
tt0497876,4,2018-09-07,"Big Bang Love, Juvenile A","46-okunen no koi",https://www.imdb.com/title/tt0497876,Película,6.7,85,2006,"Drama, Fantasía",2175,"2006-08-26","Takashi Miike"
tt0060511,5,2018-09-07,"Hold Me While I'm Naked","Hold Me While I'm Naked",https://www.imdb.com/title/tt0060511,Corto,5.3,17,1966,"Corto, Comedia, Drama",1944,"1973-04-07","George Kuchar"
tt0084422,4,2018-09-07,"La noche de San Lorenzo","La notte di San Lorenzo",https://www.imdb.com/title/tt0084422,Película,7.2,107,1982,"Romance, Fantasía, Drama, Bélico",5099,"1982-09-17","Paolo Taviani,Vittorio Taviani"
tt0116905,6,2018-09-07,"Lone Star","Lone Star",https://www.imdb.com/title/tt0116905,Película,7.4,135,1996,"Del oeste, Drama, Misterio",36180,"1996-10-07","John Sayles"
tt0104350,5,2018-09-07,"Las mejores intenciones","Den goda viljan",https://www.imdb.com/title/tt0104350,Película,7.7,181,1992,"Biografía, Romance, Drama",3793,"1993-01-15","Bille August"
tt0035169,2,2018-09-06,"Un marido rico","The Palm Beach Story",https://www.imdb.com/title/tt0035169,Película,7.4,88,1942,"Romance, Comedia",13861,"1943-01-01","Preston Sturges"
tt0021571,8,2018-09-06,"La tierra","Zemlya",https://www.imdb.com/title/tt0021571,Película,7.2,75,1930,"Drama",7063,"1930-04-08","Aleksandr Dovzhenko"
tt0388915,5,2018-09-06,"El encargo del cazador","El encargo del cazador",https://www.imdb.com/title/tt0388915,Película,6.9,90,1990,"Documental",45,"1990","Joaquim Jordà"
tt0072709,9,2018-09-06,"El unicornio","Black Moon",https://www.imdb.com/title/tt0072709,Película,6.1,100,1975,"Ciencia ficción, Fantasía, Misterio, Terror",6740,"1975-09-24","Louis Malle"
tt0047495,5,2018-09-06,"Filón de plata","Silver Lode",https://www.imdb.com/title/tt0047495,Película,6.8,81,1954,"Drama, Del oeste",2670,"1954-07-23","Allan Dwan"
tt0066601,7,2018-09-06,"Zabriskie Point","Zabriskie Point",https://www.imdb.com/title/tt0066601,Película,6.9,113,1970,"Drama",18517,"1976-04-29","Michelangelo Antonioni"
tt0094675,7,2018-09-06,"Ariel","Ariel",https://www.imdb.com/title/tt0094675,Película,7.4,72,1988,"Romance, Crimen, Drama, Comedia",9999,"1988-10-21","Aki Kaurismäki"
tt0069097,6,2018-09-06,"Sueños de un seductor","Play It Again, Sam",https://www.imdb.com/title/tt0069097,Película,7.6,85,1972,"Romance, Comedia",29810,"1973-01-15","Herbert Ross"
tt0119107,4,2018-09-06,"Fast, Cheap & Out of Control","Fast, Cheap & Out of Control",https://www.imdb.com/title/tt0119107,Película,7.1,80,1997,"Documental",4105,"1997-10-03","Errol Morris"
tt0095475,6,2018-09-06,"La condena","Kárhozat",https://www.imdb.com/title/tt0095475,Película,7.6,120,1988,"Crimen, Romance, Drama",7814,"1988-10-20","Béla Tarr"
tt0019286,6,2018-09-06,"Tempestad en Asia","Potomok Chingis-Khana",https://www.imdb.com/title/tt0019286,Película,6.9,127,1928,"Drama, Bélico",2519,"1928-11-10","Vsevolod Pudovkin"
tt0074152,6,2018-09-06,"La piel dura","L'argent de poche",https://www.imdb.com/title/tt0074152,Película,7.6,104,1976,"Drama, Comedia",6999,"1977-03-14","François Truffaut"
tt0041716,3,2018-09-06,"Un día en Nueva York","On the Town",https://www.imdb.com/title/tt0041716,Película,7.3,98,1949,"Musical, Comedia, Romance",20057,"1949-12-30","Stanley Donen,Gene Kelly"
tt0145937,5,2018-09-06,"Naqoyqatsi","Naqoyqatsi",https://www.imdb.com/title/tt0145937,Película,6.4,89,2002,"Documental, Música",6558,"2003-01-21","Godfrey Reggio"
tt0058625,9,2018-09-06,"La mujer de la arena","Suna no onna",https://www.imdb.com/title/tt0058625,Película,8.4,147,1964,"Suspense, Drama",26199,"1964-10-25","Hiroshi Teshigahara"
tt0047136,8,2018-09-06,"Johnny Guitar","Johnny Guitar",https://www.imdb.com/title/tt0047136,Película,7.6,110,1954,"Drama, Del oeste",21791,"1954-08-23","Nicholas Ray"
tt1387226,4,2018-09-06,"La milagrosa","La milagrosa",https://www.imdb.com/title/tt1387226,Corto,null,42,2009,"Corto, Comedia",0,"2009-01-27","Sam Morrill"
tt0079641,7,2018-09-06,"Nosferatu: Vampiro de la noche","Nosferatu: Phantom der Nacht",https://www.imdb.com/title/tt0079641,Película,7.3,107,1979,"Drama, Terror",49798,"1979-04-14","Werner Herzog"
tt0019421,6,2018-09-06,"El héroe del río","Steamboat Bill, Jr.",https://www.imdb.com/title/tt0019421,Película,7.8,70,1928,"Familiar, Acción, Drama, Romance, Comedia",17726,"1928-05-20","Charles Reisner,Buster Keaton"
tt0118804,5,2018-09-06,"Contracorriente (The Butcher Boy)","The Butcher Boy",https://www.imdb.com/title/tt0118804,Película,7.1,110,1997,"Drama, Comedia",10809,"1998-02-20","Neil Jordan"
tt0037059,3,2018-09-06,"Cita en St. Louis","Meet Me in St. Louis",https://www.imdb.com/title/tt0037059,Película,7.5,113,1944,"Musical, Familiar, Romance, Comedia, Drama",31356,"1945-01","Vincente Minnelli"
tt0027996,4,2018-09-06,"El secreto de vivir","Mr. Deeds Goes to Town",https://www.imdb.com/title/tt0027996,Película,7.8,115,1936,"Drama, Romance, Comedia",25184,"1936-04-12","Frank Capra"
tt0046303,4,2018-09-05,"Raíces profundas","Shane",https://www.imdb.com/title/tt0046303,Película,7.6,118,1953,"Drama, Del oeste",48190,"1953-08-14","George Stevens"
tt0058555,5,2018-09-05,"Scorpio Rising","Scorpio Rising",https://www.imdb.com/title/tt0058555,Corto,6.8,28,1963,"Corto, Música",6248,"1969-10-10","Kenneth Anger"
tt0079095,6,2018-09-05,"El matrimonio de María Braun","Die Ehe der Maria Braun",https://www.imdb.com/title/tt0079095,Película,7.7,120,1979,"Romance, Drama",16382,"1979-03-23","Rainer Werner Fassbinder"
tt0018839,7,2018-09-05,"Los muelles de Nueva York","The Docks of New York",https://www.imdb.com/title/tt0018839,Película,7.5,76,1928,"Crimen, Romance, Cine negro, Drama",5566,"1928-09-29","Josef von Sternberg"
tt0029146,6,2018-09-05,"La vida de Emile Zola","The Life of Emile Zola",https://www.imdb.com/title/tt0029146,Película,7.1,116,1937,"Biografía, Drama",10112,"1937-10-02","William Dieterle"
tt0038348,7,2018-09-05,"La bella y la bestia","La Belle et la Bête",https://www.imdb.com/title/tt0038348,Película,7.9,96,1946,"Romance, Drama, Fantasía",30025,"1950","Jean Cocteau,René Clément"
tt0057129,6,2018-09-04,"La mansión encantada","The Haunting",https://www.imdb.com/title/tt0057129,Película,7.4,112,1963,"Terror",44874,"1964-01","Robert Wise"
tt0044953,4,2018-09-04,"Colorado Jim","The Naked Spur",https://www.imdb.com/title/tt0044953,Película,7.3,91,1953,"Suspense, Del oeste, Drama",14128,"1953-02-01","Anthony Mann"
tt0055572,8,2018-09-04,"Una mujer es una mujer","Une femme est une femme",https://www.imdb.com/title/tt0055572,Película,7.3,85,1961,"Romance, Drama, Comedia",20626,"1961-09-06","Jean-Luc Godard"
tt0914798,2,2018-09-04,"El niño con el pijama de rayas","The Boy in the Striped Pajamas",https://www.imdb.com/title/tt0914798,Película,7.7,94,2008,"Drama, Bélico",277580,"2008-09-26","Mark Herman"
tt0119485,5,2018-09-04,"Kundun","Kundun",https://www.imdb.com/title/tt0119485,Película,7.0,134,1997,"Biografía, Historia, Bélico, Drama",32446,"1998-03-20","Martin Scorsese"
tt0054177,6,2018-09-04,"El soldadito","Le Petit Soldat",https://www.imdb.com/title/tt0054177,Película,7.1,88,1963,"Drama, Bélico",8851,"1963-01-25","Jean-Luc Godard"
tt8031422,1,2018-09-03,"El último Sharknado: Ya era hora","The Last Sharknado: It's About Time",https://www.imdb.com/title/tt8031422,Película de TV,3.6,86,2018,"Acción, Comedia, Terror, Ciencia ficción, Aventura, Fantasía, Suspense",5927,"2018-08-19","Anthony C. Ferrante"
tt0070040,7,2018-09-03,"El espíritu de la colmena","El espíritu de la colmena",https://www.imdb.com/title/tt0070040,Película,7.7,98,1973,"Fantasía, Drama",22954,"1975-03-14","Víctor Erice"
tt0074360,8,2018-09-03,"Cría cuervos...","Cría cuervos",https://www.imdb.com/title/tt0074360,Película,7.9,105,1976,"Drama",12579,"1976-06-03","Carlos Saura"
tt0254872,5,2018-09-03,"Wishmaster 4: La profecía","Wishmaster 4: The Prophecy Fulfilled",https://www.imdb.com/title/tt0254872,Vídeo,4.0,90,2002,"Fantasía, Romance, Terror",4843,"2003-03-12","Chris Angel"
tt1139797,7,2018-08-29,"Déjame entrar","Låt den rätte komma in",https://www.imdb.com/title/tt1139797,Película,7.8,114,2008,"Drama, Terror, Romance, Fantasía",241416,"2009-04-17","Tomas Alfredson"
tt0023037,7,2018-08-29,"Las Hurdes","Las Hurdes",https://www.imdb.com/title/tt0023037,Corto,7.3,30,1933,"Documental, Corto",6747,"1933-12","Luis Buñuel"
tt0038823,3,2018-08-29,"Paisà","Paisà",https://www.imdb.com/title/tt0038823,Película,7.6,126,1946,"Drama, Bélico",10833,"1947-09-26","Roberto Rossellini"
tt1305897,3,2018-08-29,"Ingrid","Ingrid",https://www.imdb.com/title/tt1305897,Película,3.9,94,2009,"Drama",125,"2010-04-30","Eduard Cortés"
tt0160558,2,2018-08-29,"Nadia, el misterio de la piedra azul - La película","Fushigi no Umi no Nadia Gekijou You Original Ban",https://www.imdb.com/title/tt0160558,Película,4.2,85,1991,"Animación, Ciencia ficción, Acción",255,"1991-06-29","Masa Aono"
tt0970866,4,2018-08-29,"Ahora los padres son ellos","Little Fockers",https://www.imdb.com/title/tt0970866,Película,5.5,98,2010,"Comedia, Romance",127320,"2010-12-22","Paul Weitz"
tt0051472,5,2018-08-29,"Charlotte et son Jules","Charlotte et son Jules",https://www.imdb.com/title/tt0051472,Corto,6.5,13,1958,"Corto, Drama",1942,"1961-03-03","Jean-Luc Godard"
tt0044706,8,2018-08-29,"Solo ante el peligro","High Noon",https://www.imdb.com/title/tt0044706,Película,7.9,85,1952,"Suspense, Drama, Del oeste",117224,"1953-03-02","Fred Zinnemann"
tt0054698,5,2018-08-29,"Desayuno con diamantes","Breakfast at Tiffany's",https://www.imdb.com/title/tt0054698,Película,7.5,115,1961,"Drama, Comedia, Romance",206062,"1963-11-12","Blake Edwards"
tt1001526,5,2018-08-29,"Megamind","Megamind",https://www.imdb.com/title/tt1001526,Película,7.3,95,2010,"Animación, Comedia, Familiar, Ciencia ficción, Acción, Crimen, Fantasía, Aventura",329971,"2010-12-03","Tom McGrath"
tt0040897,6,2018-08-29,"El tesoro de Sierra Madre","The Treasure of the Sierra Madre",https://www.imdb.com/title/tt0040897,Película,8.2,126,1948,"Del oeste, Drama, Aventura",142491,"1948-01-24","John Huston"
tt0091886,5,2018-08-29,"Salvador","Salvador",https://www.imdb.com/title/tt0091886,Película,7.3,122,1986,"Historia, Drama, Bélico, Suspense",25676,"1986-04-23","Oliver Stone"
tt0342272,7,2018-08-29,"Querida Wendy","Dear Wendy",https://www.imdb.com/title/tt0342272,Película,6.5,105,2005,"Comedia, Crimen, Romance, Drama",10745,"2005-09-02","Thomas Vinterberg"
tt0120255,8,2018-08-29,"El dulce porvenir","The Sweet Hereafter",https://www.imdb.com/title/tt0120255,Película,7.4,112,1997,"Drama",37130,"1998-01-22","Atom Egoyan"
tt0337876,8,2018-08-29,"Reencarnación","Birth",https://www.imdb.com/title/tt0337876,Película,6.3,100,2004,"Suspense, Misterio, Drama, Fantasía",45252,"2005-02-25","Jonathan Glazer"
tt0018051,5,2018-08-29,"El hermanito","The Kid Brother",https://www.imdb.com/title/tt0018051,Película,7.6,82,1927,"Drama, Del oeste, Romance, Familiar, Comedia",5319,"1927-01-17","Ted Wilde,Harold Lloyd,Lewis Milestone,J.A. Howe"
tt0021739,6,2018-08-29,"La golfa","La chienne",https://www.imdb.com/title/tt0021739,Película,7.5,95,1931,"Crimen, Romance, Drama",5398,"1931-11-20","Jean Renoir"
tt0035015,4,2018-08-29,"El cuarto mandamiento","The Magnificent Ambersons",https://www.imdb.com/title/tt0035015,Película,7.6,88,1942,"Romance, Drama",28942,"1945-01-08","Orson Welles,Fred Fleck,Robert Wise"
tt0181875,5,2018-08-29,"Casi famosos","Almost Famous",https://www.imdb.com/title/tt0181875,Película,7.9,122,2000,"Música, Comedia, Aventura, Drama",317180,"2001-02-16","Cameron Crowe"
tt0106332,7,2018-08-29,"Adiós a mi concubina","Ba wang bie ji",https://www.imdb.com/title/tt0106332,Película,8.1,171,1993,"Música, Romance, Drama",37621,"1994-03-09","Kaige Chen"
tt0892791,3,2018-08-29,"Shrek, felices para siempre","Shrek Forever After",https://www.imdb.com/title/tt0892791,Película,6.4,93,2010,"Animación, Comedia, Aventura, Familiar, Fantasía, Romance",249089,"2010-07-07","Mike Mitchell"
tt0477331,8,2018-08-29,"Lo que sé de Lola","Lo que sé de Lola",https://www.imdb.com/title/tt0477331,Película,5.9,112,2006,"Drama",259,"2006-09-29","Javier Rebollo"
tt0043137,6,2018-08-29,"Winchester 73","Winchester '73",https://www.imdb.com/title/tt0043137,Película,7.6,92,1950,"Drama, Acción, Del oeste",23366,"1950-11-02","Anthony Mann"
tt0073312,7,2018-08-29,"La última noche de Boris Grushenko","Love and Death",https://www.imdb.com/title/tt0073312,Película,7.6,85,1975,"Bélico, Comedia",44156,"1984-10-01","Woody Allen"
tt0413267,3,2018-08-29,"Shrek tercero","Shrek the Third",https://www.imdb.com/title/tt0413267,Película,6.1,93,2007,"Animación, Comedia, Familiar, Fantasía, Aventura, Romance",364523,"2007-06-22","Chris Miller,Raman Hui"
tt0117958,6,2018-08-29,"Trees Lounge - Una última copa","Trees Lounge",https://www.imdb.com/title/tt0117958,Película,7.1,95,1996,"Comedia, Drama",17758,"1996-10-11","Steve Buscemi"
tt0023622,6,2018-08-29,"Un ladrón en la alcoba","Trouble in Paradise",https://www.imdb.com/title/tt0023622,Película,7.9,83,1932,"Crimen, Romance, Comedia",17674,"1933-03-22","Ernst Lubitsch"
tt0036342,8,2018-08-29,"La sombra de una duda","Shadow of a Doubt",https://www.imdb.com/title/tt0036342,Película,7.7,108,1943,"Cine negro, Drama, Misterio, Suspense",75968,"1943-01-15","Alfred Hitchcock"
tt1242422,5,2018-08-29,"Celda 211","Celda 211",https://www.imdb.com/title/tt1242422,Película,7.6,113,2009,"Acción, Drama, Suspense, Crimen",74359,"2009-11-06","Daniel Monzón"
tt0073114,5,2018-08-29,"Diario íntimo de Adela H.","L'histoire d'Adèle H.",https://www.imdb.com/title/tt0073114,Película,7.2,96,1975,"Biografía, Historia, Drama",10027,"1975-10-08","François Truffaut"
tt0053619,7,2018-08-29,"La aventura","L'avventura",https://www.imdb.com/title/tt0053619,Película,7.7,143,1960,"Romance, Drama, Misterio",37362,"1969-05-12","Michelangelo Antonioni"
tt0100625,3,2018-08-27,"Una historia china de fantasmas II","Sien lui yau wan II: Yan gaan dou",https://www.imdb.com/title/tt0100625,Película,6.8,104,1990,"Comedia, Terror, Romance, Fantasía, Acción",4613,"1990-07-13","Siu-Tung Ching"
tt0042895,2,2018-08-27,"Río Grande","Rio Grande",https://www.imdb.com/title/tt0042895,Película,7.0,105,1950,"Drama, Romance, Del oeste",19589,"1950-11-15","John Ford"
tt1182350,4,2018-08-27,"Conocerás al hombre de tus sueños","You Will Meet a Tall Dark Stranger",https://www.imdb.com/title/tt1182350,Película,6.3,98,2010,"Romance, Comedia, Drama",48952,"2010-08-27","Woody Allen"
tt0108343,5,2018-08-27,"Tiny Toon Spring Break","Tiny Toon Spring Break",https://www.imdb.com/title/tt0108343,Película de TV,7.2,45,1994,"Animación, Musical, Comedia, Familiar, Aventura",567,"1994-03-27","Rich Arons,Michael Gerard,David Marshall"
tt0076666,6,2018-08-27,"Fiebre del sábado noche","Saturday Night Fever",https://www.imdb.com/title/tt0076666,Película,6.8,119,1977,"Música, Drama",95723,"1978-04-19","John Badham"
tt0088247,6,2018-08-27,"Terminator","The Terminator",https://www.imdb.com/title/tt0088247,Película,8.1,107,1984,"Acción, Aventura, Ciencia ficción",1015827,"1985-01-18","James Cameron"
tt0178868,5,2018-08-27,"The Ring (El círculo)","Ringu",https://www.imdb.com/title/tt0178868,Película,7.2,96,1998,"Misterio, Terror",87060,"1998-01-31","Hideo Nakata"
tt0018037,4,2018-08-27,"El cantante de jazz","The Jazz Singer",https://www.imdb.com/title/tt0018037,Película,6.4,88,1927,"Musical, Música, Romance, Drama",12027,"1928-02-04","Alan Crosland"
tt0032156,7,2018-08-27,"Historia de los crisantemos tardíos","Zangiku monogatari",https://www.imdb.com/title/tt0032156,Película,7.7,143,1939,"Romance, Drama",4945,"1939-10-10","Kenji Mizoguchi"
tt6298780,4,2018-08-27,"Sharknado 5: Aletamiento global","Sharknado 5: Global Swarming",https://www.imdb.com/title/tt6298780,Película de TV,3.8,93,2017,"Terror, Ciencia ficción, Comedia, Acción, Aventura, Fantasía, Suspense",7804,"2017-08-06","Anthony C. Ferrante"
tt0020697,7,2018-08-23,"El ángel azul","Der blaue Engel",https://www.imdb.com/title/tt0020697,Película,7.6,100,1930,"Música, Romance, Drama",17796,"1931-01-09","Josef von Sternberg"
tt0433383,4,2018-08-23,"Buenas noches, y buena suerte.","Good Night, and Good Luck.",https://www.imdb.com/title/tt0433383,Película,7.4,93,2005,"Drama, Biografía, Historia",105673,"2006-02-10","George Clooney"
tt0039677,7,2018-08-23,"Larga es la noche","Odd Man Out",https://www.imdb.com/title/tt0039677,Película,7.6,116,1947,"Drama, Cine negro, Crimen, Suspense",13259,"1947-04-23","Carol Reed"
tt0120408,6,2018-08-23,"La anguila","Unagi",https://www.imdb.com/title/tt0120408,Película,7.3,117,1997,"Comedia, Drama",7083,"1997-05-24","Shōhei Imamura"
tt0053221,4,2018-08-23,"Río Bravo","Rio Bravo",https://www.imdb.com/title/tt0053221,Película,7.9,141,1959,"Del oeste",74295,"1959-04-04","Howard Hawks"
tt0054248,9,2018-08-23,"Rocco y sus hermanos","Rocco e i suoi fratelli",https://www.imdb.com/title/tt0054248,Película,8.2,179,1960,"Crimen, Deporte, Drama",26050,"2023-12","Luchino Visconti"
tt0393109,6,2018-08-23,"Brick","Brick",https://www.imdb.com/title/tt0393109,Película,7.1,110,2005,"Misterio, Drama, Crimen, Suspense",114514,"2006-12-01","Rian Johnson"
tt0209933,7,2018-08-23,"Beau travail","Beau travail",https://www.imdb.com/title/tt0209933,Película,7.3,92,1999,"Bélico, Drama",18639,"2000-05-03","Claire Denis"
tt0018528,5,2018-08-23,"Garras humanas","The Unknown",https://www.imdb.com/title/tt0018528,Película,7.7,68,1927,"Suspense, Terror, Romance, Drama",10392,"1927-06-04","Tod Browning"
tt0028950,6,2018-08-23,"La gran ilusión","La grande illusion",https://www.imdb.com/title/tt0028950,Película,8.0,113,1937,"Drama, Bélico",41329,"1937-10-04","Jean Renoir"
tt0039689,6,2018-08-23,"Retorno al pasado","Out of the Past",https://www.imdb.com/title/tt0039689,Película,7.9,97,1947,"Suspense, Drama, Crimen, Romance, Cine negro",45112,"1947-12","Jacques Tourneur"
tt0052618,5,2018-08-23,"Ben-Hur","Ben-Hur",https://www.imdb.com/title/tt0052618,Película,8.1,212,1959,"Drama, Aventura",273114,"1959-11-18","William Wyler"
tt0249241,8,2018-08-23,"Armonías de Werckmeister","Werckmeister harmóniák",https://www.imdb.com/title/tt0249241,Película,7.9,145,2000,"Misterio, Drama",18377,"2001-02-01","Béla Tarr,Ágnes Hranitzky"
tt0085794,6,2018-08-23,"El rey de la comedia","The King of Comedy",https://www.imdb.com/title/tt0085794,Película,7.8,109,1982,"Suspense, Crimen, Drama, Comedia",135276,"1982-12-18","Martin Scorsese"
tt0036775,3,2018-08-23,"Perdición","Double Indemnity",https://www.imdb.com/title/tt0036775,Película,8.3,107,1944,"Suspense, Drama, Misterio, Crimen, Cine negro",182957,"1944-07-06","Billy Wilder"
tt0213682,7,2018-08-23,"Gohatto","Gohatto",https://www.imdb.com/title/tt0213682,Película,6.8,100,1999,"Historia, Suspense, Drama",8493,"2002-09-20","Nagisa Ōshima"
tt0015624,5,2018-08-23,"El gran desfile","The Big Parade",https://www.imdb.com/title/tt0015624,Película,7.9,151,1925,"Romance, Drama, Bélico",7912,"1927-04-20","King Vidor,George W. Hill"
tt0276444,4,2018-08-23,"American Masters: Bob Marley: Rebel Music","American Masters: Bob Marley: Rebel Music",https://www.imdb.com/title/tt0276444,Episodio de TV,7.7,90,2000,"Documental, Biografía",225,"2000-08-05","Jeremy Marre"
tt0090015,9,2018-08-23,"Shoah","Shoah",https://www.imdb.com/title/tt0090015,Película,8.7,566,1985,"Documental, Bélico, Historia",11714,"1985-11","Claude Lanzmann"
tt0024069,6,2018-08-23,"Vampiresas 1933","Gold Diggers of 1933",https://www.imdb.com/title/tt0024069,Película,7.7,97,1933,"Musical, Comedia, Drama",10143,"1933-05-27","Mervyn LeRoy"
tt1149362,7,2018-08-23,"La cinta blanca","Das weiße Band - Eine deutsche Kindergeschichte",https://www.imdb.com/title/tt1149362,Película,7.8,144,2009,"Drama, Misterio, Suspense",82045,"2010-01-15","Michael Haneke"
tt0037008,4,2018-08-23,"Laura","Laura",https://www.imdb.com/title/tt0037008,Película,7.9,88,1944,"Drama, Misterio, Cine negro",56546,"1946-01-24","Otto Preminger,Rouben Mamoulian"
tt0104662,4,2018-08-23,"El lado oscuro del corazón","El lado oscuro del corazón",https://www.imdb.com/title/tt0104662,Película,7.3,127,1992,"Suspense, Romance, Drama, Comedia",4394,"1993-05-26","Eliseo Subiela"
tt0051554,6,2018-08-23,"Drácula","Dracula",https://www.imdb.com/title/tt0051554,Película,7.2,82,1958,"Drama, Terror",30160,"1960-03-14","Terence Fisher"
tt0088258,6,2018-08-23,"This Is Spinal Tap","This Is Spinal Tap",https://www.imdb.com/title/tt0088258,Película,7.9,82,1984,"Música, Comedia",161477,"1984-03-02","Rob Reiner"
tt0209463,3,2018-08-23,"El viento nos llevará","Bad ma ra khahad bord",https://www.imdb.com/title/tt0209463,Película,7.4,118,1999,"Drama",14297,"2000-01-05","Abbas Kiarostami"
tt0064276,8,2018-08-23,"Easy Rider (Buscando mi destino)","Easy Rider",https://www.imdb.com/title/tt0064276,Película,7.2,95,1969,"Aventura, Drama",123404,"1974-11-28","Dennis Hopper"
tt0063665,5,2018-08-23,"One + One","One + One",https://www.imdb.com/title/tt0063665,Película,6.2,115,1968,"Documental, Música, Drama",3543,"1968-12","Jean-Luc Godard"
tt0016220,6,2018-08-23,"El fantasma de la ópera","The Phantom of the Opera",https://www.imdb.com/title/tt0016220,Película,7.5,93,1925,"Música, Terror",22442,"1925-11-15","Rupert Julian,Lon Chaney,Ernst Laemmle,Edward Sedgwick"
tt0254871,5,2018-08-23,"Wishmaster 3: La piedra del diablo","Wishmaster 3: Beyond the Gates of Hell",https://www.imdb.com/title/tt0254871,Vídeo,3.6,92,2001,"Fantasía, Suspense, Terror",5869,"2001-10-23","Chris Angel"
tt0156182,4,2018-08-23,"Wishmaster 2: El mal nunca muere","Wishmaster 2: Evil Never Dies",https://www.imdb.com/title/tt0156182,Vídeo,5.1,96,1999,"Fantasía, Terror",11154,"1999-09-17","Jack Sholder"
tt0064990,5,2018-08-22,"La sirena del Mississippi","La Sirène du Mississipi",https://www.imdb.com/title/tt0064990,Película,6.9,123,1969,"Crimen, Romance, Drama",8146,"1970-06-13","François Truffaut"
tt0065234,7,2018-08-22,"Z","Z",https://www.imdb.com/title/tt0065234,Película,8.1,127,1969,"Suspense, Crimen, Drama",34356,"1977-07-15","Costa-Gavras"
tt0049261,5,2018-08-22,"Gigante","Giant",https://www.imdb.com/title/tt0049261,Película,7.6,201,1956,"Del oeste, Drama",44341,"1956-11-24","George Stevens"
tt0097240,6,2018-08-22,"Drugstore Cowboy","Drugstore Cowboy",https://www.imdb.com/title/tt0097240,Película,7.2,102,1989,"Crimen, Drama",43347,"1990-02-26","Gus Van Sant"
tt0016332,6,2018-08-22,"Siete ocasiones","Seven Chances",https://www.imdb.com/title/tt0016332,Película,7.8,56,1925,"Romance, Comedia",13371,"1925-03-15","Buster Keaton"
tt0302674,5,2018-08-22,"Gerry","Gerry",https://www.imdb.com/title/tt0302674,Película,6.0,103,2002,"Aventura, Misterio, Drama",20815,"2005-05-20","Gus Van Sant"
tt0156794,5,2018-08-22,"La eternidad y un día","Mia aioniotita kai mia mera",https://www.imdb.com/title/tt0156794,Película,7.8,137,1998,"Drama",16458,"2000-03-24","Theodoros Angelopoulos"
tt1198410,5,2018-08-22,"Tiro en la cabeza","Tiro en la cabeza",https://www.imdb.com/title/tt1198410,Película,4.6,85,2008,"Drama",304,"2008-10-03","Jaime Rosales"
tt0064612,6,2018-08-22,"Mi noche con Maud","Ma nuit chez Maud",https://www.imdb.com/title/tt0064612,Película,7.8,110,1969,"Romance, Comedia, Drama",16241,"1969-06-04","Éric Rohmer"
tt0112120,5,2018-08-22,"Century of Cinema: Un viaje personal con Martin Scorsese a través del cine americano","Century of Cinema: A Personal Journey with Martin Scorsese Through American Movies",https://www.imdb.com/title/tt0112120,Episodio de TV,8.5,225,1995,"Documental, Biografía, Historia",5270,"1995-05-21","Martin Scorsese,Michael Henry Wilson"
tt0097216,6,2018-08-22,"Haz lo que debas","Do the Right Thing",https://www.imdb.com/title/tt0097216,Película,7.9,120,1989,"Comedia, Drama",125942,"1989-10-03","Spike Lee"
tt0042041,5,2018-08-22,"Al rojo vivo","White Heat",https://www.imdb.com/title/tt0042041,Película,8.1,114,1949,"Cine negro, Acción, Suspense, Crimen, Drama",38905,"1949-09-03","Raoul Walsh"
tt0112855,5,2018-08-22,"Century of Cinema: 2 x 50 ans de cinéma français","Century of Cinema: 2 x 50 ans de cinéma français",https://www.imdb.com/title/tt0112855,Episodio de TV,6.6,51,1995,"Documental, Biografía, Historia",409,"1995-05-26","Jean-Luc Godard,Anne-Marie Miéville"
tt0063759,9,2018-08-22,"La hora del lobo","Vargtimmen",https://www.imdb.com/title/tt0063759,Película,7.5,88,1968,"Misterio, Drama, Terror",25331,"1968-02-19","Ingmar Bergman"
tt0260688,7,2018-08-22,"Ali Zaoua, príncipe de Casablanca","Ali Zaoua, prince de la rue",https://www.imdb.com/title/tt0260688,Película,7.3,99,2000,"Crimen, Drama",3171,"2001-05-25","Nabil Ayouch"
tt0089841,5,2018-08-22,"El honor de los Prizzi","Prizzi's Honor",https://www.imdb.com/title/tt0089841,Película,6.7,130,1985,"Crimen, Comedia, Romance, Drama",28840,"1985-10-09","John Huston"
tt0057091,7,2018-08-22,"El gatopardo","Il gattopardo",https://www.imdb.com/title/tt0057091,Película,7.9,186,1963,"Historia, Drama",34940,"1963-03-29","Luchino Visconti"
tt0112431,2,2018-08-22,"Babe, el cerdito valiente","Babe",https://www.imdb.com/title/tt0112431,Película,6.9,91,1995,"Drama, Comedia, Familiar",143566,"1995-12-07","Chris Noonan"
tt1130080,1,2018-08-22,"¡El soplón!","The Informant!",https://www.imdb.com/title/tt1130080,Película,6.5,108,2009,"Drama, Comedia, Crimen, Biografía",70217,"2009-09-25","Steven Soderbergh"
tt1056416,6,2018-08-22,"Sexykiller, morirás por ella","Sexykiller, morirás por ella",https://www.imdb.com/title/tt1056416,Película,5.7,100,2008,"Comedia, Terror, Ciencia ficción, Suspense",1721,"2008-10-10","Miguel Martí"
tt0015324,6,2018-08-22,"El moderno Sherlock Holmes","Sherlock Jr.",https://www.imdb.com/title/tt0015324,Película,8.1,45,1924,"Acción, Romance, Comedia",66827,"1924-05-11","Buster Keaton"
tt0021814,7,2018-08-22,"Drácula","Dracula",https://www.imdb.com/title/tt0021814,Película,7.3,74,1931,"Fantasía, Drama, Terror",65293,"1998","Tod Browning,Karl Freund"
tt1014759,3,2018-08-22,"Alicia en el país de las maravillas","Alice in Wonderland",https://www.imdb.com/title/tt1014759,Película,6.4,108,2010,"Fantasía, Familiar, Aventura, Misterio",471909,"2010-04-16","Tim Burton"
tt0060390,5,2018-08-22,"Fahrenheit 451","Fahrenheit 451",https://www.imdb.com/title/tt0060390,Película,7.2,112,1966,"Drama, Ciencia ficción",47805,"1966-09-16","François Truffaut"
tt0052893,9,2018-08-22,"Hiroshima, mon amour","Hiroshima mon amour",https://www.imdb.com/title/tt0052893,Película,7.8,90,1959,"Romance, Drama",39774,"1959-06-10","Alain Resnais"
tt0120524,5,2018-08-22,"Wishmaster","Wishmaster",https://www.imdb.com/title/tt0120524,Película,5.9,90,1997,"Fantasía, Terror",29213,"1997-12-04","Robert Kurtzman"
tt0060648,7,2018-08-22,"Mademoiselle","Mademoiselle",https://www.imdb.com/title/tt0060648,Película,7.1,105,1966,"Drama",1939,"1966-06-03","Tony Richardson"
tt0083987,5,2018-08-22,"Gandhi","Gandhi",https://www.imdb.com/title/tt0083987,Película,8.0,191,1982,"Biografía, Historia, Drama",246914,"1983-03-28","Richard Attenborough"
tt0063291,6,2018-08-22,"Memorias del subdesarrollo","Memorias del subdesarrollo",https://www.imdb.com/title/tt0063291,Película,7.6,97,1968,"Drama",5449,"1978-02-09","Tomás Gutiérrez Alea"
tt0374546,7,2018-08-22,"Primavera, verano, otoño, invierno... y primavera","Bom yeoreum gaeul gyeoul geurigo bom",https://www.imdb.com/title/tt0374546,Película,8.0,103,2003,"Drama, Romance",91410,"2004-09-10","Kim Ki-duk"
tt0218379,5,2018-08-22,"Kippur","Kippur",https://www.imdb.com/title/tt0218379,Película,6.3,117,2000,"Drama, Bélico",2070,"2000-09-13","Amos Gitai"
tt0103074,5,2018-08-22,"Thelma & Louise","Thelma & Louise",https://www.imdb.com/title/tt0103074,Película,7.6,130,1991,"Drama, Aventura, Crimen",195997,"1991-11-22","Ridley Scott"
tt0021884,8,2018-08-22,"El doctor Frankenstein","Frankenstein",https://www.imdb.com/title/tt0021884,Película,7.7,70,1931,"Drama, Suspense, Ciencia ficción, Terror",88532,"1932-03-06","James Whale"
tt0036027,5,2018-08-22,"Yo anduve con un zombie","I Walked with a Zombie",https://www.imdb.com/title/tt0036027,Película,7.0,69,1943,"Fantasía, Drama, Romance, Terror",15624,"1943-04-30","Jacques Tourneur"
tt0015881,7,2018-08-22,"Avaricia","Greed",https://www.imdb.com/title/tt0015881,Película,8.0,140,1924,"Suspense, Del oeste, Drama",11683,"1925-01-26","Erich von Stroheim"
tt1068646,6,2018-08-22,"La clase de Laurent Cantet","Entre les murs",https://www.imdb.com/title/tt1068646,Película,7.5,128,2008,"Drama",37619,"2009-01-16","Laurent Cantet"
tt0138563,4,2018-08-22,"¿Quién mató a Kurt Cobain?","Kurt & Courtney",https://www.imdb.com/title/tt0138563,Película,6.1,95,1998,"Documental, Música, Crimen, Biografía",7492,"1998-07-03","Nick Broomfield"
tt0456340,4,2018-08-22,"Caótica Ana","Caótica Ana",https://www.imdb.com/title/tt0456340,Película,6.3,118,2007,"Drama, Romance, Misterio",5028,"2007-08-24","Julio Medem"
tt0244316,6,2018-08-22,"Yi yi","Yi yi",https://www.imdb.com/title/tt0244316,Película,8.1,173,2000,"Drama",34877,"2001-10-19","Edward Yang"
tt0071411,5,2018-08-22,"Dersu Uzala (El cazador)","Dersu Uzala",https://www.imdb.com/title/tt0071411,Película,8.2,142,1975,"Biografía, Drama, Aventura",36799,"1976-10-28","Akira Kurosawa"
tt0117589,4,2018-08-22,"Secretos y mentiras","Secrets & Lies",https://www.imdb.com/title/tt0117589,Película,8.0,136,1996,"Comedia, Drama",50774,"1996-10-03","Mike Leigh"
tt0014417,6,2018-08-22,"La rueda","La roue",https://www.imdb.com/title/tt0014417,Película,7.4,417,1923,"Drama",2836,"1923-02-17","Abel Gance"
tt1180329,5,2018-08-22,"Antoine et Colette","Antoine et Colette",https://www.imdb.com/title/tt1180329,Corto,7.4,32,1962,"Corto, Comedia, Drama, Romance",7366,"1962-06-22","François Truffaut"
tt0456470,6,2018-08-21,"El arco","Hwal",https://www.imdb.com/title/tt0456470,Película,7.1,90,2005,"Drama, Romance",12254,"2006-03-31","Kim Ki-duk"
tt0034398,5,2018-08-21,"El hombre lobo","The Wolf Man",https://www.imdb.com/title/tt0034398,Película,7.2,70,1941,"Romance, Misterio, Terror",34705,"1941-12-12","George Waggner"
tt0060176,7,2018-08-21,"Blow-Up. Deseo de una mañana de verano","Blow-Up",https://www.imdb.com/title/tt0060176,Película,7.4,111,1966,"Suspense, Drama, Misterio",73250,"1975-04-14","Michelangelo Antonioni"
tt0061395,7,2018-08-21,"Belle de jour (Bella de día)","Belle de jour",https://www.imdb.com/title/tt0061395,Película,7.6,100,1967,"Romance, Drama",53911,"1967-12-29","Luis Buñuel"
tt0065622,2,2018-08-21,"El Decamerón","Il Decameron",https://www.imdb.com/title/tt0065622,Película,7.0,111,1971,"Historia, Romance, Drama, Comedia",13864,"1971-10-29","Pier Paolo Pasolini"
tt0087553,8,2018-08-21,"Los gritos del silencio","The Killing Fields",https://www.imdb.com/title/tt0087553,Película,7.8,141,1984,"Historia, Biografía, Drama, Bélico",64232,"1985-02-22","Roland Joffé"
tt0070518,7,2018-08-21,"Pat Garrett y Billy el Niño","Pat Garrett and Billy the Kid",https://www.imdb.com/title/tt0070518,Película,7.2,122,1973,"Biografía, Drama, Del oeste",23456,"1973-05-23","Sam Peckinpah"
tt0107822,8,2018-08-21,"El piano","The Piano",https://www.imdb.com/title/tt0107822,Película,7.5,121,1993,"Música, Romance, Drama",102359,"1993-12-17","Jane Campion"
tt0230783,4,2018-08-21,"Signs & Wonders","Signs & Wonders",https://www.imdb.com/title/tt0230783,Película,5.8,105,2000,"Drama",753,"2000-03-29","Jonathan Nossiter"
tt0014341,3,2018-08-21,"La ley de la hospitalidad","Our Hospitality",https://www.imdb.com/title/tt0014341,Película,7.7,65,1923,"Suspense, Romance, Comedia",13664,"1923-11-19","John G. Blystone,Buster Keaton"
tt0030523,6,2018-08-21,"Olimpiada, parte 2","Olympia 2. Teil - Fest der Schönheit",https://www.imdb.com/title/tt0030523,Película,7.6,96,1938,"Documental, Deporte",4744,"1939-03-08","Leni Riefenstahl"
tt0030522,6,2018-08-21,"Olimpiada, parte 1","Olympia 1. Teil - Fest der Völker",https://www.imdb.com/title/tt0030522,Película,7.7,121,1938,"Documental, Deporte",5771,"1939-03-01","Leni Riefenstahl"
tt0403217,4,2018-08-21,"Last Days","Last Days",https://www.imdb.com/title/tt0403217,Película,5.7,97,2005,"Drama, Música",24977,"2007-06-22","Gus Van Sant"
tt0060304,7,2018-08-21,"2 ou 3 choses que je sais d'elle","2 ou 3 choses que je sais d'elle",https://www.imdb.com/title/tt0060304,Película,6.5,87,1967,"Comedia, Drama",9448,"1967-03-17","Jean-Luc Godard"
tt0089603,7,2018-08-21,"Mishima","Mishima: A Life in Four Chapters",https://www.imdb.com/title/tt0089603,Película,7.9,120,1985,"Biografía, Drama",17173,"1985-09-20","Paul Schrader"
tt0062687,5,2018-08-21,"Astérix y Cleopatra","Astérix et Cléopâtre",https://www.imdb.com/title/tt0062687,Película,7.2,72,1968,"Animación, Comedia, Aventura, Familiar",16136,"1968-12-19","René Goscinny,Albert Uderzo"
tt0446312,2,2018-08-21,"Los 2 lados de la cama","Los 2 lados de la cama",https://www.imdb.com/title/tt0446312,Película,5.6,104,2005,"Musical, Romance, Comedia",1542,"2005-12-21","Emilio Martínez Lázaro"
tt0107157,4,2018-08-21,"El maestro de marionetas","Xi meng ren sheng",https://www.imdb.com/title/tt0107157,Película,7.0,142,1993,"Biografía, Bélico, Drama",2289,"1993-12-08","Hsiao-Hsien Hou"
tt0013140,5,2018-08-21,"Esposas frívolas","Foolish Wives",https://www.imdb.com/title/tt0013140,Película,6.9,117,1922,"Suspense, Drama",4378,"1922-01-11","Erich von Stroheim"
tt0190332,5,2018-08-21,"Tigre y dragón","Wo hu cang long",https://www.imdb.com/title/tt0190332,Película,7.8,120,2000,"Acción, Romance, Aventura, Drama, Fantasía",296923,"2001-02-23","Ang Lee"
tt0034587,8,2018-08-21,"La mujer pantera","Cat People",https://www.imdb.com/title/tt0034587,Película,7.2,73,1942,"Suspense, Fantasía, Terror",28966,"1942-12-25","Jacques Tourneur"
tt0025913,1,2018-08-21,"El triunfo de la voluntad","Triumph des Willens",https://www.imdb.com/title/tt0025913,Película,7.1,114,1935,"Documental, Historia",18591,"1935-03-28","Leni Riefenstahl"
tt0052311,7,2018-08-21,"Sed de mal","Touch of Evil",https://www.imdb.com/title/tt0052311,Película,7.9,95,1958,"Drama, Crimen, Suspense, Cine negro",115495,"1958-05-09","Orson Welles"
tt0060675,5,2018-08-21,"Masculino, femenino","Masculin féminin",https://www.imdb.com/title/tt0060675,Película,7.3,110,1966,"Romance, Drama",19230,"1966-03-22","Jean-Luc Godard"
tt0378947,5,2018-08-21,"Melinda y Melinda","Melinda and Melinda",https://www.imdb.com/title/tt0378947,Película,6.4,99,2004,"Comedia, Drama, Romance",34225,"2004-10-29","Woody Allen"
tt0070842,8,2018-08-21,"Delicias turcas","Turks fruit",https://www.imdb.com/title/tt0070842,Película,7.1,108,1973,"Romance, Drama",12860,"1973-02-22","Paul Verhoeven"
tt0059362,8,2018-08-21,"El knack... y cómo conseguirlo","The Knack ...and How to Get It",https://www.imdb.com/title/tt0059362,Película,6.2,85,1965,"Comedia",4124,"1965-07-07","Richard Lester"
tt0103130,8,2018-08-21,"Trust (Confía en mí)","Trust",https://www.imdb.com/title/tt0103130,Película,7.3,107,1990,"Crimen, Drama, Comedia",11879,"1991-09-20","Hal Hartley"
tt4741376,5,2018-08-21,"Aurora (Jamais contente)","Jamais contente",https://www.imdb.com/title/tt4741376,Película,5.9,90,2016,"Drama",363,"2017-06-30","Emilie Deleuze"
tt0061785,7,2018-08-21,"Hot Thrills and Warm Chills","Hot Thrills and Warm Chills",https://www.imdb.com/title/tt0061785,Película,3.8,80,1967,"Drama",332,"1967-01","Dale Berry"
tt0013427,7,2018-08-20,"Nanuk, el esquimal","Nanook of the North",https://www.imdb.com/title/tt0013427,Película,7.6,78,1922,"Documental",14514,"1922-06-11","Robert J. Flaherty"
tt0024803,8,2018-08-20,"Cero en conducta","Zéro de conduite",https://www.imdb.com/title/tt0024803,Película,7.2,49,1933,"Drama",10117,"1933-04-07","Jean Vigo"
tt0036154,7,2018-08-20,"Un falso despertar","Meshes of the Afternoon",https://www.imdb.com/title/tt0036154,Corto,7.8,14,1943,"Corto, Fantasía, Misterio",17001,"1943","Maya Deren,Alexander Hammid"
tt1097239,6,2018-08-20,"Joy Division","Joy Division",https://www.imdb.com/title/tt1097239,Película,7.7,93,2007,"Documental, Música",4122,"2008-05-02","Grant Gee"
tt0048956,6,2018-08-20,"Aparajito (El invencible)","Aparajito",https://www.imdb.com/title/tt0048956,Película,8.2,110,1956,"Drama",20230,"1956-10-11","Satyajit Ray"
tt0456396,6,2018-08-20,"El niño","L'enfant",https://www.imdb.com/title/tt0456396,Película,7.4,95,2005,"Drama, Crimen, Romance",20190,"2005-11-11","Jean-Pierre Dardenne,Luc Dardenne"
tt0093978,3,2018-08-20,"Una historia china de fantasmas","Sien lui yau wan",https://www.imdb.com/title/tt0093978,Película,7.3,98,1987,"Terror, Fantasía, Acción",12858,"1987-07-18","Siu-Tung Ching"
tt0119711,7,2018-08-20,"Madre e hijo","Mat i syn",https://www.imdb.com/title/tt0119711,Película,7.2,73,1997,"Drama",4518,"1997-09-25","Aleksandr Sokurov"
tt1178663,6,2018-08-20,"Si la cosa funciona","Whatever Works",https://www.imdb.com/title/tt1178663,Película,7.1,93,2009,"Comedia, Romance",79554,"2009-10-02","Woody Allen"
tt0013086,5,2018-08-20,"El doctor Mabuse","Dr. Mabuse, der spieler: Teil I: Der große spieler",https://www.imdb.com/title/tt0013086,Película,7.8,155,1922,"Crimen, Misterio, Suspense",10038,"1922-04-27","Fritz Lang"
tt0247380,4,2018-08-20,"Los espigadores y la espigadora","Les glaneurs et la glaneuse",https://www.imdb.com/title/tt0247380,Película,7.7,82,2000,"Documental",10321,"2002-10-31","Agnès Varda"
tt0031885,5,2018-08-20,"La regla del juego","La règle du jeu",https://www.imdb.com/title/tt0031885,Película,7.9,110,1939,"Drama, Comedia",33608,"1939-07-09","Jean Renoir"
tt0038109,5,2018-08-20,"Recuerda","Spellbound",https://www.imdb.com/title/tt0038109,Película,7.5,111,1945,"Cine negro, Drama, Romance, Suspense, Misterio",55784,"1945-12-28","Alfred Hitchcock"
tt0050539,7,2018-08-20,"El increíble hombre menguante","The Incredible Shrinking Man",https://www.imdb.com/title/tt0050539,Película,7.6,81,1957,"Terror, Aventura, Drama, Fantasía, Misterio, Suspense, Ciencia ficción",22307,"1957-04-10","Jack Arnold"
tt0059170,7,2018-08-20,"Faster, Pussycat! Kill! Kill!","Faster, Pussycat! Kill! Kill!",https://www.imdb.com/title/tt0059170,Película,6.6,83,1965,"Comedia, Acción",17540,"1965-08-06","Russ Meyer"
tt0449059,7,2018-08-20,"Pequeña Miss Sunshine","Little Miss Sunshine",https://www.imdb.com/title/tt0449059,Película,7.8,101,2006,"Comedia, Drama",564890,"2006-10-20","Jonathan Dayton,Valerie Faris"
tt0084628,8,2018-08-20,"Sans soleil","Sans soleil",https://www.imdb.com/title/tt0084628,Película,7.7,104,1983,"Documental, Drama",13227,"1983-03-02","Chris Marker"
tt0078875,4,2018-08-20,"El tambor de hojalata","Die Blechtrommel",https://www.imdb.com/title/tt0078875,Película,7.4,142,1979,"Bélico, Drama",28116,"1979-10-04","Volker Schlöndorff"
tt0017775,7,2018-08-20,"La coquille et le clergyman","La coquille et le clergyman",https://www.imdb.com/title/tt0017775,Corto,7.0,40,1928,"Corto, Drama, Fantasía",2500,"1933-02-16","Germaine Dulac"
tt0269746,6,2018-08-20,"¿Qué hora es?","Ni na bian ji dian",https://www.imdb.com/title/tt0269746,Película,7.3,116,2001,"Romance, Drama",5672,"2001-09-26","Tsai Ming-liang"
tt0013626,6,2018-08-20,"La sonriente Madame Beudet","La souriante Madame Beudet",https://www.imdb.com/title/tt0013626,Corto,6.6,38,1923,"Corto, Drama",3280,"1923-11-09","Germaine Dulac"
tt0031725,4,2018-08-20,"Ninotchka","Ninotchka",https://www.imdb.com/title/tt0031725,Película,7.8,110,1939,"Romance, Comedia",25076,"1939-11-23","Ernst Lubitsch"
tt1161443,2,2018-08-20,"Pagafantas","Pagafantas",https://www.imdb.com/title/tt1161443,Película,6.1,80,2009,"Comedia, Romance",2292,"2009-07-03","Borja Cobeaga"
tt0038669,3,2018-08-20,"Forajidos","The Killers",https://www.imdb.com/title/tt0038669,Película,7.7,103,1946,"Drama, Misterio, Crimen, Cine negro",26406,"1946-08-30","Robert Siodmak"
tt0048641,6,2018-08-20,"Sonrisas de una noche de verano","Sommarnattens leende",https://www.imdb.com/title/tt0048641,Película,7.7,109,1955,"Romance, Comedia",15856,"1955-12-26","Ingmar Bergman"
tt0421082,5,2018-08-20,"Control","Control",https://www.imdb.com/title/tt0421082,Película,7.6,122,2007,"Drama, Biografía, Música",72115,"2009-04-08","Anton Corbijn"
tt1185376,7,2018-08-20,"Mapa de los sonidos de Tokio","Map of the Sounds of Tokyo",https://www.imdb.com/title/tt1185376,Película,5.9,109,2009,"Drama, Suspense",2608,"2009-08-28","Isabel Coixet"
tt0102943,8,2018-08-20,"Slacker","Slacker",https://www.imdb.com/title/tt0102943,Película,7.0,97,1990,"Drama, Comedia",25651,"1991-07-05","Richard Linklater"
tt0098213,3,2018-08-20,"Roger y yo","Roger & Me",https://www.imdb.com/title/tt0098213,Película,7.5,91,1989,"Documental",28314,"1989-12-20","Michael Moore"
tt4385888,7,2018-08-20,"Mujeres del siglo XX","20th Century Women",https://www.imdb.com/title/tt4385888,Película,7.3,119,2016,"Comedia, Drama",52796,"2017-01-20","Mike Mills"
tt5726616,7,2018-08-20,"Call Me by Your Name","Call Me by Your Name",https://www.imdb.com/title/tt5726616,Película,7.8,132,2017,"Drama, Romance",363871,"2018-01-26","Luca Guadagnino"
tt5121816,6,2018-08-20,"El bar","El bar",https://www.imdb.com/title/tt5121816,Película,6.3,102,2017,"Suspense",30341,"2017-03-24","Álex de la Iglesia"
tt1172570,6,2018-08-20,"Bronson","Bronson",https://www.imdb.com/title/tt1172570,Película,7.0,92,2008,"Acción, Drama, Crimen",151221,"2009-03-13","Nicolas Winding Refn"
tt0361953,5,2018-08-20,"The Nest of the Cuckoo Birds","The Nest of the Cuckoo Birds",https://www.imdb.com/title/tt0361953,Película,5.0,81,1965,"Drama, Terror",565,"1965-08-18","Bert Williams"
tt0040679,3,2018-08-18,"Rostro pálido","The Paleface",https://www.imdb.com/title/tt0040679,Película,6.6,91,1948,"Familiar, Comedia, Del oeste",5032,"1948-12-17","Norman Z. McLeod"
tt0011841,5,2018-08-18,"Las dos tormentas","Way Down East",https://www.imdb.com/title/tt0011841,Película,7.3,165,1920,"Romance, Drama",6360,"1924-01-28","D.W. Griffith"
tt0061473,7,2018-08-18,"La chinoise","La Chinoise",https://www.imdb.com/title/tt0061473,Película,6.9,95,1967,"Comedia, Drama",9124,"2018-05-24","Jean-Luc Godard"
tt0283431,5,2018-08-18,"Kandahar","Safar-e Ghandehar",https://www.imdb.com/title/tt0283431,Película,6.8,85,2001,"Drama",7297,"2001-11-23","Mohsen Makhmalbaf"
tt0104029,6,2018-08-18,"Cronos","Cronos",https://www.imdb.com/title/tt0104029,Película,6.7,94,1992,"Fantasía, Drama, Suspense, Terror",36877,"1993-11-05","Guillermo del Toro"
tt0032138,5,2018-08-18,"El mago de Oz","The Wizard of Oz",https://www.imdb.com/title/tt0032138,Película,8.1,102,1939,"Musical, Familiar, Aventura, Fantasía",471883,"1939-08-25","Victor Fleming,George Cukor,Norman Taurog,Richard Thorpe,King Vidor"
tt0048434,10,2018-08-18,"Noche y niebla","Nuit et brouillard",https://www.imdb.com/title/tt0048434,Corto,8.6,32,1956,"Documental, Corto, Historia, Bélico",23688,"1956-01","Alain Resnais"
tt0422720,5,2018-08-18,"María Antonieta (Marie Antoinette)","Marie Antoinette",https://www.imdb.com/title/tt0422720,Película,6.5,123,2006,"Drama, Biografía, Historia, Romance",133450,"2007-01-05","Sofia Coppola"
tt0105236,8,2018-08-18,"Reservoir Dogs","Reservoir Dogs",https://www.imdb.com/title/tt0105236,Película,8.2,99,1992,"Crimen, Suspense",1179895,"1992-10-23","Quentin Tarantino"
tt0460989,4,2018-08-18,"El viento que agita la cebada","The Wind That Shakes the Barley",https://www.imdb.com/title/tt0460989,Película,7.5,127,2006,"Drama, Bélico",59626,"2006-09-15","Ken Loach"
tt0208990,6,2018-08-18,"La habitación del hijo","La stanza del figlio",https://www.imdb.com/title/tt0208990,Película,7.3,99,2001,"Drama",21443,"2001-10-05","Nanni Moretti"
tt0036241,6,2018-08-18,"El forajido","The Outlaw",https://www.imdb.com/title/tt0036241,Película,5.4,116,1943,"Drama, Acción, Aventura, Del oeste",5436,"1946-11-07","Howard Hughes,Howard Hawks"
tt0012364,8,2018-08-18,"La carreta fantasma","Körkarlen",https://www.imdb.com/title/tt0012364,Película,8.0,107,1921,"Fantasía, Terror, Drama",15976,"1921-01-01","Victor Sjöström"
tt0028212,4,2018-08-18,"Sabotaje","Sabotage",https://www.imdb.com/title/tt0028212,Película,7.0,76,1936,"Crimen, Suspense",20948,"1937-02-08","Alfred Hitchcock"
tt0262627,4,2018-08-18,"Monos como Becky","Mones com la Becky",https://www.imdb.com/title/tt0262627,Película,6.7,97,1999,"Documental, Biografía",172,"1999-10","Joaquim Jordà,Núria Villazán"
tt0042530,7,2018-08-18,"El demonio de las armas","Gun Crazy",https://www.imdb.com/title/tt0042530,Película,7.6,87,1950,"Romance, Suspense, Cine negro, Crimen, Drama",16786,"1950-01-20","Joseph H. Lewis"
tt0048473,7,2018-08-18,"Pather Panchali (La canción del camino)","Pather Panchali",https://www.imdb.com/title/tt0048473,Película,8.2,125,1955,"Historia, Drama",42170,"2005-10-14","Satyajit Ray"
tt0059880,4,2018-08-18,"Vinyl","Vinyl",https://www.imdb.com/title/tt0059880,Película,4.1,70,1965,"Ciencia ficción",1295,"1965-06-04","Andy Warhol"
tt0069467,9,2018-08-18,"Gritos y susurros","Viskningar och rop",https://www.imdb.com/title/tt0069467,Película,7.9,92,1972,"Drama",40181,"1973-03-05","Ingmar Bergman"
tt0094226,7,2018-08-18,"Los intocables de Eliot Ness","The Untouchables",https://www.imdb.com/title/tt0094226,Película,7.8,119,1987,"Suspense, Drama, Crimen",356468,"1987-10-02","Brian De Palma"
tt0436231,5,2018-08-18,"The Devil and Daniel Johnston","The Devil and Daniel Johnston",https://www.imdb.com/title/tt0436231,Película,7.9,110,2005,"Documental, Biografía, Música",11026,"2006-10-06","Jeff Feuerzeig"
tt0243255,7,2018-08-18,"À ma soeur !","À ma soeur !",https://www.imdb.com/title/tt0243255,Película,6.4,95,2001,"Drama",14220,"2001-03-07","Catherine Breillat"
tt0791270,5,2018-08-18,"Zulo","Zulo",https://www.imdb.com/title/tt0791270,Película,4.7,82,2005,"Suspense, Drama",244,"2006-07-21","C. Martín Ferrera"
tt0047834,6,2018-08-18,"Rebelión en la granja","Animal Farm",https://www.imdb.com/title/tt0047834,Película,7.2,72,1954,"Animación, Drama",22098,"1958-07-18","Joy Batchelor,John Halas"
tt0058715,5,2018-08-18,"El Evangelio según san Mateo","Il vangelo secondo Matteo",https://www.imdb.com/title/tt0058715,Película,7.6,137,1964,"Historia, Biografía, Drama",15301,"1965-03-03","Pier Paolo Pasolini"
tt0091167,6,2018-08-18,"Hannah y sus hermanas","Hannah and Her Sisters",https://www.imdb.com/title/tt0091167,Película,7.8,107,1986,"Drama, Comedia",82099,"1986-11-21","Woody Allen"
tt0102015,6,2018-08-18,"Corazones en tinieblas","Hearts of Darkness: A Filmmaker's Apocalypse",https://www.imdb.com/title/tt0102015,Película,8.1,96,1991,"Documental",26041,"1991-12-06","Fax Bahr,George Hickenlooper,Eleanor Coppola"
tt0012532,5,2018-08-18,"Las dos huérfanas","Orphans of the Storm",https://www.imdb.com/title/tt0012532,Película,7.3,150,1921,"Historia, Romance, Drama",5795,"1922-11-13","D.W. Griffith"
tt0303353,4,2018-08-18,"El chico que conquistó Hollywood","The Kid Stays in the Picture",https://www.imdb.com/title/tt0303353,Película,7.3,93,2002,"Documental, Biografía",8357,"2004-01-23","Nanette Burstein,Brett Morgen"
tt0445691,4,2018-08-18,"Salvador (Puig Antich)","Salvador (Puig Antich)",https://www.imdb.com/title/tt0445691,Película,7.2,134,2006,"Drama, Biografía, Historia",3575,"2006-09-15","Manuel Huerga"
tt0038890,9,2018-08-18,"Roma, ciudad abierta","Roma città aperta",https://www.imdb.com/title/tt0038890,Película,8.0,103,1945,"Suspense, Drama, Bélico",34391,"1945-10-08","Roberto Rossellini"
tt0410764,5,2018-08-18,"Tideland","Tideland",https://www.imdb.com/title/tt0410764,Película,6.3,120,2005,"Drama, Fantasía, Terror",36104,"2007-06-08","Terry Gilliam"
tt0328802,5,2018-08-18,"11'09''01 - 11 de septiembre","11'09''01 - September 11",https://www.imdb.com/title/tt0328802,Película,6.8,134,2002,"Drama",6154,"2002-11-15","Youssef Chahine,Amos Gitai,Shōhei Imamura,Alejandro G. Iñárritu,Claude Lelouch,Ken Loach,Samira Makhmalbaf,Mira Nair,Idrissa Ouedraogo,Sean Penn,Danis Tanovic"
tt0058003,7,2018-08-18,"El desierto rojo","Il deserto rosso",https://www.imdb.com/title/tt0058003,Película,7.4,117,1964,"Drama",19477,"1964-10-29","Michelangelo Antonioni"
tt0067328,8,2018-08-18,"La última película","The Last Picture Show",https://www.imdb.com/title/tt0067328,Película,8.0,118,1971,"Romance, Drama",57493,"1976-07-28","Peter Bogdanovich"
tt0405296,6,2018-08-18,"A Scanner Darkly","A Scanner Darkly",https://www.imdb.com/title/tt0405296,Película,7.0,100,2006,"Animación, Ciencia ficción, Suspense, Drama, Misterio, Crimen, Comedia",122466,"2006-10-20","Richard Linklater"
tt0212720,5,2018-08-18,"A. I. Inteligencia artificial","A.I. Artificial Intelligence",https://www.imdb.com/title/tt0212720,Película,7.2,146,2001,"Drama, Aventura, Ciencia ficción",342354,"2001-09-21","Steven Spielberg"
tt0019702,6,2018-08-18,"Chantaje","Blackmail",https://www.imdb.com/title/tt0019702,Película,6.9,85,1929,"Crimen, Drama, Misterio, Suspense",13687,"1981-11-05","Alfred Hitchcock"
tt0023427,6,2018-08-18,"Scarface, el terror del hampa","Scarface",https://www.imdb.com/title/tt0023427,Película,7.7,93,1932,"Suspense, Acción, Cine negro, Crimen, Drama",33722,"1932-04-09","Howard Hawks,Richard Rosson"
tt0032904,3,2018-08-18,"Historias de Filadelfia","The Philadelphia Story",https://www.imdb.com/title/tt0032904,Película,7.8,112,1940,"Romance, Comedia",79141,"1941-01-17","George Cukor"
tt0452971,5,2018-08-18,"Azuloscurocasinegro","Azuloscurocasinegro",https://www.imdb.com/title/tt0452971,Película,7.1,105,2006,"Drama, Comedia, Romance",8920,"2006-03-31","Daniel Sánchez Arévalo"
tt0765432,7,2018-08-18,"RAF Facción del ejército rojo","Der Baader Meinhof Komplex",https://www.imdb.com/title/tt0765432,Película,7.3,150,2008,"Drama, Biografía, Crimen, Acción, Historia, Suspense",41875,"2009-03-13","Uli Edel"
tt0043265,2,2018-08-18,"La reina de África","The African Queen",https://www.imdb.com/title/tt0043265,Película,7.7,105,1951,"Romance, Bélico, Drama, Aventura",88027,"1952-03-21","John Huston"
tt0056801,8,2018-08-18,"Fellini 8½","8½",https://www.imdb.com/title/tt0056801,Película,8.0,138,1963,"Drama",133589,"1967-05-13","Federico Fellini"
tt0067128,6,2018-08-18,"Asesino implacable","Get Carter",https://www.imdb.com/title/tt0067128,Película,7.3,112,1971,"Crimen, Suspense",39066,"1971-03-12","Mike Hodges"
tt0120265,5,2018-08-18,"El sabor de las cerezas","Ta'm e guilass",https://www.imdb.com/title/tt0120265,Película,7.7,95,1997,"Drama",44939,"1997-12-11","Abbas Kiarostami"
tt0216605,5,2018-08-18,"La cautiva","La Captive",https://www.imdb.com/title/tt0216605,Película,6.0,108,2000,"Romance, Música, Drama",2439,"2002-05-10","Chantal Akerman"
tt0097965,4,2018-08-18,"Historias de Nueva York","New York Stories",https://www.imdb.com/title/tt0097965,Película,6.4,124,1989,"Romance, Drama, Comedia",21066,"1989-03-10","Woody Allen,Francis Ford Coppola,Martin Scorsese"
tt0013257,9,2018-08-18,"Häxan: La brujería a través de los tiempos","Häxan",https://www.imdb.com/title/tt0013257,Película,7.6,105,1922,"Documental, Terror, Fantasía",19462,"1922-09-18","Benjamin Christensen"
tt0367863,8,2018-08-18,"Las horas del día","Las horas del día",https://www.imdb.com/title/tt0367863,Película,6.4,103,2003,"Drama, Crimen",706,"2003-06-06","Jaime Rosales"
tt0023649,9,2018-08-18,"Vampyr","Vampyr",https://www.imdb.com/title/tt0023649,Película,7.4,75,1932,"Fantasía, Terror",23033,"1932-05-06","Carl Theodor Dreyer"
tt0040525,6,2018-08-18,"La dama de Shanghái","The Lady from Shanghai",https://www.imdb.com/title/tt0040525,Película,7.5,87,1947,"Misterio, Crimen, Suspense, Drama, Cine negro",36974,"1948-10-01","Orson Welles"
tt0056663,8,2018-08-18,"Vivir su vida","Vivre sa vie: film en douze tableaux",https://www.imdb.com/title/tt0056663,Película,7.8,80,1962,"Drama",37988,"1962-09-20","Jean-Luc Godard"
tt0388910,5,2018-08-18,"La descomposición del alma","La décomposition de l'âme",https://www.imdb.com/title/tt0388910,Película,7.1,82,2002,"Documental",23,"2007-09-12","Massimo Iannetta,Nina Toussaint"
tt0067185,8,2018-08-18,"Harold y Maude","Harold and Maude",https://www.imdb.com/title/tt0067185,Película,7.8,91,1971,"Romance, Drama, Comedia",85536,"1971-12-20","Hal Ashby"
tt0118694,8,2018-08-18,"Deseando amar","Fa yeung nin wah",https://www.imdb.com/title/tt0118694,Película,8.0,98,2000,"Romance, Drama",190987,"2001-02-16","Wong Kar-Wai"
tt0109831,3,2018-08-18,"Cuatro bodas y un funeral","Four Weddings and a Funeral",https://www.imdb.com/title/tt0109831,Película,7.1,117,1994,"Drama, Romance, Comedia",184029,"1994-08-26","Mike Newell"
tt0055601,7,2018-08-18,"Viridiana","Viridiana",https://www.imdb.com/title/tt0055601,Película,8.0,91,1961,"Drama",28496,"1963-10-10","Luis Buñuel"
tt0018737,8,2018-08-18,"La caja de Pandora","Die Büchse der Pandora",https://www.imdb.com/title/tt0018737,Película,7.7,141,1929,"Crimen, Romance, Drama",13035,"1930-02-22","Georg Wilhelm Pabst"
tt0022100,9,2018-08-18,"M, el vampiro de Düsseldorf","M - Eine Stadt sucht einen Mörder",https://www.imdb.com/title/tt0022100,Película,8.3,117,1931,"Crimen, Misterio, Suspense",184109,"1931-11-24","Fritz Lang"
tt0040766,5,2018-08-18,"Secreto tras la puerta","Secret Beyond the Door...",https://www.imdb.com/title/tt0040766,Película,6.6,99,1947,"Drama, Misterio, Suspense, Romance, Cine negro",6472,"1948-04-12","Fritz Lang"
tt0054632,10,2018-08-18,"El año pasado en Marienbad","L'année dernière à Marienbad",https://www.imdb.com/title/tt0054632,Película,7.6,94,1961,"Drama, Misterio, Romance",27265,"1962-11-30","Alain Resnais"
tt0067309,6,2018-08-18,"Klute","Klute",https://www.imdb.com/title/tt0067309,Película,7.1,114,1971,"Crimen, Suspense, Misterio",34262,"1971-06-25","Alan J. Pakula"
tt0217505,7,2018-08-18,"Gangs of New York","Gangs of New York",https://www.imdb.com/title/tt0217505,Película,7.5,167,2002,"Crimen, Drama",509811,"2003-02-28","Martin Scorsese"
tt0850253,4,2018-08-18,"Batalla en Seattle","Battle in Seattle",https://www.imdb.com/title/tt0850253,Película,6.6,99,2007,"Drama, Acción, Suspense, Historia",15621,"2008-10-03","Stuart Townsend"
tt0243017,8,2018-08-18,"Despertando a la vida","Waking Life",https://www.imdb.com/title/tt0243017,Película,7.6,101,2001,"Animación, Drama, Fantasía",69848,"2002-04-26","Richard Linklater"
tt0929425,6,2018-08-18,"Gomorra","Gomorra",https://www.imdb.com/title/tt0929425,Película,7.0,137,2008,"Drama, Crimen",53475,"2008-11-14","Matteo Garrone"
tt0078268,5,2018-08-18,"7 días de enero","7 días de enero",https://www.imdb.com/title/tt0078268,Película,6.4,124,1979,"Drama, Crimen",215,"1979-11-14","Juan Antonio Bardem"
tt0199777,4,2018-08-18,"Moloch","Moloch",https://www.imdb.com/title/tt0199777,Película,6.7,108,1999,"Drama",2748,"2000-05-11","Aleksandr Sokurov"
tt0021079,6,2018-08-18,"Hampa dorada","Little Caesar",https://www.imdb.com/title/tt0021079,Película,7.1,79,1931,"Romance, Acción, Crimen, Drama",16158,"1931-01-25","Mervyn LeRoy"
tt0035446,4,2018-08-18,"Ser o no ser","To Be or Not to Be",https://www.imdb.com/title/tt0035446,Película,8.1,99,1942,"Romance, Bélico, Comedia",50285,"1942-03-06","Ernst Lubitsch"
tt0043014,8,2018-08-18,"El crepúsculo de los dioses","Sunset Blvd.",https://www.imdb.com/title/tt0043014,Película,8.4,110,1950,"Drama, Cine negro",263379,"1974-02-14","Billy Wilder"
tt0053967,5,2018-08-18,"La joven","The Young One",https://www.imdb.com/title/tt0053967,Película,7.4,96,1960,"Drama",3341,"1961-08-04","Luis Buñuel"
tt0058138,5,2018-08-18,"Gertrud","Gertrud",https://www.imdb.com/title/tt0058138,Película,7.3,116,1964,"Romance, Drama",7419,"1965-01-01","Carl Theodor Dreyer"
tt0405866,4,2018-08-18,"La dama de honor","La demoiselle d'honneur",https://www.imdb.com/title/tt0405866,Película,6.7,111,2004,"Suspense, Drama, Romance",2956,"2005-04-01","Claude Chabrol"
tt0261311,5,2018-08-18,"Son de mar","Son de mar",https://www.imdb.com/title/tt0261311,Película,5.9,95,2001,"Romance, Drama",2474,"2001-06-08","Bigas Luna"
tt0283623,7,2018-08-18,"Telets","Telets",https://www.imdb.com/title/tt0283623,Película,6.8,104,2001,"Drama",1154,"2001-02-24","Aleksandr Sokurov"
tt0362526,2,2018-08-18,"Criminal","Criminal",https://www.imdb.com/title/tt0362526,Película,6.4,87,2004,"Drama, Comedia, Crimen, Suspense",11479,"2004-09-24","Gregory Jacobs"
tt0318034,6,2018-08-18,"El arca rusa","Russkiy kovcheg",https://www.imdb.com/title/tt0318034,Película,7.2,99,2002,"Historia, Misterio, Drama, Fantasía",23168,"2004-02-13","Aleksandr Sokurov"
tt0114478,6,2018-08-18,"Smoke","Smoke",https://www.imdb.com/title/tt0114478,Película,7.4,112,1995,"Comedia, Drama",38961,"1995-10-06","Wayne Wang"
tt0387131,8,2018-08-18,"El jardinero fiel","The Constant Gardener",https://www.imdb.com/title/tt0387131,Película,7.3,129,2005,"Drama, Suspense, Misterio, Romance",156514,"2005-11-04","Fernando Meirelles"
tt0077928,5,2018-08-18,"El expreso de medianoche","Midnight Express",https://www.imdb.com/title/tt0077928,Película,7.5,121,1978,"Suspense, Biografía, Crimen, Drama",95567,"1978-12-18","Alan Parker"
tt0278736,4,2018-08-18,"Stanley Kubrick: Una vida en imágenes","Stanley Kubrick: A Life in Pictures",https://www.imdb.com/title/tt0278736,Película,8.0,142,2001,"Documental, Biografía",11285,"2001-02-17","Jan Harlan"
tt0089029,4,2018-08-18,"Discípulos de la Cámara 36","Pi li shi jie",https://www.imdb.com/title/tt0089029,Película,6.3,90,1985,"Acción, Comedia",2421,"1985-05-17","Chia-Liang Liu"
tt0081494,5,2018-08-18,"Retorno a Shaolin","Shao Lin da peng da shi",https://www.imdb.com/title/tt0081494,Película,6.9,99,1980,"Acción, Comedia",4653,"1980-08-24","Chia-Liang Liu"
tt0078243,6,2018-08-18,"Las 36 cámaras de Shaolin","Shao Lin san shi liu fang",https://www.imdb.com/title/tt0078243,Película,7.6,116,1978,"Drama, Aventura, Acción, Historia",20688,"1978-02-02","Chia-Liang Liu"
tt0366292,3,2018-08-18,"Llamada perdida","Chakushin ari",https://www.imdb.com/title/tt0366292,Película,6.2,112,2003,"Terror, Misterio",20947,"2005-01-05","Takashi Miike"
tt0038559,5,2018-08-18,"Gilda","Gilda",https://www.imdb.com/title/tt0038559,Película,7.6,110,1946,"Suspense, Romance, Drama, Cine negro",37701,"1947-12-23","Charles Vidor"
tt0048545,4,2018-08-18,"Rebelde sin causa","Rebel Without a Cause",https://www.imdb.com/title/tt0048545,Película,7.6,111,1955,"Drama",104078,"1955-10-27","Nicholas Ray"
tt0265343,5,2018-08-18,"La boda del monzón","Monsoon Wedding",https://www.imdb.com/title/tt0265343,Película,7.3,114,2001,"Comedia, Romance, Drama",26740,"2002-08-30","Mira Nair"
tt0424024,6,2018-08-18,"La pesadilla de Darwin","Darwin's Nightmare",https://www.imdb.com/title/tt0424024,Película,7.4,107,2004,"Documental",5774,"2005-01-21","Hubert Sauper"
tt0113101,6,2018-08-18,"Four Rooms","Four Rooms",https://www.imdb.com/title/tt0113101,Película,6.7,98,1995,"Comedia",117461,"1996-05-13","Allison Anders,Alexandre Rockwell,Robert Rodriguez,Quentin Tarantino"
tt0340855,2,2018-08-18,"Monster","Monster",https://www.imdb.com/title/tt0340855,Película,7.3,109,2003,"Biografía, Crimen, Suspense, Drama",173163,"2004-02-27","Patty Jenkins"
tt0377800,4,2018-08-18,"Llamando a las puertas del cielo","Don't Come Knocking",https://www.imdb.com/title/tt0377800,Película,6.6,122,2005,"Drama, Música",8423,"2006-10-06","Wim Wenders"
tt0087884,9,2018-08-18,"Paris, Texas","Paris, Texas",https://www.imdb.com/title/tt0087884,Película,8.1,145,1984,"Drama",144176,"1989-01-18","Wim Wenders"
tt0093191,8,2018-08-18,"El cielo sobre Berlín","Der Himmel über Berlin",https://www.imdb.com/title/tt0093191,Película,7.9,128,1987,"Fantasía, Romance, Drama",84691,"1987-09-23","Wim Wenders"
tt0974554,4,2018-08-18,"Elegy","Elegy",https://www.imdb.com/title/tt0974554,Película,6.7,112,2008,"Drama, Romance",23946,"2008-04-18","Isabel Coixet"
tt0880502,7,2018-08-18,"Al otro lado","Auf der anderen Seite",https://www.imdb.com/title/tt0880502,Película,7.7,116,2007,"Drama",35694,"2008-03-14","Fatih Akin"
tt1244733,6,2018-08-18,"Las variaciones Marker","Las variaciones Marker",https://www.imdb.com/title/tt1244733,Corto,6.9,34,2008,"Documental, Corto",49,"2008-04","Isaki Lacuesta"
tt6677224,10,2018-08-18,"Histoire(s) du cinéma","Histoire(s) du cinéma",https://www.imdb.com/title/tt6677224,Miniserie de TV,7.2,267,1988,"Documental",980,"1989-05-07",
tt0348080,7,2018-08-18,"Recuerdos del porvenir","Le souvenir d'un avenir",https://www.imdb.com/title/tt0348080,Vídeo,7.6,42,2001,"Documental, Corto",314,"2001-09-22","Yannick Bellon,Chris Marker"
tt0081176,9,2018-08-18,"Mi tío de América","Mon oncle d'Amérique",https://www.imdb.com/title/tt0081176,Película,7.6,126,1980,"Comedia, Romance, Drama",7426,"1980-10-22","Alain Resnais"
tt0459666,7,2018-08-18,"Tiempos de amor, juventud y libertad","Zui hao de shi guang",https://www.imdb.com/title/tt0459666,Película,6.9,139,2005,"Drama, Romance",6423,"2006-08-25","Hsiao-Hsien Hou"
tt0117737,5,2018-08-18,"Belleza robada","Stealing Beauty",https://www.imdb.com/title/tt0117737,Película,6.5,118,1996,"Romance, Misterio, Drama",32657,"1996-08-30","Bernardo Bertolucci"
tt0130827,6,2018-08-18,"Corre Lola, corre","Lola rennt",https://www.imdb.com/title/tt0130827,Película,7.6,81,1998,"Crimen, Suspense, Acción",218001,"2000-05-05","Tom Tykwer"
tt0056119,9,2018-08-18,"El muelle","La Jetée",https://www.imdb.com/title/tt0056119,Corto,8.2,28,1962,"Corto, Romance, Drama, Ciencia ficción",40162,"1962-02-16","Chris Marker"
tt0116866,8,2018-08-18,"Level Five","Level Five",https://www.imdb.com/title/tt0116866,Película,7.0,106,1997,"Documental, Romance, Bélico",1023,"1997-02-19","Chris Marker"
tt0070849,7,2018-08-18,"El último tango en París","Ultimo tango a Parigi",https://www.imdb.com/title/tt0070849,Película,6.8,129,1972,"Romance, Drama",63143,"1972-12-15","Bernardo Bertolucci"
tt0074084,7,2018-08-18,"Novecento","Novecento",https://www.imdb.com/title/tt0074084,Película,7.6,317,1976,"Historia, Drama",28001,"1977-10-18","Bernardo Bertolucci"
tt0063415,5,2018-08-18,"El guateque","The Party",https://www.imdb.com/title/tt0063415,Película,7.4,99,1968,"Romance, Comedia",47443,"1968-04-04","Blake Edwards"
tt0458242,6,2018-08-18,"Luces al atardecer","Laitakaupungin valot",https://www.imdb.com/title/tt0458242,Película,6.8,78,2006,"Drama, Crimen",8953,"2007-01-05","Aki Kaurismäki"
tt0408236,6,2018-08-18,"Sweeney Todd: El barbero diabólico de la calle Fleet","Sweeney Todd: The Demon Barber of Fleet Street",https://www.imdb.com/title/tt0408236,Película,7.3,116,2007,"Musical, Drama, Suspense, Terror",408863,"2008-02-15","Tim Burton"
tt0068767,6,2018-08-18,"Furia oriental","Jing wu men",https://www.imdb.com/title/tt0068767,Película,7.2,106,1972,"Drama, Suspense, Romance, Acción",37657,"1980-06-19","Wei Lo"
tt0199683,4,2018-08-18,"El verano de Kikujiro","Kikujirô no natsu",https://www.imdb.com/title/tt0199683,Película,7.7,122,1999,"Drama, Comedia",23827,"2000-03-24","Takeshi Kitano"
tt0385004,5,2018-08-18,"La casa de las dagas voladoras","Shi mian mai fu",https://www.imdb.com/title/tt0385004,Película,7.5,119,2004,"Acción, Drama, Romance, Aventura",120285,"2005-02-11","Yimou Zhang"
tt0171865,8,2018-08-18,"Wonderland","Wonderland",https://www.imdb.com/title/tt0171865,Película,7.1,108,1999,"Drama",4377,"1999-11-12","Michael Winterbottom"
tt6101820,3,2018-08-17,"Perfectos desconocidos","Perfectos desconocidos",https://www.imdb.com/title/tt6101820,Película,6.9,97,2017,"Comedia, Drama",16612,"2017-12-01","Álex de la Iglesia"
tt0278731,5,2018-08-17,"Spider","Spider",https://www.imdb.com/title/tt0278731,Película,6.7,98,2002,"Misterio, Suspense, Drama",42225,"2002-10-25","David Cronenberg"
tt0291350,6,2018-08-17,"Millennium Actress","Sennen joyû",https://www.imdb.com/title/tt0291350,Película,7.8,87,2001,"Animación, Fantasía, Romance, Drama",37503,"2002-09-14","Satoshi Kon"
tt1166827,4,2018-08-17,"Zeitgeist","Zeitgeist",https://www.imdb.com/title/tt1166827,Vídeo,8.1,118,2007,"Documental, Historia",51145,"2007-06-01","Peter Joseph"
tt0117909,5,2018-08-17,"Tierra","Tierra",https://www.imdb.com/title/tt0117909,Película,7.2,125,1996,"Fantasía, Romance, Drama",4163,"1997-04-10","Julio Medem"
tt0133363,8,2018-08-17,"Los amantes del círculo polar","Los amantes del Círculo Polar",https://www.imdb.com/title/tt0133363,Película,7.6,112,1998,"Misterio, Romance, Drama",20946,"1998-08-28","Julio Medem"
tt0061418,9,2018-08-17,"Bonnie y Clyde","Bonnie and Clyde",https://www.imdb.com/title/tt0061418,Película,7.7,111,1967,"Biografía, Acción, Crimen, Drama",127572,"1967-08-14","Arthur Penn"
tt0414993,4,2018-08-17,"La fuente de la vida","The Fountain",https://www.imdb.com/title/tt0414993,Película,7.1,97,2006,"Ciencia ficción, Drama, Misterio, Romance",259358,"2007-04-27","Darren Aronofsky"
tt0066434,9,2018-08-17,"THX 1138","THX 1138",https://www.imdb.com/title/tt0066434,Película,6.6,86,1971,"Suspense, Drama, Ciencia ficción",57942,"1971-03-11","George Lucas"
tt0101258,6,2018-08-17,"Días salvajes","Ah fei jing juen",https://www.imdb.com/title/tt0101258,Película,7.4,95,1990,"Crimen, Romance, Drama",28861,"1990-12-15","Wong Kar-Wai"
tt0343663,6,2018-08-17,"Eros","Eros",https://www.imdb.com/title/tt0343663,Película,5.9,104,2004,"Romance, Drama",7807,"2005-10-28","Michelangelo Antonioni,Wong Kar-Wai,Steven Soderbergh"
tt7115920,6,2018-08-17,"Muchos hijos, un mono y un castillo","Muchos hijos, un mono y un castillo",https://www.imdb.com/title/tt7115920,Película,7.5,90,2017,"Documental",1762,"2018-11-16","Gustavo Salmerón"
tt3615160,5,2018-08-17,"Genocidal Organ","Gyakusatsu kikan",https://www.imdb.com/title/tt3615160,Película,6.4,115,2017,"Animación, Ciencia ficción, Acción, Suspense",1469,"2017-02-03","Shûkô Murase"
tt5390504,6,2018-08-16,"Detroit","Detroit",https://www.imdb.com/title/tt5390504,Película,7.3,143,2017,"Suspense, Drama, Crimen, Historia",59338,"2017-09-15","Kathryn Bigelow"
tt0104053,5,2018-08-16,"Trauma","Trauma",https://www.imdb.com/title/tt0104053,Película,5.8,106,1993,"Suspense, Misterio, Terror",8953,"1993-03-12","Dario Argento"
tt3841424,7,2018-08-15,"Land of mine. Bajo la arena","Under sandet",https://www.imdb.com/title/tt3841424,Película,7.8,100,2015,"Bélico, Drama, Historia",49724,"2017-03-10","Martin Zandvliet"
tt2103281,6,2018-08-14,"El amanecer del planeta de los simios","Dawn of the Planet of the Apes",https://www.imdb.com/title/tt2103281,Película,7.6,130,2014,"Acción, Aventura, Drama, Ciencia ficción, Suspense",514655,"2014-07-17","Matt Reeves"
tt3450958,6,2018-08-14,"La guerra del planeta de los simios","War for the Planet of the Apes",https://www.imdb.com/title/tt3450958,Película,7.4,140,2017,"Acción, Drama, Ciencia ficción, Aventura, Suspense",329713,"2017-07-12","Matt Reeves"
tt0087798,4,2018-08-14,"Noche en el tren del terror","Night Train to Terror",https://www.imdb.com/title/tt0087798,Película,4.2,98,1985,"Drama, Fantasía, Misterio, Suspense, Terror",3142,"1985-02-22","John Carr,Phillip Marshak,Tom McGowan,Jay Schlossberg-Cohen,Gregg G. Tallas"
tt1648190,3,2018-08-13,"La Torre Oscura","The Dark Tower",https://www.imdb.com/title/tt1648190,Película,5.6,95,2017,"Aventura, Fantasía, Ciencia ficción, Del oeste, Acción, Drama",157069,"2017-08-18","Nikolaj Arcel"
tt4866448,7,2018-08-13,"Most beautiful island","Most Beautiful Island",https://www.imdb.com/title/tt4866448,Película,5.7,80,2017,"Drama, Suspense, Terror",4021,"2017-11-03","Ana Asensio"
tt4593108,7,2018-08-10,"Bajo el sol","Zvizdan",https://www.imdb.com/title/tt4593108,Película,7.0,123,2015,"Drama, Romance, Bélico",3947,"2017-05-26","Dalibor Matanić"
tt1650555,5,2018-08-10,"Lobos de Arga","Lobos de Arga",https://www.imdb.com/title/tt1650555,Película,6.0,102,2011,"Terror, Comedia",2622,"2012-07-13","Juan Martínez Moreno"
tt6705640,3,2018-08-10,"Trauma","Trauma",https://www.imdb.com/title/tt6705640,Película,4.7,106,2017,"Terror, Drama, Suspense, Crimen",3964,"2021-12-21","Lucio A. Rojas"
tt4995790,8,2018-08-08,"The Square","The Square",https://www.imdb.com/title/tt4995790,Película,7.1,151,2017,"Drama, Comedia",83411,"2017-11-17","Ruben Östlund"
tt0082245,6,2018-08-08,"Bendición mortal","Deadly Blessing",https://www.imdb.com/title/tt0082245,Película,5.5,100,1981,"Suspense, Terror",8099,"1981-08-14","Wes Craven"
tt0077681,7,2018-08-08,"Las colinas tienen ojos","The Hills Have Eyes",https://www.imdb.com/title/tt0077681,Película,6.3,90,1977,"Suspense, Terror",43106,"1979-12-26","Wes Craven"
tt0096149,3,2018-08-08,"Espacio exterior","Space Mutiny",https://www.imdb.com/title/tt0096149,Película,2.1,91,1988,"Aventura, Romance, Ciencia ficción, Acción",7626,"1988-08","David Winters,Neal Sundstrom"
tt0107978,4,2018-08-08,"RoboCop 3","RoboCop 3",https://www.imdb.com/title/tt0107978,Película,4.2,104,1993,"Suspense, Crimen, Ciencia ficción, Acción",57722,"1993-07-16","Fred Dekker"
tt0109723,7,2018-08-06,"El abrazo del vampiro","Embrace of the Vampire",https://www.imdb.com/title/tt0109723,Película,4.4,92,1995,"Suspense, Terror",7567,"1995-05-30","Anne Goursaud"
tt0100502,6,2018-08-06,"RoboCop 2","RoboCop 2",https://www.imdb.com/title/tt0100502,Película,5.9,117,1990,"Crimen, Suspense, Ciencia ficción, Acción",100784,"1991-02-13","Irvin Kershner"
tt2393440,5,2018-08-04,"Ayer no termina nunca","Ayer no termina nunca",https://www.imdb.com/title/tt2393440,Película,5.1,108,2013,"Drama",603,"2013-04-26","Isabel Coixet"
tt0093870,7,2018-08-03,"RoboCop","RoboCop",https://www.imdb.com/title/tt0093870,Película,7.6,102,1987,"Acción, Crimen, Suspense, Ciencia ficción",311716,"1987-12-15","Paul Verhoeven"
tt1017460,5,2018-08-03,"Splice: Experimento mortal","Splice",https://www.imdb.com/title/tt1017460,Película,5.8,104,2009,"Ciencia ficción, Terror",107099,"2010-07-30","Vincenzo Natali"
tt0109592,4,2018-08-03,"Mi novia es un zombie","Dellamorte dellamore",https://www.imdb.com/title/tt0109592,Película,7.0,103,1994,"Comedia, Terror",26485,"1994-03-25","Michele Soavi"
tt1082807,6,2018-08-02,"The Belko Experiment","The Belko Experiment",https://www.imdb.com/title/tt1082807,Película,6.2,89,2016,"Terror, Suspense, Acción",67868,"2017-03-17","Greg McLean"
tt5918090,6,2018-08-02,"Yo no soy Madame Bovary","Wo bu shi Pan Jin Lian",https://www.imdb.com/title/tt5918090,Película,6.9,128,2016,"Comedia, Drama",2680,"2016-11-18","Xiaogang Feng"
tt4948838,7,2018-07-31,"Demonios tus ojos","Demonios tus ojos",https://www.imdb.com/title/tt4948838,Película,5.2,94,2017,"Drama, Suspense",1568,"2018-10-11","Pedro Aguilera"
tt4466490,5,2018-07-31,"Sieranevada","Sieranevada",https://www.imdb.com/title/tt4466490,Película,7.3,173,2016,"Drama, Comedia",6196,"2017-07-21","Cristi Puiu"
tt4765284,4,2018-07-29,"Dando la nota 3","Pitch Perfect 3",https://www.imdb.com/title/tt4765284,Película,5.8,93,2017,"Comedia, Música",79658,"2017-12-22","Trish Sie"
tt0086491,5,2018-07-28,"En los límites de la realidad","Twilight Zone: The Movie",https://www.imdb.com/title/tt0086491,Película,6.4,101,1983,"Ciencia ficción, Terror",43724,"1983-10-24","Joe Dante,John Landis,George Miller,Steven Spielberg"
tt1060277,4,2018-07-28,"Monstruoso","Cloverfield",https://www.imdb.com/title/tt1060277,Película,7.0,85,2008,"Ciencia ficción, Terror, Suspense, Acción",447206,"2008-02-01","Matt Reeves"
tt0056040,7,2018-07-28,"Gritos en la noche","Gritos en la noche",https://www.imdb.com/title/tt0056040,Película,6.1,97,1962,"Terror",1986,"1963-05-22","Jesús Franco"
tt0069239,6,2018-07-28,"La estación de la bruja","Hungry Wives",https://www.imdb.com/title/tt0069239,Película,5.6,130,1972,"Terror, Drama",4463,"1973-04-18","George A. Romero"
tt4952336,3,2018-07-19,"249. La noche en que una becaria encontró a Emiliano Revilla","249. La noche en que una becaria encontró a Emiliano Revilla",https://www.imdb.com/title/tt4952336,Película,5.0,72,2016,"Drama",48,"2016-12-09","Luis María Ferrández"
tt4292596,7,2018-07-19,"Los héroes del mal","Los héroes del mal",https://www.imdb.com/title/tt4292596,Película,6.1,98,2015,"Drama, Crimen, Suspense",1166,"2016-01-21","Zoe Berriatúa"
tt0377569,5,2018-07-19,"Buenos días, noche","Buongiorno, notte",https://www.imdb.com/title/tt0377569,Película,7.1,106,2003,"Drama",4308,"2005-08-19","Marco Bellocchio"
tt0073697,5,2018-07-19,"Sheba Shayne","Sheba, Baby",https://www.imdb.com/title/tt0073697,Película,5.7,90,1975,"Suspense, Crimen, Drama, Acción",2273,"1976-10-06","William Girdler"
tt3204144,6,2018-07-16,"Les Combattants","Les combattants",https://www.imdb.com/title/tt3204144,Película,6.6,98,2014,"Comedia, Romance, Aventura",6554,"2014-08-20","Thomas Cailley"
tt4911876,2,2018-07-16,"White Island","White Island",https://www.imdb.com/title/tt4911876,Película,4.2,91,2016,"Comedia",305,"2016-06-23","Ben Turner"
tt0285728,5,2018-07-14,"Dahmer, el carnicero de Milwaukee","Dahmer",https://www.imdb.com/title/tt0285728,Película,5.6,101,2002,"Biografía, Crimen, Drama, Suspense, Terror",12553,"2019","David Jacobson"
tt0082467,6,2018-07-14,"El día de la graduación","Graduation Day",https://www.imdb.com/title/tt0082467,Película,4.8,96,1981,"Misterio, Suspense, Terror",6031,"1981-05-01","Herb Freed"
tt5076792,6,2018-07-14,"Trash Fire","Trash Fire",https://www.imdb.com/title/tt5076792,Película,5.8,91,2016,"Comedia, Terror, Suspense, Drama",3483,"2016-11-03","Richard Bates Jr."
tt4034354,9,2018-07-14,"Swiss Army Man","Swiss Army Man",https://www.imdb.com/title/tt4034354,Película,6.9,97,2016,"Drama, Comedia, Fantasía, Romance",142477,"2017-06-27","Daniel Kwan,Daniel Scheinert"
tt3698558,3,2018-07-14,"Some kind of hate","Some Kind of Hate",https://www.imdb.com/title/tt3698558,Película,4.6,82,2015,"Terror, Drama, Suspense",2963,"2015-09-18","Adam Egypt Mortimer"
tt4381236,6,2018-07-14,"The Greasy Strangler","The Greasy Strangler",https://www.imdb.com/title/tt4381236,Película,5.8,93,2016,"Comedia, Terror",9736,"2016-10-07","Jim Hosking"
tt4262980,7,2018-07-14,"Shin Godzilla","Shin Gojira",https://www.imdb.com/title/tt4262980,Película,6.9,120,2016,"Drama, Terror, Ciencia ficción, Acción",46787,"2016-07-29","Shinji Higuchi,Hideaki Anno"
tt5892354,5,2018-07-14,"Mon ange","Mon ange",https://www.imdb.com/title/tt5892354,Película,6.1,80,2016,"Romance, Drama, Fantasía",549,"2017-05-03","Harry Cleven"
tt4954522,7,2018-07-14,"Crudo","Grave",https://www.imdb.com/title/tt4954522,Película,6.9,99,2016,"Terror, Drama",97448,"2017-03-17","Julia Ducournau"
tt3508840,7,2018-07-14,"The assassin","Cike Nie Yinniang",https://www.imdb.com/title/tt3508840,Película,6.3,105,2015,"Drama, Acción, Historia",19101,"2015-08-27","Hsiao-Hsien Hou"
tt0074812,6,2018-07-14,"La fuga de Logan","Logan's Run",https://www.imdb.com/title/tt0074812,Película,6.8,119,1976,"Acción, Aventura, Ciencia ficción",66310,"1976-06-23","Michael Anderson"
tt1156398,5,2018-07-14,"Bienvenidos a Zombieland","Zombieland",https://www.imdb.com/title/tt1156398,Película,7.5,88,2009,"Comedia, Acción, Terror",673291,"2009-11-27","Ruben Fleischer"
tt3672742,7,2018-07-13,"Turbo Kid","Turbo Kid",https://www.imdb.com/title/tt3672742,Película,6.7,93,2015,"Acción, Ciencia ficción, Comedia, Aventura",31342,"2015-08-28","François Simard,Anouk Whissell,Yoann-Karl Whissell"
tt3547682,6,2018-07-13,"What We Become","Sorgenfri",https://www.imdb.com/title/tt3547682,Película,5.5,85,2015,"Terror, Suspense",4610,"2016-03-31","Bo Mikkelsen"
tt3363888,5,2018-07-11,"México Bárbaro","México Bárbaro",https://www.imdb.com/title/tt3363888,Película,4.7,114,2014,"Terror",1167,"2015-08-23","Isaac Ezban,Laurette Flores Bornn,Jorge Michel Grau,Ulises Guzman,Edgar Nito,Lex Ortega,Gigi Saul Guerrero,Aaron Soto"
tt7784604,8,2018-07-11,"Hereditary","Hereditary",https://www.imdb.com/title/tt7784604,Película,7.3,127,2018,"Terror, Drama, Misterio, Suspense",467624,"2018-06-22","Ari Aster"
tt7976972,5,2018-07-11,"Horizonti","Horizonti",https://www.imdb.com/title/tt7976972,Película,6.8,105,2018,"Drama",125,"2018-02-16","Tinatin Kajrishvili"
tt5862902,5,2018-07-11,"Yardie","Yardie",https://www.imdb.com/title/tt5862902,Película,5.8,101,2018,"Crimen, Drama, Suspense",3649,"2018-08-31","Idris Elba"
tt7925504,6,2018-07-11,"Cuando empieze la guerra","Az prijde válka",https://www.imdb.com/title/tt7925504,Película,6.5,76,2018,"Documental",175,"2018-02-16","Jan Gebert"
tt6169920,7,2018-07-11,"L'animale","L'animale",https://www.imdb.com/title/tt6169920,Película,6.5,100,2018,"Drama",703,"2018-03-16","Katharina Mückstein"
tt1441395,9,2018-07-10,"Under the skin","Under the Skin",https://www.imdb.com/title/tt1441395,Película,6.3,108,2013,"Ciencia ficción, Drama, Suspense, Terror, Misterio",173030,"2020-08-28","Jonathan Glazer"
tt3099498,4,2018-07-10,"Tusk","Tusk",https://www.imdb.com/title/tt3099498,Película,5.4,102,2014,"Terror, Comedia",74753,"2014-09-19","Kevin Smith"
tt3416742,9,2018-07-09,"Lo que hacemos en las sombras","What We Do in the Shadows",https://www.imdb.com/title/tt3416742,Película,7.6,86,2014,"Comedia, Terror, Suspense",215419,"2014-06-19","Jemaine Clement,Taika Waititi"
tt2345737,6,2018-07-09,"El cazador","The Rover",https://www.imdb.com/title/tt2345737,Película,6.4,103,2014,"Drama, Crimen, Ciencia ficción, Acción",54965,"2014-06-20","David Michôd"
tt3740416,4,2018-07-09,"Pos eso","Pos eso",https://www.imdb.com/title/tt3740416,Película,6.1,75,2014,"Animación, Comedia, Terror, Suspense",533,"2014-10-04","Sam Orti"
tt0240419,7,2018-07-07,"La ciénaga","La Ciénaga",https://www.imdb.com/title/tt0240419,Película,7.0,103,2001,"Drama, Comedia",9684,"2001-09-28","Lucrecia Martel"
tt8666442,5,2018-07-07,"Geula","Geula",https://www.imdb.com/title/tt8666442,Película,6.7,104,2018,"Drama",140,"2018-12-20","Yossi Madmoni,Boaz Yehonatan Yaacov"
tt8359848,9,2018-07-06,"Climax","Climax",https://www.imdb.com/title/tt8359848,Película,6.9,97,2018,"Drama, Terror, Música, Suspense",90947,"2018-09-19","Gaspar Noé"
tt7765120,6,2018-07-06,"Figlia mia","Figlia mia",https://www.imdb.com/title/tt7765120,Película,6.1,97,2018,"Drama",1259,"2018-02-22","Laura Bispuri"
tt6215368,4,2018-07-06,"Invasion","Invasion",https://www.imdb.com/title/tt6215368,Película,6.0,102,2017,"Crimen, Misterio, Drama, Suspense",753,"2017-11-06","Shahram Mokri"
tt0094721,6,2018-07-06,"Bitelchús","Beetlejuice",https://www.imdb.com/title/tt0094721,Película,7.4,92,1988,"Fantasía, Comedia",421807,"1988-07-22","Tim Burton"
tt8286894,6,2018-07-06,"Rafiki","Rafiki",https://www.imdb.com/title/tt8286894,Película,6.8,83,2018,"Drama, Romance",3714,"2018-09-23","Wanuri Kahiu"
tt7959216,7,2018-07-06,"Utøya: 22 julio","Utøya 22. juli",https://www.imdb.com/title/tt7959216,Película,7.2,93,2018,"Drama, Suspense",17297,"2019-07-19","Erik Poppe"
tt4837538,2,2018-07-05,"Trash on Mars","Trash on Mars",https://www.imdb.com/title/tt4837538,Película,4.0,84,2019,"Comedia, Ciencia ficción",41,"2019-07-05","Benjamin Tucek"
tt6799254,6,2018-07-05,"Miriam miente","Miriam Miente",https://www.imdb.com/title/tt6799254,Película,6.5,90,2018,"Drama",146,"2018-11-30","Natalia Cabral,Oriol Estrada"
tt6386748,5,2018-07-05,"Pájaros de verano","Pájaros de verano",https://www.imdb.com/title/tt6386748,Película,7.5,125,2018,"Drama, Crimen",13998,"2018-08-02","Cristina Gallego,Ciro Guerra"
tt3892172,6,2018-07-05,"No dejes rastro","Leave No Trace",https://www.imdb.com/title/tt3892172,Película,7.1,109,2018,"Drama, Aventura",70908,"2018-06-29","Debra Granik"
tt7679754,6,2018-07-05,"Virágvölgy","Virágvölgy",https://www.imdb.com/title/tt7679754,Película,5.8,83,2018,"Drama",370,"2018-08-30","László Csuja"
tt5501104,8,2018-07-05,"Border","Gräns",https://www.imdb.com/title/tt5501104,Película,7.0,110,2018,"Fantasía, Romance, Suspense, Drama, Crimen, Misterio, Ciencia ficción",37728,"2019-01-11","Ali Abbasi"
tt8506788,4,2018-07-04,"Sueño Florianópolis","Sueño Florianópolis",https://www.imdb.com/title/tt8506788,Película,6.4,106,2018,"Comedia, Drama, Romance",619,"2018-11-15","Ana Katz"
tt7689928,7,2018-07-04,"La reina del miedo","La reina del miedo",https://www.imdb.com/title/tt7689928,Película,6.1,107,2018,"Drama",499,"2018-03-22","Valeria Bertuccelli,Fabiana Tiscornia"
tt8655740,6,2018-07-04,"Kardesler","Kardesler",https://www.imdb.com/title/tt8655740,Película,5.7,103,2018,"Drama",176,"2019-04-12","Ömür Atay"
tt6998518,8,2018-07-04,"Mandy","Mandy",https://www.imdb.com/title/tt6998518,Película,6.5,121,2018,"Fantasía, Acción, Terror",99519,"2018-09-14","Panos Cosmatos"
tt8254556,8,2018-07-03,"Girl","Girl",https://www.imdb.com/title/tt8254556,Película,7.1,105,2018,"Drama",18179,"2018-09-28","Lukas Dhont"
tt8506840,6,2018-07-03,"No me importa ser bárbaro","Îmi este indiferent daca în istorie vom intra ca barbari",https://www.imdb.com/title/tt8506840,Película,7.3,140,2018,"Drama, Comedia",2431,"2018-09-28","Radu Jude"
tt7502234,6,2018-07-03,"Les chatouilles","Les chatouilles",https://www.imdb.com/title/tt7502234,Película,7.2,103,2018,"Drama, Comedia",2088,"2018-11-14","Andréa Bescond,Eric Métayer"
tt7133528,4,2018-07-02,"La gracia de Lucía","Troppa grazia",https://www.imdb.com/title/tt7133528,Película,6.0,110,2018,"Comedia, Drama",1004,"2018-11-22","Gianni Zanasi"
tt6752992,8,2018-07-02,"Lazzaro feliz","Lazzaro felice",https://www.imdb.com/title/tt6752992,Película,7.5,128,2018,"Drama, Fantasía, Misterio",23496,"2018-11-09","Alice Rohrwacher"
tt0118822,4,2018-07-01,"Carreteras secundarias","Carreteras secundarias",https://www.imdb.com/title/tt0118822,Película,6.1,105,1997,"Romance, Drama",1080,"1997-11-28","Emilio Martínez Lázaro"
tt0458481,5,2018-07-01,"Sin City: Una dama por la que matar","Sin City: A Dame to Kill For",https://www.imdb.com/title/tt0458481,Película,6.5,102,2014,"Crimen, Suspense, Acción, Drama, Aventura",179807,"2020-06-03","Frank Miller,Robert Rodriguez"
tt6257174,7,2018-07-01,"La (des)educación de Cameron Post","The Miseducation of Cameron Post",https://www.imdb.com/title/tt6257174,Película,6.6,91,2018,"Comedia, Drama",27856,"2018-09-07","Desiree Akhavan"
tt7051048,7,2018-07-01,"Fuga","Fuga",https://www.imdb.com/title/tt7051048,Película,6.3,102,2018,"Drama, Misterio, Suspense",1297,"2018-12-06","Agnieszka Smoczynska"
tt6441412,6,2018-07-01,"RIP","RIP",https://www.imdb.com/title/tt6441412,Corto,7.2,16,2017,"Corto, Comedia, Terror",129,"2017-10-12","Caye Casas,Albert Pintó"
tt7434040,5,2018-07-01,"53 Wars","53 wojny",https://www.imdb.com/title/tt7434040,Película,6.0,82,2018,"Drama, Romance",227,"2018-10-19","Ewa Bukowska"
tt6746304,7,2018-07-01,"Oiktos","Oiktos",https://www.imdb.com/title/tt6746304,Película,6.7,97,2018,"Drama",3942,"2018-09-28","Babis Makridis"
tt6776106,6,2018-06-30,"Y respiren normalmente","Andið eðlilega",https://www.imdb.com/title/tt6776106,Película,7.0,95,2018,"Drama",3794,"2018-03-08","Isold Uggadottir"
tt0094325,4,2018-06-29,"Salvaje kid","Wild Thing",https://www.imdb.com/title/tt0094325,Película,5.3,92,1987,"Acción, Suspense, Drama",856,"1987-04-17","Max Reid"
tt0067637,6,2018-06-28,"Las petroleras","Les pétroleuses",https://www.imdb.com/title/tt0067637,Película,5.3,94,1971,"Acción, Comedia, Del oeste",1593,"1971-12-16","Christian-Jaque,Guy Casaril"
tt2818654,5,2018-06-22,"Cemetery of splendour","Rak ti Khon Kaen",https://www.imdb.com/title/tt2818654,Película,6.8,122,2015,"Drama, Fantasía, Misterio",6038,"2016-04-08","Apichatpong Weerasethakul"
tt3029556,6,2018-06-22,"Kenshin, el guerrero samurai 3 El fin de la leyenda","Rurôni Kenshin: Densetsu no saigo-hen",https://www.imdb.com/title/tt3029556,Película,7.5,134,2014,"Acción, Aventura, Drama, Fantasía",16405,"2016-12-08","Keishi Otomo"
tt3029558,6,2018-06-22,"Kenshin, el guerrero samurai 2 Infierno en Kioto","Rurôni Kenshin: Kyôto taika-hen",https://www.imdb.com/title/tt3029558,Película,7.5,138,2014,"Acción, Aventura, Drama, Fantasía",20312,"2014-08-01","Keishi Otomo"
tt4291600,7,2018-06-22,"Lady Macbeth","Lady Macbeth",https://www.imdb.com/title/tt4291600,Película,6.8,89,2016,"Drama, Romance",30250,"2017-04-28","William Oldroyd"
tt4733640,5,2018-06-22,"Los misteriosos asesinatos de Limehouse","The Limehouse Golem",https://www.imdb.com/title/tt4733640,Película,6.3,109,2016,"Suspense, Crimen, Misterio",25257,"2017-09-01","Juan Carlos Medina"
tt3421786,3,2018-06-21,"La Cara del Diablo","La Cara del Diablo",https://www.imdb.com/title/tt3421786,Película,3.5,87,2014,"Terror",153,"2014-04-17","Frank Pérez-Garland"
tt0100031,4,2018-06-20,"Lisa","Lisa",https://www.imdb.com/title/tt0100031,Película,5.9,95,1990,"Terror, Drama, Suspense",2749,"1990-10-26","Gary Sherman"
tt3375286,3,2018-06-19,"Bunny, la cosa asesina","Bunny the Killer Thing",https://www.imdb.com/title/tt3375286,Película,4.3,88,2015,"Comedia, Terror, Acción",2243,"2015-11-06","Joonas Makkonen"
tt6082614,6,2018-06-18,"Tiger Girl","Tiger Girl",https://www.imdb.com/title/tt6082614,Película,5.5,90,2017,"Acción, Crimen, Drama",1005,"2017-04-06","Jakob Lass"
tt3090634,6,2018-06-18,"Eden: Lost in music","Eden",https://www.imdb.com/title/tt3090634,Película,6.4,131,2014,"Drama, Música, Biografía",5622,"2014-11-19","Mia Hansen-Løve"
tt0462200,5,2018-06-18,"Black Snake Moan","Black Snake Moan",https://www.imdb.com/title/tt0462200,Película,6.9,116,2006,"Drama, Música",69249,"2007-06-01","Craig Brewer"
tt5989220,4,2018-06-18,"La cámara de Claire","La caméra de Claire",https://www.imdb.com/title/tt5989220,Película,6.4,69,2017,"Drama",2916,"2018-03-07","Hong Sang-soo"
tt5592248,6,2018-06-18,"La seducción","The Beguiled",https://www.imdb.com/title/tt5592248,Película,6.3,93,2017,"Drama, Suspense, Bélico, Historia, Del oeste",66555,"2017-08-18","Sofia Coppola"
tt7158686,4,2018-06-18,"No dormirás","No dormirás",https://www.imdb.com/title/tt7158686,Película,5.1,106,2018,"Terror, Suspense, Misterio",1509,"2018-06-15","Gustavo Hernández"
tt1318517,5,2018-06-16,"El hombre que mató a don Quijote","The Man Who Killed Don Quixote",https://www.imdb.com/title/tt1318517,Película,6.3,132,2018,"Aventura, Comedia, Fantasía, Drama",24040,"2018-06-01","Terry Gilliam"
tt0101317,4,2018-06-16,"Amantes","Amantes",https://www.imdb.com/title/tt0101317,Película,6.9,103,1991,"Romance, Crimen, Drama",3708,"1991-04-12","Vicente Aranda"
tt0092983,6,2018-06-15,"La estanquera de Vallecas","La estanquera de Vallecas",https://www.imdb.com/title/tt0092983,Película,6.2,106,1987,"Drama, Crimen, Comedia",1493,"1987-04-09","Eloy de la Iglesia"
tt5176252,5,2018-06-15,"La Llamada","La Llamada",https://www.imdb.com/title/tt5176252,Película,6.2,108,2017,"Musical",5028,"2017-09-29","Javier Ambrossi,Javier Calvo"
tt4173494,6,2018-06-15,"Rabu & Pîsu","Rabu & Pîsu",https://www.imdb.com/title/tt4173494,Película,6.8,117,2015,"Musical, Drama, Comedia, Romance",1386,"2015-06-26","Sion Sono"
tt5726086,4,2018-06-14,"Insidious: La última llave","Insidious: The Last Key",https://www.imdb.com/title/tt5726086,Película,5.7,103,2018,"Misterio, Terror, Suspense",82057,"2018-01-04","Adam Robitel"
tt0480669,6,2018-06-14,"Los cronocrímenes","Los cronocrímenes",https://www.imdb.com/title/tt0480669,Película,7.1,92,2007,"Ciencia ficción, Suspense, Misterio, Terror",76489,"2008-06-27","Nacho Vigalondo"
tt2570858,6,2018-06-12,"The Duke of Burgundy","The Duke of Burgundy",https://www.imdb.com/title/tt2570858,Película,6.5,104,2014,"Drama, Romance",15495,"2015-02-20","Peter Strickland"
tt4255304,7,2018-06-11,"The void (El vacío)","The Void",https://www.imdb.com/title/tt4255304,Película,5.9,90,2016,"Terror, Misterio, Ciencia ficción, Suspense",48308,"2017-03-31","Jeremy Gillespie,Steven Kostanski"
tt2316204,5,2018-06-11,"Alien: Covenant","Alien: Covenant",https://www.imdb.com/title/tt2316204,Película,6.4,122,2017,"Ciencia ficción, Suspense, Terror",348439,"2017-05-12","Ridley Scott"
tt0163025,4,2018-06-11,"Jurassic Park III (Parque Jurásico III)","Jurassic Park III",https://www.imdb.com/title/tt0163025,Película,6.0,92,2001,"Acción, Ciencia ficción, Suspense, Aventura",375232,"2001-07-27","Joe Johnston"
tt0091251,10,2018-06-11,"Masacre (Ven y mira)","Idi i smotri",https://www.imdb.com/title/tt0091251,Película,8.3,142,1985,"Suspense, Drama, Bélico",125974,"1986-05-13","Elem Klimov"
tt1984153,6,2018-06-09,"Excisión","Excision",https://www.imdb.com/title/tt1984153,Película,6.1,81,2012,"Terror, Drama, Comedia",26976,"2017-10-24","Richard Bates Jr."
tt1094262,5,2018-06-09,"Médée miracle","Médée miracle",https://www.imdb.com/title/tt1094262,Película,5.2,81,2007,"Drama",145,"2011-03-30","Tonino De Bernardi"
tt6256452,8,2018-06-08,"Las distancias","Les distàncies",https://www.imdb.com/title/tt6256452,Película,6.1,99,2018,"Drama",1122,"2018-09-07","Elena Trapé"
tt6984534,5,2018-06-08,"Mi querida cofradía","Mi querida cofradía",https://www.imdb.com/title/tt6984534,Película,6.0,87,2018,"Drama, Comedia",746,"2018-05-04","Marta Díaz de Lope Díaz"
tt3951730,3,2018-06-07,"Scherzo Diabolico","Scherzo Diabolico",https://www.imdb.com/title/tt3951730,Película,5.5,91,2015,"Comedia, Terror, Suspense",674,"2016-05-03","Adrian Garcia Bogliano"
tt1230213,4,2018-06-07,"Bound to Vengeance","Bound to Vengeance",https://www.imdb.com/title/tt1230213,Película,5.6,93,2015,"Terror, Suspense",6764,"2015-10-08","J.M Cravioto"
tt1945084,5,2018-06-07,"Everly","Everly",https://www.imdb.com/title/tt1945084,Película,5.1,92,2014,"Acción, Suspense",20565,"2020-09-14","Joe Lynch"
tt1020530,5,2018-06-07,"Eden Lake","Eden Lake",https://www.imdb.com/title/tt1020530,Película,6.7,91,2008,"Terror, Suspense",112297,"2008-09-12","James Watkins"
tt2428170,6,2018-06-07,"Creep","Creep",https://www.imdb.com/title/tt2428170,Película,6.3,77,2014,"Terror, Suspense",86903,"2015-06-23","Patrick Brice"
tt1549920,4,2018-06-07,"El último desafío","The Last Stand",https://www.imdb.com/title/tt1549920,Película,6.3,107,2013,"Acción, Suspense, Del oeste, Drama",151070,"2013-02-01","Kim Jee-woon"
tt0087298,5,2018-06-07,"Viernes 13: Capítulo final","Friday the 13th: The Final Chapter",https://www.imdb.com/title/tt0087298,Película,6.0,91,1984,"Suspense, Terror",67382,"1984-07-20","Joseph Zito"
tt1817273,6,2018-06-07,"Cruce de caminos (The Place Beyond the Pines)","The Place Beyond the Pines",https://www.imdb.com/title/tt1817273,Película,7.3,140,2012,"Drama, Crimen, Suspense",312276,"2013-09-06","Derek Cianfrance"
tt0095294,6,2018-06-06,"Hellbound: Hellraiser II","Hellbound: Hellraiser II",https://www.imdb.com/title/tt0095294,Película,6.4,97,1988,"Suspense, Terror",61438,"1989-11-03","Tony Randel"
tt0071222,5,2018-06-05,"Navidades negras","Black Christmas",https://www.imdb.com/title/tt0071222,Película,7.1,98,1974,"Terror, Suspense, Misterio",56756,"1974-10-11","Bob Clark"
tt5463162,6,2018-05-19,"Deadpool 2","Deadpool 2",https://www.imdb.com/title/tt5463162,Película,7.6,119,2018,"Acción, Aventura, Comedia, Ciencia ficción",755624,"2018-05-18","David Leitch"
tt0080339,6,2018-05-16,"Aterriza como puedas","Airplane!",https://www.imdb.com/title/tt0080339,Película,7.7,88,1980,"Comedia",291877,"1980-12-18","Jim Abrahams,David Zucker,Jerry Zucker"
tt1131734,5,2018-05-16,"Jennifer's Body","Jennifer's Body",https://www.imdb.com/title/tt1131734,Película,5.6,102,2009,"Comedia, Terror",177304,"2009-09-25","Karyn Kusama"
tt0406854,5,2018-05-14,"Héctor","Héctor",https://www.imdb.com/title/tt0406854,Película,6.7,107,2004,"Drama",692,"2004-05-07","Gracia Querejeta"
tt6597454,3,2018-05-14,"Selfie","Selfie",https://www.imdb.com/title/tt6597454,Película,6.0,85,2017,"Comedia",617,"2017-06-23","Víctor García León"
tt7507548,6,2018-05-13,"La grieta","La grieta",https://www.imdb.com/title/tt7507548,Película,6.9,78,2017,"Documental",10,"2017-10-23","Alberto García Ortiz,Irene Yagüe Herrero"
tt6060156,4,2018-05-12,"Toc Toc","Toc Toc",https://www.imdb.com/title/tt6060156,Película,6.8,90,2017,"Comedia",23346,"2017-10-06","Vicente Villanueva"
tt6793580,5,2018-05-11,"Campeones","Campeones",https://www.imdb.com/title/tt6793580,Película,7.2,124,2018,"Comedia, Drama, Deporte, Familiar",13154,"2018-04-06","Javier Fesser"
tt0070396,6,2018-05-11,"Al otro lado del espejo","Al otro lado del espejo",https://www.imdb.com/title/tt0070396,Película,5.5,82,1973,"Drama, Terror",533,"1973","Jesús Franco"
tt0068863,5,2018-05-10,"El diablo se lleva los muertos","Lisa e il diavolo",https://www.imdb.com/title/tt0068863,Película,6.2,95,1973,"Misterio, Terror",6113,"1976-12-08","Mario Bava"
tt0077713,5,2018-05-08,"La violencia del sexo","Day of the Woman",https://www.imdb.com/title/tt0077713,Película,5.7,101,1978,"Terror, Suspense",34859,"1980-03-10","Meir Zarchi"
tt7519174,6,2018-05-07,"Of fathers and sons. Los hijos de la Yihad","Of Fathers and Sons - Die Kinder des Kalifats",https://www.imdb.com/title/tt7519174,Película,7.3,99,2017,"Documental, Bélico",2902,"2018-11-16","Talal Derki"
tt7225942,5,2018-05-07,"Caniba","Caniba",https://www.imdb.com/title/tt7225942,Película,5.6,92,2017,"Documental",688,"2018-08-22","Lucien Castaing-Taylor,Verena Paravel"
tt8258680,7,2018-05-06,"Ainhoa: Yo no soy ésa","Ainhoa: Yo no soy ésa",https://www.imdb.com/title/tt8258680,Película,7.2,98,2018,"Documental",41,"2018-05-03","Carolina Astudillo Muñoz"
tt0070698,5,2018-05-04,"Hermanas","Sisters",https://www.imdb.com/title/tt0070698,Película,6.8,93,1972,"Misterio, Suspense, Terror",23782,"1973-03-26","Brian De Palma"
tt0076590,4,2018-05-03,"Rabia","Rabid",https://www.imdb.com/title/tt0076590,Película,6.3,91,1977,"Ciencia ficción, Terror",23927,"1982-07-13","David Cronenberg"
tt6644200,6,2018-05-03,"Un lugar tranquilo","A Quiet Place",https://www.imdb.com/title/tt6644200,Película,7.5,90,2018,"Drama, Terror, Ciencia ficción",667846,"2018-04-20","John Krasinski"
tt0092563,6,2018-04-30,"El corazón del ángel","Angel Heart",https://www.imdb.com/title/tt0092563,Película,7.2,113,1987,"Terror, Suspense, Misterio",105366,"1987-10-23","Alan Parker"
tt0070917,6,2018-04-30,"El hombre de mimbre","The Wicker Man",https://www.imdb.com/title/tt0070917,Película,7.5,88,1973,"Terror, Suspense, Misterio",106347,"1973-12-06","Robin Hardy"
tt2039345,5,2018-04-29,"Grand Piano","Grand Piano",https://www.imdb.com/title/tt2039345,Película,5.9,90,2013,"Suspense, Misterio, Música, Drama",20451,"2013-10-25","Eugenio Mira"
tt0066819,7,2018-04-27,"El seductor","The Beguiled",https://www.imdb.com/title/tt0066819,Película,7.1,105,1971,"Drama, Suspense, Bélico",21300,"1972-02-21","Don Siegel"
tt0104815,6,2018-04-27,"El mariachi","El mariachi",https://www.imdb.com/title/tt0104815,Película,6.8,81,1992,"Crimen, Suspense, Acción",75274,"1993-09-24","Robert Rodriguez"
tt5827212,7,2018-04-26,"Dejad que los cadáveres se bronceen","Laissez bronzer les cadavres",https://www.imdb.com/title/tt5827212,Película,6.2,92,2017,"Suspense",4025,"2017-10-18","Hélène Cattet,Bruno Forzani"
tt1731141,5,2018-04-26,"El juego de Ender","Ender's Game",https://www.imdb.com/title/tt1731141,Película,6.6,114,2013,"Ciencia ficción, Acción, Aventura",266331,"2013-11-08","Gavin Hood"
tt2124787,3,2018-04-26,"Final Girl","Final Girl",https://www.imdb.com/title/tt2124787,Película,4.7,84,2015,"Suspense, Terror",18655,"2020-03-21","Tyler Shields"
tt0993842,6,2018-04-24,"Hanna","Hanna",https://www.imdb.com/title/tt0993842,Película,6.7,111,2011,"Suspense, Acción, Drama, Aventura",215730,"2011-06-10","Joe Wright"
tt0428532,4,2018-04-24,"La fiesta del Chivo","La fiesta del Chivo",https://www.imdb.com/title/tt0428532,Película,6.4,132,2005,"Drama",920,"2006-03-03","Luis Llosa"
tt0862846,4,2018-04-23,"Sunshine Cleaning","Sunshine Cleaning",https://www.imdb.com/title/tt0862846,Película,6.8,91,2008,"Comedia, Drama",76437,"2010-07-23","Christine Jeffs"
tt3290276,4,2018-04-23,"Jailbait","Jailbait",https://www.imdb.com/title/tt3290276,Vídeo,4.3,90,2014,"Drama, Crimen, Suspense, Romance",6096,"2014-02-18","Jared Cohn"
tt0268126,7,2018-04-23,"Adaptation (El ladrón de orquídeas)","Adaptation.",https://www.imdb.com/title/tt0268126,Película,7.6,115,2002,"Comedia, Drama",214287,"2003-03-21","Spike Jonze"
tt5742374,9,2018-04-21,"En realidad, nunca estuviste aquí","You Were Never Really Here",https://www.imdb.com/title/tt5742374,Película,6.7,89,2017,"Drama, Crimen, Suspense",136352,"2017-11-24","Lynne Ramsay"
tt1677720,5,2018-04-21,"Ready Player One","Ready Player One",https://www.imdb.com/title/tt1677720,Película,7.4,140,2018,"Ciencia ficción, Acción, Aventura",549892,"2018-03-29","Steven Spielberg"
tt5693136,8,2018-04-21,"Handia","Handia",https://www.imdb.com/title/tt5693136,Película,6.6,114,2017,"Historia, Drama",4813,"2017-10-20","Aitor Arregi,Jon Garaño"
tt5104604,7,2018-04-21,"Isla de perros","Isle of Dogs",https://www.imdb.com/title/tt5104604,Película,7.8,101,2018,"Animación, Comedia, Aventura, Drama, Ciencia ficción, Fantasía",214067,"2018-04-20","Wes Anderson"
tt5129510,5,2018-04-19,"La mort de Louis XIV","La mort de Louis XIV",https://www.imdb.com/title/tt5129510,Película,6.8,115,2016,"Biografía, Drama, Historia",2869,"2016-11-25","Albert Serra"
tt5187886,5,2018-04-15,"Abracadabra","Abracadabra",https://www.imdb.com/title/tt5187886,Película,5.7,96,2017,"Comedia, Drama, Fantasía, Romance, Misterio",2773,"2017-08-04","Pablo Berger"
tt3717252,5,2018-04-13,"Underworld: Guerras de sangre","Underworld: Blood Wars",https://www.imdb.com/title/tt3717252,Película,5.8,91,2016,"Acción, Fantasía, Suspense",86979,"2017-01-13","Anna Foerster"
tt0320691,5,2018-04-11,"Underworld","Underworld",https://www.imdb.com/title/tt0320691,Película,7.0,121,2003,"Suspense, Fantasía, Acción",302896,"2003-10-17","Len Wiseman"
tt0834001,4,2018-04-11,"Underworld: La rebelión de los licántropos","Underworld: Rise of the Lycans",https://www.imdb.com/title/tt0834001,Película,6.5,92,2009,"Acción, Fantasía, Suspense",176113,"2009-03-13","Patrick Tatopoulos"
tt0401855,4,2018-04-11,"Underworld: Evolution","Underworld: Evolution",https://www.imdb.com/title/tt0401855,Película,6.7,106,2006,"Acción, Fantasía, Suspense",219080,"2006-02-03","Len Wiseman"
tt1496025,4,2018-04-11,"Underworld: El despertar","Underworld: Awakening",https://www.imdb.com/title/tt1496025,Película,6.3,88,2012,"Fantasía, Acción, Suspense",168401,"2012-01-27","Måns Mårlind,Björn Stein"
tt5080804,3,2018-04-11,"The Hexecutioners","The Hexecutioners",https://www.imdb.com/title/tt5080804,Película,4.2,97,2015,"Terror",761,"2019-04-10","Jesse Thomas Cook"
tt0318627,4,2018-04-10,"Resident Evil 2: Apocalipsis","Resident Evil: Apocalypse",https://www.imdb.com/title/tt0318627,Película,6.1,94,2004,"Terror, Ciencia ficción, Suspense, Acción",223318,"2004-11-05","Alexander Witt"
tt0285823,4,2018-04-09,"El mexicano","Once Upon a Time in Mexico",https://www.imdb.com/title/tt0285823,Película,6.3,102,2003,"Acción, Suspense, Crimen",177407,"2003-10-17","Robert Rodriguez"
tt6304046,7,2018-04-08,"Thelma","Thelma",https://www.imdb.com/title/tt6304046,Película,6.9,116,2017,"Romance, Suspense, Drama, Misterio, Fantasía, Terror",40185,"2017-09-15","Joachim Trier"
tt7826276,8,2018-04-08,"Profile","Profile",https://www.imdb.com/title/tt7826276,Película,6.7,106,2018,"Suspense, Misterio",8463,"2021-05-14","Timur Bekmambetov"
tt5041296,3,2018-04-08,"Musa","Muse",https://www.imdb.com/title/tt5041296,Película,5.4,107,2017,"Suspense, Fantasía, Misterio, Terror",4139,"2017-11-10","Jaume Balagueró"
tt0112851,6,2018-04-08,"Desperado","Desperado",https://www.imdb.com/title/tt0112851,Película,7.1,104,1995,"Crimen, Del oeste, Drama, Suspense, Acción",210110,"1995-09-19","Robert Rodriguez"
tt0112462,4,2018-04-08,"Batman Forever","Batman Forever",https://www.imdb.com/title/tt0112462,Película,5.5,121,1995,"Acción, Aventura",284561,"1995-06-23","Joel Schumacher"
tt0116367,7,2018-04-08,"Abierto hasta el amanecer","From Dusk Till Dawn",https://www.imdb.com/title/tt0116367,Película,7.2,108,1996,"Crimen, Acción, Terror",373600,"1996-04-17","Robert Rodriguez"
tt0103776,6,2018-04-08,"Batman vuelve","Batman Returns",https://www.imdb.com/title/tt0103776,Película,7.1,126,1992,"Fantasía, Crimen, Acción",352428,"1992-06-26","Tim Burton"
tt0096895,5,2018-04-08,"Batman","Batman",https://www.imdb.com/title/tt0096895,Película,7.5,126,1989,"Crimen",435322,"1989-09-29","Tim Burton"
tt5537686,6,2018-04-08,"No sé decir adiós","No sé decir adiós",https://www.imdb.com/title/tt5537686,Película,6.3,96,2017,"Drama",539,"2017-05-19","Lino Escalera"
tt5213534,5,2018-04-08,"Oasis: Supersonic","Oasis: Supersonic",https://www.imdb.com/title/tt5213534,Película,7.8,122,2016,"Documental, Música, Biografía",14011,"2016-10-28","Mat Whitecross"
tt5805752,8,2018-04-06,"Brigsby Bear","Brigsby Bear",https://www.imdb.com/title/tt5805752,Película,7.3,97,2017,"Drama, Comedia",18945,"2017-09-21","Dave McCary"
tt1221188,6,2018-04-06,"Eloïse","Eloïse",https://www.imdb.com/title/tt1221188,Película,6.3,92,2009,"Drama, Romance",2500,"2009-11-06","Jesús Garay"
tt0087904,6,2018-04-06,"Perras callejeras","Perras callejeras",https://www.imdb.com/title/tt0087904,Película,4.3,97,1985,"Crimen",150,"1985-03-15","José Antonio de la Loma"
tt0091083,5,2018-04-04,"Re-Sonator (From Beyond)","From Beyond",https://www.imdb.com/title/tt0091083,Película,6.6,85,1986,"Ciencia ficción, Terror",36283,"1986-10-24","Stuart Gordon"
tt0389557,6,2018-04-02,"El libro negro","Zwartboek",https://www.imdb.com/title/tt0389557,Película,7.7,145,2006,"Suspense, Bélico, Drama",84332,"2007-02-02","Paul Verhoeven"
tt0103759,5,2018-04-02,"Teniente corrupto","Bad Lieutenant",https://www.imdb.com/title/tt0103759,Película,7.0,96,1992,"Suspense, Crimen, Drama",53081,"1994-07-13","Abel Ferrara"
tt2557478,4,2018-03-29,"Pacific Rim: Insurrección","Pacific Rim: Uprising",https://www.imdb.com/title/tt2557478,Película,5.6,111,2018,"Acción, Ciencia ficción, Aventura",138845,"2018-03-23","Steven S. DeKnight"
tt6895746,5,2018-03-29,"Fe de etarras","Fe de etarras",https://www.imdb.com/title/tt6895746,Película,5.7,89,2017,"Comedia",3246,"2017-10-12","Borja Cobeaga"
tt1833844,7,2018-03-28,"Berberian Sound Studio","Berberian Sound Studio",https://www.imdb.com/title/tt1833844,Película,6.2,92,2012,"Terror, Drama, Suspense",18611,"2012-08-31","Peter Strickland"
tt1922777,4,2018-03-28,"Sinister","Sinister",https://www.imdb.com/title/tt1922777,Película,6.8,110,2012,"Terror, Misterio, Suspense",321605,"2012-10-31","Scott Derrickson"
tt0844708,3,2018-03-28,"La última casa a la izquierda","The Last House on the Left",https://www.imdb.com/title/tt0844708,Película,6.5,113,2009,"Suspense, Terror",109189,"2009-07-03","Dennis Iliadis"
tt0497137,5,2018-03-27,"Soy un cyborg","Ssa-i-bo-geu-ji-man gwaen-cha-na",https://www.imdb.com/title/tt0497137,Película,6.9,107,2006,"Drama, Comedia, Romance",27535,"2006-12-07","Park Chan-wook"
tt0274812,5,2018-03-26,"Secretary","Secretary",https://www.imdb.com/title/tt0274812,Película,6.9,107,2002,"Romance, Drama, Comedia",109863,"2004-07-16","Steven Shainberg"
tt0416315,5,2018-03-26,"Wolf Creek","Wolf Creek",https://www.imdb.com/title/tt0416315,Película,6.2,99,2005,"Terror, Suspense",85249,"2007-08-24","Greg McLean"
tt2798920,6,2018-03-26,"Aniquilación","Annihilation",https://www.imdb.com/title/tt2798920,Película,6.8,115,2018,"Ciencia ficción, Suspense, Drama, Misterio, Aventura, Terror",397873,"2018-03-12","Alex Garland"
tt0206634,6,2018-03-23,"Hijos de los hombres","Children of Men",https://www.imdb.com/title/tt0206634,Película,7.9,109,2006,"Suspense, Drama, Ciencia ficción",570733,"2006-10-20","Alfonso Cuarón"
tt0873886,5,2018-03-23,"Red State","Red State",https://www.imdb.com/title/tt0873886,Película,6.1,88,2011,"Terror, Suspense, Acción",70346,"2012-06-22","Kevin Smith"
tt1594562,5,2018-03-23,"Los huéspedes","The Innkeepers",https://www.imdb.com/title/tt1594562,Película,5.5,101,2011,"Terror, Drama, Misterio",39806,"2011-03-12","Ti West"
tt0089173,5,2018-03-23,"Viernes 13. Parte V: Un nuevo comienzo","Friday the 13th: A New Beginning",https://www.imdb.com/title/tt0089173,Película,4.8,92,1985,"Suspense, Misterio, Terror",50159,"1986-10-02","Danny Steinmann"
tt0799934,5,2018-03-23,"Rebobine, por favor","Be Kind Rewind",https://www.imdb.com/title/tt0799934,Película,6.4,102,2008,"Comedia",96771,"2008-04-11","Michel Gondry"
tt0964517,6,2018-03-22,"The Fighter","The Fighter",https://www.imdb.com/title/tt0964517,Película,7.8,116,2010,"Drama, Deporte, Biografía, Acción",410795,"2011-02-04","David O. Russell"
tt0078797,8,2018-03-21,"Arrebato","Arrebato",https://www.imdb.com/title/tt0078797,Película,6.8,115,1980,"Drama, Terror, Fantasía, Misterio",4024,"1983-08-26","Iván Zulueta"
tt1440292,7,2018-03-21,"Submarine","Submarine",https://www.imdb.com/title/tt1440292,Película,7.3,97,2010,"Comedia, Drama, Romance",101624,"2012-10-31","Richard Ayoade"
tt1496422,6,2018-03-21,"El chico del periódico","The Paperboy",https://www.imdb.com/title/tt1496422,Película,5.7,107,2012,"Suspense, Drama, Crimen, Misterio",42055,"2013-03-15","Lee Daniels"
tt0418773,4,2018-03-21,"Junebug","Junebug",https://www.imdb.com/title/tt0418773,Película,6.9,106,2005,"Drama, Comedia",24053,"2006-07-07","Phil Morrison"
tt0986233,7,2018-03-21,"Hunger","Hunger",https://www.imdb.com/title/tt0986233,Película,7.5,96,2008,"Drama, Biografía, Suspense, Crimen",76867,"2008-10-31","Steve McQueen"
tt2873282,5,2018-03-20,"Gorrión rojo","Red Sparrow",https://www.imdb.com/title/tt2873282,Película,6.6,140,2018,"Suspense, Drama, Acción",219430,"2018-03-02","Francis Lawrence"
tt5586362,3,2018-03-20,"Maus","The Maus",https://www.imdb.com/title/tt5586362,Película,4.4,90,2017,"Drama, Fantasía, Terror",4866,"2018-03-02","Yayo Herrero"
tt5881528,2,2018-03-13,"Damsel","Damsel",https://www.imdb.com/title/tt5881528,Película,5.5,113,2018,"Comedia, Del oeste, Drama",6454,"2018-06-22","David Zellner,Nathan Zellner"
tt6738136,8,2018-03-11,"Revenge","Revenge",https://www.imdb.com/title/tt6738136,Película,6.4,108,2017,"Acción, Suspense, Drama, Terror",66445,"2018-02-07","Coralie Fargeat"
tt6302164,4,2018-03-11,"Game of Death","Game of Death",https://www.imdb.com/title/tt6302164,Película,4.9,73,2017,"Terror, Suspense",3033,"2017-03-20","Sebastien Landry,Laurence Morais-Lagacé"
tt5612554,7,2018-03-11,"Dhogs","Dhogs",https://www.imdb.com/title/tt5612554,Película,5.8,85,2017,"Comedia, Crimen, Drama, Suspense",373,"2018-05-31","Andrés Goteira"
tt4372240,6,2018-03-11,"78/52: La escena que cambió el cine","78/52",https://www.imdb.com/title/tt4372240,Película,7.3,91,2017,"Documental",4127,"2018-06-29","Alexandre O. Philippe"
tt0339736,7,2018-03-11,"The Evil Within","The Evil Within",https://www.imdb.com/title/tt0339736,Película,5.6,98,2017,"Terror",4580,"2017-10-27","Andrew Getty"
tt4102722,4,2018-03-11,"The Night Watchmen","The Night Watchmen",https://www.imdb.com/title/tt4102722,Película,5.4,80,2017,"Terror, Comedia, Acción",3090,"2017-11-21","Mitchell Altieri"
tt5157052,3,2018-03-11,"Puerta al infierno","Nightworld",https://www.imdb.com/title/tt5157052,Película,4.4,92,2017,"Terror, Suspense",2612,"2017-10-20","Patricio Valladares"
tt5667696,4,2018-03-11,"Cut Shoot Kill","Cut Shoot Kill",https://www.imdb.com/title/tt5667696,Película,4.3,98,2017,"Terror, Acción, Suspense",786,"2017-08-08","Michael Walker"
tt5462326,4,2018-03-11,"Mamá y papá","Mom and Dad",https://www.imdb.com/title/tt5462326,Película,5.6,86,2017,"Terror, Suspense, Comedia",29932,"2018-03-09","Brian Taylor"
tt6213284,6,2018-03-11,"I Am Not a Witch","I Am Not a Witch",https://www.imdb.com/title/tt6213284,Película,6.9,93,2017,"Drama, Comedia",4991,"2017-10-20","Rungano Nyoni"
tt0119567,5,2018-03-11,"El mundo perdido: Jurassic Park","The Lost World: Jurassic Park",https://www.imdb.com/title/tt0119567,Película,6.6,129,1997,"Acción, Ciencia ficción, Aventura",482330,"1997-08-22","Steven Spielberg"
tt3859310,8,2018-03-11,"Cómo hablar con chicas en las fiestas","How to Talk to Girls at Parties",https://www.imdb.com/title/tt3859310,Película,5.7,102,2017,"Comedia, Ciencia ficción, Romance, Música",13367,"2018-05-11","John Cameron Mitchell"
tt6537238,7,2018-03-11,"Salyut-7: Héroes en el espacio","Salyut-7",https://www.imdb.com/title/tt6537238,Película,7.2,111,2017,"Aventura, Drama, Historia, Suspense",13154,"2018-10-08","Klim Shipenko"
tt5534434,6,2018-03-11,"Victor Crowley","Victor Crowley",https://www.imdb.com/title/tt5534434,Película,5.5,83,2017,"Terror, Comedia, Acción, Suspense",8290,"2018-09-14","Adam Green"
tt0087280,5,2018-03-10,"El elemento del crimen","Forbrydelsens element",https://www.imdb.com/title/tt0087280,Película,6.7,104,1984,"Drama, Crimen, Suspense",12360,"1984-05-14","Lars von Trier"
tt7875464,8,2018-03-09,"Las herederas","Las herederas",https://www.imdb.com/title/tt7875464,Película,6.6,98,2018,"Drama",3423,"2018-04-05","Marcelo Martinessi"
tt6890376,6,2018-03-09,"Un día","Ha-roo",https://www.imdb.com/title/tt6890376,Película,6.8,90,2017,"Drama, Misterio, Suspense",3456,"2017-06-15","Jo Sun-ho"
tt6138228,3,2018-03-09,"Blanco perfecto (Downrange)","Downrange",https://www.imdb.com/title/tt6138228,Película,5.5,90,2017,"Suspense, Terror, Acción",7844,"2018-09-15","Ryūhei Kitamura"
tt5657856,7,2018-03-09,"Brawl in Cell Block 99","Brawl in Cell Block 99",https://www.imdb.com/title/tt5657856,Película,7.1,132,2017,"Crimen, Drama, Suspense",83934,"2017-10-06","S. Craig Zahler"
tt0120804,4,2018-03-09,"Resident Evil","Resident Evil",https://www.imdb.com/title/tt0120804,Película,6.6,100,2002,"Ciencia ficción, Terror, Acción",314009,"2002-06-28","Paul W.S. Anderson"
tt0092972,6,2018-03-08,"Epidemic","Epidemic",https://www.imdb.com/title/tt0092972,Película,5.9,106,1987,"Drama, Terror",6733,"1987-09-11","Lars von Trier"
tt1912982,1,2018-03-08,"Un poco zombie","A Little Bit Zombie",https://www.imdb.com/title/tt1912982,Película,5.3,87,2012,"Comedia, Terror, Ciencia ficción",3078,"2013-06-08","Casey Walker"
tt5825380,5,2018-03-07,"Wonder Wheel","Wonder Wheel",https://www.imdb.com/title/tt5825380,Película,6.2,101,2017,"Drama, Romance",32963,"2017-12-22","Woody Allen"
tt6243140,4,2018-03-07,"Los hambrientos","Les affamés",https://www.imdb.com/title/tt6243140,Película,5.8,100,2017,"Drama, Terror, Aventura, Ciencia ficción, Suspense, Acción",11145,"2018-04-25","Robin Aubert"
tt0072752,6,2018-03-07,"La bestia","La bête",https://www.imdb.com/title/tt0072752,Película,5.7,98,1975,"Fantasía, Terror, Romance, Drama",6157,"1978-03-28","Walerian Borowczyk"
tt4728386,5,2018-03-07,"Killing Ground","Killing Ground",https://www.imdb.com/title/tt4728386,Película,5.8,88,2016,"Suspense, Terror",11139,"2017-08-24","Damien Power"
tt0101829,6,2018-03-07,"Europa","Europa",https://www.imdb.com/title/tt0101829,Película,7.5,108,1991,"Suspense, Crimen, Drama",24858,"1991-10-11","Lars von Trier"
tt2709768,3,2018-03-07,"Mascotas","The Secret Life of Pets",https://www.imdb.com/title/tt2709768,Película,6.5,86,2016,"Animación, Comedia, Familiar, Aventura",238676,"2016-08-05","Chris Renaud"
tt1077258,5,2018-03-06,"Grindhouse: Planet Terror","Planet Terror",https://www.imdb.com/title/tt1077258,Película,7.0,105,2007,"Terror, Comedia, Acción, Suspense",234551,"2007-08-03","Robert Rodriguez"
tt0462322,7,2018-03-06,"Grindhouse","Grindhouse",https://www.imdb.com/title/tt0462322,Película,7.5,191,2007,"Terror, Suspense",197663,"2007-04-06","Robert Rodriguez,Eli Roth,Quentin Tarantino,Edgar Wright,Rob Zombie"
tt1179933,5,2018-03-05,"Calle Cloverfield 10","10 Cloverfield Lane",https://www.imdb.com/title/tt1179933,Película,7.2,103,2016,"Drama, Ciencia ficción, Suspense, Terror",388691,"2016-03-18","Dan Trachtenberg"
tt3882082,3,2018-03-05,"The Boy","The Boy",https://www.imdb.com/title/tt3882082,Película,6.0,97,2016,"Suspense, Terror, Misterio",108928,"2016-05-20","William Brent Bell"
tt3740778,7,2018-03-05,"Más allá de las montañas","Shan he gu ren",https://www.imdb.com/title/tt3740778,Película,6.9,126,2015,"Drama, Romance",7101,"2016-05-27","Zhangke Jia"
tt4094724,3,2018-03-05,"Election: La noche de las bestias","The Purge: Election Year",https://www.imdb.com/title/tt4094724,Película,6.0,108,2016,"Acción, Terror, Suspense, Ciencia ficción",120096,"2016-07-15","James DeMonaco"
tt1714917,5,2018-03-05,"Gimme Danger. La historia de The Stooges","Gimme Danger",https://www.imdb.com/title/tt1714917,Película,7.2,108,2016,"Documental, Música",7074,"2016-08-05","Jim Jarmusch"
tt3531824,4,2018-03-05,"Nerve: Un juego sin reglas","Nerve",https://www.imdb.com/title/tt3531824,Película,6.5,96,2016,"Suspense, Crimen, Aventura, Drama, Romance",148599,"2016-08-12","Henry Joost,Ariel Schulman"
tt3743042,6,2018-03-05,"Lake Bodom","Bodom",https://www.imdb.com/title/tt3743042,Película,5.2,85,2016,"Terror, Misterio, Suspense",5362,"2016-08-19","Taneli Mustonen"
tt3584954,5,2018-03-05,"La puerta abierta","La puerta abierta",https://www.imdb.com/title/tt3584954,Película,6.9,82,2016,"Comedia, Drama",796,"2016-09-02","Marina Seresesky"
tt3647498,4,2018-03-05,"Blood Father","Blood Father",https://www.imdb.com/title/tt3647498,Película,6.4,88,2016,"Crimen, Drama, Suspense, Acción",71191,"2016-09-09","Jean-François Richet"
tt3705412,5,2018-03-05,"Deathgasm","Deathgasm",https://www.imdb.com/title/tt3705412,Película,6.3,86,2015,"Terror, Comedia, Música",20996,"2016-09-21","Jason Lei Howden"
tt1700841,3,2018-03-05,"La fiesta de las salchichas","Sausage Party",https://www.imdb.com/title/tt1700841,Película,6.1,89,2016,"Animación, Comedia, Aventura, Fantasía",228882,"2016-10-07","Greg Tiernan,Conrad Vernon"
tt4361050,4,2018-03-05,"Ouija: El origen del mal","Ouija: Origin of Evil",https://www.imdb.com/title/tt4361050,Película,6.2,99,2016,"Terror, Suspense, Misterio, Drama",83286,"2016-10-28","Mike Flanagan"
tt5168192,6,2018-03-05,"Yo, Daniel Blake","I, Daniel Blake",https://www.imdb.com/title/tt5168192,Película,7.8,100,2016,"Drama",68772,"2016-10-28","Ken Loach"
tt3721936,7,2018-03-05,"American Honey","American Honey",https://www.imdb.com/title/tt3721936,Película,7.0,163,2016,"Drama, Romance, Aventura",50260,"2016-11-11","Andrea Arnold"
tt4687358,4,2018-03-05,"Beyond the Gates","Beyond the Gates",https://www.imdb.com/title/tt4687358,Película,5.1,84,2016,"Terror, Aventura",6624,"2016-12-09","Jackson Stewart"
tt4714782,7,2018-03-05,"Personal Shopper","Personal Shopper",https://www.imdb.com/title/tt4714782,Película,6.1,105,2016,"Suspense, Misterio, Drama",46096,"2017-05-19","Olivier Assayas"
tt2582782,7,2018-03-05,"Comanchería","Hell or High Water",https://www.imdb.com/title/tt2582782,Película,7.6,102,2016,"Crimen, Drama, Suspense, Del oeste",281174,"2016-12-30","David Mackenzie"
tt1895315,5,2018-03-05,"Brimstone. La hija del predicador","Brimstone",https://www.imdb.com/title/tt1895315,Película,7.0,148,2016,"Suspense, Del oeste, Drama",49790,"2017-01-12","Martin Koolhoven"
tt2763304,5,2018-03-05,"T2: Trainspotting","T2 Trainspotting",https://www.imdb.com/title/tt2763304,Película,7.1,117,2017,"Drama, Comedia, Crimen",142583,"2017-02-24","Danny Boyle"
tt3731562,4,2018-03-05,"Kong: La Isla Calavera","Kong: Skull Island",https://www.imdb.com/title/tt3731562,Película,6.7,118,2017,"Acción, Aventura, Fantasía, Ciencia ficción",378226,"2017-03-10","Jordan Vogt-Roberts"
tt2581244,4,2018-03-05,"Amor zombie","Life After Beth",https://www.imdb.com/title/tt2581244,Película,5.7,89,2014,"Comedia, Terror, Romance, Fantasía",26366,"2017-03-24","Jeff Baena"
tt4158096,7,2018-03-05,"Free Fire","Free Fire",https://www.imdb.com/title/tt4158096,Película,6.3,91,2016,"Crimen, Suspense, Acción, Comedia",53938,"2017-03-31","Ben Wheatley"
tt4680182,4,2018-03-05,"Colossal","Colossal",https://www.imdb.com/title/tt4680182,Película,6.2,109,2016,"Comedia, Ciencia ficción, Fantasía, Drama, Terror",75643,"2017-04-21","Nacho Vigalondo"
tt4929720,3,2018-03-05,"Patchwork","Patchwork",https://www.imdb.com/title/tt4929720,Película,5.6,86,2015,"Comedia, Terror",2407,"2017-06-06","Tyler MacIntyre"
tt5013056,7,2018-03-05,"Dunkerque","Dunkirk",https://www.imdb.com/title/tt5013056,Película,7.8,106,2017,"Bélico, Drama, Acción, Historia, Suspense",824498,"2017-07-21","Christopher Nolan"
tt5170810,3,2018-03-05,"Inside","Inside",https://www.imdb.com/title/tt5170810,Película,4.6,89,2016,"Terror, Suspense",5227,"2017-07-28","Miguel Ángel Vivas"
tt2527336,7,2018-03-05,"Star Wars: Los últimos jedi","Star Wars: Episode VIII - The Last Jedi",https://www.imdb.com/title/tt2527336,Película,6.8,152,2017,"Ciencia ficción, Acción, Aventura, Fantasía",726027,"2017-12-14","Rian Johnson"
tt5710514,5,2018-03-05,"Ya no me siento a gusto en este mundo","I Don't Feel at Home in This World Anymore",https://www.imdb.com/title/tt5710514,Película,6.9,93,2017,"Crimen, Suspense, Drama, Comedia",68071,"2017-02-24","Macon Blair"
tt0451279,5,2018-03-05,"Wonder Woman","Wonder Woman",https://www.imdb.com/title/tt0451279,Película,7.3,141,2017,"Acción, Aventura, Fantasía, Ciencia ficción, Bélico",740475,"2017-06-23","Patty Jenkins"
tt5862312,6,2018-03-05,"Verónica","Verónica",https://www.imdb.com/title/tt5862312,Película,6.2,105,2017,"Terror, Misterio",54182,"2017-08-25","Paco Plaza"
tt5161376,4,2018-03-05,"Tonight She Comes","Tonight She Comes",https://www.imdb.com/title/tt5161376,Película,3.9,84,2016,"Terror, Comedia",2451,"2018-02-13","Matt Stuertz"
tt5638642,7,2018-03-05,"El ritual","The Ritual",https://www.imdb.com/title/tt5638642,Película,6.4,94,2017,"Terror, Misterio, Suspense",147502,"2018-02-09","David Bruckner"
tt5649144,6,2018-03-05,"The Florida Project","The Florida Project",https://www.imdb.com/title/tt5649144,Película,7.6,111,2017,"Drama",148996,"2018-02-09","Sean Baker"
tt3521126,8,2018-03-05,"The Disaster Artist","The Disaster Artist",https://www.imdb.com/title/tt3521126,Película,7.3,104,2017,"Comedia, Drama, Biografía",172790,"2017-12-29","James Franco"
tt0342735,6,2018-03-05,"Manderlay","Manderlay",https://www.imdb.com/title/tt0342735,Película,7.2,133,2005,"Drama",26592,"2006-02-10","Lars von Trier"
tt1182345,8,2018-03-05,"Moon","Moon",https://www.imdb.com/title/tt1182345,Película,7.8,97,2009,"Ciencia ficción, Drama, Misterio",397975,"2009-10-09","Duncan Jones"
tt0154421,6,2018-03-05,"Los idiotas","Idioterne",https://www.imdb.com/title/tt0154421,Película,6.7,117,1998,"Comedia, Drama",36324,"1999-01-08","Lars von Trier"
tt5439796,5,2018-03-05,"La suerte de los Logan","Logan Lucky",https://www.imdb.com/title/tt5439796,Película,7.0,118,2017,"Comedia, Crimen, Drama, Acción",178137,"2017-10-12","Steven Soderbergh"
tt5666304,6,2018-03-05,"En pecado","The Little Hours",https://www.imdb.com/title/tt5666304,Película,5.8,89,2017,"Comedia, Romance",28983,"2020-07-23","Jeff Baena"
tt1028528,7,2018-03-05,"Death Proof","Death Proof",https://www.imdb.com/title/tt1028528,Película,7.0,127,2007,"Suspense, Drama",336504,"2007-08-31","Quentin Tarantino"
tt3654796,6,2018-03-05,"Creep 2","Creep 2",https://www.imdb.com/title/tt3654796,Película,6.4,78,2017,"Terror, Suspense",41341,"2017-10-24","Patrick Brice"
tt6265828,9,2018-03-05,"A Ghost Story","A Ghost Story",https://www.imdb.com/title/tt6265828,Película,6.8,92,2017,"Drama, Fantasía, Romance, Misterio",87438,"2017-07-28","David Lowery"
tt4929038,4,2018-03-05,"El ornitólogo","O Ornitólogo",https://www.imdb.com/title/tt4929038,Película,6.2,117,2016,"Drama, Aventura, Misterio",4019,"2020-03-27","João Pedro Rodrigues"
tt0067065,5,2018-03-05,"Huida del planeta de los simios","Escape from the Planet of the Apes",https://www.imdb.com/title/tt0067065,Película,6.3,98,1971,"Acción, Ciencia ficción",45098,"1972-04-10","Don Taylor"
tt0068408,5,2018-03-05,"La rebelión de los simios","Conquest of the Planet of the Apes",https://www.imdb.com/title/tt0068408,Película,6.1,88,1972,"Ciencia ficción, Acción",40858,"1973-07-27","J. Lee Thompson"
tt0065462,4,2018-03-05,"Regreso al planeta de los simios","Beneath the Planet of the Apes",https://www.imdb.com/title/tt0065462,Película,6.0,95,1970,"Acción, Aventura, Ciencia ficción",56933,"1970-05-26","Ted Post"
tt0069768,4,2018-03-05,"Batalla por el planeta de los simios","Battle for the Planet of the Apes",https://www.imdb.com/title/tt0069768,Película,5.4,93,1973,"Ciencia ficción, Acción",38185,"1973-06-15","J. Lee Thompson"
tt0376136,3,2018-03-05,"Los diarios del ron","The Rum Diary",https://www.imdb.com/title/tt0376136,Película,6.1,119,2011,"Drama, Comedia, Romance",110441,"2012-05-04","Bruce Robinson"
tt4944596,7,2018-03-04,"Que Dios nos perdone","Que Dios nos perdone",https://www.imdb.com/title/tt4944596,Película,7.1,127,2016,"Suspense, Crimen, Drama",13583,"2016-10-28","Rodrigo Sorogoyen"
tt3315342,7,2018-03-04,"Logan","Logan",https://www.imdb.com/title/tt3315342,Película,8.1,137,2017,"Acción, Ciencia ficción, Drama, Suspense",938150,"2017-03-03","James Mangold"
tt4597598,4,2018-03-04,"María (y los demás)","María (y los demás)",https://www.imdb.com/title/tt4597598,Película,6.6,90,2016,"Drama, Comedia",924,"2016-12-07","Nely Reguera"
tt4806012,3,2018-03-04,"Cuerpo de élite","Cuerpo de élite",https://www.imdb.com/title/tt4806012,Película,4.6,95,2016,"Comedia, Acción",2235,"2016-08-26","Joaquín Mazón"
tt5433520,4,2018-03-04,"No culpes al karma de lo que te pasa por gilipollas","No culpes al karma de lo que te pasa por gilipollas",https://www.imdb.com/title/tt5433520,Película,4.7,98,2016,"Comedia, Romance, Drama",1168,"2016-11-11","María Ripoll"
tt3068194,3,2018-03-04,"Amor y amistad","Love & Friendship",https://www.imdb.com/title/tt3068194,Película,6.4,90,2016,"Drama, Romance, Comedia",27841,"2016-11-11","Whit Stillman"
tt3960412,5,2018-03-04,"Popstar","Popstar: Never Stop Never Stopping",https://www.imdb.com/title/tt3960412,Película,6.7,87,2016,"Musical, Comedia, Drama, Música",74737,"2020-03-21","Akiva Schaffer,Jorma Taccone"
tt2411144,5,2018-03-04,"La reina de España","La reina de España",https://www.imdb.com/title/tt2411144,Película,5.3,128,2016,"Comedia, Drama",2429,"2016-11-25","Fernando Trueba"
tt3501632,7,2018-03-04,"Thor: Ragnarok","Thor: Ragnarok",https://www.imdb.com/title/tt3501632,Película,7.9,130,2017,"Acción, Ciencia ficción, Aventura, Comedia, Fantasía",910035,"2017-10-27","Taika Waititi"
tt4695012,5,2018-03-04,"Llega de noche","It Comes at Night",https://www.imdb.com/title/tt4695012,Película,6.1,91,2017,"Terror, Misterio, Ciencia ficción, Suspense, Drama",111831,"2017-07-07","Trey Edward Shults"
tt5052448,6,2018-03-04,"Déjame salir","Get Out",https://www.imdb.com/title/tt5052448,Película,7.8,104,2017,"Terror, Misterio, Suspense",834691,"2017-05-19","Jordan Peele"
tt4925292,6,2018-03-04,"Lady Bird","Lady Bird",https://www.imdb.com/title/tt4925292,Película,7.4,94,2017,"Comedia, Drama",367965,"2018-02-23","Greta Gerwig"
tt4225622,3,2018-03-02,"The Babysitter","The Babysitter",https://www.imdb.com/title/tt4225622,Película,6.4,85,2017,"Terror, Comedia",124471,"2017-10-13","McG"
tt0276919,9,2018-03-02,"Dogville","Dogville",https://www.imdb.com/title/tt0276919,Película,8.0,171,2003,"Drama, Crimen",168691,"2003-11-07","Lars von Trier"
tt5580036,7,2018-03-02,"Yo, Tonya","I, Tonya",https://www.imdb.com/title/tt5580036,Película,7.5,119,2017,"Biografía, Drama, Deporte, Comedia",263473,"2018-02-23","Craig Gillespie"
tt5027774,8,2018-03-02,"Tres anuncios en las afueras","Three Billboards Outside Ebbing, Missouri",https://www.imdb.com/title/tt5027774,Película,8.1,115,2017,"Crimen, Drama, Comedia",614734,"2018-01-12","Martin McDonagh"
tt0115751,8,2018-03-02,"Rompiendo las olas","Breaking the Waves",https://www.imdb.com/title/tt0115751,Película,7.8,153,1996,"Drama",76529,"1996-10-30","Lars von Trier"
tt0169880,9,2018-03-02,"Neon Genesis Evangelion: Death & Rebirth","Shin seiki Evangelion Gekijô-ban: Shito shinsei",https://www.imdb.com/title/tt0169880,Película,7.2,101,1997,"Animación, Acción, Ciencia ficción, Drama",17219,"2003","Hideaki Anno,Ken Andô,Naoyasu Habu,Hiroyuki Ishidô,Tsuyoshi Kaga,Masayuki,Shôichi Masuo,Seiji Mizushima,Tensai Okamura,Keiichi Sugiyama,Akira Takamura,Kazuya Tsurumaki,Tetsuya Watanabe,Minoru Ôhara,Masahiko Ôtsuka"
tt4093826,7,2018-03-02,"Twin Peaks","Twin Peaks",https://www.imdb.com/title/tt4093826,Serie de TV,8.5,60,2017,"Crimen, Drama, Misterio, Terror",91475,"2017-05-22",
tt0112159,9,2018-03-02,"Neon Genesis Evangelion","Shinseiki Evangelion",https://www.imdb.com/title/tt0112159,Serie de TV,8.5,24,1995,"Animación, Drama, Acción, Ciencia ficción",114343,"2002-09-02",
tt2802850,8,2018-03-02,"Fargo","Fargo",https://www.imdb.com/title/tt2802850,Serie de TV,8.8,60,2014,"Crimen, Drama, Suspense",474072,"2014-10-12",
tt4520364,4,2018-03-02,"Morgan","Morgan",https://www.imdb.com/title/tt4520364,Película,5.9,92,2016,"Ciencia ficción, Suspense, Terror, Acción",50081,"2016-09-16","Luke Scott"
tt2948356,6,2018-03-02,"Zootrópolis","Zootopia",https://www.imdb.com/title/tt2948356,Película,8.0,108,2016,"Animación, Crimen, Acción, Misterio, Aventura, Familiar, Comedia",647983,"2016-02-12","Byron Howard,Rich Moore,Jared Bush"
tt4731136,7,2018-03-02,"La cura del bienestar","A Cure for Wellness",https://www.imdb.com/title/tt4731136,Película,6.4,146,2016,"Suspense, Misterio, Drama, Fantasía, Terror, Ciencia ficción",126447,"2017-03-24","Gore Verbinski"
tt5311514,9,2018-03-02,"Your Name.","Kimi no na wa.",https://www.imdb.com/title/tt5311514,Película,8.4,106,2016,"Animación, Drama, Romance, Fantasía",403040,"2017-04-07","Makoto Shinkai"
tt5790492,2,2018-03-02,"Es por tu bien","Es por tu bien",https://www.imdb.com/title/tt5790492,Película,5.5,93,2017,"Comedia",2800,"2017-02-24","Carlos Therón"
tt5154310,6,2018-03-02,"Frágil equilibrio","Frágil equilibrio",https://www.imdb.com/title/tt5154310,Película,7.6,83,2016,"Documental",228,"2016-12-23","Guillermo Galoe"
tt4334266,4,2018-03-02,"Amor carnal","The Bad Batch",https://www.imdb.com/title/tt4334266,Película,5.2,118,2016,"Romance, Ciencia ficción, Acción, Terror, Misterio",38188,"2020-03-21","Ana Lily Amirpour"
tt3896198,5,2018-03-02,"Guardianes de la Galaxia Vol. 2","Guardians of the Galaxy Vol. 2",https://www.imdb.com/title/tt3896198,Película,7.6,136,2017,"Acción, Ciencia ficción, Aventura, Comedia, Fantasía, Música",843427,"2017-04-28","James Gunn"
tt0453383,3,2018-03-02,"Next Door","Naboer",https://www.imdb.com/title/tt0453383,Película,6.4,75,2005,"Misterio, Suspense",11367,"2007-07-13","Pål Sletaune,Tony Spataro"
tt3544218,7,2017-12-10,"Bélgica","Belgica",https://www.imdb.com/title/tt3544218,Película,6.7,127,2016,"Drama, Música",5027,"2016-03-02","Felix van Groeningen"
tt5661184,5,2017-12-10,"El último verano","El último verano",https://www.imdb.com/title/tt5661184,Película,7.2,93,2016,"Documental",18,"2016-11-06","Leire Apellaniz"
tt6464678,6,2017-10-07,"Housewife","Housewife",https://www.imdb.com/title/tt6464678,Película,4.8,82,2017,"Terror, Suspense",1869,"2018-08-10","Can Evrenol"
tt6777056,5,2017-10-07,"Demasiado cerca","Tesnota",https://www.imdb.com/title/tt6777056,Película,6.8,118,2017,"Drama",3486,"2017-12-22","Kantemir Balagov"
tt6318848,5,2017-10-07,"The Heretics","The Heretics",https://www.imdb.com/title/tt6318848,Película,4.8,87,2017,"Terror, Fantasía, Suspense",2302,"2017-11-01","Chad Archibald"
tt4348012,6,2017-10-06,"Mayhem","Mayhem",https://www.imdb.com/title/tt4348012,Película,6.4,86,2017,"Acción, Suspense, Comedia, Terror",30445,"2017-11-10","Joe Lynch"
tt3986820,7,2017-10-05,"El infinito","The Endless",https://www.imdb.com/title/tt3986820,Película,6.5,111,2017,"Ciencia ficción, Suspense, Terror, Misterio",58071,"2018-06-27","Justin Benson,Aaron Moorhead"
tt6104206,3,2017-10-05,"Jackals","Jackals",https://www.imdb.com/title/tt6104206,Película,4.9,85,2017,"Terror, Suspense, Misterio, Drama",4750,"2017-12-28","Kevin Greutert"
tt2250912,5,2017-10-05,"Spider-Man: Homecoming","Spider-Man: Homecoming",https://www.imdb.com/title/tt2250912,Película,7.4,133,2017,"Acción, Ciencia ficción, Aventura",832328,"2017-07-28","Jon Watts"
tt5109784,8,2017-10-05,"¡Madre!","Mother!",https://www.imdb.com/title/tt5109784,Película,6.6,121,2017,"Drama, Misterio, Terror",270400,"2017-09-29","Darren Aronofsky"
tt1396484,6,2017-10-05,"It","It",https://www.imdb.com/title/tt1396484,Película,7.3,135,2017,"Terror",707626,"2017-09-08","Andy Muschietti"
tt3040964,6,2017-02-25,"El libro de la selva (The Jungle Book)","The Jungle Book",https://www.imdb.com/title/tt3040964,Película,7.3,106,2016,"Animación, Musical, Aventura, Fantasía, Familiar, Drama, Acción",307680,"2016-04-15","Jon Favreau"
tt4196450,5,2017-02-23,"El nacimiento de una nación","The Birth of a Nation",https://www.imdb.com/title/tt4196450,Película,6.6,120,2016,"Drama, Biografía, Historia",22755,"2017-02-17","Nate Parker"
tt1619029,8,2017-02-23,"Jackie","Jackie",https://www.imdb.com/title/tt1619029,Película,6.6,100,2016,"Drama, Biografía",87462,"2017-02-17","Pablo Larraín"
tt4846408,7,2017-02-23,"La madre","La madre",https://www.imdb.com/title/tt4846408,Película,5.7,89,2016,"Drama",135,"2016-10-28","Alberto Morais"
tt0083743,5,2017-02-12,"La colmena","La colmena",https://www.imdb.com/title/tt0083743,Película,7.1,112,1982,"Drama",1267,"1983-07-08","Mario Camus"
tt2561572,2,2017-02-12,"Dale duro","Get Hard",https://www.imdb.com/title/tt2561572,Película,6.0,100,2015,"Comedia, Crimen, Drama",156795,"2015-06-12","Etan Cohen"
tt0095088,4,2017-02-12,"Elvira, reina de las tinieblas","Elvira: Mistress of the Dark",https://www.imdb.com/title/tt0095088,Película,6.6,96,1988,"Terror, Comedia",23348,"1989-05-18","James Signorelli"
tt4975722,7,2017-02-09,"Moonlight","Moonlight",https://www.imdb.com/title/tt4975722,Película,7.4,111,2016,"Drama",355366,"2017-02-10","Barry Jenkins"
tt4034228,7,2017-02-06,"Manchester frente al mar","Manchester by the Sea",https://www.imdb.com/title/tt4034228,Película,7.8,137,2016,"Drama",362207,"2017-02-03","Kenneth Lonergan"
tt2053463,5,2017-02-06,"Efectos secundarios","Side Effects",https://www.imdb.com/title/tt2053463,Película,7.0,106,2013,"Suspense, Crimen, Drama, Misterio",206707,"2013-04-05","Steven Soderbergh"
tt0083972,5,2017-02-06,"Viernes 13 (parte III)","Friday the 13th Part III",https://www.imdb.com/title/tt0083972,Película,5.6,95,1982,"Suspense, Terror",68741,"1983-08-22","Steve Miner"
tt4555674,5,2017-02-06,"El rey tuerto","El rei borni",https://www.imdb.com/title/tt4555674,Película,6.6,87,2016,"Comedia, Drama",644,"2016-05-20","Marc Crehuet"
tt0310793,8,2017-02-03,"Bowling for Columbine","Bowling for Columbine",https://www.imdb.com/title/tt0310793,Película,7.9,120,2002,"Documental, Crimen, Drama",152616,"2003-03-21","Michael Moore"
tt0072431,8,2017-02-01,"El jovencito Frankenstein","Young Frankenstein",https://www.imdb.com/title/tt0072431,Película,8.0,106,1974,"Comedia",181482,"1975-05-09","Mel Brooks"
tt4669986,3,2017-02-01,"Loving","Loving",https://www.imdb.com/title/tt4669986,Película,7.0,123,2016,"Drama, Biografía, Romance",38722,"2017-01-20","Jeff Nichols"
tt0072933,4,2017-01-31,"Emmanuelle 2: La antivirgen","Emmanuelle: L'antivierge",https://www.imdb.com/title/tt0072933,Película,4.9,83,1975,"Drama, Romance",4255,"1978-01-25","Francis Giacobetti"
tt0169858,9,2017-01-28,"Neon Genesis Evangelion: The End of Evangelion","Shin seiki Evangelion Gekijô-ban: Air/Magokoro wo, kimi ni",https://www.imdb.com/title/tt0169858,Película,8.1,87,1997,"Animación, Acción, Ciencia ficción, Drama",78719,"2019-06-21","Hideaki Anno,Kazuya Tsurumaki"
tt0156887,8,2017-01-28,"Perfect Blue","Perfect Blue",https://www.imdb.com/title/tt0156887,Película,8.0,82,1997,"Animación, Misterio, Crimen, Drama, Suspense",126133,"1998-10-30","Satoshi Kon"
tt4972582,4,2017-01-28,"Múltiple","Split",https://www.imdb.com/title/tt4972582,Película,7.3,117,2016,"Suspense, Terror",629428,"2017-01-27","M. Night Shyamalan"
tt0490215,6,2017-01-24,"Silencio","Silence",https://www.imdb.com/title/tt0490215,Película,7.2,161,2016,"Drama, Historia",135780,"2017-01-06","Martin Scorsese"
tt2140037,5,2017-01-22,"La venganza de Jane","Jane Got a Gun",https://www.imdb.com/title/tt2140037,Película,5.9,98,2015,"Drama, Del oeste, Acción, Crimen",25487,"2016-05-06","Gavin O'Connor"
tt0082418,6,2017-01-22,"Viernes 13 (2.ª parte)","Friday the 13th: Part 2",https://www.imdb.com/title/tt0082418,Película,6.1,87,1981,"Suspense, Misterio, Terror",88555,"1981-09-04","Steve Miner"
tt2547584,3,2017-01-19,"La luz entre los océanos","The Light Between Oceans",https://www.imdb.com/title/tt2547584,Película,7.2,133,2016,"Drama, Romance",63434,"2017-01-20","Derek Cianfrance"
tt0114214,5,2017-01-18,"Rápida y mortal","The Quick and the Dead",https://www.imdb.com/title/tt0114214,Película,6.5,108,1995,"Acción, Suspense, Romance, Drama, Del oeste",114677,"1995-06-16","Sam Raimi"
tt0084787,9,2017-01-15,"La cosa (El enigma de otro mundo)","The Thing",https://www.imdb.com/title/tt0084787,Película,8.2,109,1982,"Misterio, Ciencia ficción, Terror",533573,"1983-06-10","John Carpenter"
tt3783958,9,2017-01-15,"La ciudad de las estrellas. La La Land","La La Land",https://www.imdb.com/title/tt3783958,Película,8.0,128,2016,"Musical, Comedia, Drama, Romance, Música",775926,"2017-01-13","Damien Chazelle"
tt1355644,4,2017-01-11,"Passengers","Passengers",https://www.imdb.com/title/tt1355644,Película,7.0,116,2016,"Ciencia ficción, Drama, Suspense, Romance",504400,"2016-12-30","Morten Tyldum"
tt1212450,7,2017-01-03,"Lawless (Sin ley)","Lawless",https://www.imdb.com/title/tt1212450,Película,7.2,116,2012,"Drama, Crimen, Biografía, Suspense",263947,"2012-08-29","John Hillcoat"
tt1951266,4,2017-01-03,"Los juegos del hambre: Sinsajo - Parte 2","The Hunger Games: Mockingjay - Part 2",https://www.imdb.com/title/tt1951266,Película,6.6,137,2015,"Ciencia ficción, Suspense, Aventura, Acción",420352,"2015-11-20","Francis Lawrence"
tt4163020,5,2017-01-03,"Cuentos de Halloween","Tales of Halloween",https://www.imdb.com/title/tt4163020,Película,5.5,97,2015,"Terror, Comedia, Aventura, Fantasía, Suspense",15641,"2015-10-21","Darren Lynn Bousman,Axelle Carolyn,Adam Gierasch,Andrew Kasch,Neil Marshall,Lucky McKee,Mike Mendez,Dave Parker,Ryan Schifrin,John Skipp,Paul Solet"
tt3655972,5,2016-12-28,"El olivo","El olivo",https://www.imdb.com/title/tt3655972,Película,6.8,100,2016,"Comedia, Drama",4031,"2016-05-06","Icíar Bollaín"
tt0075342,3,2016-12-26,"Terror al anochecer","The Town That Dreaded Sundown",https://www.imdb.com/title/tt0075342,Película,6.0,90,1976,"Crimen, Terror, Drama, Misterio, Suspense",11419,"1976-12-24","Charles B. Pierce"
tt2693664,6,2016-12-25,"Young Ones","Young Ones",https://www.imdb.com/title/tt2693664,Película,5.8,100,2014,"Drama, Acción, Ciencia ficción, Del oeste, Romance",11029,"2014-10-17","Jake Paltrow"
tt0110785,4,2016-12-25,"La pasión turca","La pasión turca",https://www.imdb.com/title/tt0110785,Película,5.3,112,1994,"Romance, Drama",1315,"1994-12-16","Vicente Aranda"
tt5517438,5,2016-12-24,"7 años","7 años",https://www.imdb.com/title/tt5517438,Película,6.7,77,2016,"Drama",5559,"2016-10-28","Roger Gual"
tt1587707,5,2016-12-23,"Exit Through the Gift Shop","Exit Through the Gift Shop",https://www.imdb.com/title/tt1587707,Película,7.9,87,2010,"Documental, Comedia, Crimen, Historia",70556,"2010-03-05","Banksy"
tt0089218,6,2016-12-23,"Los Goonies","The Goonies",https://www.imdb.com/title/tt0089218,Película,7.7,114,1985,"Comedia, Familiar, Aventura",329879,"1985-07-24","Richard Donner"
tt5205698,5,2016-12-20,"Las letras","Las letras",https://www.imdb.com/title/tt5205698,Película,6.3,77,2015,"Documental",37,"2015-11-11","Pablo Chavarría Gutiérrez"
tt0264464,7,2016-12-19,"Atrápame si puedes","Catch Me If You Can",https://www.imdb.com/title/tt0264464,Película,8.1,141,2002,"Drama, Biografía, Crimen",1261241,"2003-01-24","Steven Spielberg"
tt0387877,6,2016-12-18,"La dalia negra","The Black Dahlia",https://www.imdb.com/title/tt0387877,Película,5.6,121,2006,"Crimen, Drama, Misterio, Suspense",80270,"2006-10-20","Brian De Palma"
tt0118789,7,2016-12-18,"Buffalo '66","Buffalo '66",https://www.imdb.com/title/tt0118789,Película,7.4,110,1998,"Romance, Drama, Comedia",67406,"2000-01-28","Vincent Gallo"
tt1172994,4,2016-12-18,"La casa del diablo","The House of the Devil",https://www.imdb.com/title/tt1172994,Película,6.3,95,2009,"Terror, Misterio",56071,"2009-04-25","Ti West"
tt4508542,2,2016-12-18,"Nacida para ganar","Nacida para ganar",https://www.imdb.com/title/tt4508542,Película,4.7,95,2016,"Comedia",492,"2016-05-06","Vicente Villanueva"
tt0118768,4,2016-12-11,"The Brave","The Brave",https://www.imdb.com/title/tt0118768,Película,6.1,123,1997,"Drama",11359,"1998-07-03","Johnny Depp"
tt0068833,6,2016-12-11,"La última casa a la izquierda","The Last House on the Left",https://www.imdb.com/title/tt0068833,Película,5.8,84,1972,"Suspense, Terror",42782,"1972-08-30","Wes Craven"
tt2119532,6,2016-12-11,"Hasta el último hombre (Hacksaw Ridge)","Hacksaw Ridge",https://www.imdb.com/title/tt2119532,Película,8.1,139,2016,"Drama, Bélico, Historia, Biografía",694540,"2016-12-07","Mel Gibson"
tt1704573,5,2016-12-11,"Bernie","Bernie",https://www.imdb.com/title/tt1704573,Película,6.8,99,2011,"Comedia, Crimen, Drama, Biografía",67579,"2012-06-22","Richard Linklater"
tt1924273,6,2016-12-07,"Promoción fantasma","Promoción fantasma",https://www.imdb.com/title/tt1924273,Película,6.3,88,2012,"Comedia, Aventura, Fantasía",3985,"2012-02-03","Javier Ruiz Caldera"
tt0090728,5,2016-12-06,"Golpe en la pequeña China","Big Trouble in Little China",https://www.imdb.com/title/tt0090728,Película,7.2,99,1986,"Comedia, Aventura, Fantasía, Acción",169159,"1986-07-02","John Carpenter"
tt4550098,6,2016-12-04,"Animales nocturnos","Nocturnal Animals",https://www.imdb.com/title/tt4550098,Película,7.4,116,2016,"Drama, Suspense",341802,"2016-12-02","Tom Ford"
tt3602128,2,2016-12-04,"Deb contra los zombies","Night of the Living Deb",https://www.imdb.com/title/tt3602128,Película,5.6,85,2015,"Comedia, Terror, Romance",4800,"2015-05-30","Kyle Rankin"
tt0068611,7,2016-12-03,"Frenesí","Frenzy",https://www.imdb.com/title/tt0068611,Película,7.4,116,1972,"Drama, Suspense",53767,"1972-05-26","Alfred Hitchcock"
tt1374989,4,2016-12-03,"Orgullo + Prejuicio + Zombis","Pride and Prejudice and Zombies",https://www.imdb.com/title/tt1374989,Película,5.8,108,2016,"Terror, Acción, Romance, Comedia, Fantasía",65000,"2016-04-01","Burr Steers"
tt2125608,8,2016-11-27,"Searching for Sugar Man","Searching for Sugar Man",https://www.imdb.com/title/tt2125608,Película,8.2,86,2012,"Documental, Biografía, Música, Misterio",76787,"2013-02-22","Malik Bendjelloul"
tt3387542,3,2016-11-20,"El bosque de los suicidios","The Forest",https://www.imdb.com/title/tt3387542,Película,4.8,93,2016,"Terror, Misterio, Suspense",48085,"2016-02-26","Jason Zada"
tt2543164,8,2016-11-20,"La llegada (Arrival)","Arrival",https://www.imdb.com/title/tt2543164,Película,7.9,116,2016,"Ciencia ficción, Drama, Misterio",877116,"2016-11-18","Denis Villeneuve"
tt2918436,4,2016-11-13,"El efecto Lázaro","The Lazarus Effect",https://www.imdb.com/title/tt2918436,Película,5.2,83,2015,"Suspense, Terror, Ciencia ficción, Misterio",49118,"2022-01-01","David Gelb"
tt2667960,4,2016-11-13,"La señorita Julia","Miss Julie",https://www.imdb.com/title/tt2667960,Película,5.5,129,2014,"Drama, Romance",6615,"2014-09-10","Liv Ullmann"
tt1727800,5,2016-11-13,"La herencia Valdemar II: La sombra prohibida","La herencia Valdemar II: La sombra prohibida",https://www.imdb.com/title/tt1727800,Película,4.6,92,2010,"Terror, Misterio",1094,"2011-01-28","José Luis Alemán"
tt1242744,5,2016-11-13,"La herencia Valdemar","La herencia Valdemar",https://www.imdb.com/title/tt1242744,Película,5.4,104,2010,"Misterio, Terror, Drama",2097,"2010-01-22","José Luis Alemán"
tt1829012,4,2016-11-12,"Passion","Passion",https://www.imdb.com/title/tt1829012,Película,5.3,102,2012,"Suspense, Misterio, Drama",25515,"2013-02-13","Brian De Palma"
tt5022702,5,2016-11-10,"Hush (Silencio)","Hush",https://www.imdb.com/title/tt5022702,Película,6.6,82,2016,"Suspense, Terror",171608,"2016-04-08","Mike Flanagan"
tt3716530,7,2016-11-06,"Elle","Elle",https://www.imdb.com/title/tt3716530,Película,7.1,130,2016,"Drama, Suspense, Crimen, Acción, Misterio, Romance",74941,"2016-09-30","Paul Verhoeven"
tt1608290,2,2016-11-05,"Zoolander No. 2","Zoolander 2",https://www.imdb.com/title/tt1608290,Película,4.7,101,2016,"Comedia, Acción, Aventura, Misterio, Romance",82463,"2016-02-12","Ben Stiller"
tt1935859,5,2016-11-01,"El hogar de Miss Peregrine para niños peculiares","Miss Peregrine's Home for Peculiar Children",https://www.imdb.com/title/tt1935859,Película,6.7,127,2016,"Fantasía, Aventura, Drama, Suspense, Familiar",210595,"2016-09-30","Tim Burton"
tt3520418,6,2016-11-01,"Todavía estamos aquí","We Are Still Here",https://www.imdb.com/title/tt3520418,Película,5.7,84,2015,"Terror, Misterio",21414,"2016-03-04","Ted Geoghegan"
tt5059406,4,2016-11-01,"Soy la bonita criatura que vive en esta casa","I Am the Pretty Thing That Lives in the House",https://www.imdb.com/title/tt5059406,Película,4.6,89,2016,"Suspense, Terror, Misterio, Drama",18383,"2016-10-28","Osgood Perkins"
tt3195644,5,2016-11-01,"Insidious (capítulo 3)","Insidious: Chapter 3",https://www.imdb.com/title/tt3195644,Película,6.1,97,2015,"Terror, Suspense, Misterio",130503,"2015-06-04","Leigh Whannell"
tt0113568,6,2016-10-30,"Ghost in the Shell","Kôkaku kidôtai",https://www.imdb.com/title/tt0113568,Película,7.9,83,1995,"Animación, Suspense, Misterio, Crimen, Drama, Ciencia ficción, Acción",176381,"1995-11-18","Mamoru Oshii"
tt1211837,6,2016-10-30,"Doctor Strange. Doctor Extraño","Doctor Strange",https://www.imdb.com/title/tt1211837,Película,7.5,115,2016,"Fantasía, Aventura, Acción, Ciencia ficción",894515,"2016-10-28","Scott Derrickson"
tt1713440,6,2016-10-26,"El hombre de las mil caras","El hombre de las mil caras",https://www.imdb.com/title/tt1713440,Película,6.8,123,2016,"Biografía, Suspense",8924,"2016-09-23","Alberto Rodríguez"
tt3416532,5,2016-10-20,"Un monstruo viene a verme","A Monster Calls",https://www.imdb.com/title/tt3416532,Película,7.4,108,2016,"Drama, Fantasía, Aventura, Familiar",99647,"2016-10-07","J.A. Bayona"
tt3268668,2,2016-10-16,"Cautivo","Captive",https://www.imdb.com/title/tt3268668,Película,5.4,97,2015,"Drama, Crimen, Suspense, Acción, Biografía, Historia",7568,"2015-09-18","Jerry Jameson"
tt2390994,3,2016-10-16,"Flirteando con el amor","Loitering with Intent",https://www.imdb.com/title/tt2390994,Película,4.5,80,2014,"Comedia, Drama",935,"2014-12-16","Adam Rapp"
tt0094625,9,2016-10-15,"Akira","Akira",https://www.imdb.com/title/tt0094625,Película,8.0,124,1988,"Animación, Drama, Fantasía, Acción, Ciencia ficción",230305,"1992-05-29","Katsuhiro Ōtomo"
tt0907657,6,2016-10-15,"Once","Once",https://www.imdb.com/title/tt0907657,Película,7.8,86,2006,"Musical, Música, Drama, Romance",126381,"2007-10-31","John Carney"
tt2872462,7,2016-10-15,"Mistress America","Mistress America",https://www.imdb.com/title/tt2872462,Película,6.7,84,2015,"Comedia, Drama",29783,"2015-11-20","Noah Baumbach"
tt3125652,4,2016-10-15,"Pasolini","Pasolini",https://www.imdb.com/title/tt3125652,Película,5.9,84,2014,"Drama, Biografía",4971,"2014-09-25","Abel Ferrara"
tt1974419,7,2016-10-15,"The Neon Demon","The Neon Demon",https://www.imdb.com/title/tt1974419,Película,6.1,117,2016,"Terror, Suspense",112120,"2016-06-09","Nicolas Winding Refn"
tt3776826,5,2016-10-15,"Operation Avalanche","Operation Avalanche",https://www.imdb.com/title/tt3776826,Película,6.2,94,2016,"Comedia, Drama, Misterio",8937,"2016-09-16","Matt Johnson"
tt3072482,6,2016-10-15,"Hardcore Henry","Hardcore Henry",https://www.imdb.com/title/tt3072482,Película,6.7,96,2015,"Acción, Ciencia ficción, Aventura, Suspense",109701,"2016-04-07","Ilya Naishuller"
tt5013688,7,2016-10-15,"Shelley","Shelley",https://www.imdb.com/title/tt5013688,Película,5.3,92,2016,"Terror, Drama, Misterio",4438,"2016-12-01","Ali Abbasi"
tt3560148,5,2016-10-15,"Fear, Inc.","Fear, Inc.",https://www.imdb.com/title/tt3560148,Película,5.6,90,2016,"Terror, Suspense, Comedia",6236,"2016-10-21","Vincent Masciale"
tt2649554,6,2016-10-15,"Midnight Special","Midnight Special",https://www.imdb.com/title/tt2649554,Película,6.6,112,2016,"Drama, Ciencia ficción, Suspense, Misterio",87063,"2016-11-18","Jeff Nichols"
tt3835080,5,2016-10-15,"31","31",https://www.imdb.com/title/tt3835080,Película,5.1,103,2016,"Terror, Suspense",25039,"2016-09-16","Rob Zombie"
tt4682708,5,2016-10-15,"Tenemos la carne","Tenemos la carne",https://www.imdb.com/title/tt4682708,Película,4.7,79,2016,"Drama, Fantasía, Terror",4105,"2021-04-23","Emiliano Rocha Minter"
tt3627704,3,2016-10-15,"Phantasma: Desolación","Phantasm: Ravager",https://www.imdb.com/title/tt3627704,Película,4.9,85,2016,"Terror, Fantasía, Acción, Ciencia ficción",5841,"2017-09-28","David Hartman"
tt3608930,5,2016-10-15,"El valle de la venganza","In a Valley of Violence",https://www.imdb.com/title/tt3608930,Película,6.1,104,2016,"Del oeste, Acción, Drama",22519,"2016-10-21","Ti West"
tt1183374,6,2016-10-15,"Animal de compañía","Pet",https://www.imdb.com/title/tt1183374,Película,5.7,94,2016,"Suspense, Terror, Crimen",20615,"2016-12-02","Carles Torrens"
tt3289728,7,2016-10-15,"Equals","Equals",https://www.imdb.com/title/tt3289728,Película,6.0,101,2015,"Ciencia ficción, Drama, Romance",34638,"2016-11-23","Drake Doremus"
tt5082418,4,2016-10-15,"El ataúd de cristal","El ataúd de cristal",https://www.imdb.com/title/tt5082418,Película,5.2,75,2016,"Suspense, Terror",627,"2018-05-18","Haritz Zubillaga"
tt5225338,7,2016-10-15,"The Eyes of My Mother","The Eyes of My Mother",https://www.imdb.com/title/tt5225338,Película,6.2,76,2016,"Drama, Terror, Suspense",15952,"2016-12-02","Nicolas Pesce"
tt4547056,6,2016-10-15,"Melanie: La chica con todos los dones","The Girl with All the Gifts",https://www.imdb.com/title/tt4547056,Película,6.6,111,2016,"Terror, Suspense, Drama, Ciencia ficción, Acción, Aventura",69745,"2017-02-03","Colm McCarthy"
tt3147312,4,2016-10-15,"Desierto","Desierto",https://www.imdb.com/title/tt3147312,Película,6.1,88,2015,"Drama, Suspense, Acción, Aventura",11509,"2017-01-04","Jonás Cuarón"
tt4900708,6,2016-10-15,"Kurîpî: Itsuwari no rinjin","Kurîpî: Itsuwari no rinjin",https://www.imdb.com/title/tt4900708,Película,6.4,130,2016,"Suspense, Misterio, Terror, Crimen, Drama",6944,"2016-06-18","Kiyoshi Kurosawa"
tt1540011,3,2016-10-15,"Blair Witch","Blair Witch",https://www.imdb.com/title/tt1540011,Película,5.0,89,2016,"Terror, Suspense, Misterio",54051,"2016-11-04","Adam Wingard"
tt4273292,7,2016-10-15,"Bajo la sombra","Under the Shadow",https://www.imdb.com/title/tt4273292,Película,6.8,84,2016,"Terror, Bélico, Drama, Suspense, Fantasía",32896,"2017-01-07","Babak Anvari"
tt5700672,6,2016-10-15,"Train to Busan","Busanhaeng",https://www.imdb.com/title/tt5700672,Película,7.6,118,2016,"Terror, Suspense, Acción",313716,"2017-01-04","Yeon Sang-ho"
tt3174376,6,2016-10-15,"Somnia: Dentro de tus sueños","Before I Wake",https://www.imdb.com/title/tt3174376,Película,6.2,97,2016,"Suspense, Drama, Fantasía, Terror",56722,"2018-01-05","Mike Flanagan"
tt4578118,3,2016-10-15,"Rupture","Rupture",https://www.imdb.com/title/tt4578118,Película,4.9,102,2016,"Ciencia ficción, Suspense, Terror",8729,"2017-04-28","Steven Shainberg"
tt4074928,6,2016-10-15,"Proyecto Lázaro","Realive",https://www.imdb.com/title/tt4074928,Película,5.9,112,2016,"Ciencia ficción, Drama",5749,"2017-01-13","Mateo Gil"
tt2326612,7,2016-10-15,"Cautivos (The Captive)","The Captive",https://www.imdb.com/title/tt2326612,Película,5.9,112,2014,"Suspense, Crimen, Drama, Misterio",38159,"2014-09-05","Atom Egoyan"
tt4044364,5,2016-10-15,"Citizenfour","Citizenfour",https://www.imdb.com/title/tt4044364,Película,8.0,114,2014,"Documental, Biografía",60324,"2014-11-06","Laura Poitras"
tt0095863,5,2016-10-15,"Phantasma (El regreso)","Phantasm II",https://www.imdb.com/title/tt0095863,Película,6.4,97,1988,"Ciencia ficción, Fantasía, Terror",18246,"1989-05-19","Don Coscarelli"
tt1827527,5,2016-10-15,"Space Pirate Captain Harlock","Space Pirate Captain Harlock",https://www.imdb.com/title/tt1827527,Película,7.1,100,2010,"Animación, Ciencia ficción, Aventura, Fantasía",370,"2010-01-01","William Winckler"
tt4046784,3,2016-10-15,"El corredor del laberinto: Las pruebas","Maze Runner: The Scorch Trials",https://www.imdb.com/title/tt4046784,Película,6.3,131,2015,"Acción, Suspense, Ciencia ficción, Aventura",312043,"2015-09-17","Wes Ball"
tt0485131,2,2016-10-15,"No digas nada","No digas nada",https://www.imdb.com/title/tt0485131,Película,5.3,90,2007,"Comedia",134,"2007-12-28","Felipe Jiménez Luna"
tt2404435,4,2016-09-23,"Los siete magníficos","The Magnificent Seven",https://www.imdb.com/title/tt2404435,Película,6.9,132,2016,"Acción, Del oeste, Aventura, Drama",248363,"2016-09-23","Antoine Fuqua"
tt2365576,5,2016-09-22,"Murieron por encima de sus posibilidades","Murieron por encima de sus posibilidades",https://www.imdb.com/title/tt2365576,Película,5.0,98,2014,"Comedia",505,"2014-09-25","Isaki Lacuesta"
tt0079714,5,2016-09-22,"Phantasma","Phantasm",https://www.imdb.com/title/tt0079714,Película,6.6,89,1979,"Ciencia ficción, Terror",45413,"1979-07-30","Don Coscarelli"
tt4771896,7,2016-09-20,"Tarde para la ira","Tarde para la ira",https://www.imdb.com/title/tt4771896,Película,6.7,92,2016,"Suspense, Drama, Crimen",13189,"2016-09-09","Raúl Arévalo"
tt2172584,5,2016-09-19,"Maps to the Stars","Maps to the Stars",https://www.imdb.com/title/tt2172584,Película,6.2,111,2014,"Drama, Comedia, Misterio",44954,"2015-03-06","David Cronenberg"
tt1791682,6,2016-09-17,"Mientras seamos jóvenes","While We're Young",https://www.imdb.com/title/tt1791682,Película,6.3,97,2014,"Comedia, Drama, Misterio",56271,"2015-09-04","Noah Baumbach"
tt0095444,3,2016-09-15,"Payasos asesinos del espacio exterior","Killer Klowns from Outer Space",https://www.imdb.com/title/tt0095444,Película,6.2,88,1988,"Comedia, Terror, Ciencia ficción",53282,"1988-05-27","Stephen Chiodo"
tt2600742,1,2016-09-15,"Tiburón fantasma","Ghost Shark",https://www.imdb.com/title/tt2600742,Película de TV,3.3,87,2013,"Terror, Fantasía, Comedia",3618,"2016-08-21","Griff Furst"
tt4685096,1,2016-09-12,"El ataque del tiburón de tres cabezas","3-Headed Shark Attack",https://www.imdb.com/title/tt4685096,Vídeo,2.7,89,2015,"Ciencia ficción, Acción, Terror, Suspense, Aventura, Comedia",3881,"2019-06-13","Christopher Ray"
tt4160708,8,2016-09-11,"No respires","Don't Breathe",https://www.imdb.com/title/tt4160708,Película,7.1,88,2016,"Suspense, Crimen, Terror",334606,"2016-09-02","Fede Alvarez"
tt2091935,4,2016-09-11,"Mr. Right","Mr. Right",https://www.imdb.com/title/tt2091935,Película,6.3,95,2015,"Comedia, Acción, Romance, Crimen",66243,"2016-05-01","Paco Cabezas"
tt2668134,6,2016-09-08,"Capitán Harlock","Kyaputen Hârokku",https://www.imdb.com/title/tt2668134,Película,6.4,115,2013,"Animación, Ciencia ficción, Aventura, Acción, Drama",13419,"2015-01-30","Shinji Aramaki"
tt0119349,9,2016-09-06,"La tormenta de hielo","The Ice Storm",https://www.imdb.com/title/tt0119349,Película,7.3,112,1997,"Drama",64057,"1997-11-28","Ang Lee"
tt2398231,6,2016-09-05,"Deuda de honor - The Homesman","The Homesman",https://www.imdb.com/title/tt2398231,Película,6.6,122,2014,"Drama, Del oeste",38863,"2015-11-13","Tommy Lee Jones"
tt2452254,6,2016-09-04,"Viaje a Sils Maria","Clouds of Sils Maria",https://www.imdb.com/title/tt2452254,Película,6.7,124,2014,"Drama",32698,"2015-06-12","Olivier Assayas"
tt1727776,2,2016-09-03,"Zombie Camp","Scouts Guide to the Zombie Apocalypse",https://www.imdb.com/title/tt1727776,Película,6.3,93,2015,"Comedia, Terror, Acción, Ciencia ficción",61728,"2015-10-28","Christopher Landon"
tt2301592,3,2016-09-01,"La danza de la realidad","La danza de la realidad",https://www.imdb.com/title/tt2301592,Película,7.4,133,2013,"Drama, Biografía, Fantasía",10040,"2013-09-04","Alejandro Jodorowsky"
tt4840158,7,2016-08-30,"Credit for Murder","Credit for Murder",https://www.imdb.com/title/tt4840158,Película,7.3,87,2015,"Documental, Crimen, Suspense",650,"2015-11-12","Vlady Antonevicz"
tt5261818,4,2016-08-29,"Plaza de la Soledad","Plaza de la Soledad",https://www.imdb.com/title/tt5261818,Película,7.5,78,2016,"Documental",173,"2017-05-05","Maya Goded"
tt2281189,7,2016-08-25,"Diamond Flash","Diamond Flash",https://www.imdb.com/title/tt2281189,Película,6.5,128,2011,"Drama, Fantasía, Suspense",898,"2012-06-08","Carlos Vermut"
tt2788710,3,2016-08-25,"The Interview","The Interview",https://www.imdb.com/title/tt2788710,Película,6.5,112,2014,"Comedia, Acción, Aventura",379372,"2015-02-06","Evan Goldberg,Seth Rogen"
tt3779858,3,2016-08-23,"The Other Kids","The Other Kids",https://www.imdb.com/title/tt3779858,Película,7.0,54,2016,"Documental, Deporte",72,"2016-05-01","Pablo de la Chica"
tt0489270,5,2016-08-21,"Saw III","Saw III",https://www.imdb.com/title/tt0489270,Película,6.2,108,2006,"Terror, Misterio, Suspense",230257,"2006-11-10","Darren Lynn Bousman"
tt0082010,4,2016-08-21,"Un hombre lobo americano en Londres","An American Werewolf in London",https://www.imdb.com/title/tt0082010,Película,7.5,97,1981,"Terror, Comedia",136040,"1981-10-23","John Landis"
tt0309698,5,2016-08-21,"Identidad","Identity",https://www.imdb.com/title/tt0309698,Película,7.3,90,2003,"Suspense, Misterio",296733,"2003-09-12","James Mangold"
tt0330540,1,2016-08-21,"Kárate a muerte en Torremolinos","Kárate a muerte en Torremolinos",https://www.imdb.com/title/tt0330540,Película,3.7,79,2003,"Terror, Comedia, Fantasía, Acción",509,"2003-03-14","Pedro Temboury"
tt4831420,2,2016-08-19,"Sharknado: Que la 4ª te acompañe","Sharknado 4: The 4th Awakens",https://www.imdb.com/title/tt4831420,Película de TV,3.9,95,2016,"Terror, Ciencia ficción, Comedia, Acción, Aventura, Suspense",9995,"2016-07-31","Anthony C. Ferrante"
tt0377713,3,2016-08-16,"Cube Zero","Cube Zero",https://www.imdb.com/title/tt0377713,Película,5.6,97,2004,"Ciencia ficción, Drama, Misterio, Suspense",43700,"2004-11-10","Ernie Barbarash"
tt0285492,3,2016-08-16,"Cube 2: Hypercube","Cube 2: Hypercube",https://www.imdb.com/title/tt0285492,Película,5.5,94,2002,"Misterio, Ciencia ficción, Terror",72175,"2003-04-15","Andrzej Sekula"
tt2645142,6,2016-08-16,"La plaga","La plaga",https://www.imdb.com/title/tt2645142,Película,6.9,82,2013,"Drama",381,"2013-09-06","Neus Ballús"
tt0093779,4,2016-08-16,"La princesa prometida","The Princess Bride",https://www.imdb.com/title/tt0093779,Película,8.0,98,1987,"Familiar, Comedia, Romance, Aventura, Fantasía",490212,"1987-10-09","Rob Reiner"
tt2121382,6,2016-08-04,"Fuerza mayor","Turist",https://www.imdb.com/title/tt2121382,Película,7.2,120,2014,"Drama, Comedia",73423,"2015-02-27","Ruben Östlund"
tt1029360,3,2016-08-02,"Poltergeist","Poltergeist",https://www.imdb.com/title/tt1029360,Película,4.9,93,2015,"Terror, Suspense, Fantasía",64879,"2015-05-22","Gil Kenan"
tt0106215,7,2016-07-31,"Acción mutante","Acción mutante",https://www.imdb.com/title/tt0106215,Película,6.4,93,1993,"Fantasía, Suspense, Ciencia ficción, Comedia",6355,"1993-02-03","Álex de la Iglesia"
tt0168080,5,2016-07-31,"Muertos de risa","Muertos de risa",https://www.imdb.com/title/tt0168080,Película,6.5,113,1999,"Drama, Suspense, Comedia",3946,"1999-03-12","Álex de la Iglesia"
tt3316948,6,2016-07-31,"American Ultra","American Ultra",https://www.imdb.com/title/tt3316948,Película,6.1,96,2015,"Acción, Comedia",101031,"2015-09-11","Nima Nourizadeh"
tt0432348,6,2016-07-31,"Saw II","Saw II",https://www.imdb.com/title/tt0432348,Película,6.6,93,2005,"Terror, Misterio",299653,"2005-12-02","Darren Lynn Bousman"
tt0387564,8,2016-07-31,"Saw","Saw",https://www.imdb.com/title/tt0387564,Película,7.6,103,2004,"Misterio, Terror, Suspense",515990,"2005-03-18","James Wan"
tt0280665,4,2016-07-31,"Femme Fatale","Femme Fatale",https://www.imdb.com/title/tt0280665,Película,6.2,114,2002,"Misterio, Drama, Crimen, Suspense",39753,"2003-08-08","Brian De Palma"
tt1489167,5,2016-07-29,"Down Terrace","Down Terrace",https://www.imdb.com/title/tt1489167,Película,6.4,93,2009,"Crimen, Drama, Comedia",4464,"2010-07-30","Ben Wheatley"
tt1272013,3,2016-07-29,"Fuga de cerebros","Fuga de cerebros",https://www.imdb.com/title/tt1272013,Película,4.8,104,2009,"Comedia, Romance",2591,"2009-04-24","Fernando González Molina"
tt2660888,4,2016-07-28,"Star Trek: Más allá","Star Trek Beyond",https://www.imdb.com/title/tt2660888,Película,7.0,122,2016,"Ciencia ficción, Acción, Aventura, Suspense",271627,"2016-08-19","Justin Lin"
tt0074859,5,2016-07-27,"Manuela","Manuela",https://www.imdb.com/title/tt0074859,Película,5.8,105,1976,"Drama",137,"1976-06-07","Gonzalo García Pelayo"
tt2184339,5,2016-07-22,"The Purge: La noche de las bestias","The Purge",https://www.imdb.com/title/tt2184339,Película,5.8,85,2013,"Suspense, Terror, Ciencia ficción",263048,"2013-07-12","James DeMonaco"
tt3169770,5,2016-07-22,"El desconocido","El desconocido",https://www.imdb.com/title/tt3169770,Película,6.6,102,2015,"Suspense, Acción, Crimen, Drama, Aventura",11642,"2015-09-25","Dani de la Torre"
tt1321511,4,2016-07-21,"Oldboy","Oldboy",https://www.imdb.com/title/tt1321511,Película,5.8,104,2013,"Drama, Misterio, Suspense, Acción",85650,"2013-11-27","Spike Lee"
tt0450278,5,2016-07-20,"Hostel","Hostel",https://www.imdb.com/title/tt0450278,Película,5.9,94,2005,"Terror",206106,"2006-03-24","Eli Roth"
tt2402927,7,2016-07-20,"Carol","Carol",https://www.imdb.com/title/tt2402927,Película,7.3,118,2015,"Drama, Romance",154813,"2016-02-05","Todd Haynes"
tt3460252,9,2016-07-19,"Los odiosos ocho","The Hateful Eight",https://www.imdb.com/title/tt3460252,Película,7.8,168,2015,"Del oeste, Drama, Suspense, Misterio, Crimen",729505,"2016-01-15","Quentin Tarantino"
tt0045554,7,2016-07-18,"Bienvenido Mister Marshall","Bienvenido Mister Marshall",https://www.imdb.com/title/tt0045554,Película,7.9,78,1953,"Comedia",5285,"1953-07-17","Luis García Berlanga"
tt0072297,2,2016-07-18,"Tocata y fuga de Lolita","Tocata y fuga de Lolita",https://www.imdb.com/title/tt0072297,Película,5.3,88,1974,"Comedia",84,"1974-09-26","Antonio Drove"
tt0470752,8,2016-07-18,"Ex_Machina","Ex Machina",https://www.imdb.com/title/tt0470752,Película,7.7,108,2014,"Drama, Ciencia ficción, Suspense",644776,"2015-02-27","Alex Garland"
tt3626742,1,2016-07-17,"Ocho apellidos catalanes","Ocho apellidos catalanes",https://www.imdb.com/title/tt3626742,Película,5.4,99,2015,"Comedia, Romance",8664,"2015-11-20","Emilio Martínez Lázaro"
tt0088040,7,2016-07-16,"Los santos inocentes","Los santos inocentes",https://www.imdb.com/title/tt0088040,Película,8.1,107,1984,"Drama",5373,"1984-04-04","Mario Camus"
tt0039631,9,2016-07-15,"Monsieur Verdoux","Monsieur Verdoux",https://www.imdb.com/title/tt0039631,Película,7.8,124,1947,"Drama, Crimen, Comedia",20778,"1947-10-23","Charles Chaplin"
tt2494384,5,2016-07-15,"No llores, vuela","Aloft",https://www.imdb.com/title/tt2494384,Película,5.3,112,2014,"Drama",4363,"2015-01-23","Claudia Llosa"
tt3686272,4,2016-07-14,"El club de los incomprendidos","El club de los incomprendidos",https://www.imdb.com/title/tt3686272,Película,5.7,105,2014,"Romance, Drama",1803,"2014-12-25","Carlos Sedes"
tt1109477,4,2016-07-14,"Bajo la piel","The Human Contract",https://www.imdb.com/title/tt1109477,Película,5.0,103,2008,"Drama",2505,"2010-07-30","Jada Pinkett Smith"
tt1204977,3,2016-07-13,"Ouija","Ouija",https://www.imdb.com/title/tt1204977,Película,4.5,89,2014,"Terror, Suspense, Misterio",62432,"2014-12-05","Stiles White"
tt0155776,3,2016-07-12,"Caramelo Asesino","Jawbreaker",https://www.imdb.com/title/tt0155776,Película,5.8,86,1999,"Crimen, Suspense, Comedia",32566,"2000-02-11","Darren Stein"
tt0172396,6,2016-07-11,"El fin del romance","The End of the Affair",https://www.imdb.com/title/tt0172396,Película,7.0,102,1999,"Misterio, Romance, Drama",25710,"2000-03-17","Neil Jordan"
tt0018455,10,2016-07-10,"Amanecer","Sunrise: A Song of Two Humans",https://www.imdb.com/title/tt0018455,Película,8.1,94,1927,"Romance, Drama",57033,"1982-07-27","F.W. Murnau"
tt0093389,7,2016-07-10,"El último emperador","The Last Emperor",https://www.imdb.com/title/tt0093389,Película,7.7,163,1987,"Biografía, Historia, Drama",120720,"1987-10-23","Bernardo Bertolucci"
tt1121096,4,2016-07-10,"El séptimo hijo","Seventh Son",https://www.imdb.com/title/tt1121096,Película,5.5,102,2014,"Fantasía, Acción, Aventura",85171,"2015-01-01","Sergei Bodrov"
tt3553976,9,2016-07-10,"Captain Fantastic","Captain Fantastic",https://www.imdb.com/title/tt3553976,Película,7.8,118,2016,"Drama, Comedia, Aventura",252883,"2016-09-23","Matt Ross"
tt4780842,4,2016-07-10,"Boris sin Béatrice","Boris sans Béatrice",https://www.imdb.com/title/tt4780842,Película,6.1,93,2016,"Drama",464,"2017-05-19","Denis Côté"
tt5537614,4,2016-07-07,"Ernelláék Farkaséknál","Ernelláék Farkaséknál",https://www.imdb.com/title/tt5537614,Película,7.2,81,2016,"Drama",1698,"2016-09-29","Szabolcs Hajdu"
tt4936450,5,2016-07-07,"Los exámenes","Bacalaureat",https://www.imdb.com/title/tt4936450,Película,7.3,128,2016,"Drama, Crimen",15666,"2016-11-25","Cristian Mungiu"
tt4247492,7,2016-07-07,"Los demonios","Les démons",https://www.imdb.com/title/tt4247492,Película,6.6,118,2015,"Drama",1353,"2015-10-30","Philippe Lesage"
tt5247022,7,2016-07-07,"Paterson","Paterson",https://www.imdb.com/title/tt5247022,Película,7.3,118,2016,"Drama, Comedia, Romance",96411,"2016-12-07","Jim Jarmusch"
tt5769238,7,2016-07-07,"Nocno zivljenje","Nocno zivljenje",https://www.imdb.com/title/tt5769238,Película,5.7,85,2016,"Drama, Crimen, Misterio",166,"2016-07-06","Damjan Kozole"
tt4501706,1,2016-07-05,"Aaaaaaaah!","Aaaaaaaah!",https://www.imdb.com/title/tt4501706,Película,4.5,79,2015,"Suspense, Comedia",1022,"2015-08-28","Steve Oram"
tt5061162,7,2016-07-05,"La profesora","Ucitelka",https://www.imdb.com/title/tt5061162,Película,7.2,102,2016,"Comedia, Drama",4022,"2016-07-21","Jan Hřebejk"
tt4936300,4,2016-07-05,"Dincolo de calea ferata","Dincolo de calea ferata",https://www.imdb.com/title/tt4936300,Película,5.7,88,2016,"Drama",298,"2016-04-22","Cãtãlin Mitulescu"
tt5127772,5,2016-07-05,"Fale","Fale",https://www.imdb.com/title/tt5127772,Película,5.3,71,2016,"Drama",64,"2016-12-09","Grzegorz Zariczny"
tt4645368,6,2016-07-05,"Solo el fin del mundo","Juste la fin du monde",https://www.imdb.com/title/tt4645368,Película,6.8,97,2016,"Drama",26445,"2017-01-06","Xavier Dolan"
tt4034208,8,2016-07-05,"La próxima piel","La propera pell",https://www.imdb.com/title/tt4034208,Película,6.1,103,2016,"Suspense, Drama, Misterio",2237,"2016-10-21","Isa Campo,Isaki Lacuesta"
tt5333110,6,2016-07-04,"Estados Unidos del Amor","Zjednoczone stany milosci",https://www.imdb.com/title/tt5333110,Película,6.1,106,2016,"Drama",1954,"2017-07-07","Tomasz Wasilewski"
tt4698684,8,2016-07-04,"A la caza de los ñumanos","Hunt for the Wilderpeople",https://www.imdb.com/title/tt4698684,Película,7.8,101,2016,"Comedia, Drama, Aventura, Familiar",155719,"2016-03-31","Taika Waititi"
tt5133392,7,2016-07-03,"Zoologiya","Zoologiya",https://www.imdb.com/title/tt5133392,Película,6.4,91,2016,"Drama, Comedia, Fantasía",1286,"2016-11-24","Ivan I. Tverdovskiy"
tt4647784,5,2016-07-03,"Las confesiones","Le confessioni",https://www.imdb.com/title/tt4647784,Película,6.1,108,2016,"Drama, Suspense, Misterio",2077,"2017-05-26","Roberto Andò"
tt3775202,7,2016-07-03,"I Am a Hero","Ai amu a hîrô",https://www.imdb.com/title/tt3775202,Película,6.7,126,2015,"Acción, Terror, Comedia",8953,"2016-04-23","Shinsuke Satô"
tt0094641,8,2016-06-30,"Amanece, que no es poco","Amanece, que no es poco",https://www.imdb.com/title/tt0094641,Película,7.4,110,1989,"Fantasía, Comedia",4668,"1989-01-13","José Luis Cuerda"
tt0221218,4,2016-06-29,"Última sospecha","The Glass House",https://www.imdb.com/title/tt0221218,Película,5.8,106,2001,"Crimen, Drama, Misterio, Suspense",43558,"2002-03-01","Daniel Sackheim"
tt2937696,7,2016-06-28,"Todos queremos algo","Everybody Wants Some!!",https://www.imdb.com/title/tt2937696,Película,6.9,117,2016,"Comedia",64812,"2016-07-01","Richard Linklater"
tt0115963,5,2016-06-28,"Jóvenes y brujas","The Craft",https://www.imdb.com/title/tt0115963,Película,6.5,101,1996,"Fantasía, Drama, Suspense, Terror",120455,"1996-09-19","Andrew Fleming"
tt0113845,4,2016-06-27,"Asalto al tren del dinero","Money Train",https://www.imdb.com/title/tt0113845,Película,5.7,110,1995,"Crimen, Suspense, Drama, Comedia, Acción",45662,"1996-01-05","Joseph Ruben"
tt0080491,6,2016-06-25,"Calígula","Caligola",https://www.imdb.com/title/tt0080491,Película,5.4,137,1979,"Historia, Drama",42155,"1979-08-14","Tinto Brass"
tt2567026,2,2016-06-25,"Alicia a través del espejo","Alice Through the Looking Glass",https://www.imdb.com/title/tt2567026,Película,6.2,113,2016,"Aventura, Familiar, Fantasía, Misterio",136780,"2016-05-27","James Bobin"
tt0417741,6,2016-06-24,"Harry Potter y el misterio del príncipe","Harry Potter and the Half-Blood Prince",https://www.imdb.com/title/tt0417741,Película,7.6,153,2009,"Fantasía, Misterio, Familiar, Aventura",668787,"2009-07-15","David Yates"
tt0084522,2,2016-06-24,"Porky's","Porky's",https://www.imdb.com/title/tt0084522,Película,6.2,94,1981,"Comedia",49304,"1982-08-18","Bob Clark"
tt1340138,4,2016-06-23,"Terminator: Génesis","Terminator Genisys",https://www.imdb.com/title/tt1340138,Película,6.3,126,2015,"Acción, Aventura, Ciencia ficción, Suspense",309613,"2015-07-09","Alan Taylor"
tt0113649,5,2016-06-20,"Libertarias","Libertarias",https://www.imdb.com/title/tt0113649,Película,6.9,125,1996,"Historia, Drama, Bélico",2375,"1996-04-19","Vicente Aranda"
tt0085333,5,2016-06-20,"Christine","Christine",https://www.imdb.com/title/tt0085333,Película,6.8,110,1983,"Suspense, Terror",103662,"1984-06-25","John Carpenter"
tt0460791,7,2016-06-18,"The Fall. El sueño de Alexandria","The Fall",https://www.imdb.com/title/tt0460791,Película,7.8,117,2006,"Drama, Fantasía, Aventura",131122,"2008-11-14","Tarsem Singh"
tt0181852,4,2016-06-18,"Terminator 3: La rebelión de las máquinas","Terminator 3: Rise of the Machines",https://www.imdb.com/title/tt0181852,Película,6.3,109,2003,"Ciencia ficción, Acción",440039,"2003-07-30","Jonathan Mostow"
tt0862748,5,2016-06-14,"Lupin y el corazón púrpura de Cleopatra","Rupan sansei",https://www.imdb.com/title/tt0862748,Película,5.5,133,2014,"Acción, Comedia, Aventura, Crimen",1900,"2015-03-18","Ryūhei Kitamura"
tt2935476,3,2016-06-12,"Lejos del mundanal ruido","Far from the Madding Crowd",https://www.imdb.com/title/tt2935476,Película,7.1,119,2015,"Drama, Romance",58025,"2015-06-12","Thomas Vinterberg"
tt0373889,6,2016-06-11,"Harry Potter y la Orden del Fénix","Harry Potter and the Order of the Phoenix",https://www.imdb.com/title/tt0373889,Película,7.5,138,2007,"Familiar, Fantasía, Misterio, Aventura",709422,"2007-07-11","David Yates"
tt2949296,5,2016-06-11,"I Am Your Father","I Am Your Father",https://www.imdb.com/title/tt2949296,Película,6.5,83,2015,"Documental, Biografía",1945,"2017-01-07","Toni Bestard,Marcos Cabotá"
tt0097223,7,2016-05-30,"El tiempo de los gitanos","Dom za vesanje",https://www.imdb.com/title/tt0097223,Película,8.1,142,1988,"Comedia, Crimen, Fantasía, Drama",34782,"1990-09","Emir Kusturica"
tt4849176,3,2016-05-28,"Sneekweek","Sneekweek",https://www.imdb.com/title/tt4849176,Película,4.9,108,2016,"Comedia, Suspense, Terror, Misterio",3782,"2016-01-21","Martijn Heijne"
tt2561546,5,2016-05-27,"Espera hasta que se haga de noche","The Town That Dreaded Sundown",https://www.imdb.com/title/tt2561546,Película,5.6,86,2014,"Suspense, Terror, Misterio",18994,"2014-10-17","Alfonso Gomez-Rejon"
tt2638662,6,2016-05-26,"Summer Camp","Summer Camp",https://www.imdb.com/title/tt2638662,Película,5.1,81,2015,"Terror, Drama, Misterio, Ciencia ficción, Suspense",4563,"2016-06-10","Alberto Marini"
tt3894404,4,2016-05-26,"The Offering","The Offering",https://www.imdb.com/title/tt3894404,Película,3.8,95,2016,"Terror, Drama, Misterio, Suspense",2164,"2016-05-06","Kelvin Tong"
tt0106305,6,2016-05-24,"La ardilla roja","La ardilla roja",https://www.imdb.com/title/tt0106305,Película,7.1,114,1993,"Romance, Comedia, Música, Misterio, Drama",5189,"1994-02-16","Julio Medem"
tt5129156,5,2016-05-24,"Harvest Lake","Harvest Lake",https://www.imdb.com/title/tt5129156,Película,4.1,78,2016,"Drama, Fantasía, Terror",1162,"2016-03-12","Scott Schirmer"
tt4165920,4,2016-05-24,"Polder","Polder",https://www.imdb.com/title/tt4165920,Película,4.8,90,2015,"Drama, Ciencia ficción, Acción, Misterio",144,"2016-12-01","Julian M. Grünthal,Samuel Schwarz"
tt0050613,9,2016-05-24,"Trono de sangre","Kumonosu-jô",https://www.imdb.com/title/tt0050613,Película,8.0,110,1957,"Drama",60838,"1957-01-15","Akira Kurosawa"
tt0055850,6,2016-05-23,"47 Ronin","Chûshingura",https://www.imdb.com/title/tt0055850,Película,7.5,207,1962,"Acción, Historia, Drama",2405,"1962-11-03","Hiroshi Inagaki"
tt2918606,4,2016-05-23,"The Hollow Point","The Hollow Point",https://www.imdb.com/title/tt2918606,Película,5.4,97,2016,"Suspense, Crimen, Drama, Del oeste, Aventura, Misterio",6675,"2016-12-16","Gonzalo López-Gallego"
tt0049710,7,2016-05-23,"Samurai 3: Duelo en la Isla Ganryu","Miyamoto Musashi kanketsu-hen: Kettô Ganryû-jima",https://www.imdb.com/title/tt0049710,Película,7.5,115,1956,"Acción, Romance, Biografía, Historia, Drama, Aventura",7312,"1956-01-01","Hiroshi Inagaki"
tt0048579,8,2016-05-23,"Samurai 2","Zoku Miyamoto Musashi: Ichijô-ji no kettô",https://www.imdb.com/title/tt0048579,Película,7.3,104,1955,"Acción, Biografía, Historia, Drama, Aventura",7608,"1955-07-12","Hiroshi Inagaki"
tt0047444,7,2016-05-22,"Samurai","Miyamoto Musashi",https://www.imdb.com/title/tt0047444,Película,7.4,93,1954,"Biografía, Historia, Romance, Drama, Aventura, Acción",10452,"1954-09-26","Hiroshi Inagaki"
tt0188453,4,2016-05-21,"Oscura seducción","Birthday Girl",https://www.imdb.com/title/tt0188453,Película,6.0,93,2001,"Crimen, Suspense, Comedia",27249,"2003-01-17","Jez Butterworth"
tt0069995,7,2016-05-20,"Amenaza en la sombra","Don't Look Now",https://www.imdb.com/title/tt0069995,Película,7.1,110,1973,"Drama, Misterio, Terror, Suspense",69175,"1973-11-18","Nicolas Roeg"
tt0086984,6,2016-05-20,"Doble cuerpo","Body Double",https://www.imdb.com/title/tt0086984,Película,6.8,114,1984,"Suspense, Misterio, Crimen, Drama",45973,"1985-05-25","Brian De Palma"
tt3098306,2,2016-05-20,"French Women","Sous les jupes des filles",https://www.imdb.com/title/tt3098306,Película,5.3,116,2014,"Comedia, Romance",2515,"2014-11-07","Audrey Dana"
tt0084228,5,2016-05-17,"Laberinto de pasiones","Laberinto de pasiones",https://www.imdb.com/title/tt0084228,Película,6.1,100,1982,"Drama, Romance, Comedia",5138,"1982-09-29","Pedro Almodóvar"
tt3343784,6,2016-05-15,"Entertainment","Entertainment",https://www.imdb.com/title/tt3343784,Película,5.7,103,2015,"Drama",3465,"2015-11-13","Rick Alverson"
tt2359024,7,2016-05-13,"Blue Ruin","Blue Ruin",https://www.imdb.com/title/tt2359024,Película,7.1,90,2013,"Suspense, Crimen, Drama",87533,"2014-07-09","Jeremy Saulnier"
tt1307068,6,2016-05-12,"Buscando un amigo para el fin del mundo","Seeking a Friend for the End of the World",https://www.imdb.com/title/tt1307068,Película,6.7,101,2012,"Romance, Drama, Ciencia ficción, Comedia, Aventura",123728,"2012-06-22","Lorene Scafaria"
tt2217859,8,2016-05-12,"El amor es más fuerte que las bombas","Louder Than Bombs",https://www.imdb.com/title/tt2217859,Película,6.6,109,2015,"Drama",15471,"2016-03-04","Joachim Trier"
tt1289449,6,2016-05-11,"Yo, también","Yo, también",https://www.imdb.com/title/tt1289449,Película,7.2,103,2009,"Drama",2897,"2009-10-16","Antonio Naharro,Álvaro Pastor"
tt1904996,2,2016-05-11,"Parker","Parker",https://www.imdb.com/title/tt1904996,Película,6.2,118,2013,"Crimen, Acción, Suspense",136914,"2013-03-08","Taylor Hackford"
tt4213806,5,2016-05-10,"Toro","Toro",https://www.imdb.com/title/tt4213806,Película,5.9,105,2016,"Crimen, Drama, Suspense, Acción",3627,"2016-04-22","Kike Maíllo"
tt4480494,6,2016-05-10,"La noche que mi madre mató a mi padre","La noche que mi madre mató a mi padre",https://www.imdb.com/title/tt4480494,Película,6.1,94,2016,"Comedia, Suspense",1693,"2016-04-29","Inés París"
tt3498820,6,2016-05-07,"Capitán América: Civil War","Captain America: Civil War",https://www.imdb.com/title/tt3498820,Película,7.8,147,2016,"Acción, Ciencia ficción",945654,"2016-04-29","Anthony Russo,Joe Russo"
tt2848292,6,2016-05-06,"Dando la nota - Aún más alto","Pitch Perfect 2",https://www.imdb.com/title/tt2848292,Película,6.4,115,2015,"Comedia, Música",181689,"2015-05-22","Elizabeth Banks"
tt1981677,6,2016-05-06,"Dando la nota","Pitch Perfect",https://www.imdb.com/title/tt1981677,Película,7.1,112,2012,"Comedia, Música, Romance",353607,"2013-03-08","Jason Moore"
tt1772264,4,2016-05-06,"Asylum: El experimento","Stonehearst Asylum",https://www.imdb.com/title/tt1772264,Película,6.8,112,2014,"Suspense, Drama, Terror, Misterio, Romance",65383,"2015-01-09","Brad Anderson"
tt5278464,4,2016-05-06,"Holy Hell","Holy Hell",https://www.imdb.com/title/tt5278464,Película,7.0,100,2016,"Documental, Drama",6598,"2016-05-27","Will Allen"
tt4084994,8,2016-05-05,"Aben Ashlishi","Aben Ashlishi",https://www.imdb.com/title/tt4084994,Película,7.6,106,2015,"Documental, Noticias, Crimen, Suspense",13,"2015-05-11","Vadim Antonevicz"
tt5261736,1,2016-05-04,"Mothertongue","Mothertongue",https://www.imdb.com/title/tt5261736,Película,null,73,2016,"Documental, Biografía, Familiar, Romance, Drama, Historia",0,"2016-04","Teresa Sendagorta"
tt4079902,7,2016-05-04,"Hooligan Sparrow","Hooligan Sparrow",https://www.imdb.com/title/tt4079902,Película,7.3,84,2016,"Documental, Noticias, Crimen, Drama",621,"2016-01-22","Nanfu Wang"
tt3299704,7,2016-05-02,"The Babushkas of Chernobyl","The Babushkas of Chernobyl",https://www.imdb.com/title/tt3299704,Película,7.9,70,2015,"Documental",957,"2016-04-27","Anne Bogart,Holly Morris"
tt5275838,5,2016-05-02,"Mapplethorpe: Look at the Pictures","Mapplethorpe: Look at the Pictures",https://www.imdb.com/title/tt5275838,Película,7.5,108,2016,"Documental, Biografía",1651,"2016-11-03","Fenton Bailey,Randy Barbato"
tt3800560,8,2016-05-02,"Tempestad","Tempestad",https://www.imdb.com/title/tt3800560,Película,7.7,105,2016,"Documental",1035,"2017-05-19","Tatiana Huezo"
tt5129818,8,2016-05-01,"Bajo el sol","V luchakh solntsa",https://www.imdb.com/title/tt5129818,Película,7.4,106,2015,"Documental",5466,"2016-04-12","Vitaliy Manskiy"
tt5373462,5,2016-05-01,"En transito","En tránsito",https://www.imdb.com/title/tt5373462,Película,4.7,87,2016,"Documental",6,"2016-04-30","Oskar Tejedor"
tt0800022,8,2016-04-30,"Electroma","Electroma",https://www.imdb.com/title/tt0800022,Película,6.7,74,2006,"Ciencia ficción, Aventura, Drama",4690,"2007-03-24","Thomas Bangalter,Guy-Manuel De Homem-Christo"
tt5278932,7,2016-04-30,"When Two Worlds Collide","When Two Worlds Collide",https://www.imdb.com/title/tt5278932,Película,7.5,103,2016,"Documental",585,"2016-04-29","Heidi Brandenburg,Mathew Orzel"
tt5069028,5,2016-04-30,"Santa Fiesta","Santa Fiesta",https://www.imdb.com/title/tt5069028,Película,8.4,75,2016,"Documental",41,"2016-04-29","Miguel Ángel Rolland"
tt0070379,8,2016-04-29,"Malas calles","Mean Streets",https://www.imdb.com/title/tt0070379,Película,7.1,112,1973,"Suspense, Crimen, Drama",129499,"1977-12-24","Martin Scorsese"
tt0408664,7,2016-04-29,"Nadie sabe","Dare mo shiranai",https://www.imdb.com/title/tt0408664,Película,8.0,141,2004,"Drama",35954,"2005-05-13","Hirokazu Koreeda"
tt3674140,7,2016-04-29,"La sal de la Tierra","The Salt of the Earth",https://www.imdb.com/title/tt3674140,Película,8.4,110,2014,"Documental, Biografía, Historia",25500,"2014-11-14","Juliano Ribeiro Salgado,Wim Wenders"
tt4065414,6,2016-04-29,"A Good American","A Good American",https://www.imdb.com/title/tt4065414,Película,7.3,100,2015,"Documental, Biografía, Historia, Suspense",1443,"2016-04-07","Friedrich Moser"
tt5127200,3,2016-04-28,"Socotra, the Land of Djinns","Socotra, the Land of Djinns",https://www.imdb.com/title/tt5127200,Película,7.3,65,2016,"Documental",27,"2016-10-14","Jordi Esteva"
tt1675192,6,2016-04-24,"Take Shelter","Take Shelter",https://www.imdb.com/title/tt1675192,Película,7.3,121,2011,"Drama, Suspense",117132,"2012-04-04","Jeff Nichols"
tt0304141,6,2016-04-24,"Harry Potter y el prisionero de Azkaban","Harry Potter and the Prisoner of Azkaban",https://www.imdb.com/title/tt0304141,Película,7.9,142,2004,"Misterio, Familiar, Aventura, Fantasía",776430,"2004-06-18","Alfonso Cuarón"
tt2056771,7,2016-04-24,"Cegados por el sol","A Bigger Splash",https://www.imdb.com/title/tt2056771,Película,6.4,125,2015,"Drama, Suspense, Música",36957,"2016-04-22","Luca Guadagnino"
tt2870708,6,2016-04-23,"Ojalá estuviera aquí","Wish I Was Here",https://www.imdb.com/title/tt2870708,Película,6.6,106,2014,"Comedia, Drama",39878,"2014-07-25","Zach Braff"
tt0061852,2,2016-04-22,"El libro de la selva","The Jungle Book",https://www.imdb.com/title/tt0061852,Película,7.6,78,1967,"Animación, Musical, Aventura, Familiar, Comedia",215220,"1968-12-16","Wolfgang Reitherman"
tt0452623,7,2016-04-22,"Adiós pequeña, adiós","Gone Baby Gone",https://www.imdb.com/title/tt0452623,Película,7.6,114,2007,"Drama, Misterio, Crimen, Suspense",313113,"2007-10-31","Ben Affleck"
tt0096969,4,2016-04-20,"Nacido el cuatro de julio","Born on the Fourth of July",https://www.imdb.com/title/tt0096969,Película,7.2,145,1989,"Biografía, Drama, Bélico",125799,"1990-02-23","Oliver Stone"
tt0831887,5,2016-04-20,"The Spirit","The Spirit",https://www.imdb.com/title/tt0831887,Película,4.8,103,2008,"Acción, Fantasía, Suspense, Crimen",64485,"2008-12-25","Frank Miller"
tt1179031,6,2016-04-19,"Frío en julio","Cold in July",https://www.imdb.com/title/tt1179031,Película,6.7,109,2014,"Suspense, Crimen",39910,"2015-03-19","Jim Mickle"
tt1352824,5,2016-04-19,"Chloe","Chloe",https://www.imdb.com/title/tt1352824,Película,6.2,96,2009,"Suspense, Drama, Misterio",83843,"2010-11-26","Atom Egoyan"
tt0850677,5,2016-04-19,"Jack & Diane","Jack & Diane",https://www.imdb.com/title/tt0850677,Película,4.5,105,2012,"Drama, Romance, Terror",3362,"2013-09-27","Bradley Rust Gray"
tt1438535,5,2016-04-17,"Film socialisme","Film socialisme",https://www.imdb.com/title/tt1438535,Película,5.7,102,2010,"Drama",3090,"2010-12-17","Jean-Luc Godard"
tt3152624,4,2016-04-17,"Y de repente tú","Trainwreck",https://www.imdb.com/title/tt3152624,Película,6.2,125,2015,"Comedia, Romance, Drama",147720,"2015-08-14","Judd Apatow"
tt2120120,3,2016-04-15,"Pixels","Pixels",https://www.imdb.com/title/tt2120120,Película,5.6,105,2015,"Comedia, Acción, Ciencia ficción, Fantasía, Aventura, Suspense",182746,"2015-07-24","Chris Columbus"
tt1343727,6,2016-04-12,"Dredd","Dredd",https://www.imdb.com/title/tt1343727,Película,7.1,95,2012,"Acción, Ciencia ficción, Crimen",314500,"2012-09-07","Pete Travis"
tt1255916,2,2016-04-11,"Hostel 3: De vuelta al horror","Hostel: Part III",https://www.imdb.com/title/tt1255916,Vídeo,4.6,88,2011,"Terror",39799,"2011-12-27","Scott Spiegel"
tt3478962,7,2016-04-10,"Mi amor","Mon roi",https://www.imdb.com/title/tt3478962,Película,7.1,124,2015,"Drama, Romance",15235,"2016-04-15","Maïwenn"
tt4326444,6,2016-04-10,"Julieta","Julieta",https://www.imdb.com/title/tt4326444,Película,7.1,99,2016,"Drama, Romance, Misterio",35633,"2016-04-08","Pedro Almodóvar"
tt2318092,1,2016-04-08,"Más allá del amor","Endless Love",https://www.imdb.com/title/tt2318092,Película,6.2,104,2014,"Drama, Romance, Misterio",49496,"2014-02-14","Shana Feste"
tt0092890,4,2016-04-08,"Dirty Dancing","Dirty Dancing",https://www.imdb.com/title/tt0092890,Película,7.1,100,1987,"Música, Romance, Drama",283816,"1988-06-24","Emile Ardolino"
tt2400463,8,2016-04-08,"La invitación","The Invitation",https://www.imdb.com/title/tt2400463,Película,6.6,100,2015,"Suspense, Drama, Misterio, Terror",130994,"2016-07-06","Karyn Kusama"
tt1020885,3,2016-04-06,"Lesbian Vampire Killers","Lesbian Vampire Killers",https://www.imdb.com/title/tt1020885,Película,5.1,86,2009,"Acción, Terror, Comedia, Fantasía",21816,"2009-03-20","Phil Claydon"
tt4922692,6,2016-04-03,"Kiki, el amor se hace","Kiki, el amor se hace",https://www.imdb.com/title/tt4922692,Película,6.4,102,2016,"Comedia, Romance",6812,"2016-04-01","Paco León"
tt1273207,2,2016-04-01,"Deadheads","Deadheads",https://www.imdb.com/title/tt1273207,Película,5.3,96,2011,"Comedia, Terror, Aventura, Romance",5718,"2011-10-14","Brett Pierce,Drew T. Pierce"
tt0065063,7,2016-03-31,"Toma el dinero y corre","Take the Money and Run",https://www.imdb.com/title/tt0065063,Película,7.2,85,1969,"Crimen, Comedia",33111,"1972-08-14","Woody Allen"
tt0498353,4,2016-03-30,"Hostel 2","Hostel: Part II",https://www.imdb.com/title/tt0498353,Película,5.5,94,2007,"Terror",102911,"2007-06-15","Eli Roth"
tt3263614,6,2016-03-30,"Kumiko, the Treasure Hunter","Kumiko, the Treasure Hunter",https://www.imdb.com/title/tt3263614,Película,6.6,105,2014,"Drama",13076,"2015-02-20","David Zellner"
tt0384819,5,2016-03-24,"Azumi","Azumi",https://www.imdb.com/title/tt0384819,Película,6.7,128,2003,"Aventura, Drama, Fantasía, Suspense, Acción",15554,"2003-05-10","Ryūhei Kitamura"
tt0006864,9,2016-03-24,"Intolerancia","Intolerance: Love's Struggle Throughout the Ages",https://www.imdb.com/title/tt0006864,Película,7.6,163,1916,"Historia, Drama",18124,"1916-10-04","D.W. Griffith"
tt0113083,4,2016-03-24,"La flor de mi secreto","La flor de mi secreto",https://www.imdb.com/title/tt0113083,Película,7.0,103,1995,"Comedia, Drama",13846,"1995-09-22","Pedro Almodóvar"
tt2093990,4,2016-03-19,"El Niño","El Niño",https://www.imdb.com/title/tt2093990,Película,6.4,136,2014,"Drama, Suspense, Crimen, Aventura, Acción",6878,"2014-08-29","Daniel Monzón"
tt2377322,3,2016-03-19,"Líbranos del mal (Deliver Us from Evil)","Deliver Us from Evil",https://www.imdb.com/title/tt2377322,Película,6.2,118,2014,"Terror, Suspense, Misterio, Crimen",91703,"2014-09-05","Scott Derrickson"
tt0009968,6,2016-03-18,"La culpa ajena","Broken Blossoms or The Yellow Man and the Girl",https://www.imdb.com/title/tt0009968,Película,7.2,90,1919,"Romance, Drama",11844,"1923-08-19","D.W. Griffith"
tt0108162,5,2016-03-18,"Sliver (Acosada)","Sliver",https://www.imdb.com/title/tt0108162,Película,5.1,107,1993,"Drama, Suspense",37984,"1993-09-03","Phillip Noyce"
tt3966404,7,2016-03-18,"Mustang","Mustang",https://www.imdb.com/title/tt3966404,Película,7.6,97,2015,"Drama",43341,"2016-03-11","Deniz Gamze Ergüven"
tt1764423,4,2016-03-16,"Kunoichi","Kunoichi",https://www.imdb.com/title/tt1764423,Vídeo,3.7,74,2006,"Acción, Aventura, Romance",197,"2006-10-24","Yoshikazu Katô"
tt0462335,8,2016-03-14,"High-Rise","High-Rise",https://www.imdb.com/title/tt0462335,Película,5.5,119,2015,"Drama, Ciencia ficción",47856,"2016-03-18","Ben Wheatley"
tt1843202,5,2016-03-12,"Los Pelayos","The Pelayos",https://www.imdb.com/title/tt1843202,Película,5.4,100,2012,"Drama, Acción",1911,"2012-04-27","Eduard Cortés"
tt1519461,3,2016-03-12,"Area 51","Area 51",https://www.imdb.com/title/tt1519461,Película,4.3,91,2015,"Suspense, Terror, Ciencia ficción, Misterio",16392,"2015-05-15","Oren Peli"
tt2017038,5,2016-03-12,"Cuando todo está perdido","All Is Lost",https://www.imdb.com/title/tt2017038,Película,6.9,106,2013,"Drama, Aventura, Acción",88263,"2014-02-14","J.C. Chandor"
tt0399146,7,2016-03-11,"Una historia de violencia","A History of Violence",https://www.imdb.com/title/tt0399146,Película,7.4,96,2005,"Drama, Suspense, Acción, Crimen",276639,"2005-10-21","David Cronenberg"
tt0118843,8,2016-03-11,"Gato negro, gato blanco","Crna macka, beli macor",https://www.imdb.com/title/tt0118843,Película,8.0,127,1998,"Crimen, Romance, Comedia",59161,"1999-01-22","Emir Kusturica"
tt0071615,7,2016-03-11,"La montaña sagrada","La montaña sagrada",https://www.imdb.com/title/tt0071615,Película,7.7,114,1973,"Drama, Fantasía, Aventura",53161,"1975-07-11","Alejandro Jodorowsky"
tt0099864,5,2016-03-11,"IT","IT",https://www.imdb.com/title/tt0099864,Miniserie de TV,6.8,192,1990,"Drama, Suspense, Misterio, Terror",154432,"1990-11-18",
tt1951181,4,2016-03-11,"El sueño de Ellis","The Immigrant",https://www.imdb.com/title/tt1951181,Película,6.6,120,2013,"Drama, Romance",35381,"2014-06-27","James Gray"
tt0026029,4,2016-03-08,"39 escalones","The 39 Steps",https://www.imdb.com/title/tt0026029,Película,7.6,86,1935,"Crimen, Suspense, Misterio",66736,"1935-11-18","Alfred Hitchcock"
tt0115487,6,2016-03-08,"Airbag","Airbag",https://www.imdb.com/title/tt0115487,Película,6.7,124,1997,"Crimen, Suspense, Comedia, Acción",5435,"1997-06-20","Juanma Bajo Ulloa"
tt0119654,3,2016-03-08,"Men in Black (Hombres de negro)","Men in Black",https://www.imdb.com/title/tt0119654,Película,7.3,98,1997,"Aventura, Acción, Ciencia ficción, Comedia",670468,"1997-07-11","Barry Sonnenfeld"
tt0006206,8,2016-03-08,"Los vampiros","Les vampires",https://www.imdb.com/title/tt0006206,Película,7.3,421,1915,"Acción, Aventura, Crimen, Drama, Misterio, Suspense",5902,"1915-11-13","Louis Feuillade"
tt0054167,5,2016-03-08,"El fotógrafo del pánico","Peeping Tom",https://www.imdb.com/title/tt0054167,Película,7.6,101,1960,"Drama, Terror, Suspense",44238,"1969-12-10","Michael Powell"
tt0068555,7,2016-03-08,"Todo lo que usted siempre quiso saber sobre el sexo* pero nunca se atrevió a preguntar","Everything You Always Wanted to Know About Sex * But Were Afraid to Ask",https://www.imdb.com/title/tt0068555,Película,6.7,88,1972,"Comedia",44213,"1978-01-23","Woody Allen"
tt0301357,7,2016-03-08,"Good bye, Lenin!","Good Bye Lenin!",https://www.imdb.com/title/tt0301357,Película,7.7,121,2003,"Romance, Comedia, Drama",160702,"2003-11-07","Wolfgang Becker"
tt0255067,5,2016-03-08,"La comunidad","La comunidad",https://www.imdb.com/title/tt0255067,Película,7.2,110,2000,"Crimen, Misterio, Suspense, Comedia",13955,"2000-09-29","Álex de la Iglesia"
tt0014429,6,2016-03-08,"El hombre mosca","Safety Last!",https://www.imdb.com/title/tt0014429,Película,8.1,74,1923,"Suspense, Romance, Acción, Comedia",25108,"1927-12-12","Fred C. Newmeyer,Sam Taylor"
tt0765443,7,2016-03-08,"Promesas del este","Eastern Promises",https://www.imdb.com/title/tt0765443,Película,7.6,100,2007,"Suspense, Crimen, Drama",279330,"2007-10-05","David Cronenberg"
tt0064285,4,2016-03-08,"El pequeño salvaje","L'enfant sauvage",https://www.imdb.com/title/tt0064285,Película,7.4,83,1970,"Biografía, Historia, Drama",9610,"1971-03-22","François Truffaut"
tt0190590,4,2016-03-08,"O Brother!","O Brother, Where Art Thou?",https://www.imdb.com/title/tt0190590,Película,7.7,107,2000,"Música, Drama, Aventura, Crimen, Comedia",355087,"2000-10-06","Joel Coen,Ethan Coen"
tt0120915,3,2016-03-08,"Star Wars: Episodio I - La amenaza fantasma","Star Wars: Episode I - The Phantom Menace",https://www.imdb.com/title/tt0120915,Película,6.5,136,1999,"Fantasía, Ciencia ficción, Aventura, Acción",937279,"1999-08-20","George Lucas"
tt2177509,7,2016-03-08,"Carmina o revienta.","Carmina o revienta",https://www.imdb.com/title/tt2177509,Película,6.3,70,2012,"Comedia, Drama",2510,"2012-07-05","Paco León"
tt0004972,1,2016-03-08,"El nacimiento de una nación","The Birth of a Nation",https://www.imdb.com/title/tt0004972,Película,6.0,195,1915,"Bélico, Drama",28486,"1921-10-13","D.W. Griffith"
tt0099487,5,2016-03-08,"Eduardo Manostijeras","Edward Scissorhands",https://www.imdb.com/title/tt0099487,Película,7.8,105,1990,"Drama, Romance, Fantasía",569499,"1991-04-12","Tim Burton"
tt0096874,7,2016-03-08,"Regreso al futuro: Parte II","Back to the Future Part II",https://www.imdb.com/title/tt0096874,Película,7.8,108,1989,"Aventura, Ciencia ficción, Comedia",628188,"1989-12-22","Robert Zemeckis"
tt0234215,4,2016-03-08,"Matrix Reloaded","The Matrix Reloaded",https://www.imdb.com/title/tt0234215,Película,7.2,138,2003,"Acción, Ciencia ficción",675730,"2003-05-23","Lana Wachowski,Lilly Wachowski"
tt0097523,2,2016-03-08,"Cariño, he encogido a los niños","Honey, I Shrunk the Kids",https://www.imdb.com/title/tt0097523,Película,6.5,93,1989,"Ciencia ficción, Comedia, Aventura, Familiar",178810,"1989-06-23","Joe Johnston"
tt0278823,7,2016-03-08,"Un final made in Hollywood","Hollywood Ending",https://www.imdb.com/title/tt0278823,Película,6.5,112,2002,"Romance, Comedia",29234,"2002-10-18","Woody Allen"
tt0024216,7,2016-03-08,"King Kong","King Kong",https://www.imdb.com/title/tt0024216,Película,7.9,100,1933,"Terror, Aventura",96524,"1933-10-09","Merian C. Cooper,Ernest B. Schoedsack"
tt0093822,5,2016-03-08,"Arizona Baby","Raising Arizona",https://www.imdb.com/title/tt0093822,Película,7.3,94,1987,"Crimen, Comedia",162026,"1987-08-17","Joel Coen,Ethan Coen"
tt0256524,4,2016-03-08,"La maldición del escorpión de Jade","The Curse of the Jade Scorpion",https://www.imdb.com/title/tt0256524,Película,6.7,103,2001,"Romance, Crimen, Misterio, Comedia",43154,"2001-10-11","Woody Allen"
tt0074119,6,2016-03-08,"Todos los hombres del presidente","All the President's Men",https://www.imdb.com/title/tt0074119,Película,7.9,138,1976,"Historia, Drama, Suspense",139099,"1976-10-21","Alan J. Pakula"
tt0067866,9,2016-03-08,"El Topo","El Topo",https://www.imdb.com/title/tt0067866,Película,7.2,125,1970,"Drama, Misterio, Del oeste",33564,"1979-03-23","Alejandro Jodorowsky"
tt0121765,5,2016-03-08,"Star Wars: Episodio II - El ataque de los clones","Star Wars: Episode II - Attack of the Clones",https://www.imdb.com/title/tt0121765,Película,6.6,142,2002,"Fantasía, Ciencia ficción, Aventura, Acción",830094,"2002-05-17","George Lucas"
tt0317705,5,2016-03-08,"Los Increíbles","The Incredibles",https://www.imdb.com/title/tt0317705,Película,8.0,115,2004,"Animación, Acción, Aventura, Familiar",914739,"2004-11-26","Brad Bird"
tt0107507,4,2016-03-08,"Misterioso asesinato en Manhattan","Manhattan Murder Mystery",https://www.imdb.com/title/tt0107507,Película,7.3,104,1993,"Misterio, Comedia",50129,"1994-04-15","Woody Allen"
tt0116583,2,2016-03-08,"El jorobado de Notre Dame","The Hunchback of Notre Dame",https://www.imdb.com/title/tt0116583,Película,7.0,91,1996,"Animación, Musical, Drama, Romance, Familiar",186301,"1996-11-22","Gary Trousdale,Kirk Wise"
tt0121766,6,2016-03-08,"Star Wars: Episodio III - La venganza de los sith","Star Wars: Episode III - Revenge of the Sith",https://www.imdb.com/title/tt0121766,Película,7.7,140,2005,"Fantasía, Aventura, Ciencia ficción, Acción",932493,"2005-05-19","George Lucas"
tt0042332,3,2016-03-08,"La Cenicienta","Cinderella",https://www.imdb.com/title/tt0042332,Película,7.3,74,1950,"Animación, Musical, Fantasía, Romance, Familiar",189079,"1952-12-19","Clyde Geronimi,Wilfred Jackson,Hamilton Luske"
tt0034492,3,2016-03-08,"Bambi","Bambi",https://www.imdb.com/title/tt0034492,Película,7.3,69,1942,"Animación, Drama, Aventura, Familiar",166694,"1942-08-21","James Algar,Samuel Armstrong,David Hand,Graham Heid,Bill Roberts,Paul Satterfield,Norman Wright,Arthur Davis,Clyde Geronimi"
tt0114787,8,2016-03-08,"Underground","Underground",https://www.imdb.com/title/tt0114787,Película,8.0,170,1995,"Bélico, Fantasía, Drama, Comedia",64503,"1996-01-24","Emir Kusturica"
tt0066808,7,2016-03-08,"Bananas","Bananas",https://www.imdb.com/title/tt0066808,Película,6.9,82,1971,"Comedia",40245,"1971-07-19","Woody Allen"
tt0068361,6,2016-03-08,"El discreto encanto de la burguesía","Le Charme discret de la bourgeoisie",https://www.imdb.com/title/tt0068361,Película,7.7,102,1972,"Drama, Fantasía, Comedia",50895,"1983-01-28","Luis Buñuel"
tt0029583,5,2016-03-08,"Blancanieves y los siete enanitos","Snow White and the Seven Dwarfs",https://www.imdb.com/title/tt0029583,Película,7.6,83,1937,"Animación, Musical, Fantasía, Romance, Aventura, Familiar",239961,"1983-12-24","William Cottrell,David Hand,Wilfred Jackson,Larry Morey,Perce Pearce,Ben Sharpsteen"
tt0263488,4,2016-03-08,"Jeepers Creepers","Jeepers Creepers",https://www.imdb.com/title/tt0263488,Película,6.3,90,2001,"Misterio, Terror",158534,"2001-11-09","Victor Salva"
tt0022913,7,2016-03-08,"La parada de los monstruos","Freaks",https://www.imdb.com/title/tt0022913,Película,7.8,64,1932,"Drama, Terror",55258,"1932-02-20","Tod Browning"
tt0103639,7,2016-03-08,"Aladdín","Aladdin",https://www.imdb.com/title/tt0103639,Película,8.0,90,1992,"Animación, Musical, Romance, Aventura, Comedia, Familiar, Fantasía",504878,"1993-11-19","Ron Clements,John Musker"
tt0075824,6,2016-03-08,"Ese oscuro objeto del deseo","Cet obscur objet du désir",https://www.imdb.com/title/tt0075824,Película,7.8,103,1977,"Comedia, Romance, Drama",27185,"1978-03-01","Luis Buñuel"
tt0166896,7,2016-03-08,"The Straight Story: Una historia verdadera","The Straight Story",https://www.imdb.com/title/tt0166896,Película,8.0,112,1999,"Biografía, Drama",109478,"2000-02-18","David Lynch"
tt1019452,7,2016-03-08,"Un tipo serio","A Serious Man",https://www.imdb.com/title/tt1019452,Película,7.0,106,2009,"Drama, Comedia",159481,"2010-01-08","Ethan Coen,Joel Coen"
tt0120611,4,2016-03-08,"Blade","Blade",https://www.imdb.com/title/tt0120611,Película,7.1,120,1998,"Terror, Ciencia ficción, Acción",334945,"1998-10-09","Stephen Norrington"
tt0099088,5,2016-03-08,"Regreso al futuro: Parte III","Back to the Future Part III",https://www.imdb.com/title/tt0099088,Película,7.5,118,1990,"Aventura, Ciencia ficción, Comedia, Del oeste",525446,"1990-11-30","Robert Zemeckis"
tt0042804,7,2016-03-08,"Los olvidados","Los olvidados",https://www.imdb.com/title/tt0042804,Película,8.2,85,1950,"Crimen, Drama",23895,"1964","Luis Buñuel"
tt0120655,3,2016-03-08,"Dogma","Dogma",https://www.imdb.com/title/tt0120655,Película,7.3,130,1999,"Fantasía, Aventura, Drama, Comedia",242416,"2000-02-11","Kevin Smith"
tt0081323,6,2016-03-08,"Pepi, Luci, Bom y otras chicas del montón","Pepi, Luci, Bom y otras chicas del montón",https://www.imdb.com/title/tt0081323,Película,6.1,82,1980,"Comedia",6981,"1985-08-15","Pedro Almodóvar"
tt1727770,3,2016-03-06,"Absolutamente todo","Absolutely Anything",https://www.imdb.com/title/tt1727770,Película,6.0,85,2015,"Comedia, Ciencia ficción",55316,"2016-05-13","Terry Jones"
tt3923662,5,2016-03-06,"Generación Z","The Rezort",https://www.imdb.com/title/tt3923662,Película,5.3,91,2015,"Terror, Ciencia ficción, Suspense",10152,"2020-05-29","Steve Barker"
tt4567486,7,2016-03-06,"Poder mental","The Mind's Eye",https://www.imdb.com/title/tt4567486,Película,4.8,87,2015,"Acción, Terror, Ciencia ficción",2151,"2017-02-15","Joe Begos"
tt3153582,5,2016-03-06,"Listening","Listening",https://www.imdb.com/title/tt3153582,Película,5.6,98,2014,"Drama, Ciencia ficción, Suspense",3338,"2015-09-11","Khalil Sullins"
tt4718500,3,2016-03-06,"Sonnim","Sonnim",https://www.imdb.com/title/tt4718500,Película,6.4,108,2015,"Terror, Misterio, Suspense",2233,"2015-07-09","Kwang-tae Kim"
tt0067116,7,2016-03-05,"Contra el imperio de la droga","The French Connection",https://www.imdb.com/title/tt0067116,Película,7.6,104,1971,"Crimen, Drama, Suspense, Acción",152123,"1972-03-17","William Friedkin"
tt0116209,3,2016-03-05,"El paciente inglés","The English Patient",https://www.imdb.com/title/tt0116209,Película,7.4,162,1996,"Bélico, Romance, Drama",215034,"1997-02-19","Anthony Minghella"
tt0138097,3,2016-03-05,"Shakespeare in Love (Shakespeare enamorado)","Shakespeare in Love",https://www.imdb.com/title/tt0138097,Película,7.1,123,1998,"Drama, Historia, Romance, Comedia",244143,"1999-03-12","John Madden"
tt0299658,5,2016-03-05,"Chicago","Chicago",https://www.imdb.com/title/tt0299658,Película,7.2,113,2002,"Musical, Comedia, Crimen",258331,"2003-03-07","Rob Marshall"
tt0375679,6,2016-03-05,"Crash (Colisión)","Crash",https://www.imdb.com/title/tt0375679,Película,7.7,112,2004,"Drama, Crimen, Suspense",463986,"2006-01-13","Paul Haggis"
tt0887912,6,2016-03-05,"En tierra hostil","The Hurt Locker",https://www.imdb.com/title/tt0887912,Película,7.5,131,2008,"Suspense, Drama, Bélico",499308,"2010-01-29","Kathryn Bigelow"
tt3345472,6,2016-03-05,"Parásito. Parte 1","Kiseijû",https://www.imdb.com/title/tt3345472,Película,6.8,109,2014,"Terror, Ciencia ficción, Acción, Drama",5979,"2016-06-08","Takashi Yamazaki"
tt2392451,4,2016-03-05,"Vulcania","Vulcania",https://www.imdb.com/title/tt2392451,Película,4.7,90,2015,"Suspense",251,"2016-03-04","José Skaf"
tt2403021,6,2016-03-05,"El infierno verde","The Green Inferno",https://www.imdb.com/title/tt2403021,Película,5.4,100,2013,"Terror, Aventura",55587,"2015-09-25","Eli Roth"
tt2885628,6,2016-03-05,"Nina Forever","Nina Forever",https://www.imdb.com/title/tt2885628,Película,5.6,98,2015,"Comedia, Terror, Romance, Drama, Suspense",5574,"2016-01-19","Ben Blaine,Chris Blaine"
tt0066160,7,2016-03-01,"La noche de Walpurgis","La noche de Walpurgis",https://www.imdb.com/title/tt0066160,Película,5.3,85,1971,"Terror",2425,"1971-05-17","León Klimovsky"
tt2224026,4,2016-02-28,"Home: Hogar dulce hogar","Home",https://www.imdb.com/title/tt2224026,Película,6.5,94,2015,"Animación, Musical, Aventura, Fantasía, Ciencia ficción, Comedia, Familiar",122736,"2015-03-19","Tim Johnson"
tt0196216,5,2016-02-28,"Granujas de medio pelo","Small Time Crooks",https://www.imdb.com/title/tt0196216,Película,6.7,94,2000,"Crimen, Comedia",42910,"2000-12-05","Woody Allen"
tt0000012,5,2016-02-28,"La llegada de un tren a la estación de La Ciotat","L'arrivée d'un train à La Ciotat",https://www.imdb.com/title/tt0000012,Corto,7.4,1,1896,"Documental, Corto",14203,"1896-01-25","Auguste Lumière,Louis Lumière"
tt3170832,8,2016-02-28,"La habitación","Room",https://www.imdb.com/title/tt3170832,Película,8.1,118,2015,"Drama, Suspense",484053,"2016-02-26","Lenny Abrahamson"
tt1431045,6,2016-02-26,"Deadpool","Deadpool",https://www.imdb.com/title/tt1431045,Película,8.0,108,2016,"Acción, Ciencia ficción, Comedia",1269165,"2016-02-19","Tim Miller"
tt0475290,5,2016-02-24,"¡Ave, César!","Hail, Caesar!",https://www.imdb.com/title/tt0475290,Película,6.3,106,2016,"Comedia, Misterio, Drama",150852,"2016-02-19","Ethan Coen,Joel Coen"
tt4382552,6,2016-02-24,"Hot Girls Wanted","Hot Girls Wanted",https://www.imdb.com/title/tt4382552,Película,6.1,84,2015,"Documental",19197,"2015-05-29","Jill Bauer,Ronna Gradus"
tt2234003,6,2016-02-21,"Calvary","Calvary",https://www.imdb.com/title/tt2234003,Película,7.4,102,2014,"Drama, Misterio, Crimen",68497,"2015-03-06","John Michael McDonagh"
tt0021577,8,2016-02-21,"La edad de oro","L'Âge d'or",https://www.imdb.com/title/tt0021577,Película,7.1,60,1930,"Drama, Comedia",15816,"1978-02-16","Luis Buñuel"
tt0120090,1,2016-02-21,"Secretos del corazón","Secretos del corazón",https://www.imdb.com/title/tt0120090,Película,7.0,105,1997,"Drama",2191,"1997-03-19","Montxo Armendáriz"
tt0090756,8,2016-02-21,"Terciopelo azul","Blue Velvet",https://www.imdb.com/title/tt0090756,Película,7.7,120,1986,"Drama, Crimen, Suspense, Misterio",248274,"1986-10-23","David Lynch"
tt0216625,6,2016-02-21,"Código desconocido","Code inconnu: Récit incomplet de divers voyages",https://www.imdb.com/title/tt0216625,Película,7.1,118,2000,"Drama",16565,"2001-05-11","Michael Haneke"
tt0020530,10,2016-02-21,"Un perro andaluz","Un chien andalou",https://www.imdb.com/title/tt0020530,Corto,7.6,16,1929,"Corto, Fantasía, Terror",57066,"1929-06-06","Luis Buñuel"
tt0109020,7,2016-02-21,"71 fragmentos de una cronología del azar","71 Fragmente einer Chronologie des Zufalls",https://www.imdb.com/title/tt0109020,Película,7.1,100,1994,"Crimen, Drama",9727,"1994-09-24","Michael Haneke"
tt1650062,5,2016-02-21,"Super 8","Super 8",https://www.imdb.com/title/tt1650062,Película,7.0,112,2011,"Ciencia ficción, Suspense, Acción",383050,"2011-08-19","J.J. Abrams"
tt0270288,4,2016-02-21,"Confesiones de una mente peligrosa","Confessions of a Dangerous Mind",https://www.imdb.com/title/tt0270288,Película,7.0,113,2002,"Biografía, Suspense, Comedia, Romance, Crimen, Drama",96143,"2004-06-25","George Clooney"
tt0424345,3,2016-02-21,"Clerks II","Clerks II",https://www.imdb.com/title/tt0424345,Película,7.3,97,2006,"Comedia",145034,"2006-09-08","Kevin Smith"
tt0053459,5,2016-02-19,"Los ojos sin rostro","Les yeux sans visage",https://www.imdb.com/title/tt0053459,Película,7.6,90,1960,"Terror, Drama",39589,"1960-01-11","Georges Franju"
tt0272338,5,2016-02-19,"Embriagado de amor","Punch-Drunk Love",https://www.imdb.com/title/tt0272338,Película,7.3,95,2002,"Drama, Comedia, Suspense, Romance",199324,"2003-03-07","Paul Thomas Anderson"
tt0071129,4,2016-02-19,"Amarcord","Amarcord",https://www.imdb.com/title/tt0071129,Película,7.8,123,1973,"Drama, Comedia",51810,"1973-12-18","Federico Fellini"
tt0100935,5,2016-02-19,"Corazón salvaje","Wild at Heart",https://www.imdb.com/title/tt0100935,Película,7.2,125,1990,"Crimen, Suspense, Drama",112715,"1991-02-01","David Lynch"
tt0235198,7,2016-02-19,"Audition","Ôdishon",https://www.imdb.com/title/tt0235198,Película,7.1,115,1999,"Drama, Misterio, Terror",100277,"2002-07-19","Takashi Miike"
tt0000439,5,2016-02-19,"Asalto y robo al tren","The Great Train Robbery",https://www.imdb.com/title/tt0000439,Corto,7.2,11,1903,"Corto, Acción, Crimen, Aventura, Drama, Del oeste",22993,"1905-12-23","Edwin S. Porter"
tt0053779,6,2016-02-19,"La dolce vita","La dolce vita",https://www.imdb.com/title/tt0053779,Película,8.0,174,1960,"Comedia, Drama",86471,"1981-06-01","Federico Fellini"
tt0103793,7,2016-02-17,"El vídeo de Benny","Benny's Video",https://www.imdb.com/title/tt0103793,Película,7.1,110,1992,"Crimen, Drama",21078,"1993-02-11","Michael Haneke"
tt0296042,7,2016-02-17,"Ichi the Killer","Koroshiya 1",https://www.imdb.com/title/tt0296042,Película,6.9,129,2001,"Crimen, Drama",64432,"2001-12-22","Takashi Miike"
tt0053168,6,2016-02-17,"Pickpocket","Pickpocket",https://www.imdb.com/title/tt0053168,Película,7.5,76,1959,"Crimen, Drama",27792,"1959-12-16","Robert Bresson"
tt0369702,3,2016-02-17,"Mar adentro","Mar adentro",https://www.imdb.com/title/tt0369702,Película,7.9,126,2004,"Drama, Biografía",89348,"2004-09-03","Alejandro Amenábar"
tt0166924,8,2016-02-17,"Mulholland Drive","Mulholland Dr.",https://www.imdb.com/title/tt0166924,Película,7.9,147,2001,"Drama, Suspense, Misterio",433186,"2002-03-08","David Lynch"
tt0409459,5,2016-02-17,"Watchmen","Watchmen",https://www.imdb.com/title/tt0409459,Película,7.6,162,2009,"Ciencia ficción, Acción, Misterio, Drama",615530,"2009-03-06","Zack Snyder"
tt0103772,7,2016-02-17,"Instinto básico","Basic Instinct",https://www.imdb.com/title/tt0103772,Película,7.1,127,1992,"Misterio, Drama, Romance, Suspense",246476,"1992-08-21","Paul Verhoeven"
tt0098327,8,2016-02-17,"El séptimo continente","Der siebente Kontinent",https://www.imdb.com/title/tt0098327,Película,7.6,108,1989,"Drama",19327,"1992-10-09","Michael Haneke"
tt0106489,5,2016-02-17,"Una historia del Bronx","A Bronx Tale",https://www.imdb.com/title/tt0106489,Película,7.8,121,1993,"Crimen, Drama",189246,"1995-06-08","Robert De Niro"
tt0074486,9,2016-02-17,"Cabeza borradora","Eraserhead",https://www.imdb.com/title/tt0074486,Película,7.2,89,1977,"Fantasía, Terror",145343,"1978-02-03","David Lynch"
tt0099674,8,2016-02-17,"El padrino parte III","The Godfather Part III",https://www.imdb.com/title/tt0099674,Película,7.5,162,1990,"Crimen, Drama",459765,"1991-03-01","Francis Ford Coppola"
tt0070666,6,2016-02-17,"Serpico","Serpico",https://www.imdb.com/title/tt0070666,Película,7.7,113,1973,"Biografía, Suspense, Crimen, Drama",147133,"1973-12-05","Sidney Lumet"
tt0088461,7,2016-02-17,"¿Qué he hecho YO para merecer esto!!","¿Qué he hecho YO para merecer esto!!",https://www.imdb.com/title/tt0088461,Película,7.1,101,1984,"Drama, Comedia",12197,"1984-10-25","Pedro Almodóvar"
tt0467406,6,2016-02-17,"Juno","Juno",https://www.imdb.com/title/tt0467406,Película,7.4,96,2007,"Comedia, Drama",574915,"2008-02-01","Jason Reitman"
tt0275491,5,2016-02-17,"La mala educación","La mala educación",https://www.imdb.com/title/tt0275491,Película,7.4,106,2004,"Drama, Crimen",66337,"2004-03-19","Pedro Almodóvar"
tt0107802,2,2016-02-17,"Los peores años de nuestra vida","Los peores años de nuestra vida",https://www.imdb.com/title/tt0107802,Película,6.6,100,1994,"Romance, Comedia",689,"1994-09-09","Emilio Martínez Lázaro"
tt0000417,10,2016-02-17,"Viaje a la Luna","Le voyage dans la lune",https://www.imdb.com/title/tt0000417,Corto,8.1,13,1902,"Corto, Fantasía, Aventura, Comedia, Ciencia ficción",61685,"1902-10-08","Georges Méliès"
tt0061655,5,2016-02-17,"El baile de los vampiros","Dance of the Vampires",https://www.imdb.com/title/tt0061655,Película,7.0,108,1967,"Fantasía, Terror, Comedia",36238,"1969-08-28","Roman Polanski"
tt0103791,3,2016-02-17,"Belle Epoque","Belle Epoque",https://www.imdb.com/title/tt0103791,Película,7.1,109,1992,"Drama, Romance, Comedia",12284,"1992-12-04","Fernando Trueba"
tt0109445,8,2016-02-17,"Clerks","Clerks",https://www.imdb.com/title/tt0109445,Película,7.7,92,1994,"Comedia",241592,"1994-11-30","Kevin Smith"
tt0101026,5,2016-02-17,"Átame!","Átame!",https://www.imdb.com/title/tt0101026,Película,7.0,101,1989,"Crimen, Romance, Comedia, Drama",33824,"1990-01-22","Pedro Almodóvar"
tt0120601,8,2016-02-17,"Cómo ser John Malkovich","Being John Malkovich",https://www.imdb.com/title/tt0120601,Película,7.7,113,1999,"Drama, Comedia, Fantasía",371001,"2000-03-10","Spike Jonze"
tt1321870,4,2016-02-17,"Gangster Squad. Brigada de élite","Gangster Squad",https://www.imdb.com/title/tt1321870,Película,6.7,113,2013,"Crimen, Drama, Acción, Suspense",229973,"2013-02-08","Ruben Fleischer"
tt0105323,6,2016-02-17,"Esencia de mujer","Scent of a Woman",https://www.imdb.com/title/tt0105323,Película,8.0,156,1992,"Drama",375403,"1993-03-12","Martin Brest"
tt0913425,5,2016-02-17,"Los abrazos rotos","Los abrazos rotos",https://www.imdb.com/title/tt0913425,Película,7.2,127,2009,"Drama, Suspense, Romance",44442,"2009-03-18","Pedro Almodóvar"
tt0118971,5,2016-02-17,"Pactar con el diablo","The Devil's Advocate",https://www.imdb.com/title/tt0118971,Película,7.5,144,1997,"Suspense, Misterio, Fantasía, Drama",451079,"1998-01-12","Taylor Hackford"
tt1276104,6,2016-02-17,"Looper","Looper",https://www.imdb.com/title/tt1276104,Película,7.4,119,2012,"Ciencia ficción, Acción, Suspense, Drama",632065,"2012-10-19","Rian Johnson"
tt1570583,3,2016-02-16,"For Ellen","For Ellen",https://www.imdb.com/title/tt1570583,Película,6.0,94,2012,"Drama",2411,"2012-09-19","So Yong Kim"
tt2305051,5,2016-02-14,"Alma salvaje","Wild",https://www.imdb.com/title/tt2305051,Película,7.1,115,2014,"Drama, Biografía, Aventura",147276,"2015-01-30","Jean-Marc Vallée"
tt1663202,7,2016-02-11,"El renacido (The Revenant)","The Revenant",https://www.imdb.com/title/tt1663202,Película,8.0,156,2015,"Acción, Drama, Del oeste",959527,"2016-02-05","Alejandro G. Iñárritu"
tt3841866,4,2016-02-06,"Felices 140","Felices 140",https://www.imdb.com/title/tt3841866,Película,6.0,98,2015,"Comedia, Drama",2102,"2015-04-10","Gracia Querejeta"
tt4161962,3,2016-02-05,"Ahora o nunca","Ahora o nunca",https://www.imdb.com/title/tt4161962,Película,5.2,91,2015,"Comedia, Romance",3037,"2015-06-19","María Ripoll"
tt1617661,3,2016-02-05,"El destino de Júpiter","Jupiter Ascending",https://www.imdb.com/title/tt1617661,Película,5.3,127,2015,"Ciencia ficción, Acción, Aventura, Romance",202759,"2015-02-06","Lana Wachowski,Lilly Wachowski"
tt0368794,7,2016-02-04,"I'm Not There","I'm Not There",https://www.imdb.com/title/tt0368794,Película,6.8,135,2007,"Drama, Música, Biografía",63723,"2010-02-19","Todd Haynes"
tt1895587,6,2016-02-04,"Spotlight","Spotlight",https://www.imdb.com/title/tt1895587,Película,8.1,129,2015,"Drama, Crimen, Biografía",539962,"2016-01-29","Tom McCarthy"
tt3742486,6,2016-02-02,"Five days to dance","Five days to dance",https://www.imdb.com/title/tt3742486,Película,7.4,79,2014,"Documental, Familiar, Música",48,"2014-11-02","Pepe Andreu,Rafael Moles"
tt3314376,6,2016-02-02,"Hermosa juventud","Hermosa juventud",https://www.imdb.com/title/tt3314376,Película,6.2,102,2014,"Drama, Romance",1372,"2014-05-30","Jaime Rosales"
tt0441909,8,2016-01-28,"Volver","Volver",https://www.imdb.com/title/tt0441909,Película,7.6,121,2006,"Comedia, Drama",113573,"2006-03-17","Pedro Almodóvar"
tt0095675,7,2016-01-28,"Mujeres al borde de un ataque de 'nervios'","Mujeres al borde de un ataque de ""nervios""",https://www.imdb.com/title/tt0095675,Película,7.5,88,1988,"Drama, Comedia",51240,"1988-03-25","Pedro Almodóvar"
tt0118788,3,2016-01-28,"La buena estrella","La buena estrella",https://www.imdb.com/title/tt0118788,Película,7.0,110,1997,"Drama",2893,"1997-05-30","Ricardo Franco"
tt0119167,9,2016-01-28,"Funny Games - Juegos divertidos","Funny Games",https://www.imdb.com/title/tt0119167,Película,7.5,108,1997,"Crimen, Drama, Terror, Suspense",99080,"1998-03-05","Michael Haneke"
tt1667905,5,2016-01-28,"Esto no es una película","In film nist",https://www.imdb.com/title/tt1667905,Película,7.4,75,2011,"Documental",6276,"2012-04-20","Mojtaba Mirtahmasb,Jafar Panahi"
tt2870756,4,2016-01-24,"Magia a la luz de la luna","Magic in the Moonlight",https://www.imdb.com/title/tt2870756,Película,6.5,97,2014,"Comedia, Romance, Drama",73950,"2014-12-05","Woody Allen"
tt1816608,3,2016-01-24,"Mi otro yo","Another Me",https://www.imdb.com/title/tt1816608,Película,4.6,86,2013,"Suspense, Misterio",6245,"2014-06-27","Isabel Coixet"
tt3312830,9,2016-01-24,"La juventud","Youth",https://www.imdb.com/title/tt3312830,Película,7.3,124,2015,"Drama, Comedia, Música, Romance",89337,"2016-01-22","Paolo Sorrentino"
tt1596363,7,2016-01-24,"La gran apuesta","The Big Short",https://www.imdb.com/title/tt1596363,Película,7.8,130,2015,"Drama, Biografía, Comedia, Historia",546543,"2016-01-22","Adam McKay"
tt2446980,5,2016-01-24,"Joy","Joy",https://www.imdb.com/title/tt2446980,Película,6.6,124,2015,"Drama, Biografía",153189,"2016-01-08","David O. Russell"
tt0810819,4,2016-01-17,"La chica danesa","The Danish Girl",https://www.imdb.com/title/tt0810819,Película,7.1,119,2015,"Drama, Biografía",207328,"2016-01-15","Tom Hooper"
tt2897076,3,2016-01-16,"Marsella","Marsella",https://www.imdb.com/title/tt2897076,Película,6.1,95,2014,"Drama",397,"2014-07-18","Belén Macías"
tt2080374,6,2016-01-16,"Steve Jobs","Steve Jobs",https://www.imdb.com/title/tt2080374,Película,7.2,122,2015,"Biografía, Drama",188210,"2016-01-01","Danny Boyle"
tt0111507,6,2016-01-10,"Tres colores: Blanco","Trois couleurs : Blanc",https://www.imdb.com/title/tt0111507,Película,7.6,92,1994,"Comedia, Romance, Drama",85334,"1994-03-11","Krzysztof Kieślowski"
tt0108394,7,2016-01-10,"Tres colores: Azul","Trois couleurs : Bleu",https://www.imdb.com/title/tt0108394,Película,7.8,98,1993,"Música, Misterio, Romance, Drama",119099,"1993-11-05","Krzysztof Kieślowski"
tt3569230,6,2016-01-10,"Legend","Legend",https://www.imdb.com/title/tt3569230,Película,6.9,132,2015,"Suspense, Biografía, Crimen, Drama",226374,"2016-01-08","Brian Helgeland"
tt0076155,3,2016-01-08,"El amante del amor","L'homme qui aimait les femmes",https://www.imdb.com/title/tt0076155,Película,7.3,120,1977,"Romance, Drama, Comedia",8220,"1980-04-07","François Truffaut"
tt0101765,6,2016-01-08,"La doble vida de Verónica","La double vie de Véronique",https://www.imdb.com/title/tt0101765,Película,7.6,98,1991,"Romance, Música, Misterio, Drama, Fantasía",57539,"1992-01-17","Krzysztof Kieślowski"
tt1175709,5,2016-01-04,"Todas las cosas buenas","All Good Things",https://www.imdb.com/title/tt1175709,Película,6.2,101,2010,"Drama, Misterio, Suspense, Crimen, Romance",64272,"2010-12-03","Andrew Jarecki"
tt2140577,3,2016-01-01,"Una vida de mentira","The Pretty One",https://www.imdb.com/title/tt2140577,Película,6.3,90,2013,"Drama, Comedia",10721,"2022-01-01","Jenée LaMarque"
tt0945513,7,2015-12-30,"Código fuente","Source Code",https://www.imdb.com/title/tt0945513,Película,7.5,93,2011,"Ciencia ficción, Suspense, Acción, Drama, Misterio",587205,"2011-04-15","Duncan Jones"
tt2994190,5,2015-12-30,"Camp X-Ray","Camp X-Ray",https://www.imdb.com/title/tt2994190,Película,6.8,117,2014,"Drama, Bélico",44556,"2014-10-17","Peter Sattler"
tt2296682,1,2015-12-28,"Dracula","Dracula",https://www.imdb.com/title/tt2296682,Serie de TV,7.3,43,2013,"Drama, Terror, Romance",31144,"2013-10-25",
tt2488496,8,2015-12-27,"Star Wars: El despertar de la Fuerza","Star Wars: Episode VII - The Force Awakens",https://www.imdb.com/title/tt2488496,Película,7.7,138,2015,"Ciencia ficción, Acción, Aventura",1034191,"2015-12-18","J.J. Abrams"
tt2126355,3,2015-12-25,"San Andrés","San Andreas",https://www.imdb.com/title/tt2126355,Película,6.1,114,2015,"Acción, Suspense, Aventura",278391,"2015-06-26","Brad Peyton"
tt0411705,7,2015-12-25,"9 Songs","9 Songs",https://www.imdb.com/title/tt0411705,Película,4.7,71,2004,"Drama, Música, Romance",25695,"2005-03-11","Michael Winterbottom"
tt4040882,5,2015-12-25,"En tierra extraña","En tierra extraña",https://www.imdb.com/title/tt4040882,Película,6.3,72,2014,"Documental",118,"2014-10-31","Icíar Bollaín"
tt0484828,2,2015-12-19,"La daga de Rasputín","La daga de Rasputín",https://www.imdb.com/title/tt0484828,Película,3.0,99,2011,"Aventura, Comedia",285,"2011-01-14","Jesús Bonilla"
tt2436386,4,2015-12-19,"Project Almanac","Project Almanac",https://www.imdb.com/title/tt2436386,Película,6.4,106,2015,"Ciencia ficción, Suspense, Drama, Misterio",89174,"2015-01-30","Dean Israelite"
tt0383574,4,2015-12-13,"Piratas del Caribe: El cofre del hombre muerto","Pirates of the Caribbean: Dead Man's Chest",https://www.imdb.com/title/tt0383574,Película,7.4,151,2006,"Aventura, Fantasía, Acción",835303,"2006-08-11","Gore Verbinski"
tt2784512,4,2015-12-13,"Castores zombies","Zombeavers",https://www.imdb.com/title/tt2784512,Película,4.8,77,2014,"Comedia, Terror",23222,"2015-03-20","Jordan Rubin"
tt0102057,2,2015-12-10,"Hook (El capitán Garfio)","Hook",https://www.imdb.com/title/tt0102057,Película,6.8,142,1991,"Comedia, Aventura, Familiar, Fantasía",294261,"1992-03-27","Steven Spielberg"
tt3464902,7,2015-12-08,"Langosta","The Lobster",https://www.imdb.com/title/tt3464902,Película,7.1,119,2015,"Romance, Ciencia ficción, Drama, Suspense",337488,"2015-12-04","Yorgos Lanthimos"
tt0061955,5,2015-12-06,"La novia vestía de negro","La mariée était en noir",https://www.imdb.com/title/tt0061955,Película,7.2,107,1968,"Crimen, Drama, Misterio",11668,"1968-09-16","François Truffaut"
tt2308260,4,2015-12-05,"Una noche en el viejo México","A Night in Old Mexico",https://www.imdb.com/title/tt2308260,Película,5.7,103,2013,"Drama, Aventura, Del oeste",4318,"2014-05-09","Emilio Aragón"
tt2363564,6,2015-12-04,"Barcelona, noche de verano","Barcelona nit d'estiu",https://www.imdb.com/title/tt2363564,Película,6.2,96,2013,"Comedia, Drama, Romance",1543,"2013-09-06","Dani de la Orden"
tt3181822,3,2015-12-04,"Obsesión","The Boy Next Door",https://www.imdb.com/title/tt3181822,Película,4.7,91,2015,"Suspense, Misterio",48672,"2015-03-19","Rob Cohen"
tt3487994,4,2015-12-01,"Bloodsucking Bastards","Bloodsucking Bastards",https://www.imdb.com/title/tt3487994,Película,5.7,86,2015,"Comedia, Terror, Acción",7672,"2015-11-30","Brian James O'Connell"
tt0325710,1,2015-11-29,"El último samurái","The Last Samurai",https://www.imdb.com/title/tt0325710,Película,7.8,154,2003,"Drama, Acción",508905,"2004-01-09","Edward Zwick"
tt0088323,6,2015-11-29,"La historia interminable","The Neverending Story",https://www.imdb.com/title/tt0088323,Película,7.3,102,1984,"Drama, Familiar, Aventura, Fantasía",172269,"1984-12-06","Wolfgang Petersen"
tt1979388,5,2015-11-29,"El viaje de Arlo","The Good Dinosaur",https://www.imdb.com/title/tt1979388,Película,6.7,93,2015,"Animación, Comedia, Familiar, Aventura, Drama, Fantasía, Acción",142054,"2015-11-27","Peter Sohn"
tt2582496,7,2015-11-25,"Yo, él y Raquel","Me and Earl and the Dying Girl",https://www.imdb.com/title/tt2582496,Película,7.7,105,2015,"Drama, Comedia",145229,"2015-10-09","Alfonso Gomez-Rejon"
tt3808342,7,2015-11-25,"El hijo de Saúl","Saul fia",https://www.imdb.com/title/tt3808342,Película,7.4,107,2015,"Drama, Bélico",54803,"2016-01-15","László Nemes"
tt4685750,6,2015-11-22,"Much Loved","Much Loved",https://www.imdb.com/title/tt4685750,Película,6.1,104,2015,"Drama",3371,"2015-09-16","Nabil Ayouch"
tt4485178,7,2015-11-22,"Je suis un soldat","Je suis un soldat",https://www.imdb.com/title/tt4485178,Película,6.0,96,2015,"Drama",414,"2015-11-18","Laurent Larivière"
tt4266638,6,2015-11-22,"Krisha","Krisha",https://www.imdb.com/title/tt4266638,Película,7.1,83,2015,"Drama",10954,"2016-06-07","Trey Edward Shults"
tt4135844,7,2015-11-22,"Ixcanul","Ixcanul",https://www.imdb.com/title/tt4135844,Película,7.1,93,2015,"Drama",3483,"2015-11-25","Jayro Bustamante"
tt3748512,5,2015-11-22,"Hitchcock/Truffaut","Hitchcock/Truffaut",https://www.imdb.com/title/tt3748512,Película,7.3,79,2015,"Documental",7659,"2016-03-31","Kent Jones"
tt1186357,2,2015-11-17,"Lope","Lope",https://www.imdb.com/title/tt1186357,Película,6.1,106,2010,"Biografía, Drama, Historia",1215,"2010-09-03","Andrucha Waddington"
tt1859650,5,2015-11-14,"A Roma con amor","To Rome with Love",https://www.imdb.com/title/tt1859650,Película,6.3,112,2012,"Comedia, Romance, Música",93532,"2012-09-21","Woody Allen"
tt0996605,7,2015-11-14,"Les chansons d'amour","Les chansons d'amour",https://www.imdb.com/title/tt0996605,Película,7.0,91,2007,"Musical, Drama, Romance",10603,"2007-05-23","Christophe Honoré"
tt3397884,6,2015-11-14,"Sicario","Sicario",https://www.imdb.com/title/tt3397884,Película,7.7,121,2015,"Drama, Crimen, Misterio, Suspense, Acción",547833,"2015-11-13","Denis Villeneuve"
tt2258345,4,2015-11-13,"Aprendiz de gigoló","Fading Gigolo",https://www.imdb.com/title/tt2258345,Película,6.2,90,2013,"Comedia, Romance",26341,"2014-04-30","John Turturro"
tt2309224,7,2015-11-10,"Big bad wolves","Mi Mefakhed Mehaze'ev Hara",https://www.imdb.com/title/tt2309224,Película,6.8,110,2013,"Suspense, Drama, Terror",18509,"2013-08-15","Aharon Keshales,Navot Papushado"
tt2692904,5,2015-11-09,"Locke","Locke",https://www.imdb.com/title/tt2692904,Película,7.1,85,2013,"Drama",170518,"2014-08-22","Steven Knight"
tt1267297,3,2015-11-06,"Hércules","Hercules",https://www.imdb.com/title/tt1267297,Película,6.0,98,2014,"Acción, Aventura, Fantasía",173686,"2014-09-05","Brett Ratner"
tt3754940,7,2015-11-06,"Truman","Truman",https://www.imdb.com/title/tt3754940,Película,7.3,108,2015,"Comedia, Drama",14821,"2015-10-30","Cesc Gay"
tt1355683,6,2015-11-05,"Black Mass: Estrictamente criminal","Black Mass",https://www.imdb.com/title/tt1355683,Película,6.8,123,2015,"Drama, Crimen, Biografía",203481,"2015-10-23","Scott Cooper"
tt4412362,4,2015-11-05,"Mi gran noche","Mi gran noche",https://www.imdb.com/title/tt4412362,Película,6.1,100,2015,"Comedia, Romance",5111,"2015-10-23","Álex de la Iglesia"
tt3495184,4,2015-11-01,"Las ovejas no pierden el tren","Las ovejas no pierden el tren",https://www.imdb.com/title/tt3495184,Película,5.6,103,2014,"Comedia",1630,"2015-01-30","Álvaro Fernández Armero"
tt3319920,5,2015-11-01,"Regresión","Regression",https://www.imdb.com/title/tt3319920,Película,5.6,106,2015,"Suspense, Crimen, Misterio, Drama",45337,"2015-10-02","Alejandro Amenábar"
tt3659388,7,2015-10-28,"Marte (The Martian)","The Martian",https://www.imdb.com/title/tt3659388,Película,8.0,144,2015,"Ciencia ficción, Aventura, Drama",1027378,"2015-10-16","Ridley Scott"
tt0203009,8,2015-10-28,"Moulin Rouge","Moulin Rouge!",https://www.imdb.com/title/tt0203009,Película,7.5,127,2001,"Musical, Romance, Drama",316523,"2001-10-11","Baz Luhrmann"
tt4411504,5,2015-10-28,"El Clan","El Clan",https://www.imdb.com/title/tt4411504,Película,6.9,108,2015,"Suspense, Crimen, Drama, Biografía",15320,"2015-11-13","Pablo Trapero"
tt1924277,6,2015-10-28,"Grupo 7","Grupo 7",https://www.imdb.com/title/tt1924277,Película,6.5,96,2012,"Acción, Drama, Suspense, Crimen",6677,"2012-04-04","Alberto Rodríguez"
tt1790864,5,2015-10-28,"El corredor del laberinto","The Maze Runner",https://www.imdb.com/title/tt1790864,Película,6.8,113,2014,"Ciencia ficción, Misterio, Suspense, Acción",570768,"2014-09-19","Wes Ball"
tt0187738,4,2015-10-23,"Blade II","Blade II",https://www.imdb.com/title/tt0187738,Película,6.7,117,2002,"Terror, Ciencia ficción, Suspense, Acción",254905,"2002-04-19","Guillermo del Toro"
tt2720680,5,2015-10-22,"Venganza fatal","The Salvation",https://www.imdb.com/title/tt2720680,Película,6.7,92,2014,"Del oeste, Drama, Acción, Suspense",46841,"2014-05-22","Kristian Levring"
tt4264426,4,2015-10-22,"Bite","Bite",https://www.imdb.com/title/tt4264426,Película,4.9,88,2015,"Terror",6117,"2021-05-21","Chad Archibald"
tt4272866,7,2015-10-22,"El niño y la bestia","Bakemono no ko",https://www.imdb.com/title/tt4272866,Película,7.6,119,2015,"Animación, Acción, Aventura, Fantasía, Drama",30270,"2015-07-11","Mamoru Hosoda"
tt2554274,7,2015-10-22,"La cumbre escarlata","Crimson Peak",https://www.imdb.com/title/tt2554274,Película,6.5,119,2015,"Terror, Suspense, Drama, Misterio, Romance",170691,"2015-10-16","Guillermo del Toro"
tt3726704,5,2015-10-21,"Experimenter: la historia de Stanley Milgram","Experimenter: The Stanley Milgram Story",https://www.imdb.com/title/tt3726704,Película,6.6,98,2015,"Biografía, Drama, Historia",20977,"2015-10-16","Michael Almereyda"
tt4291590,5,2015-10-21,"Évolution","Évolution",https://www.imdb.com/title/tt4291590,Película,5.9,81,2015,"Misterio, Ciencia ficción, Drama, Terror",8100,"2016-03-16","Lucile Hadzihalilovic"
tt2887840,4,2015-10-21,"Inner Demon","Inner Demon",https://www.imdb.com/title/tt2887840,Película,4.6,84,2014,"Terror, Suspense",696,"2015","Ursula Dabrowsky"
tt2490326,6,2015-10-20,"Dulces criaturas","Cooties",https://www.imdb.com/title/tt2490326,Película,5.7,88,2014,"Terror, Comedia, Ciencia ficción, Acción, Suspense",31167,"2015-09-18","Jonathan Milott,Cary Murnion"
tt3205376,5,2015-10-20,"Slow West","Slow West",https://www.imdb.com/title/tt3205376,Película,6.9,84,2015,"Del oeste, Aventura, Drama, Romance, Suspense",50449,"2015-05-21","John Maclean"
tt4226388,7,2015-10-20,"Victoria","Victoria",https://www.imdb.com/title/tt4226388,Película,7.5,138,2015,"Drama, Crimen, Suspense, Romance",67828,"2015-06-11","Sebastian Schipper"
tt2580382,7,2015-10-20,"The Survivalist","The Survivalist",https://www.imdb.com/title/tt2580382,Película,6.4,104,2015,"Suspense, Drama, Ciencia ficción",20533,"2016-02-12","Stephen Fingleton"
tt3430416,6,2015-10-20,"Schneider vs. Bax","Schneider vs. Bax",https://www.imdb.com/title/tt3430416,Película,6.6,96,2015,"Comedia, Suspense",3597,"2015-05-28","Alex van Warmerdam"
tt2884018,8,2015-10-20,"Macbeth de Justin Kurzel","Macbeth",https://www.imdb.com/title/tt2884018,Película,6.6,113,2015,"Drama, Bélico, Historia",62053,"2015-12-25","Justin Kurzel"
tt4173478,4,2015-10-20,"Viaje hacia la orilla","Kishibe no tabi",https://www.imdb.com/title/tt4173478,Película,6.3,127,2015,"Drama, Fantasía, Romance",2196,"2015-09-30","Kiyoshi Kurosawa"
tt4062536,7,2015-10-20,"Green Room","Green Room",https://www.imdb.com/title/tt4062536,Película,6.9,95,2015,"Terror, Suspense",155337,"2016-05-13","Jeremy Saulnier"
tt3286052,6,2015-10-19,"La enviada del mal","February",https://www.imdb.com/title/tt3286052,Película,5.9,93,2015,"Terror, Suspense, Misterio",32805,"2018-02-21","Osgood Perkins"
tt4247428,5,2015-10-19,"Endorphine","Endorphine",https://www.imdb.com/title/tt4247428,Película,6.0,84,2015,"Drama",738,"2016-10-17","André Turpin"
tt4935158,5,2015-10-19,"Demon","Demon",https://www.imdb.com/title/tt4935158,Película,6.1,94,2015,"Suspense, Terror, Drama, Fantasía",6556,"2015-10-16","Marcin Wrona"
tt3813310,6,2015-10-19,"Coche policial","Cop Car",https://www.imdb.com/title/tt3813310,Película,6.3,88,2015,"Suspense, Crimen",36867,"2015-08-07","Jon Watts"
tt3354222,5,2015-10-19,"Kamisama no iu tôri","Kamisama no iu tôri",https://www.imdb.com/title/tt3354222,Película,6.3,117,2014,"Terror, Suspense, Ciencia ficción, Aventura",9866,"2014-11-15","Takashi Miike"
tt2625810,4,2015-10-19,"En el bosque","Into the Forest",https://www.imdb.com/title/tt2625810,Película,5.8,101,2015,"Drama, Suspense, Ciencia ficción",23184,"2016-12-14","Patricia Rozema"
tt2325977,3,2015-10-19,"Strangerland","Strangerland",https://www.imdb.com/title/tt2325977,Película,5.2,112,2015,"Drama, Suspense, Misterio",10603,"2016-02-05","Kim Farrant"
tt2494362,7,2015-10-19,"Bone Tomahawk","Bone Tomahawk",https://www.imdb.com/title/tt2494362,Película,7.1,132,2015,"Del oeste, Drama, Terror",142051,"2016-03-18","S. Craig Zahler"
tt4441280,4,2015-10-19,"El cadáver de Anna Fritz","El cadáver de Anna Fritz",https://www.imdb.com/title/tt4441280,Película,5.9,76,2015,"Drama, Suspense",7882,"2015-10-30","Hèctor Hernández Vicens"
tt3324494,4,2015-10-19,"La próxima vez apuntaré al corazón","La prochaine fois je viserai le coeur",https://www.imdb.com/title/tt3324494,Película,6.4,111,2014,"Suspense, Crimen, Drama",3508,"2014-11-12","Cédric Anger"
tt3774694,7,2015-10-17,"Love","Love",https://www.imdb.com/title/tt3774694,Película,6.1,135,2015,"Drama, Romance",74735,"2015-07-15","Gaspar Noé"
tt3605418,3,2015-10-17,"Toc Toc","Knock Knock",https://www.imdb.com/title/tt3605418,Película,4.9,99,2015,"Suspense, Crimen",116735,"2015-09-24","Eli Roth"
tt4178092,5,2015-10-17,"El regalo","The Gift",https://www.imdb.com/title/tt4178092,Película,7.0,108,2015,"Misterio, Suspense, Drama",187305,"2016-03-18","Joel Edgerton"
tt2474976,5,2015-10-17,"The Hallow","The Hallow",https://www.imdb.com/title/tt2474976,Película,5.7,97,2015,"Terror, Suspense, Fantasía",20307,"2015-11-13","Corin Hardy"
tt4935418,7,2015-10-17,"Baskin","Baskin",https://www.imdb.com/title/tt4935418,Película,5.8,97,2015,"Terror, Suspense",14555,"2016-01-01","Can Evrenol"
tt2401878,7,2015-10-17,"Anomalisa","Anomalisa",https://www.imdb.com/title/tt2401878,Película,7.2,90,2015,"Animación, Drama, Comedia, Romance",79104,"2016-02-19","Duke Johnson,Charlie Kaufman"
tt1355630,4,2015-10-17,"Si decido quedarme","If I Stay",https://www.imdb.com/title/tt1355630,Película,6.7,107,2014,"Drama, Música, Romance, Fantasía, Ciencia ficción, Comedia",131793,"2014-09-19","R.J. Cutler"
tt4439120,4,2015-10-11,"Tag","Riaru onigokko",https://www.imdb.com/title/tt4439120,Película,6.1,85,2015,"Terror, Acción, Fantasía, Misterio, Drama, Ciencia ficción, Suspense",9295,"2015-07-11","Sion Sono"
tt3792960,5,2015-10-11,"El nuevo nuevo testamento","Le tout nouveau testament",https://www.imdb.com/title/tt3792960,Película,7.1,114,2015,"Comedia, Fantasía, Drama",37285,"2015-10-16","Jaco Van Dormael"
tt1582507,3,2015-10-03,"La casa al final de la calle","House at the End of the Street",https://www.imdb.com/title/tt1582507,Película,5.5,101,2012,"Terror, Suspense, Drama, Misterio",85030,"2012-09-21","Mark Tonderai"
tt0465602,6,2015-10-02,"Shoot 'Em Up: En el punto de mira","Shoot 'Em Up",https://www.imdb.com/title/tt0465602,Película,6.6,86,2007,"Acción, Suspense, Comedia",159776,"2007-10-31","Michael Davis"
tt3715320,5,2015-09-30,"Irrational Man","Irrational Man",https://www.imdb.com/title/tt3715320,Película,6.6,95,2015,"Comedia, Drama, Romance, Crimen",70973,"2015-09-25","Woody Allen"
tt3179568,7,2015-09-26,"Hombres, mujeres & niños","Men, Women & Children",https://www.imdb.com/title/tt3179568,Película,6.6,119,2014,"Comedia, Drama",35104,"2014-12-12","Jason Reitman"
tt1951216,5,2015-09-25,"La mirada del amor","The Look of Love",https://www.imdb.com/title/tt1951216,Película,6.0,101,2013,"Comedia, Drama, Biografía",7668,"2013-04-26","Michael Winterbottom"
tt2048837,7,2015-09-23,"Pura vida - The Ridge","Pura vida - The Ridge",https://www.imdb.com/title/tt2048837,Película,7.4,85,2012,"Documental, Aventura, Biografía, Deporte, Drama",195,"2012-09-23","Pablo Iraburu,Migueltxo Molina"
tt1650554,5,2015-09-21,"Kick Ass 2: Con un par","Kick-Ass 2",https://www.imdb.com/title/tt1650554,Película,6.5,103,2013,"Acción, Comedia, Crimen, Suspense, Drama",301716,"2013-08-30","Jeff Wadlow"
tt3837246,5,2015-09-19,"Assassination Classroom","Ansatsu kyôshitsu",https://www.imdb.com/title/tt3837246,Serie de TV,7.9,23,2013,"Animación, Acción, Comedia, Ciencia ficción, Fantasía",29768,"2015-01-09",
tt2719848,4,2015-09-19,"Everest","Everest",https://www.imdb.com/title/tt2719848,Película,7.1,121,2015,"Aventura, Drama, Suspense, Biografía",249156,"2015-09-18","Baltasar Kormákur"
tt2235108,6,2015-09-19,"Querida gente blanca","Dear White People",https://www.imdb.com/title/tt2235108,Película,6.1,108,2014,"Comedia, Drama, Romance",27321,"2014-12-04","Justin Simien"
tt1470827,6,2015-09-16,"Monsters","Monsters",https://www.imdb.com/title/tt1470827,Película,6.3,94,2010,"Drama, Ciencia ficción, Suspense, Aventura, Romance",102343,"2011-01-21","Gareth Edwards"
tt3469910,4,2015-09-14,"Black Coal","Bai ri yan huo",https://www.imdb.com/title/tt3469910,Película,6.7,110,2014,"Misterio, Suspense, Crimen, Drama",10398,"2014-03-21","Yi'nan Diao"
tt3480886,3,2015-09-14,"Ma ma","Ma ma",https://www.imdb.com/title/tt3480886,Película,6.4,111,2015,"Drama",5085,"2015-09-11","Julio Medem"
tt2733258,8,2015-09-13,"El extraño color de las lágrimas de tu cuerpo","L'étrange couleur des larmes de ton corps",https://www.imdb.com/title/tt2733258,Película,5.9,102,2013,"Suspense, Misterio, Terror",4703,"2014-03-12","Hélène Cattet,Bruno Forzani"
tt1426352,8,2015-09-13,"Amer","Amer",https://www.imdb.com/title/tt1426352,Película,6.1,90,2009,"Suspense, Drama, Misterio, Terror",7018,"2010-03-03","Hélène Cattet,Bruno Forzani"
tt0360845,7,2015-09-12,"Nuestra música","Notre musique",https://www.imdb.com/title/tt0360845,Película,6.8,80,2004,"Drama",3312,"2005-01-14","Jean-Luc Godard"
tt0179215,9,2015-09-09,"Histoire(s) du cinéma: Les signes parmi nous","Histoire(s) du cinéma: Les signes parmi nous",https://www.imdb.com/title/tt0179215,Episodio de TV,7.2,38,1999,"Documental",699,"1999-08-26","Jean-Luc Godard"
tt0179214,9,2015-09-09,"Histoire(s) du cinéma: Le contrôle de l'univers","Histoire(s) du cinéma: Le contrôle de l'univers",https://www.imdb.com/title/tt0179214,Episodio de TV,7.1,27,1999,"Documental",707,"1999-08-19","Jean-Luc Godard"
tt0179217,9,2015-09-09,"Histoire(s) du cinéma: Une vague nouvelle","Histoire(s) du cinéma: Une vague nouvelle",https://www.imdb.com/title/tt0179217,Episodio de TV,7.2,27,1999,"Documental",785,"1999-08-12","Jean-Luc Godard"
tt0179213,9,2015-09-09,"Histoire(s) du cinéma: Historias del cine: La moneda de lo absoluto","Histoire(s) du cinéma: La monnaie de l'absolu",https://www.imdb.com/title/tt0179213,Episodio de TV,7.4,27,1999,"Documental",721,"1999-08-05","Jean-Luc Godard"
tt0179212,9,2015-09-09,"Histoire(s) du cinéma: Fatale beauté","Histoire(s) du cinéma: Fatale beauté",https://www.imdb.com/title/tt0179212,Episodio de TV,7.2,28,1994,"Documental",792,"1999-07-29","Jean-Luc Godard"
tt0118339,9,2015-09-09,"Histoire(s) du cinéma: Seul le cinéma","Histoire(s) du cinéma: Seul le cinéma",https://www.imdb.com/title/tt0118339,Episodio de TV,7.0,26,1994,"Documental",765,"1999-07-22","Jean-Luc Godard"
tt0179216,9,2015-09-09,"Histoire(s) du cinéma: Une histoire seule","Histoire(s) du cinéma: Une histoire seule",https://www.imdb.com/title/tt0179216,Episodio de TV,7.1,42,1989,"Documental",814,"1989-05-14","Jean-Luc Godard"
tt3577624,6,2015-09-09,"Un día perfecto","A Perfect Day",https://www.imdb.com/title/tt3577624,Película,6.8,106,2015,"Drama, Comedia, Bélico",24755,"2015-08-28","Fernando León de Aranoa"
tt1120985,7,2015-09-07,"Blue Valentine","Blue Valentine",https://www.imdb.com/title/tt1120985,Película,7.3,112,2010,"Romance, Drama",228029,"2013-02-22","Derek Cianfrance"
tt0097514,9,2015-09-06,"Histoire(s) du cinéma: Toutes les histoires","Histoire(s) du cinéma: Toutes les histoires",https://www.imdb.com/title/tt0097514,Episodio de TV,7.0,51,1988,"Documental",1022,"2000-11-23","Jean-Luc Godard"
tt0436697,5,2015-09-03,"The Queen (La reina)","The Queen",https://www.imdb.com/title/tt0436697,Película,7.3,103,2006,"Biografía, Drama",120119,"2006-11-08","Stephen Frears"
tt0069762,7,2015-09-02,"Malas tierras","Badlands",https://www.imdb.com/title/tt0069762,Película,7.7,94,1973,"Acción, Crimen, Drama",85312,"1975-04-14","Terrence Malick"
tt0010323,10,2015-09-01,"El gabinete del Dr. Caligari","Das Cabinet des Dr. Caligari",https://www.imdb.com/title/tt0010323,Película,8.0,50,1920,"Misterio, Suspense, Terror",76815,"1920-02-27","Robert Wiene"
tt1615147,5,2015-08-31,"Margin Call","Margin Call",https://www.imdb.com/title/tt1615147,Película,7.1,107,2011,"Suspense, Drama",164267,"2011-10-21","J.C. Chandor"
tt0113277,6,2015-08-30,"Heat","Heat",https://www.imdb.com/title/tt0113277,Película,8.3,170,1995,"Drama, Acción, Crimen",816318,"1996-02-09","Michael Mann"
tt2175927,1,2015-08-30,"Buques de guerra americanos","American Battleship",https://www.imdb.com/title/tt2175927,Vídeo,2.8,89,2012,"Acción, Ciencia ficción, Suspense, Aventura, Bélico",2885,"2012-05-15","Thunder Levin"
tt1638355,7,2015-08-29,"Operación U.N.C.L.E.","The Man from U.N.C.L.E.",https://www.imdb.com/title/tt1638355,Película,7.2,116,2015,"Acción, Aventura, Comedia",359776,"2015-08-14","Guy Ritchie"
tt0013442,8,2015-08-28,"Nosferatu","Nosferatu, eine Symphonie des Grauens",https://www.imdb.com/title/tt0013442,Película,7.8,95,1922,"Fantasía, Terror",124217,"1922-12-19","F.W. Murnau"
tt2499076,7,2015-08-19,"The Crash Reel","The Crash Reel",https://www.imdb.com/title/tt2499076,Película,8.2,108,2013,"Documental, Biografía, Deporte",5255,"2013-10-04","Lucy Walker"
tt0144084,5,2015-08-12,"American Psycho","American Psycho",https://www.imdb.com/title/tt0144084,Película,7.6,102,2000,"Crimen, Terror, Drama",853472,"2000-09-29","Mary Harron"
tt0159097,5,2015-08-11,"Las vírgenes suicidas","The Virgin Suicides",https://www.imdb.com/title/tt0159097,Película,7.2,97,1999,"Romance, Drama",188197,"2000-05-05","Sofia Coppola"
tt1100089,7,2015-08-11,"Foxcatcher","Foxcatcher",https://www.imdb.com/title/tt1100089,Película,7.0,134,2014,"Drama, Biografía, Deporte, Historia",155808,"2015-02-06","Bennett Miller"
tt1837574,8,2015-08-06,"Hiena. El infierno del crimen","Hyena",https://www.imdb.com/title/tt1837574,Película,6.2,112,2014,"Crimen, Drama, Suspense",3711,"2015-03-06","Gerard Johnson"
tt1756851,2,2015-08-02,"Twixt","Twixt",https://www.imdb.com/title/tt1756851,Película,4.8,80,2011,"Terror, Misterio, Comedia, Fantasía, Suspense",13535,"2022-09-30","Francis Ford Coppola"
tt0058701,6,2015-08-02,"La mujer casada","Une femme mariée : Suite de fragments d'un film tourné en 1964",https://www.imdb.com/title/tt0058701,Película,7.1,95,1964,"Romance, Drama",4807,"1975-07-16","Jean-Luc Godard"
tt2132285,6,2015-08-02,"The Bling Ring","The Bling Ring",https://www.imdb.com/title/tt2132285,Película,5.6,90,2013,"Crimen, Drama, Biografía",96364,"2013-10-11","Sofia Coppola"
tt3235888,9,2015-07-31,"It Follows","It Follows",https://www.imdb.com/title/tt3235888,Película,6.8,100,2014,"Terror, Misterio, Suspense",303639,"2015-05-29","David Robert Mitchell"
tt0250797,5,2015-07-30,"Infiel (Unfaithful)","Unfaithful",https://www.imdb.com/title/tt0250797,Película,6.7,125,2002,"Romance, Drama, Suspense",108568,"2002-06-14","Adrian Lyne"
tt2582846,5,2015-07-30,"Bajo la misma estrella","The Fault in Our Stars",https://www.imdb.com/title/tt2582846,Película,7.6,126,2014,"Drama, Romance",427500,"2014-07-04","Josh Boone"
tt0478970,5,2015-07-28,"Ant-Man","Ant-Man",https://www.imdb.com/title/tt0478970,Película,7.2,117,2015,"Acción, Ciencia ficción, Comedia",792281,"2015-07-24","Peyton Reed"
tt1291584,7,2015-07-28,"Warrior","Warrior",https://www.imdb.com/title/tt1291584,Película,8.1,140,2011,"Drama, Deporte, Acción",532960,"2011-09-09","Gavin O'Connor"
tt0091042,6,2015-07-27,"Todo en un día","Ferris Bueller's Day Off",https://www.imdb.com/title/tt0091042,Película,7.8,103,1986,"Comedia",419866,"1987-02-05","John Hughes"
tt2870648,5,2015-07-26,"Amy (la chica detrás del nombre)","Amy",https://www.imdb.com/title/tt2870648,Película,7.8,128,2015,"Documental, Música, Biografía",58164,"2015-07-17","Asif Kapadia"
tt2872732,4,2015-07-26,"Lucy","Lucy",https://www.imdb.com/title/tt2872732,Película,6.4,89,2014,"Acción, Ciencia ficción, Suspense",584890,"2014-08-22","Luc Besson"
tt1385956,7,2015-07-24,"Locos por las partículas","Particle Fever",https://www.imdb.com/title/tt1385956,Película,7.4,99,2013,"Documental",7736,"2014-09-11","Mark Levinson"
tt3899796,3,2015-07-23,"Sharknado 3","Sharknado 3: Oh Hell No!",https://www.imdb.com/title/tt3899796,Película de TV,4.1,93,2015,"Terror, Ciencia ficción, Comedia, Acción, Aventura, Suspense",14942,"2015-07-23","Anthony C. Ferrante"
tt0242527,4,2015-07-23,"The hole","The Hole",https://www.imdb.com/title/tt0242527,Película,6.2,102,2001,"Misterio, Drama, Suspense",50229,"2002-01-04","Nick Hamm"
tt2870612,6,2015-07-18,"Así en la tierra como en el infierno","As Above, So Below",https://www.imdb.com/title/tt2870612,Película,6.3,93,2014,"Suspense, Terror, Misterio, Aventura",133454,"2014-09-19","John Erick Dowdle"
tt2096673,7,2015-07-18,"Del revés (Inside Out)","Inside Out",https://www.imdb.com/title/tt2096673,Película,8.1,95,2015,"Animación, Comedia, Familiar, Aventura, Drama, Fantasía",930496,"2015-07-17","Pete Docter,Ronnie Del Carmen"
tt0019760,10,2015-07-18,"El hombre de la cámara","Chelovek s kino-apparatom",https://www.imdb.com/title/tt0019760,Película,8.3,68,1929,"Documental",30654,"1929-05-12","Dziga Vertov"
tt0015648,10,2015-07-18,"El acorazado Potemkin","Bronenosets Potyomkin",https://www.imdb.com/title/tt0015648,Película,7.9,70,1925,"Historia, Drama, Suspense, Bélico",65574,"1925-12-24","Sergei Eisenstein"
tt2272350,4,2015-07-15,"The Battery","The Battery",https://www.imdb.com/title/tt2272350,Película,6.2,101,2012,"Drama, Terror, Aventura",11563,"2013-06-04","Jeremy Gardner"
tt3612616,9,2015-07-14,"Mommy","Mommy",https://www.imdb.com/title/tt3612616,Película,8.0,139,2014,"Drama",66059,"2015-03-05","Xavier Dolan"
tt3506302,6,2015-07-11,"La cueva","La cueva",https://www.imdb.com/title/tt3506302,Película,5.7,80,2014,"Terror, Suspense, Drama",2874,"2014-07-11","Alfredo Montero"
tt2368635,7,2015-07-09,"Bird People","Bird People",https://www.imdb.com/title/tt2368635,Película,6.1,127,2014,"Drama, Fantasía, Romance",3405,"2014-06-04","Pascale Ferran"
tt1745787,8,2015-07-06,"The Tribe","Plemya",https://www.imdb.com/title/tt1745787,Película,6.9,126,2014,"Drama, Crimen",12774,"2014-09-11","Myroslav Slaboshpytskyi"
tt2668150,5,2015-07-06,"Ruined Heart: Another Lovestory Between a Criminal & a Whore","Ruined Heart: Another Lovestory Between a Criminal & a Whore",https://www.imdb.com/title/tt2668150,Película,6.1,73,2014,"Musical, Drama",503,"2015-03-26","Khavn"
tt3592704,5,2015-06-30,"Life May Be","Life May Be",https://www.imdb.com/title/tt3592704,Película,6.2,80,2014,"Documental, Biografía",82,"2014-06-21","Mania Akbari,Mark Cousins"
tt4174320,4,2015-06-30,"6 Desires: DH Lawrence and Sardinia","6 Desires: DH Lawrence and Sardinia",https://www.imdb.com/title/tt4174320,Película,7.4,85,2014,"Documental, Biografía, Historia",47,"2014-10-16","Mark Cousins"
tt2752758,3,2015-06-29,"El heredero del diablo","Devil's Due",https://www.imdb.com/title/tt2752758,Película,4.2,89,2014,"Terror, Misterio",18600,"2014-04-25","Matt Bettinelli-Olpin,Tyler Gillett"
tt4142204,6,2015-06-29,"Lunático","Lunático",https://www.imdb.com/title/tt4142204,Película,6.8,77,2014,"Drama",17,"2014-11","Eduard Sola"
tt3158416,5,2015-06-29,"Here Be Dragons","Here Be Dragons",https://www.imdb.com/title/tt3158416,Película,7.0,79,2013,"Documental",52,"2013-08-30","Mark Cousins"
tt2577150,7,2015-06-27,"Drogówka","Drogówka",https://www.imdb.com/title/tt2577150,Película,7.3,118,2012,"Crimen, Drama",5493,"2013-02-01","Wojciech Smarzowski"
tt0086216,5,2015-06-26,"La ley de la calle","Rumble Fish",https://www.imdb.com/title/tt0086216,Película,7.1,94,1983,"Crimen, Romance, Drama",41598,"1984-09-24","Francis Ford Coppola"
tt3905060,3,2015-06-26,"Fort Buchanan","Fort Buchanan",https://www.imdb.com/title/tt3905060,Película,5.2,65,2014,"Drama, Comedia, Romance",195,"2015-06-03","Benjamin Crotty"
tt2125501,6,2015-06-26,"Electric Boogaloo: la loca historia de Cannon Films","Electric Boogaloo: The Wild, Untold Story of Cannon Films",https://www.imdb.com/title/tt2125501,Película,7.4,106,2014,"Documental, Biografía, Historia",6416,"2015-06-05","Mark Hartley"
tt3254656,7,2015-06-24,"Beyond Clueless","Beyond Clueless",https://www.imdb.com/title/tt3254656,Película,6.2,89,2014,"Documental, Terror, Romance, Suspense",1037,"2015-01-23","Charlie Shackleton"
tt3290680,6,2015-06-22,"Todo parecía perfecto","Todo parecía perfecto",https://www.imdb.com/title/tt3290680,Película,6.7,,2014,"Romance",33,"2014-03-22","Alejo Levis"
tt3257072,7,2015-06-20,"Mahi va gorbeh","Mahi va gorbeh",https://www.imdb.com/title/tt3257072,Película,7.0,134,2013,"Drama, Misterio, Terror",3194,"2014-10-03","Shahram Mokri"
tt0016847,8,2015-06-19,"Fausto","Faust: Eine deutsche Volkssage",https://www.imdb.com/title/tt0016847,Película,8.1,107,1926,"Fantasía, Terror, Drama",18564,"1926-09-20","F.W. Murnau"
tt2141751,7,2015-06-19,"God Help the Girl","God Help the Girl",https://www.imdb.com/title/tt2141751,Película,6.4,112,2014,"Música, Drama, Romance",9548,"2014-08-22","Stuart Murdoch"
tt0937237,7,2015-06-19,"Redacted","Redacted",https://www.imdb.com/title/tt0937237,Película,6.1,90,2007,"Bélico, Crimen, Suspense",11734,"2007-11-16","Brian De Palma"
tt1531901,5,2015-06-18,"Byzantium","Byzantium",https://www.imdb.com/title/tt1531901,Película,6.5,118,2012,"Drama, Fantasía, Suspense, Terror",49010,"2013-05-31","Neil Jordan"
tt0015064,6,2015-06-17,"El último","Der letzte Mann",https://www.imdb.com/title/tt0015064,Película,8.0,88,1924,"Drama",16683,"1925-01-05","F.W. Murnau"
tt3720724,6,2015-06-17,"Requisitos para ser una persona normal","Requisitos para ser una persona normal",https://www.imdb.com/title/tt3720724,Película,6.4,90,2015,"Comedia, Romance",3161,"2015-06-04","Leticia Dolera"
tt0099484,5,2015-06-16,"Las edades de Lulú","Las edades de Lulú",https://www.imdb.com/title/tt0099484,Película,5.5,95,1990,"Drama",4693,"1991-04-12","Bigas Luna"
tt3089904,4,2015-06-16,"Violet","Violet",https://www.imdb.com/title/tt3089904,Película,6.0,85,2014,"Drama, Acción, Familiar",569,"2014-11-06","Bas Devos"
tt0073818,1,2015-06-15,"Tres suecas para tres Rodríguez","Tres suecas para tres Rodríguez",https://www.imdb.com/title/tt0073818,Película,3.9,90,1975,"Comedia",68,"1975-07-15","Pedro Lazaga"
tt4532366,4,2015-06-15,"Stand by for Tape Back-up","Stand by for Tape Back-up",https://www.imdb.com/title/tt4532366,Película,7.6,63,2015,"Documental",88,"2015-04-24","Ross Sutherland"
tt3626760,6,2015-06-14,"Negociador","Negociador",https://www.imdb.com/title/tt3626760,Película,6.2,79,2014,"Comedia, Drama",993,"2014-09-22","Borja Cobeaga"
tt0084870,3,2015-06-13,"Visita ou Memórias e Confissões","Visita ou Memórias e Confissões",https://www.imdb.com/title/tt0084870,Película,7.0,73,1993,"Biografía, Historia",443,"2016-04-06","Manoel de Oliveira"
tt2404311,4,2015-06-13,"Malavita","The Family",https://www.imdb.com/title/tt2404311,Película,6.3,111,2013,"Comedia, Crimen, Suspense",128914,"2013-11-15","Luc Besson"
tt0976051,6,2015-06-13,"The Reader (El lector)","The Reader",https://www.imdb.com/title/tt0976051,Película,7.6,124,2008,"Drama, Romance, Misterio",275321,"2009-02-13","Stephen Daldry"
tt3904754,5,2015-06-12,"La Princesa de Francia","La princesa de Francia",https://www.imdb.com/title/tt3904754,Película,6.0,67,2014,"Drama, Comedia, Romance",317,"2015-06-12","Matías Piñeiro"
tt3833134,6,2015-06-12,"El segador","Kosac",https://www.imdb.com/title/tt3833134,Película,6.0,98,2014,"Drama",437,"2015-02-19","Zvonimir Juric"
tt0037824,5,2015-06-11,"Iván el terrible","Ivan Groznyy",https://www.imdb.com/title/tt0037824,Película,7.6,103,1944,"Biografía, Historia, Drama",11889,"1944-12-30","Sergei Eisenstein"
tt0068182,5,2015-06-10,"Aguirre, la cólera de Dios","Aguirre, der Zorn Gottes",https://www.imdb.com/title/tt0068182,Película,7.8,95,1972,"Historia, Biografía, Acción, Drama, Aventura",68899,"1972-12-29","Werner Herzog"
tt0051790,6,2015-06-10,"Iván el Terrible, segunda parte: la conjura de los boyardos","Ivan Groznyy. Skaz vtoroy: Boyarskiy zagovor",https://www.imdb.com/title/tt0051790,Película,7.7,88,1946,"Historia, Biografía, Drama",8859,"1958-09-01","Sergei Eisenstein"
tt3531290,7,2015-06-10,"O Touro","O Touro",https://www.imdb.com/title/tt3531290,Película,6.6,78,2015,"Documental, Drama, Aventura, Fantasía, Misterio",32,"2015","Larissa Figueiredo"
tt4478128,2,2015-06-08,"Li Wen man you Dong Hu","Li Wen man you Dong Hu",https://www.imdb.com/title/tt4478128,Película,7.2,117,2015,"Documental",52,"2015-06-08","Luo Li"
tt3907156,6,2015-06-07,"Caballo dinero","Cavalo Dinheiro",https://www.imdb.com/title/tt3907156,Película,6.9,103,2014,"Drama",2154,"2014-12-04","Pedro Costa"
tt1723121,2,2015-06-05,"Somos los Miller","We're the Millers",https://www.imdb.com/title/tt1723121,Película,7.0,110,2013,"Comedia, Crimen",529614,"2013-11-08","Rawson Marshall Thurber"
tt0066167,3,2015-06-05,"Llega Sartana","Una nuvola di polvere... un grido di morte... arriva Sartana",https://www.imdb.com/title/tt0066167,Película,6.4,99,1970,"Drama, Del oeste",1440,"1971-07-30","Giuliano Carnimeo"
tt0114115,1,2015-06-04,"El perro del hortelano","El perro del hortelano",https://www.imdb.com/title/tt0114115,Película,6.8,119,1996,"Romance, Comedia",1139,"1996-10-25","Pilar Miró"
tt1959490,4,2015-06-04,"Noé","Noah",https://www.imdb.com/title/tt1959490,Película,5.8,138,2014,"Drama, Aventura, Acción",278488,"2014-04-04","Darren Aronofsky"
tt0113918,6,2015-06-04,"Nadie hablará de nosotras cuando hayamos muerto","Nadie hablará de nosotras cuando hayamos muerto",https://www.imdb.com/title/tt0113918,Película,6.8,104,1995,"Crimen, Suspense, Drama",2359,"1995-10-05","Agustín Díaz Yanes"
tt0015361,7,2015-06-04,"La huelga","Stachka",https://www.imdb.com/title/tt0015361,Película,7.6,81,1925,"Drama",9595,"1977-07-04","Sergei Eisenstein"
tt0018806,7,2015-05-31,"Y el mundo marcha","The Crowd",https://www.imdb.com/title/tt0018806,Película,8.0,98,1928,"Romance, Drama",10117,"1928-12-29","King Vidor"
tt0102511,7,2015-05-31,"El almuerzo desnudo","Naked Lunch",https://www.imdb.com/title/tt0102511,Película,6.9,115,1991,"Misterio, Drama",61326,"2007-03-09","David Cronenberg"
tt2210769,8,2015-05-31,"Un hada llamada Liza","Liza, a rókatündér",https://www.imdb.com/title/tt2210769,Película,7.5,98,2015,"Comedia, Romance, Fantasía",10089,"2015-02-19","Károly Ujj Mészáros"
tt0018217,7,2015-05-31,"Octubre","Oktyabr",https://www.imdb.com/title/tt0018217,Película,7.4,142,1928,"Historia, Drama",9084,"1928-09-24","Grigoriy Aleksandrov,Sergei Eisenstein"
tt3279176,5,2015-05-31,"Suburban Gothic","Suburban Gothic",https://www.imdb.com/title/tt3279176,Película,5.5,90,2014,"Comedia, Terror",5605,"2015-01-30","Richard Bates Jr."
tt3399896,5,2015-05-31,"Terminus","Terminus",https://www.imdb.com/title/tt3399896,Película,5.3,94,2015,"Ciencia ficción, Drama",6464,"2016-01-22","Marc Furmie"
tt2944198,6,2015-05-31,"En el bosque sobrevive","Backcountry",https://www.imdb.com/title/tt2944198,Película,6.0,92,2014,"Suspense, Drama, Terror, Aventura",27487,"2015-08-28","Adam MacDonald"
tt0089885,7,2015-05-31,"Re-Animator","Re-Animator",https://www.imdb.com/title/tt0089885,Película,7.1,84,1985,"Comedia, Ciencia ficción, Terror",79390,"1986-01-16","Stuart Gordon"
tt0089013,6,2015-05-30,"Demons","Dèmoni",https://www.imdb.com/title/tt0089013,Película,6.6,88,1985,"Terror",29956,"1987-08-24","Lamberto Bava"
tt3654680,5,2015-05-30,"Vampyres","Vampyres",https://www.imdb.com/title/tt3654680,Película,3.2,76,2015,"Terror",1476,"2017-09-21","Víctor Matellano"
tt0080661,6,2015-05-30,"Vestida para matar","Dressed to Kill",https://www.imdb.com/title/tt0080661,Película,7.0,104,1980,"Crimen, Drama, Misterio, Suspense",56130,"1981-01-26","Brian De Palma"
tt0084516,8,2015-05-27,"Poltergeist (Fenómenos extraños)","Poltergeist",https://www.imdb.com/title/tt0084516,Película,7.3,114,1982,"Suspense, Terror",196633,"1982-09-15","Tobe Hooper"
tt2165765,3,2015-05-27,"Fear Clinic","Fear Clinic",https://www.imdb.com/title/tt2165765,Película,4.2,95,2014,"Terror",4794,"2015-07-09","Robert Hall"
tt0087800,8,2015-05-26,"Pesadilla en Elm Street","A Nightmare on Elm Street",https://www.imdb.com/title/tt0087800,Película,7.4,91,1984,"Terror",294155,"1985-10-31","Wes Craven"
tt2179239,3,2015-05-26,"La última función","The Last Showing",https://www.imdb.com/title/tt2179239,Película,5.1,89,2014,"Suspense, Terror",1777,"2014-08-22","Phil Hawkins"
tt2191888,3,2015-05-25,"Proxy","Proxy",https://www.imdb.com/title/tt2191888,Película,5.7,122,2013,"Suspense, Terror",4605,"2014-04-18","Zack Parker"
tt2090497,4,2015-05-25,"Hijo de Caín","Fill de Caín",https://www.imdb.com/title/tt2090497,Película,6.0,90,2013,"Suspense",1139,"2013-05-31","Jesús Monllaó"
tt3233972,4,2015-05-25,"Mark of the Witch","Mark of the Witch",https://www.imdb.com/title/tt3233972,Película,2.6,80,2014,"Fantasía, Terror, Ciencia ficción",656,"2016-06-06","Jason Bognacki"
tt2815072,3,2015-05-25,"Indigenous","Indigenous",https://www.imdb.com/title/tt2815072,Película,4.5,86,2014,"Terror",4557,"2015-05-26","Alastair Orr"
tt1528071,6,2015-05-25,"Cuernos (Horns)","Horns",https://www.imdb.com/title/tt1528071,Película,6.4,120,2013,"Fantasía, Suspense, Comedia, Misterio, Terror",92404,"2014-10-03","Alexandre Aja"
tt2053425,7,2015-05-24,"De óxido y hueso","De rouille et d'os",https://www.imdb.com/title/tt2053425,Película,7.4,120,2012,"Drama, Romance",73252,"2012-12-14","Jacques Audiard"
tt2343793,6,2015-05-23,"En tercera persona","Third Person",https://www.imdb.com/title/tt2343793,Película,6.3,137,2013,"Drama, Romance",30409,"2015-03-06","Paul Haggis"
tt1392190,7,2015-05-23,"Mad Max: Furia en la carretera","Mad Max: Fury Road",https://www.imdb.com/title/tt1392190,Película,8.1,120,2015,"Acción, Aventura, Ciencia ficción",1218951,"2015-05-15","George Miller"
tt0391198,4,2015-05-21,"El grito","The Grudge",https://www.imdb.com/title/tt0391198,Película,5.9,91,2004,"Terror, Misterio, Suspense",159354,"2005-01-21","Takashi Shimizu"
tt0086541,7,2015-05-21,"Videodrome","Videodrome",https://www.imdb.com/title/tt0086541,Película,7.2,87,1983,"Terror, Suspense, Drama, Ciencia ficción",114287,"1983-02-04","David Cronenberg"
tt1661862,6,2015-05-20,"No habrá paz para los malvados","No habrá paz para los malvados",https://www.imdb.com/title/tt1661862,Película,6.4,114,2011,"Suspense, Crimen",5868,"2011-09-23","Enrique Urbizu"
tt0762073,6,2015-05-17,"Thirst","Bakjwi",https://www.imdb.com/title/tt0762073,Película,7.1,134,2009,"Terror, Drama, Romance, Fantasía",55621,"2009-04-30","Park Chan-wook"
tt2853960,7,2015-05-17,"No todo es vigilia","No todo es vigilia",https://www.imdb.com/title/tt2853960,Película,6.9,98,2014,"Documental, Drama",68,"2015-07-25","Hermes Paralluelo"
tt1967545,5,2015-05-17,"Una vida en tres días","Labor Day",https://www.imdb.com/title/tt1967545,Película,6.9,111,2013,"Drama, Romance, Suspense, Crimen",57346,"2014-03-14","Jason Reitman"
tt1250777,6,2015-05-16,"Kick-Ass: Listo para machacar","Kick-Ass",https://www.imdb.com/title/tt1250777,Película,7.6,117,2010,"Comedia, Acción, Crimen",624055,"2010-06-04","Matthew Vaughn"
tt2380207,7,2015-05-15,"Stockholm","Stockholm",https://www.imdb.com/title/tt2380207,Película,6.8,90,2013,"Drama, Romance",5535,"2013-11-08","Borja Soler,Rodrigo Sorogoyen"
tt0352230,5,2015-05-14,"Carmen","Carmen",https://www.imdb.com/title/tt0352230,Película,6.1,119,2003,"Romance, Drama",2450,"2003-10-03","Vicente Aranda"
tt0071994,7,2015-05-14,"El fantasma del Paraíso","Phantom of the Paradise",https://www.imdb.com/title/tt0071994,Película,7.3,91,1974,"Suspense, Música, Fantasía, Drama, Romance, Terror, Comedia",26495,"1975-10-31","Brian De Palma"
tt0387055,6,2015-05-13,"Batalla en el cielo","Batalla en el cielo",https://www.imdb.com/title/tt0387055,Película,5.5,98,2005,"Drama, Crimen",6970,"2005-10-14","Carlos Reygadas"
tt1742336,6,2015-05-13,"El amigo de mi hermana","Your Sister's Sister",https://www.imdb.com/title/tt1742336,Película,6.7,90,2011,"Drama, Comedia, Romance",29230,"2012-08-31","Lynn Shelton"
tt2085910,7,2015-05-13,"Habitación 237","Room 237",https://www.imdb.com/title/tt2085910,Película,6.2,102,2012,"Documental",24017,"2012-10-26","Rodney Ascher"
tt3211400,5,2015-05-12,"A cambio de nada","A cambio de nada",https://www.imdb.com/title/tt3211400,Película,6.5,93,2015,"Drama",2897,"2015-05-08","Daniel Guzmán"
tt2937898,4,2015-05-12,"El año más violento","A Most Violent Year",https://www.imdb.com/title/tt2937898,Película,6.9,125,2014,"Drama, Crimen, Suspense",82232,"2015-03-19","J.C. Chandor"
tt0091203,5,2015-05-09,"Los inmortales","Highlander",https://www.imdb.com/title/tt0091203,Película,7.0,116,1986,"Fantasía, Acción, Aventura",160570,"1986-09-01","Russell Mulcahy"
tt0087436,3,2015-05-09,"Hundra","Hundra",https://www.imdb.com/title/tt0087436,Película,4.6,90,1983,"Aventura, Fantasía",1734,"1983-07-23","Matt Cimber"
tt3263548,6,2015-05-09,"The Seventh Fire","The Seventh Fire",https://www.imdb.com/title/tt3263548,Película,5.9,76,2015,"Documental, Drama, Familiar",222,"2016-05-13","Jack Riccobono"
tt4176750,7,2015-05-09,"Tell Spring Not to Come This Year","Tell Spring Not to Come This Year",https://www.imdb.com/title/tt4176750,Película,6.9,84,2015,"Documental, Bélico",391,"2015-11-13","Saeed Taji Farouky,Michael McEvoy"
tt3704008,5,2015-05-09,"Of Men and War","Of Men and War",https://www.imdb.com/title/tt3704008,Película,6.9,142,2014,"Documental, Historia, Bélico",179,"2014-10-22","Laurent Bécue-Renard"
tt3547740,5,2015-05-09,"La familia Bélier","La famille Bélier",https://www.imdb.com/title/tt3547740,Película,7.3,106,2014,"Comedia, Drama, Música",31572,"2015-04-24","Éric Lartigau"
tt1727523,4,2015-05-09,"My Amityville Horror","My Amityville Horror",https://www.imdb.com/title/tt1727523,Película,5.4,88,2012,"Documental, Terror",2196,"2012-07-22","Eric Walter"
tt0071768,4,2015-05-09,"La loba y la paloma","La loba y la Paloma",https://www.imdb.com/title/tt0071768,Película,4.8,94,1974,"Drama, Suspense, Terror",127,"1974-09-09","Gonzalo Suárez"
tt3521134,7,2015-05-09,"La mirada del silencio","The Look of Silence",https://www.imdb.com/title/tt3521134,Película,8.3,103,2014,"Documental, Biografía, Historia",15043,"2014-11-13","Joshua Oppenheimer"
tt0078767,6,2015-05-08,"Terror en Amityville","The Amityville Horror",https://www.imdb.com/title/tt0078767,Película,6.2,117,1979,"Terror",49502,"1979-07-27","Stuart Rosenberg"
tt4328296,5,2015-05-03,"Un lloc on caure mort","Un lloc on caure mort",https://www.imdb.com/title/tt4328296,Película,6.5,65,2015,"Documental, Biografía, Música",14,"2015-02-11","Miguel Ángel Blanca,Raúl Cuevas"
tt3113384,5,2015-05-01,"Game Over","Game Over",https://www.imdb.com/title/tt3113384,Película,6.3,78,2015,"Documental, Biografía, Familiar",46,"2015-04-18","Alba Sotorra"
tt4147684,6,2015-05-01,"La Once","La Once",https://www.imdb.com/title/tt4147684,Película,7.5,80,2014,"Documental",620,"2015-06-04","Maite Alberdi"
tt3597624,8,2015-05-01,"Chante ton bac d'abord","Chante ton bac d'abord",https://www.imdb.com/title/tt3597624,Película,6.8,82,2014,"Documental",97,"2014-10-22","David André"
tt4080020,4,2015-04-30,"Malpartida Fluxus Village","Malpartida Fluxus Village",https://www.imdb.com/title/tt4080020,Película,6.2,75,2015,"Documental, Biografía, Historia",6,"2015-11-27","María Pérez"
tt2366608,7,2015-04-30,"Lost River","Lost River",https://www.imdb.com/title/tt2366608,Película,5.7,95,2014,"Fantasía, Suspense, Drama, Misterio",20132,"2015-04-10","Ryan Gosling"
tt4375438,9,2015-04-29,"El Club","El club",https://www.imdb.com/title/tt4375438,Película,7.2,98,2015,"Drama, Misterio, Suspense",12720,"2015-10-09","Pablo Larraín"
tt1490017,5,2015-04-24,"La LEGO película","The LEGO Movie",https://www.imdb.com/title/tt1490017,Película,7.7,100,2014,"Animación, Comedia, Familiar, Aventura, Fantasía, Ciencia ficción, Acción",420518,"2014-02-07","Phil Lord,Christopher Miller"
tt0069029,4,2015-04-19,"La novia ensangrentada","La novia ensangrentada",https://www.imdb.com/title/tt0069029,Película,6.2,102,1972,"Misterio, Terror",2798,"1972-09-30","Vicente Aranda"
tt2721712,5,2015-04-18,"La herida","La herida",https://www.imdb.com/title/tt2721712,Película,6.2,95,2013,"Drama",1384,"2013-10-04","Fernando Franco"
tt0181689,6,2015-04-18,"Minority Report","Minority Report",https://www.imdb.com/title/tt0181689,Película,7.6,145,2002,"Crimen, Ciencia ficción, Misterio, Suspense, Acción",626300,"2002-10-04","Steven Spielberg"
tt0361862,6,2015-04-18,"El maquinista","The Machinist",https://www.imdb.com/title/tt0361862,Película,7.6,101,2004,"Suspense, Drama",445660,"2004-12-17","Brad Anderson"
tt1661199,4,2015-04-14,"Cenicienta","Cinderella",https://www.imdb.com/title/tt1661199,Película,6.9,105,2015,"Romance, Fantasía, Drama, Familiar, Aventura",206666,"2015-03-27","Kenneth Branagh"
tt1305806,7,2015-04-14,"El secreto de sus ojos","El secreto de sus ojos",https://www.imdb.com/title/tt1305806,Película,8.2,129,2009,"Drama, Misterio, Suspense, Romance",244875,"2009-09-25","Juan José Campanella"
tt2389182,6,2015-04-13,"Juegos sucios","Cheap Thrills",https://www.imdb.com/title/tt2389182,Película,6.7,88,2013,"Suspense, Crimen, Comedia, Drama",21620,"2014-12-12","E.L. Katz"
tt1740053,4,2015-04-11,"Un verano ardiente","Un été brûlant",https://www.imdb.com/title/tt1740053,Película,5.0,95,2011,"Drama",2546,"2013-04-19","Philippe Garrel"
tt2481198,6,2015-04-03,"Amanece en Edimburgo","Sunshine on Leith",https://www.imdb.com/title/tt2481198,Película,6.6,100,2013,"Musical, Comedia, Drama, Romance",7756,"2014-06-19","Dexter Fletcher"
tt0086979,7,2015-04-03,"Sangre fácil","Blood Simple",https://www.imdb.com/title/tt0086979,Película,7.5,99,1984,"Crimen, Drama, Suspense",114904,"1985-01-18","Joel Coen,Ethan Coen"
tt0478304,10,2015-04-03,"El árbol de la vida","The Tree of Life",https://www.imdb.com/title/tt0478304,Película,6.8,139,2011,"Drama, Fantasía",193289,"2011-09-16","Terrence Malick"
tt0120338,5,2015-04-03,"Titanic","Titanic",https://www.imdb.com/title/tt0120338,Película,8.0,194,1997,"Romance, Drama",1409652,"1998-01-09","James Cameron"
tt0101410,7,2015-04-03,"Barton Fink","Barton Fink",https://www.imdb.com/title/tt0101410,Película,7.6,116,1991,"Comedia, Suspense, Drama",136365,"1992-03-20","Joel Coen,Ethan Coen"
tt2802144,6,2015-03-28,"Kingsman: Servicio secreto","Kingsman: The Secret Service",https://www.imdb.com/title/tt2802144,Película,7.7,129,2014,"Aventura, Acción, Comedia, Suspense",783491,"2015-02-27","Matthew Vaughn"
tt1791528,6,2015-03-26,"Puro vicio","Inherent Vice",https://www.imdb.com/title/tt1791528,Película,6.6,148,2014,"Crimen, Drama, Misterio, Comedia, Romance",120497,"2015-03-13","Paul Thomas Anderson"
tt1285016,6,2015-03-21,"La red social","The Social Network",https://www.imdb.com/title/tt1285016,Película,7.8,120,2010,"Drama, Biografía",827396,"2010-10-15","David Fincher"
tt3500544,2,2015-03-21,"Perdiendo el norte","Perdiendo el norte",https://www.imdb.com/title/tt3500544,Película,5.8,104,2015,"Comedia, Romance",5768,"2015-03-06","Nacho G. Velilla"
tt1592521,3,2015-03-21,"Primos","Primos",https://www.imdb.com/title/tt1592521,Película,6.6,98,2011,"Comedia, Drama, Romance",5417,"2011-02-04","Daniel Sánchez Arévalo,Raúl Arévalo"
tt0354899,7,2015-03-19,"La ciencia del sueño","La science des rêves",https://www.imdb.com/title/tt0354899,Película,7.2,105,2006,"Comedia, Drama, Romance, Fantasía",72368,"2007-02-09","Michel Gondry"
tt2524674,3,2015-03-19,"Feuchtgebiete","Feuchtgebiete",https://www.imdb.com/title/tt2524674,Película,5.8,109,2013,"Comedia, Drama",13035,"2013-08-22","David Wnendt"
tt3475734,4,2015-03-18,"Agente Carter","Agent Carter",https://www.imdb.com/title/tt3475734,Serie de TV,7.8,45,2015,"Acción, Aventura, Ciencia ficción, Crimen, Misterio, Drama",96242,"2017-03-08",
tt3067038,4,2015-03-18,"Marvel One-Shot: Agente Carter","Marvel One-Shot: Agent Carter",https://www.imdb.com/title/tt3067038,Vídeo,7.4,15,2013,"Corto, Acción, Aventura, Ciencia ficción, Comedia, Drama, Suspense",17127,"2013-09-24","Louis D'Esposito"
tt2179116,6,2015-03-16,"Los reyes del verano","The Kings of Summer",https://www.imdb.com/title/tt2179116,Película,7.1,95,2013,"Comedia, Drama, Aventura",87957,"2013-08-23","Jordan Vogt-Roberts"
tt2043757,3,2015-03-15,"El ataque del tiburón de dos cabezas","2-Headed Shark Attack",https://www.imdb.com/title/tt2043757,Película,2.5,88,2012,"Acción, Terror, Ciencia ficción, Suspense, Aventura, Comedia",7898,"2017-06-14","Christopher Ray"
tt2103217,6,2015-03-15,"Maniac de Franck Khalfoun","Maniac",https://www.imdb.com/title/tt2103217,Película,6.1,89,2012,"Terror, Crimen, Suspense",43042,"2013-01-02","Franck Khalfoun"
tt0120201,5,2015-03-15,"Starship Troopers (Las brigadas del espacio)","Starship Troopers",https://www.imdb.com/title/tt0120201,Película,7.3,129,1997,"Acción, Aventura, Suspense, Ciencia ficción",349487,"1998-01-30","Paul Verhoeven"
tt0240772,5,2015-03-15,"Ocean's Eleven: Hagan juego","Ocean's Eleven",https://www.imdb.com/title/tt0240772,Película,7.7,116,2001,"Suspense, Crimen",681387,"2002-01-18","Steven Soderbergh"
tt2381046,4,2015-03-09,"Jamie Marks está muerto","Jamie Marks Is Dead",https://www.imdb.com/title/tt2381046,Película,5.5,101,2014,"Drama, Fantasía, Misterio",2921,"2014-01-19","Carter Smith"
tt2660332,6,2015-03-09,"LFO","LFO",https://www.imdb.com/title/tt2660332,Película,6.6,94,2013,"Drama, Ciencia ficción",1279,"2014-12-04","Antonio Tublen"
tt2384022,1,2015-03-09,"Crazy Bitches","Crazy Bitches",https://www.imdb.com/title/tt2384022,Película,3.4,100,2014,"Terror, Comedia",1199,"2014-06-26","Jane Clark"
tt3061836,6,2015-03-09,"Cub","Welp",https://www.imdb.com/title/tt3061836,Película,5.9,84,2014,"Terror, Aventura",6495,"2014-10-29","Jonas Govaerts"
tt3395184,3,2015-03-09,"Spring","Spring",https://www.imdb.com/title/tt3395184,Película,6.7,109,2014,"Terror, Romance, Ciencia ficción, Drama",34312,"2015-03-20","Justin Benson,Aaron Moorhead"
tt1865505,6,2015-03-09,"La canción del mar","Song of the Sea",https://www.imdb.com/title/tt1865505,Película,8.0,93,2014,"Animación, Familiar, Fantasía, Aventura, Drama",68868,"2015-05-08","Tomm Moore"
tt4282882,1,2015-03-09,"Hunger Z","Hunger Z",https://www.imdb.com/title/tt4282882,Película,3.1,74,2014,"Comedia, Terror",47,"2014-09-27","Naoto Tsukiashi"
tt1823672,6,2015-03-06,"Chappie","Chappie",https://www.imdb.com/title/tt1823672,Película,6.8,120,2015,"Acción, Suspense, Ciencia ficción, Crimen, Drama",285634,"2015-03-13","Neill Blomkamp"
tt4077768,6,2015-03-01,"Amor eterno","Amor eterno",https://www.imdb.com/title/tt4077768,Película,4.9,69,2014,"Drama, Misterio, Romance, Terror",440,"2014-10-04","Marçal Forés"
tt1024648,6,2015-03-01,"Argo","Argo",https://www.imdb.com/title/tt1024648,Película,7.7,120,2012,"Suspense, Drama, Biografía, Historia",672017,"2012-10-26","Ben Affleck"
tt0243794,5,2015-03-01,"El Bola","El Bola",https://www.imdb.com/title/tt0243794,Película,7.3,88,2000,"Drama",7597,"2000-10-20","Achero Mañas"
tt2179136,5,2015-02-28,"El francotirador","American Sniper",https://www.imdb.com/title/tt2179136,Película,7.3,133,2014,"Acción, Biografía, Bélico, Drama",575056,"2015-02-20","Clint Eastwood"
tt0212854,4,2015-02-22,"Celos","Celos",https://www.imdb.com/title/tt0212854,Película,6.0,105,1999,"Suspense, Drama",660,"1999-09-03","Vicente Aranda"
tt1392214,8,2015-02-22,"Prisioneros","Prisoners",https://www.imdb.com/title/tt1392214,Película,8.2,153,2013,"Crimen, Drama, Suspense, Misterio",954944,"2013-10-11","Denis Villeneuve"
tt1700845,4,2015-02-21,"The Invisible Woman","The Invisible Woman",https://www.imdb.com/title/tt1700845,Película,6.1,111,2013,"Drama, Biografía, Romance, Historia",11002,"2014-06-06","Ralph Fiennes"
tt3699558,4,2015-02-21,"Després de la generació feliç","Després de la generació feliç",https://www.imdb.com/title/tt3699558,Película,null,61,2014,"Musical, Drama, Música",0,,"Miguel Ángel Blanca"
tt3665896,4,2015-02-21,"Estos Días","Estos Días",https://www.imdb.com/title/tt3665896,Película,5.8,,2014,"Drama",11,"2014-03-27","Diego Llorente"
tt1821549,6,2015-02-21,"Nebraska","Nebraska",https://www.imdb.com/title/tt1821549,Película,7.7,115,2013,"Drama",129306,"2014-02-07","Alexander Payne"
tt2140373,4,2015-02-21,"Al encuentro de Mr. Banks","Saving Mr. Banks",https://www.imdb.com/title/tt2140373,Película,7.5,125,2013,"Drama, Biografía, Comedia",176520,"2014-01-31","John Lee Hancock"
tt0068098,4,2015-02-21,"M*A*S*H","M*A*S*H",https://www.imdb.com/title/tt0068098,Serie de TV,8.5,25,1972,"Drama, Bélico, Comedia",69914,"1972-09-17",
tt4131682,5,2015-02-17,"Sueñan los androides","Sueñan los androides",https://www.imdb.com/title/tt4131682,Película,5.1,61,2014,"Ciencia ficción, Suspense",207,"2014-11-08","Ion De Sosa"
tt3646344,6,2015-02-17,"Vergine giurata","Vergine giurata",https://www.imdb.com/title/tt3646344,Película,6.4,84,2015,"Drama",1342,"2015-03-19","Laura Bispuri"
tt4374460,5,2015-02-17,"Aferim!","Aferim!",https://www.imdb.com/title/tt4374460,Película,7.6,108,2015,"Drama, Historia, Aventura, Comedia, Del oeste",8583,"2015-03-06","Radu Jude"
tt2105044,5,2015-02-17,"V/H/S","V/H/S",https://www.imdb.com/title/tt2105044,Película,5.8,116,2012,"Terror, Misterio, Suspense, Fantasía",76242,"2014-07-25","Matt Bettinelli-Olpin,David Bruckner,Tyler Gillett,Justin Martinez,Glenn McQuaid,Radio Silence,Joe Swanberg,Chad Villella,Ti West,Adam Wingard"
tt0434382,5,2015-02-15,"Tapas","Tapas",https://www.imdb.com/title/tt0434382,Película,6.7,94,2005,"Comedia, Drama",2902,"2005-05-13","José Corbacho,Juan Cruz"
tt0309987,7,2015-02-15,"Soñadores","The Dreamers",https://www.imdb.com/title/tt0309987,Película,7.1,115,2003,"Romance, Drama",142129,"2003-10-17","Bernardo Bertolucci"
tt0118842,7,2015-02-15,"Persiguiendo a Amy","Chasing Amy",https://www.imdb.com/title/tt0118842,Película,7.2,113,1997,"Drama, Romance, Comedia",149041,"1997-11-14","Kevin Smith"
tt0230600,5,2015-02-15,"Los otros","The Others",https://www.imdb.com/title/tt0230600,Película,7.6,101,2001,"Misterio, Suspense, Terror",431145,"2001-09-07","Alejandro Amenábar"
tt0301524,6,2015-02-15,"El otro lado de la cama","El otro lado de la cama",https://www.imdb.com/title/tt0301524,Película,6.4,104,2002,"Musical, Romance, Drama, Comedia",6143,"2002-07-05","Emilio Martínez Lázaro"
tt0146468,6,2015-02-15,"Barrio","Barrio",https://www.imdb.com/title/tt0146468,Película,7.1,94,1998,"Drama",3466,"1998-10-02","Fernando León de Aranoa"
tt0113749,6,2015-02-15,"Mallrats","Mallrats",https://www.imdb.com/title/tt0113749,Película,7.0,94,1995,"Romance, Comedia",135091,"1995-10-20","Kevin Smith"
tt0461894,5,2015-02-15,"7 vírgenes","7 vírgenes",https://www.imdb.com/title/tt0461894,Película,6.3,86,2005,"Crimen, Drama",2860,"2005-10-14","Alberto Rodríguez"
tt0434292,7,2015-02-15,"Princesas","Princesas",https://www.imdb.com/title/tt0434292,Película,7.0,113,2005,"Drama",6029,"2005-09-02","Fernando León de Aranoa"
tt4358230,6,2015-02-11,"Cuerpo (Cialo)","Body/Cialo",https://www.imdb.com/title/tt4358230,Película,6.4,90,2015,"Drama, Comedia",2632,"2015-03-06","Malgorzata Szumowska"
tt2101383,7,2015-02-11,"Knight of Cups","Knight of Cups",https://www.imdb.com/title/tt2101383,Película,5.6,118,2015,"Drama, Romance, Fantasía",32097,"2016-03-04","Terrence Malick"
tt4285198,4,2015-02-11,"Pod elektricheskimi oblakami","Pod elektricheskimi oblakami",https://www.imdb.com/title/tt4285198,Película,6.1,138,2015,"Drama, Ciencia ficción",930,"2015-06-04","Aleksey German Jr."
tt3993894,3,2015-02-10,"Queen of Earth","Queen of Earth",https://www.imdb.com/title/tt3993894,Película,6.2,90,2015,"Suspense, Drama, Misterio",7365,"2015-08-26","Alex Ross Perry"
tt3168230,4,2015-02-10,"Mr. Holmes","Mr. Holmes",https://www.imdb.com/title/tt3168230,Película,6.8,104,2015,"Drama, Misterio, Crimen, Suspense, Familiar",70521,"2015-08-21","Bill Condon"
tt2872718,8,2015-02-01,"Nightcrawler","Nightcrawler",https://www.imdb.com/title/tt2872718,Película,7.8,117,2014,"Crimen, Suspense, Drama",679386,"2015-01-30","Dan Gilroy"
tt1736633,6,2015-01-31,"Oslo, 31 de agosto","Oslo, 31. august",https://www.imdb.com/title/tt1736633,Película,7.6,95,2011,"Drama",34624,"2011-08-31","Joachim Trier"
tt1322269,7,2015-01-31,"Agosto","August: Osage County",https://www.imdb.com/title/tt1322269,Película,7.2,121,2013,"Drama, Comedia",100400,"2014-01-10","John Wells"
tt2167266,5,2015-01-25,"El viaje de tu vida","Tracks",https://www.imdb.com/title/tt2167266,Película,7.1,112,2013,"Biografía, Drama, Aventura",33337,"2014-03-06","John Curran"
tt1646974,6,2015-01-24,"Los nombres del amor","Le nom des gens",https://www.imdb.com/title/tt1646974,Película,7.1,100,2010,"Comedia, Drama, Romance",8509,"2012-07-13","Michel Leclerc"
tt1990314,6,2015-01-22,"Un amigo para Frank","Robot & Frank",https://www.imdb.com/title/tt1990314,Película,7.0,89,2012,"Comedia, Drama, Ciencia ficción, Crimen",67472,"2013-05-24","Jake Schreier"
tt3316960,7,2015-01-22,"Siempre Alice","Still Alice",https://www.imdb.com/title/tt3316960,Película,7.5,101,2014,"Drama",151520,"2015-01-16","Richard Glatzer,Wash Westmoreland"
tt2980516,7,2015-01-22,"La teoría del todo","The Theory of Everything",https://www.imdb.com/title/tt2980516,Película,7.7,123,2014,"Drama, Biografía, Romance",510261,"2015-01-16","James Marsh"
tt3134422,6,2015-01-18,"Gold","Gold",https://www.imdb.com/title/tt3134422,Película,6.1,88,2014,"Comedia, Drama, Familiar",1433,"2014-10-10","Niall Heery"
tt1714206,7,2015-01-17,"Aquí y ahora","The Spectacular Now",https://www.imdb.com/title/tt1714206,Película,7.0,95,2013,"Drama, Romance",169416,"2020-08-07","James Ponsoldt"
tt1440728,6,2015-01-13,"El americano","The American",https://www.imdb.com/title/tt1440728,Película,6.3,105,2010,"Drama, Crimen, Suspense",107208,"2010-09-17","Anton Corbijn"
tt0083944,5,2015-01-11,"Acorralado","First Blood",https://www.imdb.com/title/tt0083944,Película,7.7,93,1982,"Aventura, Suspense, Acción",305000,"1982-10-22","Ted Kotcheff"
tt0107165,3,2015-01-08,"Huevos de oro","Huevos de oro",https://www.imdb.com/title/tt0107165,Película,6.1,95,1993,"Comedia, Drama",4302,"1994-02-18","Bigas Luna"
tt0358273,7,2014-12-31,"En la cuerda floja","Walk the Line",https://www.imdb.com/title/tt0358273,Película,7.8,136,2005,"Drama, Música, Biografía, Romance",282275,"2006-02-03","James Mangold"
tt0457513,6,2014-12-30,"Scoop","Scoop",https://www.imdb.com/title/tt0457513,Película,6.6,96,2006,"Comedia, Misterio, Crimen, Fantasía",90995,"2006-10-27","Woody Allen"
tt0842926,5,2014-12-29,"Los chicos están bien","The Kids Are All Right",https://www.imdb.com/title/tt0842926,Película,7.0,106,2010,"Comedia, Drama, Romance",137808,"2011-02-25","Lisa Cholodenko"
tt0795493,5,2014-12-27,"Cassandra's dream","Cassandra's Dream",https://www.imdb.com/title/tt0795493,Película,6.6,108,2007,"Crimen, Suspense, Drama, Romance",55579,"2007-10-23","Woody Allen"
tt0096256,5,2014-12-23,"Están vivos","They Live",https://www.imdb.com/title/tt0096256,Película,7.2,94,1988,"Suspense, Acción, Terror, Ciencia ficción",166495,"1992-06-19","John Carpenter"
tt0018192,9,2014-12-21,"Napoleón","Napoléon vu par Abel Gance",https://www.imdb.com/title/tt0018192,Película,8.2,330,1927,"Biografía, Drama, Historia, Bélico",9867,"1929-01-07","Abel Gance"
tt1166810,3,2014-12-21,"Gordos","Gordos",https://www.imdb.com/title/tt1166810,Película,6.5,110,2009,"Comedia, Drama",3156,"2009-09-11","Daniel Sánchez Arévalo"
tt1050160,5,2014-12-21,"Kataude mashin gâru","Kataude mashin gâru",https://www.imdb.com/title/tt1050160,Película,5.9,96,2008,"Terror, Comedia, Suspense, Acción",11282,"2008-05-23","Noboru Iguchi"
tt1951265,4,2014-12-04,"Los juegos del hambre: Sinsajo - Parte 1","The Hunger Games: Mockingjay - Part 1",https://www.imdb.com/title/tt1951265,Película,6.6,123,2014,"Ciencia ficción, Aventura, Suspense, Acción",552588,"2014-11-20","Francis Lawrence"
tt1921149,3,2014-12-01,"Trash, ladrones de esperanza","Trash",https://www.imdb.com/title/tt1921149,Película,7.1,114,2014,"Crimen, Aventura, Drama, Suspense, Misterio",23803,"2014-11-28","Stephen Daldry,Christian Duurvoort"
tt1966604,8,2014-11-30,"El impostor","The Imposter",https://www.imdb.com/title/tt1966604,Película,7.4,99,2012,"Documental, Biografía, Crimen, Drama, Suspense",53288,"2013-05-10","Bart Layton"
tt2298919,8,2014-11-29,"Lupin the Third: Mine Fujiko to iu onna","Lupin the Third: Mine Fujiko to iu onna",https://www.imdb.com/title/tt2298919,Miniserie de TV,7.7,20,2012,"Animación, Acción, Aventura, Suspense",1185,"2012-04-04",
tt0056937,6,2014-11-28,"Cleopatra","Cleopatra",https://www.imdb.com/title/tt0056937,Película,7.0,320,1963,"Romance, Biografía, Historia, Drama",41711,"1963-07-31","Joseph L. Mankiewicz,Rouben Mamoulian"
tt2737050,4,2014-11-23,"Dos días, una noche","Deux jours, une nuit",https://www.imdb.com/title/tt2737050,Película,7.3,95,2014,"Drama",52499,"2014-10-24","Jean-Pierre Dardenne,Luc Dardenne"
tt0080120,6,2014-11-22,"Los amos de la noche","The Warriors",https://www.imdb.com/title/tt0080120,Película,7.5,93,1979,"Suspense, Acción, Crimen",120729,"1979-06-07","Walter Hill"
tt0094997,4,2014-11-22,"Demonia","Demonia",https://www.imdb.com/title/tt0094997,Película,4.7,88,1990,"Misterio, Terror",2424,"1990-10","Lucio Fulci"
tt0423041,6,2014-11-22,"Re: Cutie Honey","Re: Cutie Honey",https://www.imdb.com/title/tt0423041,Miniserie de TV,7.2,,2004,"Animación, Comedia, Fantasía, Ciencia ficción, Aventura",441,"2004-07-24",
tt1179904,3,2014-11-16,"Paranormal Activity","Paranormal Activity",https://www.imdb.com/title/tt1179904,Película,6.3,86,2007,"Terror, Misterio",274116,"2009-11-27","Oren Peli"
tt1183732,6,2014-11-15,"Tôkyô zankoku keisatsu","Tôkyô zankoku keisatsu",https://www.imdb.com/title/tt1183732,Película,5.9,110,2008,"Acción, Terror, Ciencia ficción, Comedia, Aventura, Crimen, Suspense",14182,"2008-10-03","Yoshihiro Nishimura"
tt0078935,7,2014-11-11,"Holocausto caníbal","Cannibal Holocaust",https://www.imdb.com/title/tt0078935,Película,5.7,95,1980,"Aventura, Terror",67770,"1980-10-19","Ruggero Deodato"
tt0120863,9,2014-11-11,"La delgada línea roja","The Thin Red Line",https://www.imdb.com/title/tt0120863,Película,7.6,170,1998,"Historia, Drama, Bélico",213578,"1999-02-19","Terrence Malick"
tt1591095,6,2014-11-11,"Insidious","Insidious",https://www.imdb.com/title/tt1591095,Película,6.8,103,2010,"Terror, Misterio, Suspense",371949,"2011-06-10","James Wan"
tt3114132,7,2014-11-10,"10.000 km","10.000 Km",https://www.imdb.com/title/tt3114132,Película,6.6,99,2014,"Drama, Romance",5104,"2014-05-16","Carlos Marques-Marcet"
tt0816692,8,2014-11-10,"Interstellar","Interstellar",https://www.imdb.com/title/tt0816692,Película,8.7,169,2014,"Ciencia ficción, Aventura, Drama",2596632,"2014-11-07","Christopher Nolan"
tt0082340,7,2014-11-09,"1997: Rescate en Nueva York","Escape from New York",https://www.imdb.com/title/tt0082340,Película,7.1,99,1981,"Aventura, Ciencia ficción, Acción",175011,"1981-09-15","John Carpenter"
tt0139414,1,2014-11-07,"Mandíbulas","Lake Placid",https://www.imdb.com/title/tt0139414,Película,5.8,82,1999,"Acción, Terror, Comedia",70069,"2000-01-28","Steve Miner"
tt0800369,5,2014-11-05,"Thor","Thor",https://www.imdb.com/title/tt0800369,Película,7.0,115,2011,"Acción, Fantasía",980957,"2011-04-29","Kenneth Branagh"
tt1229822,7,2014-11-05,"Jane Eyre de Cary Fukunaga","Jane Eyre",https://www.imdb.com/title/tt1229822,Película,7.3,120,2011,"Drama, Romance, Misterio",98312,"2011-12-02","Cary Joji Fukunaga"
tt2582802,8,2014-11-02,"Whiplash","Whiplash",https://www.imdb.com/title/tt2582802,Película,8.5,106,2014,"Drama, Música",1177220,"2015-01-16","Damien Chazelle"
tt1899142,2,2014-11-02,"Combustión","Combustión",https://www.imdb.com/title/tt1899142,Película,5.6,99,2013,"Acción",3445,"2013-04-26","Daniel Calparsoro"
tt3089326,8,2014-10-28,"Magical Girl","Magical Girl",https://www.imdb.com/title/tt3089326,Película,7.2,127,2014,"Drama, Suspense",7969,"2014-10-17","Carlos Vermut"
tt1979319,5,2014-10-28,"Kenshin, el guerrero samurái","Rurôni Kenshin: Meiji kenkaku romantan",https://www.imdb.com/title/tt1979319,Película,7.3,134,2012,"Drama, Acción, Historia, Aventura, Bélico",31695,"2012-08-25","Keishi Otomo"
tt3779814,4,2014-10-27,"Norvigia","Norvigia",https://www.imdb.com/title/tt3779814,Película,5.6,73,2014,"Fantasía, Comedia, Terror",1029,"2015-01-03","Yannis Veslemes"
tt3504048,6,2014-10-27,"Housebound","Housebound",https://www.imdb.com/title/tt3504048,Película,6.7,107,2014,"Misterio, Comedia, Terror, Suspense",40175,"2014-09-04","Gerard Johnstone"
tt2517658,6,2014-10-27,"El canal","The Canal",https://www.imdb.com/title/tt2517658,Película,5.8,92,2014,"Terror, Suspense, Misterio, Drama",15743,"2015-05-08","Ivan Kavanagh"
tt3011894,7,2014-10-27,"Relatos salvajes","Relatos salvajes",https://www.imdb.com/title/tt3011894,Película,8.1,122,2014,"Comedia, Suspense, Drama",241048,"2014-10-17","Damián Szifron"
tt1971325,5,2014-10-27,"Autómata","Autómata",https://www.imdb.com/title/tt1971325,Película,6.0,109,2014,"Ciencia ficción, Suspense, Acción, Drama",62183,"2015-01-23","Gabe Ibáñez"
tt1384925,6,2014-10-27,"Ardor. La justicia de los débiles","El Ardor",https://www.imdb.com/title/tt1384925,Película,5.2,101,2014,"Drama, Del oeste",994,"2014-09-04","Pablo Fendrik"
tt3322940,2,2014-10-27,"Annabelle","Annabelle",https://www.imdb.com/title/tt3322940,Película,5.5,99,2014,"Terror, Misterio, Suspense",198662,"2014-10-10","John R. Leonetti"
tt2400275,4,2014-10-27,"Adiós al lenguaje","Adieu au langage",https://www.imdb.com/title/tt2400275,Película,5.8,70,2014,"Drama, Fantasía",6713,"2014-11-28","Jean-Luc Godard"
tt2675914,7,2014-10-27,"Uno tras otro","Kraftidioten",https://www.imdb.com/title/tt2675914,Película,7.1,116,2014,"Crimen, Suspense, Drama, Acción, Comedia",31134,"2014-02-21","Hans Petter Moland"
tt2935564,7,2014-10-27,"Conexión Marsella","La French",https://www.imdb.com/title/tt2935564,Película,7.1,135,2014,"Acción, Crimen, Suspense",13551,"2014-12-03","Cédric Jimenez"
tt1450321,7,2014-10-27,"Filth, el sucio","Filth",https://www.imdb.com/title/tt1450321,Película,7.0,97,2013,"Comedia, Crimen, Drama, Acción",123032,"2013-10-04","Jon S. Baird"
tt1567437,7,2014-10-27,"The Voices","The Voices",https://www.imdb.com/title/tt1567437,Película,6.3,103,2014,"Crimen, Suspense, Comedia, Terror",67282,"2015-02-06","Marjane Satrapi"
tt0988824,7,2014-10-26,"Naruto: Shippûden","Naruto: Shippûden",https://www.imdb.com/title/tt0988824,Serie de TV,8.7,24,2007,"Animación, Acción, Aventura, Fantasía, Drama, Comedia",229556,"2007-04-05",
tt1190689,5,2014-10-26,"Nurse Jackie","Nurse Jackie",https://www.imdb.com/title/tt1190689,Serie de TV,7.9,30,2009,"Comedia, Drama",33719,"2010-04-08",
tt2406376,6,2014-10-26,"The Bridge","The Bridge",https://www.imdb.com/title/tt2406376,Serie de TV,7.6,43,2013,"Drama, Crimen, Suspense, Misterio",21764,"2013-07-11",
tt1228705,5,2014-10-26,"Iron Man 2","Iron Man 2",https://www.imdb.com/title/tt1228705,Película,6.9,124,2010,"Acción, Ciencia ficción",954530,"2010-04-30","Jon Favreau"
tt2267998,7,2014-10-24,"Perdida","Gone Girl",https://www.imdb.com/title/tt2267998,Película,8.1,149,2014,"Suspense, Drama, Misterio",1184601,"2014-10-10","David Fincher"
tt1234721,3,2014-10-18,"RoboCop","RoboCop",https://www.imdb.com/title/tt1234721,Película,6.1,117,2014,"Acción, Ciencia ficción, Suspense, Crimen",250322,"2014-02-14","José Padilha"
tt2268458,2,2014-10-14,"Las últimas horas","These Final Hours",https://www.imdb.com/title/tt2268458,Película,6.6,87,2013,"Drama, Suspense, Ciencia ficción",20509,"2014-07-31","Zak Hilditch"
tt3348102,5,2014-10-14,"Stereo","Stereo",https://www.imdb.com/title/tt3348102,Película,6.5,98,2014,"Suspense, Crimen",5271,"2014-05-15","Maximilian Erlenwein"
tt2910814,6,2014-10-14,"La señal","The Signal",https://www.imdb.com/title/tt2910814,Película,6.0,97,2014,"Suspense, Ciencia ficción, Drama, Misterio",73415,"2015-02-13","William Eubank"
tt2392672,8,2014-10-14,"Realidad","Réalité",https://www.imdb.com/title/tt2392672,Película,6.9,95,2014,"Comedia",7720,"2015-02-18","Quentin Dupieux"
tt2388715,6,2014-10-14,"Oculus: El espejo del mal","Oculus",https://www.imdb.com/title/tt2388715,Película,6.6,104,2013,"Terror, Misterio, Suspense",151203,"2015-03-12","Mike Flanagan"
tt2818178,5,2014-10-14,"Cuando despierta la bestia","Når dyrene drømmer",https://www.imdb.com/title/tt2818178,Película,5.8,84,2014,"Drama, Terror, Misterio, Fantasía, Suspense",4317,"2014-10-24","Jonas Alexander Abramowitz Arnby"
tt3417756,7,2014-10-14,"Musarañas","Musarañas",https://www.imdb.com/title/tt3417756,Película,6.7,91,2014,"Drama, Terror, Suspense",8348,"2014-12-25","Juanfer Andrés,Esteban Roel"
tt3504824,3,2014-10-14,"Na yeh ling san, ngoh choh seung liu Wong Gok hoi mong Dai Bou dik hung Van","Na yeh ling san, ngoh choh seung liu Wong Gok hoi mong Dai Bou dik hung Van",https://www.imdb.com/title/tt3504824,Película,5.5,124,2014,"Misterio, Suspense, Comedia, Ciencia ficción, Terror",1898,"2014-04-10","Fruit Chan"
tt2916416,6,2014-10-14,"Kuime","Kuime",https://www.imdb.com/title/tt2916416,Película,6.1,93,2014,"Terror, Drama, Suspense",1794,"2014-08-23","Takashi Miike"
tt3086442,8,2014-10-13,"Buenas noches, mamá","Ich seh, Ich seh",https://www.imdb.com/title/tt3086442,Película,6.7,99,2014,"Suspense, Misterio, Terror",64763,"2015-01-08","Severin Fiala,Veronika Franz"
tt2884206,7,2014-10-13,"Orígenes","I Origins",https://www.imdb.com/title/tt2884206,Película,7.3,106,2014,"Drama, Ciencia ficción, Romance, Misterio",142248,"2014-11-14","Mike Cahill"
tt1894476,5,2014-10-13,"Mi vida ahora","How I Live Now",https://www.imdb.com/title/tt1894476,Película,6.4,101,2013,"Suspense, Romance, Bélico, Ciencia ficción, Acción, Drama, Aventura",33874,"2013-10-04","Kevin Macdonald"
tt1825157,5,2014-10-13,"El doble","The Double",https://www.imdb.com/title/tt1825157,Película,6.4,93,2013,"Drama, Suspense, Comedia, Misterio, Ciencia ficción",55902,"2014-04-04","Richard Ayoade"
tt2321549,7,2014-10-13,"Babadook","The Babadook",https://www.imdb.com/title/tt2321549,Película,6.8,94,2014,"Terror, Misterio, Drama",272384,"2015-01-16","Jennifer Kent"
tt2473750,7,2014-10-13,"De entre los vivos","Aux yeux des vivants",https://www.imdb.com/title/tt2473750,Película,5.5,90,2014,"Suspense, Terror",2732,"2014-04-30","Alexandre Bustillo,Julien Maury"
tt2597242,4,2014-10-13,"Home","At the Devil's Door",https://www.imdb.com/title/tt2597242,Película,4.8,91,2014,"Terror",7817,"2014-08-08","Nicholas McCarthy"
tt2926810,5,2014-10-11,"The ABCs of Death 2","ABCs of Death 2",https://www.imdb.com/title/tt2926810,Película,5.4,125,2014,"Terror, Comedia, Fantasía, Ciencia ficción, Suspense",9683,"2014-10-02","Rodney Ascher,Julian Barratt,Robert Boocheck,Alejandro Brugués,Kristina Buozyte,Alexandre Bustillo,Larry Fessenden,Julian Gilbey,Jim Hosking,Lancelot Oduwa Imasuen,E.L. Katz,Aharon Keshales,Steven Kostanski,Marvin Kren,Juan Martínez Moreno,Erik Matti,Wolfgang Matzl,Julien Maury,Robert Morgan,Chris Nash,Vincenzo Natali,Hajime Ohata,Navot Papushado,Bill Plympton,Dennison Ramalho,Todd Rohal,Jerome Sable,Bruno Samper,Jen Soska,Sylvia Soska,Sôichi Umezawa"
tt3339674,2,2014-10-11,"Enterrando a la ex","Burying the Ex",https://www.imdb.com/title/tt3339674,Película,5.4,89,2014,"Comedia, Terror, Romance",12252,"2015-06-19","Joe Dante"
tt3177316,3,2014-10-07,"Honeymoon","Honeymoon",https://www.imdb.com/title/tt3177316,Película,5.7,87,2014,"Terror, Suspense, Misterio, Drama, Fantasía, Romance, Ciencia ficción",28739,"2014-09-12","Leigh Janiak"
tt2980592,7,2014-10-06,"The Guest","The Guest",https://www.imdb.com/title/tt2980592,Película,6.7,100,2014,"Suspense, Acción, Misterio",115329,"2015-04-10","Adam Wingard"
tt1951095,5,2014-10-04,"Child of God","Child of God",https://www.imdb.com/title/tt1951095,Película,5.4,104,2013,"Drama, Crimen, Suspense",4613,"2014-08-20","James Franco"
tt1821641,7,2014-09-30,"El congreso","The Congress",https://www.imdb.com/title/tt1821641,Película,6.4,122,2013,"Animación, Ciencia ficción, Drama",20939,"2013-07-03","Ari Folman"
tt3228420,5,2014-09-29,"Eres lo peor","You're the Worst",https://www.imdb.com/title/tt3228420,Serie de TV,8.1,30,2014,"Comedia, Romance, Drama",30161,"2015-09-22",
tt1772341,4,2014-09-29,"¡Rompe Ralph!","Wreck-It Ralph",https://www.imdb.com/title/tt1772341,Película,7.7,101,2012,"Animación, Comedia, Familiar, Aventura, Fantasía, Ciencia ficción, Deporte",504642,"2012-12-25","Rich Moore"
tt1972571,6,2014-09-29,"El hombre más buscado","A Most Wanted Man",https://www.imdb.com/title/tt1972571,Película,6.7,122,2014,"Suspense, Crimen, Drama",85255,"2014-09-12","Anton Corbijn"
tt3253930,8,2014-09-27,"La isla mínima","La isla mínima",https://www.imdb.com/title/tt3253930,Película,7.2,105,2014,"Crimen, Suspense, Misterio",39344,"2014-09-26","Alberto Rodríguez"
tt1298530,7,2014-09-25,"Animals","Animals",https://www.imdb.com/title/tt1298530,Película,6.1,94,2012,"Drama, Fantasía",1070,"2012-10-26","Marçal Forés"
tt2761578,1,2014-09-25,"Juego peligroso","Wicked Blood",https://www.imdb.com/title/tt2761578,Vídeo,5.4,92,2014,"Suspense, Acción",2838,"2014-03-04","Mark Young"
tt1065073,8,2014-09-24,"Boyhood. Momentos de una vida","Boyhood",https://www.imdb.com/title/tt1065073,Película,7.9,165,2014,"Drama, Comedia",383453,"2014-09-12","Richard Linklater"
tt1227926,8,2014-09-22,"Dr. Horrible's Sing-Along Blog","Dr. Horrible's Sing-Along Blog",https://www.imdb.com/title/tt1227926,Miniserie de TV,8.4,42,2008,"Musical, Corto, Comedia, Ciencia ficción",45175,"2008-07-15",
tt2718492,6,2014-09-21,"Ida","Ida",https://www.imdb.com/title/tt2718492,Película,7.4,82,2013,"Drama",63501,"2013-10-25","Paweł Pawlikowski"
tt2015381,7,2014-09-20,"Guardianes de la Galaxia","Guardians of the Galaxy",https://www.imdb.com/title/tt2015381,Película,8.0,121,2014,"Ciencia ficción, Acción, Aventura, Comedia",1380713,"2014-08-14","James Gunn"
tt1718747,5,2014-09-20,"Caníbal","Caníbal",https://www.imdb.com/title/tt1718747,Película,5.9,116,2013,"Suspense, Drama, Romance",3856,"2013-10-11","Manuel Martín Cuenca"
tt0110308,2,2014-09-18,"La última seducción","The Last Seduction",https://www.imdb.com/title/tt0110308,Película,7.0,110,1994,"Crimen, Romance, Drama, Suspense",29082,"1995-03-30","John Dahl"
tt0448157,3,2014-09-15,"Hancock","Hancock",https://www.imdb.com/title/tt0448157,Película,6.4,92,2008,"Acción, Comedia, Fantasía, Drama",543141,"2008-07-18","Peter Berg"
tt1535109,5,2014-09-15,"Capitán Phillips","Captain Phillips",https://www.imdb.com/title/tt1535109,Película,7.8,134,2013,"Drama, Biografía, Suspense, Crimen, Acción",522295,"2013-10-18","Paul Greengrass"
tt2194499,6,2014-09-15,"Una cuestión de tiempo","About Time",https://www.imdb.com/title/tt2194499,Película,7.8,123,2013,"Drama, Fantasía, Romance, Comedia, Ciencia ficción",440786,"2013-10-18","Richard Curtis"
tt1586680,7,2014-09-12,"Shameless","Shameless",https://www.imdb.com/title/tt1586680,Serie de TV,8.5,60,2011,"Comedia, Drama",337618,"2011-05-14",
tt2189221,5,2014-09-12,"Defiance","Defiance",https://www.imdb.com/title/tt2189221,Serie de TV,7.0,43,2013,"Acción, Drama, Ciencia ficción",47006,"2013-06-20",
tt1426329,5,2014-09-12,"Lovelace","Lovelace",https://www.imdb.com/title/tt1426329,Película,6.2,93,2013,"Biografía, Drama",44915,"2013-08-08","Rob Epstein,Jeffrey Friedman"
tt1715336,4,2014-09-11,"Mindscape","Anna",https://www.imdb.com/title/tt1715336,Película,6.4,99,2013,"Suspense, Drama, Misterio, Ciencia ficción",26874,"2014-01-24","Jorge Dorado"
tt0082495,6,2014-08-31,"Halloween II: Sanguinario","Halloween II",https://www.imdb.com/title/tt0082495,Película,6.5,92,1981,"Terror",113118,"1982-06-16","Rick Rosenthal"
tt2099556,9,2014-08-29,"Antiviral","Antiviral",https://www.imdb.com/title/tt2099556,Película,5.7,108,2012,"Terror, Suspense, Ciencia ficción, Misterio",17030,"2013-02-13","Brandon Cronenberg"
tt1480656,4,2014-08-29,"Cosmópolis","Cosmopolis",https://www.imdb.com/title/tt1480656,Película,5.1,109,2012,"Drama, Crimen, Misterio, Suspense",52435,"2012-10-11","David Cronenberg"
tt0844441,5,2014-08-28,"True Blood","True Blood",https://www.imdb.com/title/tt0844441,Serie de TV,7.9,60,2008,"Drama, Fantasía, Romance, Suspense, Misterio",272679,"2008-12-04",
tt0443271,1,2014-08-27,"Un difunto, seis mujeres y un taller","Un difunto, seis mujeres y un taller",https://www.imdb.com/title/tt0443271,Película de TV,null,90,2007,"Comedia",0,"2007","Antonio Cuadri"
tt0068699,7,2014-08-26,"Infierno de cobardes","High Plains Drifter",https://www.imdb.com/title/tt0068699,Película,7.4,105,1973,"Drama, Del oeste",74038,"1973-08-06","Clint Eastwood"
tt1188985,5,2014-08-24,"Castillos de cartón","Castillos de cartón",https://www.imdb.com/title/tt1188985,Película,5.6,94,2009,"Drama, Romance",1745,"2009-10-30","Salvador García Ruiz"
tt3062074,5,2014-08-24,"Sharknado 2: El segundo (El regreso)","Sharknado 2: The Second One",https://www.imdb.com/title/tt3062074,Película de TV,4.0,95,2014,"Terror, Ciencia ficción, Comedia, Acción, Aventura, Suspense",21984,"2014-07-31","Anthony C. Ferrante"
tt0093177,7,2014-08-23,"Hellraiser: Los que traen el infierno","Hellraiser",https://www.imdb.com/title/tt0093177,Película,6.9,94,1987,"Suspense, Terror",155463,"1987-09-11","Clive Barker"
tt0081283,6,2014-08-23,"Gente corriente","Ordinary People",https://www.imdb.com/title/tt0081283,Película,7.7,124,1980,"Drama",62534,"1981-03-18","Robert Redford"
tt1753813,5,2014-08-22,"Adiós a la reina","Les adieux à la reine",https://www.imdb.com/title/tt1753813,Película,6.2,100,2012,"Historia, Drama, Romance",9554,"2012-05-04","Benoît Jacquot"
tt0154420,8,2014-08-19,"Celebración","Festen",https://www.imdb.com/title/tt0154420,Película,8.0,101,1998,"Drama",100644,"1999-03-05","Thomas Vinterberg"
tt0387898,8,2014-08-19,"Caché (Escondido)","Caché",https://www.imdb.com/title/tt0387898,Película,7.3,117,2005,"Drama, Suspense, Misterio",90959,"2006-01-20","Michael Haneke"
tt0168629,9,2014-08-19,"Bailar en la oscuridad","Dancer in the Dark",https://www.imdb.com/title/tt0168629,Película,7.9,135,2000,"Musical, Crimen, Drama",124972,"2000-10-27","Lars von Trier"
tt0162945,3,2014-08-16,"Embrace the Darkness","Embrace the Darkness",https://www.imdb.com/title/tt0162945,Película,3.4,93,1999,"Drama, Terror",729,"1999-10-05","Kelley Cauthen"
tt0106856,6,2014-08-15,"Un día de furia","Falling Down",https://www.imdb.com/title/tt0106856,Película,7.5,113,1993,"Crimen, Drama, Suspense",228732,"1993-05-28","Joel Schumacher"
tt1853739,5,2014-08-14,"Tú eres el siguiente","You're Next",https://www.imdb.com/title/tt1853739,Película,6.6,95,2011,"Suspense, Terror, Drama, Misterio",120400,"2013-09-06","Adam Wingard"
tt2144007,2,2014-08-11,"Afterparty","Afterparty",https://www.imdb.com/title/tt2144007,Película,3.8,78,2013,"Terror",820,"2013-09-13","Miguel Larraya"
tt1954315,7,2014-08-09,"Borgman","Borgman",https://www.imdb.com/title/tt1954315,Película,6.7,113,2013,"Suspense, Drama, Misterio",19982,"2013-08-29","Alex van Warmerdam"
tt0904208,7,2014-08-04,"Californication","Californication",https://www.imdb.com/title/tt0904208,Serie de TV,8.3,30,2007,"Comedia, Drama",196014,"2008-01-07",
tt0800080,5,2014-08-03,"El increíble Hulk","The Incredible Hulk",https://www.imdb.com/title/tt0800080,Película,6.6,112,2008,"Acción, Ciencia ficción",575404,"2008-06-20","Louis Leterrier"
tt1629348,4,2014-07-30,"Metal Hurlant Chronicles","Metal Hurlant Chronicles",https://www.imdb.com/title/tt1629348,Serie de TV,5.7,22,2012,"Ciencia ficción, Acción",1977,"2012-10-27",
tt0409591,5,2014-07-28,"Naruto","Naruto",https://www.imdb.com/title/tt0409591,Serie de TV,8.4,24,2002,"Animación, Acción, Comedia, Aventura, Fantasía",172986,"2017-08-12",
tt2578560,5,2014-07-28,"Broad City","Broad City",https://www.imdb.com/title/tt2578560,Serie de TV,8.4,22,2014,"Comedia",39027,"2014-01-22",
tt1762358,3,2014-07-26,"The Millennium Bug","The Millennium Bug",https://www.imdb.com/title/tt1762358,Película,4.3,88,2011,"Terror, Ciencia ficción, Suspense, Fantasía",784,"2011-06-03","Kenneth Cran"
tt2724064,1,2014-07-26,"Sharknado","Sharknado",https://www.imdb.com/title/tt2724064,Película de TV,3.3,86,2013,"Terror, Ciencia ficción, Comedia, Acción, Aventura, Suspense",57165,"2013-09-20","Anthony C. Ferrante"
tt2409818,6,2014-07-23,"Open Windows","Open Windows",https://www.imdb.com/title/tt2409818,Película,5.1,100,2014,"Suspense, Crimen, Misterio",15824,"2014-07-04","Nacho Vigalondo"
tt2315200,6,2014-07-22,"Guillaume y los chicos, ¡a la mesa!","Les garçons et Guillaume, à table!",https://www.imdb.com/title/tt2315200,Película,6.6,85,2013,"Comedia",8330,"2014-03-28","Guillaume Gallienne"
tt2370248,7,2014-07-19,"Las vidas de Grace","Short Term 12",https://www.imdb.com/title/tt2370248,Película,7.9,96,2013,"Drama",96054,"2014-07-25","Destin Daniel Cretton"
tt0426459,5,2014-07-13,"Atrapados","Feast",https://www.imdb.com/title/tt0426459,Película,6.2,95,2005,"Terror, Comedia, Suspense, Acción, Ciencia ficción",36343,"2007-01-18","John Gulager"
tt2375692,5,2014-07-11,"Black Sails","Black Sails",https://www.imdb.com/title/tt2375692,Serie de TV,8.2,60,2014,"Aventura, Drama, Acción",126984,"2014-05-05",
tt0133152,1,2014-07-11,"El planeta de los simios","Planet of the Apes",https://www.imdb.com/title/tt0133152,Película,5.7,120,2001,"Aventura, Suspense, Ciencia ficción, Acción",243023,"2001-08-31","Tim Burton"
tt3431758,6,2014-07-10,"No Game, No Life","No Game, No Life",https://www.imdb.com/title/tt3431758,Serie de TV,7.5,,2014,"Animación, Aventura, Fantasía, Comedia",22583,"2014-04-09",
tt3432596,3,2014-06-25,"Seikoku no Dragonar","Seikoku no Dragonar",https://www.imdb.com/title/tt3432596,Serie de TV,6.5,24,2014,"Animación, Acción, Comedia, Fantasía, Romance",912,"2014-04-05",
tt1796960,7,2014-06-25,"Homeland","Homeland",https://www.imdb.com/title/tt1796960,Serie de TV,8.3,60,2011,"Drama, Misterio, Suspense, Crimen",387684,"2012-04-09",
tt0114369,9,2014-06-21,"Seven","Se7en",https://www.imdb.com/title/tt0114369,Película,8.6,127,1995,"Misterio, Drama, Crimen, Suspense",2053016,"1996-01-10","David Fincher"
tt1877832,7,2014-06-19,"X-Men: Días del futuro pasado","X-Men: Days of Future Past",https://www.imdb.com/title/tt1877832,Película,7.9,132,2014,"Acción, Ciencia ficción, Suspense, Aventura",795622,"2014-06-05","Bryan Singer"
tt1442437,7,2014-06-14,"Modern Family","Modern Family",https://www.imdb.com/title/tt1442437,Serie de TV,8.5,22,2009,"Comedia, Romance, Drama",546043,"2010-08-21",
tt0289879,3,2014-06-14,"El efecto mariposa","The Butterfly Effect",https://www.imdb.com/title/tt0289879,Película,7.6,113,2004,"Ciencia ficción, Drama, Suspense",559831,"2004-04-30","Eric Bress,J. Mackye Gruber"
tt0089686,6,2014-06-14,"Pesadilla en Elm Street 2: La venganza de Freddy","A Nightmare on Elm Street Part 2: Freddy's Revenge",https://www.imdb.com/title/tt0089686,Película,5.5,87,1985,"Terror",87121,"1986-08-15","Jack Sholder"
tt2309295,6,2014-06-14,"Hemlock Grove","Hemlock Grove",https://www.imdb.com/title/tt2309295,Serie de TV,7.0,46,2013,"Terror, Suspense, Misterio, Drama, Fantasía, Ciencia ficción",44971,"2020-09-04",
tt1727444,6,2014-06-14,"Panty & Stocking with Garterbelt","Panty & Stocking with Garterbelt",https://www.imdb.com/title/tt1727444,Serie de TV,7.3,23,2010,"Animación, Comedia, Acción, Fantasía",4019,"2025-07-10",
tt2094262,4,2014-06-14,"Da Vinci's Demons","Da Vinci's Demons",https://www.imdb.com/title/tt2094262,Serie de TV,7.9,60,2013,"Drama, Aventura, Fantasía, Historia, Misterio, Biografía, Romance",81629,"2013-04-12",
tt0085106,7,2014-06-14,"V","V",https://www.imdb.com/title/tt0085106,Miniserie de TV,7.8,99,1983,"Acción, Aventura, Drama, Ciencia ficción",18988,"1983-05-01",
tt0086823,6,2014-06-14,"V: La batalla final","V: The Final Battle",https://www.imdb.com/title/tt0086823,Miniserie de TV,7.7,91,1984,"Acción, Aventura, Drama, Ciencia ficción",10302,"1984-05-06",
tt3337194,5,2014-06-14,"Abierto hasta el amanecer: La Serie","From Dusk Till Dawn: The Series",https://www.imdb.com/title/tt3337194,Serie de TV,6.8,45,2014,"Acción, Crimen, Terror, Fantasía",22668,"2015-08-25",
tt0887883,7,2014-06-12,"Quemar después de leer","Burn After Reading",https://www.imdb.com/title/tt0887883,Película,7.0,96,2008,"Comedia, Drama, Crimen, Suspense",379611,"2008-10-10","Ethan Coen,Joel Coen"
tt0088044,4,2014-06-12,"Calles salvajes","Savage Streets",https://www.imdb.com/title/tt0088044,Película,6.2,93,1984,"Crimen, Drama, Suspense, Acción",6400,"1984-10-05","Danny Steinmann,Tom DeSimone"
tt1631867,6,2014-06-09,"Al filo del mañana","Edge of Tomorrow",https://www.imdb.com/title/tt1631867,Película,7.9,113,2014,"Acción, Ciencia ficción, Aventura",813860,"2014-05-30","Doug Liman"
tt1587310,6,2014-06-07,"Maléfica","Maleficent",https://www.imdb.com/title/tt1587310,Película,6.9,97,2014,"Fantasía, Aventura, Familiar, Romance, Drama",427549,"2014-05-30","Robert Stromberg"
tt1270798,7,2014-06-04,"X-Men: Primera generación","X: First Class",https://www.imdb.com/title/tt1270798,Película,7.7,131,2011,"Acción, Ciencia ficción",771564,"2011-06-03","Matthew Vaughn"
tt2265171,8,2014-06-01,"Redada asesina 2","Serbuan maut 2: Berandal",https://www.imdb.com/title/tt2265171,Película,7.9,150,2014,"Acción, Suspense, Crimen",140421,"2014-04-11","Gareth Evans"
tt1899353,8,2014-06-01,"Redada asesina","Serbuan maut",https://www.imdb.com/title/tt1899353,Película,7.6,101,2011,"Acción, Suspense, Crimen",232856,"2012-01-27","Gareth Evans"
tt0073582,7,2014-05-31,"Rojo oscuro","Profondo rosso",https://www.imdb.com/title/tt0073582,Película,7.5,127,1975,"Terror, Suspense, Misterio",46683,"1975-10-31","Dario Argento"
tt0072271,9,2014-05-29,"La matanza de Texas","The Texas Chain Saw Massacre",https://www.imdb.com/title/tt0072271,Película,7.4,83,1974,"Terror",215300,"1974-10-11","Tobe Hooper"
tt2402105,5,2014-05-29,"Dom Hemingway","Dom Hemingway",https://www.imdb.com/title/tt2402105,Película,6.1,93,2013,"Drama, Crimen, Comedia",28268,"2014-05-23","Richard Shepard"
tt2383068,8,2014-05-29,"The Sacrament","The Sacrament",https://www.imdb.com/title/tt2383068,Película,6.1,99,2013,"Terror, Suspense",23402,"2014-05-01","Ti West"
tt2506386,3,2014-05-27,"Zong sheng","Zong sheng",https://www.imdb.com/title/tt2506386,Película,4.7,88,2014,"Terror, Fantasía, Suspense",404,"2014-03-13","Tin Chi Ng,Herman Yau"
tt2193191,3,2014-05-27,"Fractured","Fractured",https://www.imdb.com/title/tt2193191,Película,4.3,91,2013,"Suspense, Terror",527,"2013-04-14","Adam Gierasch"
tt2299206,5,2014-05-27,"Blutgletscher","Blutgletscher",https://www.imdb.com/title/tt2299206,Película,5.4,98,2013,"Terror, Misterio, Ciencia ficción, Suspense",4447,"2013-09-27","Marvin Kren"
tt2333804,6,2014-05-27,"Teorema Zero","The Zero Theorem",https://www.imdb.com/title/tt2333804,Película,6.0,107,2013,"Drama, Fantasía, Ciencia ficción, Misterio, Comedia",52035,"2014-11-28","Terry Gilliam"
tt0408060,5,2014-05-27,"1","1",https://www.imdb.com/title/tt0408060,Película,5.9,91,2009,"Suspense, Ciencia ficción",561,"2009-11-05","Pater Sparrow"
tt2347569,6,2014-05-15,"Frances Ha","Frances Ha",https://www.imdb.com/title/tt2347569,Película,7.4,86,2012,"Comedia, Drama, Romance",103253,"2013-05-17","Noah Baumbach"
tt2823088,7,2014-05-08,"Carmina y amén.","Carmina y amén.",https://www.imdb.com/title/tt2823088,Película,6.6,100,2014,"Comedia, Drama",1923,"2014-04-30","Paco León"
tt0120903,6,2014-05-02,"X-Men","X-Men",https://www.imdb.com/title/tt0120903,Película,7.3,104,2000,"Aventura, Ciencia ficción, Acción",701703,"2000-10-03","Bryan Singer"
tt2304426,7,2014-04-27,"The Selfish Giant","The Selfish Giant",https://www.imdb.com/title/tt2304426,Película,7.3,91,2013,"Drama",13290,"2013-10-25","Clio Barnard"
tt2358891,10,2014-04-27,"La gran belleza","La grande bellezza",https://www.imdb.com/title/tt2358891,Película,7.7,141,2013,"Drama",107084,"2013-12-05","Paolo Sorrentino"
tt2388637,7,2014-04-27,"En un lugar sin ley","Ain't Them Bodies Saints",https://www.imdb.com/title/tt2388637,Película,6.4,96,2013,"Drama, Crimen, Romance, Del oeste",23760,"2013-08-16","David Lowery"
tt3184026,3,2014-04-27,"#Realmovie","#Realmovie",https://www.imdb.com/title/tt3184026,Película,5.2,62,2013,"Drama, Suspense",27,"2013-07-29","Pablo Maqueda"
tt3029902,6,2014-04-27,"Se fa saber","Se fa saber",https://www.imdb.com/title/tt3029902,Película,6.5,81,2013,"Documental, Drama",8,"2013-06-06","Zoraida Roselló Espuny"
tt2343278,6,2014-04-26,"Family Tour","Family Tour",https://www.imdb.com/title/tt2343278,Película,5.1,88,2013,"Comedia, Drama, Familiar",143,"2013-10","Liliana Torres"
tt2195548,5,2014-04-26,"Prince Avalanche","Prince Avalanche",https://www.imdb.com/title/tt2195548,Película,6.3,94,2013,"Comedia, Drama",21433,"2013-09-19","David Gordon Green"
tt2184737,3,2014-04-24,"Manual para chicas indecentes","The Girl's Guide to Depravity",https://www.imdb.com/title/tt2184737,Serie de TV,6.4,30,2012,"Comedia",904,"2013-10-02",
tt2311348,6,2014-04-23,"La vida inesperada","La vida inesperada",https://www.imdb.com/title/tt2311348,Película,6.2,105,2013,"Comedia",1190,"2014-04-25","Jorge Torregrossa"
tt1785385,5,2014-04-23,"Fright Flick","Fright Flick",https://www.imdb.com/title/tt1785385,Película,3.8,93,2011,"Terror",211,"2011-01-25","Israel Luna"
tt3608476,4,2014-04-23,"Reset","Reset",https://www.imdb.com/title/tt3608476,Película,4.4,90,2014,"Terror",30,"2014-03-27","Pau Martínez"
tt2811878,5,2014-04-23,"You and the Night","Les Rencontres d'après minuit",https://www.imdb.com/title/tt2811878,Película,5.6,98,2013,"Drama, Comedia, Romance, Fantasía",1862,"2013-11-13","Yann Gonzalez"
tt1843230,4,2014-04-21,"Érase una vez","Once Upon a Time",https://www.imdb.com/title/tt1843230,Serie de TV,7.6,60,2011,"Fantasía, Aventura, Romance",249212,"2012-01-12",
tt1872181,7,2014-04-20,"The Amazing Spider-Man 2: El poder de Electro","The Amazing Spider-Man 2",https://www.imdb.com/title/tt1872181,Película,6.6,142,2014,"Acción, Aventura, Ciencia ficción",606132,"2014-04-17","Marc Webb"
tt1817287,7,2014-04-20,"Is the Man Who Is Tall Happy?: An Animated Conversation with Noam Chomsky","Is the Man Who Is Tall Happy?: An Animated Conversation with Noam Chomsky",https://www.imdb.com/title/tt1817287,Película,7.1,88,2013,"Animación, Documental, Biografía",3808,"2014-04-30","Michel Gondry"
tt2893256,6,2014-04-20,"Casting","Casting",https://www.imdb.com/title/tt2893256,Película,6.8,89,2013,"Comedia, Drama",47,"2013-11-22","Jorge Naranjo"
tt0120669,7,2014-04-16,"Miedo y asco en Las Vegas","Fear and Loathing in Las Vegas",https://www.imdb.com/title/tt0120669,Película,7.4,118,1998,"Aventura, Drama, Comedia",321304,"1999-04-23","Terry Gilliam"
tt0088846,7,2014-04-16,"Brazil","Brazil",https://www.imdb.com/title/tt0088846,Película,7.8,132,1985,"Ciencia ficción, Drama, Suspense",222916,"1985-04-06","Terry Gilliam"
tt0420251,6,2014-04-16,"Three... Extremes","Sam gang 2",https://www.imdb.com/title/tt0420251,Película,6.9,126,2004,"Terror",22086,"2004-08-20","Fruit Chan,Park Chan-wook,Takashi Miike"
tt0380510,6,2014-04-16,"The Lovely Bones","The Lovely Bones",https://www.imdb.com/title/tt0380510,Película,6.6,135,2009,"Drama, Fantasía, Suspense",193335,"2010-02-26","Peter Jackson"
tt1235166,7,2014-04-16,"Un profeta","Un prophète",https://www.imdb.com/title/tt1235166,Película,7.8,155,2009,"Crimen, Drama",108187,"2010-02-26","Jacques Audiard"
tt0181865,6,2014-04-16,"Traffic","Traffic",https://www.imdb.com/title/tt0181865,Película,7.5,147,2000,"Suspense, Crimen, Drama",231843,"2001-02-09","Steven Soderbergh"
tt0101700,5,2014-04-16,"Delicatessen","Delicatessen",https://www.imdb.com/title/tt0101700,Película,7.5,99,1991,"Crimen, Comedia",94785,"1991-04-17","Marc Caro,Jean-Pierre Jeunet"
tt0424136,6,2014-04-16,"Hard Candy","Hard Candy",https://www.imdb.com/title/tt0424136,Película,7.0,104,2005,"Suspense, Drama",175095,"2006-05-12","David Slade"
tt0110148,5,2014-04-16,"Entrevista con el vampiro","Interview with the Vampire: The Vampire Chronicles",https://www.imdb.com/title/tt0110148,Película,7.5,123,1994,"Terror, Drama, Fantasía",380153,"1994-12-16","Neil Jordan"
tt0262246,5,2014-04-16,"Juyuso seubgyuksageun","Juyuso seubgyuksageun",https://www.imdb.com/title/tt0262246,Película,6.9,113,1999,"Crimen, Comedia",4710,"1999-10-02","Kim Sang-jin"
tt0026138,7,2014-04-16,"La novia de Frankenstein","The Bride of Frankenstein",https://www.imdb.com/title/tt0026138,Película,7.8,75,1935,"Drama, Ciencia ficción, Terror",59446,"1935-05-06","James Whale"
tt0117883,5,2014-04-16,"Tesis","Tesis",https://www.imdb.com/title/tt0117883,Película,7.4,125,1996,"Misterio, Crimen, Terror, Suspense",47130,"1996-04-12","Alejandro Amenábar"
tt0144120,2,2014-04-16,"La novia de Chucky","Bride of Chucky",https://www.imdb.com/title/tt0144120,Película,5.7,89,1998,"Suspense, Terror, Comedia",71106,"1999-04-09","Ronny Yu"
tt0119396,7,2014-04-16,"Jackie Brown","Jackie Brown",https://www.imdb.com/title/tt0119396,Película,7.5,154,1997,"Drama, Crimen, Suspense",407698,"1998-02-27","Quentin Tarantino"
tt0101540,6,2014-04-16,"El cabo del miedo","Cape Fear",https://www.imdb.com/title/tt0101540,Película,7.3,128,1991,"Drama, Crimen, Suspense",249119,"1992-03-11","Martin Scorsese"
tt1194173,4,2014-04-16,"El legado de Bourne","The Bourne Legacy",https://www.imdb.com/title/tt1194173,Película,6.6,135,2012,"Acción, Aventura, Suspense",329987,"2012-08-15","Tony Gilroy"
tt0212712,8,2014-04-16,"2046","2046",https://www.imdb.com/title/tt0212712,Película,7.4,129,2004,"Ciencia ficción, Romance, Drama",64914,"2004-11-26","Wong Kar-Wai"
tt1242460,8,2014-04-16,"Tenemos que hablar de Kevin","We Need to Talk About Kevin",https://www.imdb.com/title/tt1242460,Película,7.4,112,2011,"Drama, Suspense, Misterio",183204,"2012-03-16","Lynne Ramsay"
tt0089853,5,2014-04-16,"La rosa púrpura de El Cairo","The Purple Rose of Cairo",https://www.imdb.com/title/tt0089853,Película,7.6,82,1985,"Fantasía, Romance, Comedia",58399,"1985-04-19","Woody Allen"
tt0245574,7,2014-04-16,"Y tu mamá también","Y tu mamá también",https://www.imdb.com/title/tt0245574,Película,7.7,106,2001,"Drama",142877,"2001-10-11","Alfonso Cuarón"
tt0247586,7,2014-04-16,"Nueve reinas","Nueve reinas",https://www.imdb.com/title/tt0247586,Película,7.9,114,2000,"Suspense, Drama, Crimen",63605,"2001-08-24","Fabián Bielinsky"
tt0365376,8,2014-04-16,"2 hermanas","Janghwa, Hongryeon",https://www.imdb.com/title/tt0365376,Película,7.1,114,2003,"Terror, Drama, Suspense, Misterio",75083,"2004-11-19","Kim Jee-woon"
tt0058182,6,2014-04-16,"¡Qué noche la de aquel día!","A Hard Day's Night",https://www.imdb.com/title/tt0058182,Película,7.5,87,1964,"Musical, Comedia",50294,"1964-07-07","Richard Lester"
tt0100405,4,2014-04-16,"Pretty Woman","Pretty Woman",https://www.imdb.com/title/tt0100405,Película,7.1,119,1990,"Romance, Comedia",410999,"1990-10-10","Garry Marshall"
tt0116136,3,2014-04-16,"Dragonheart (Corazón de dragón)","Dragonheart",https://www.imdb.com/title/tt0116136,Película,6.4,103,1996,"Aventura, Fantasía, Acción",105295,"1996-09-16","Rob Cohen"
tt0076786,8,2014-04-16,"Suspiria","Suspiria",https://www.imdb.com/title/tt0076786,Película,7.3,99,1977,"Terror",116358,"1977-06-11","Dario Argento"
tt0100150,9,2014-04-16,"Muerte entre las flores","Miller's Crossing",https://www.imdb.com/title/tt0100150,Película,7.7,115,1990,"Suspense, Crimen, Drama",149105,"1990-10-26","Joel Coen,Ethan Coen"
tt0052572,8,2014-04-16,"Apu Sansar (El mundo de Apu)","Apur Sansar",https://www.imdb.com/title/tt0052572,Película,8.4,105,1959,"Drama",20628,"1959-05-01","Satyajit Ray"
tt2023587,5,2014-04-16,"Mamá","Mama",https://www.imdb.com/title/tt2023587,Película,6.2,100,2013,"Terror, Suspense, Fantasía",202057,"2013-02-08","Andy Muschietti"
tt0102798,3,2014-04-16,"Robin Hood: Príncipe de los ladrones","Robin Hood: Prince of Thieves",https://www.imdb.com/title/tt0102798,Película,6.9,143,1991,"Drama, Romance, Aventura, Acción",223971,"1991-06-21","Kevin Reynolds"
tt0266308,6,2014-04-16,"Battle Royale","Batoru rowaiaru",https://www.imdb.com/title/tt0266308,Película,7.5,114,2000,"Suspense, Drama, Acción",208638,"2002-08-02","Kinji Fukasaku"
tt0071360,8,2014-04-16,"La conversación","The Conversation",https://www.imdb.com/title/tt0071360,Película,7.7,113,1974,"Drama, Suspense, Misterio",137283,"1974-12-21","Francis Ford Coppola"
tt0242653,3,2014-04-16,"Matrix Revolutions","The Matrix Revolutions",https://www.imdb.com/title/tt0242653,Película,6.7,129,2003,"Acción, Ciencia ficción",579408,"2003-11-05","Lana Wachowski,Lilly Wachowski"
tt1525366,5,2014-04-16,"Grabbers","Grabbers",https://www.imdb.com/title/tt1525366,Película,6.3,94,2012,"Ciencia ficción, Suspense, Comedia, Terror, Acción, Aventura",20842,"2012-08-10","Jon Wright"
tt0250258,5,2014-04-16,"El experimento","Das Experiment",https://www.imdb.com/title/tt0250258,Película,7.7,120,2001,"Drama, Suspense",99154,"2002-01-18","Oliver Hirschbiegel"
tt1270262,4,2014-04-16,"El doble del diablo","The Devil's Double",https://www.imdb.com/title/tt1270262,Película,7.0,109,2011,"Drama, Suspense, Biografía",65615,"2012-12-05","Lee Tamahori"
tt0480025,5,2014-04-16,"This Is England","This Is England",https://www.imdb.com/title/tt0480025,Película,7.7,101,2006,"Drama, Crimen",135976,"2008-01-04","Shane Meadows"
tt1783732,4,2014-04-16,"John muere al final","John Dies at the End",https://www.imdb.com/title/tt1783732,Película,6.3,99,2012,"Comedia, Terror, Ciencia ficción, Fantasía",42035,"2014-12-05","Don Coscarelli"
tt0106519,5,2014-04-16,"Atrapado por su pasado","Carlito's Way",https://www.imdb.com/title/tt0106519,Película,7.9,144,1993,"Crimen, Suspense, Drama",250282,"1994-03-11","Brian De Palma"
tt0123755,5,2014-04-16,"Cube","Cube",https://www.imdb.com/title/tt0123755,Película,7.1,90,1997,"Terror, Misterio, Ciencia ficción",263496,"1997-12-10","Vincenzo Natali"
tt0298130,7,2014-04-16,"The Ring (La señal)","The Ring",https://www.imdb.com/title/tt0298130,Película,7.1,115,2002,"Misterio, Terror",405907,"2003-01-10","Gore Verbinski"
tt0083907,7,2014-04-16,"Posesión infernal","The Evil Dead",https://www.imdb.com/title/tt0083907,Película,7.3,85,1981,"Terror",256317,"1983-12-21","Sam Raimi"
tt2231389,6,2014-04-14,"Melaza","Melaza",https://www.imdb.com/title/tt2231389,Película,6.6,80,2012,"Drama",144,"2014-04-16","Carlos Lechuga"
tt2294473,6,2014-04-12,"La lección del mal","Aku no kyôten",https://www.imdb.com/title/tt2294473,Película,6.6,129,2012,"Suspense, Terror",7293,"2012-11-10","Takashi Miike"
tt2409302,7,2014-04-12,"¿Por qué no jugamos en el infierno?","Jigoku de naze warui",https://www.imdb.com/title/tt2409302,Película,7.1,129,2013,"Acción, Comedia, Terror",9653,"2013-09-28","Sion Sono"
tt0290334,6,2014-04-12,"X-Men 2","X2",https://www.imdb.com/title/tt0290334,Película,7.4,134,2003,"Ciencia ficción, Suspense, Acción",617708,"2003-04-30","Bryan Singer"
tt2316411,7,2014-04-10,"Enemy","Enemy",https://www.imdb.com/title/tt2316411,Película,6.8,91,2013,"Suspense, Misterio, Drama",243816,"2014-03-28","Denis Villeneuve"
tt2521668,4,2014-04-09,"Les Revenants","Les revenants",https://www.imdb.com/title/tt2521668,Serie de TV,8.0,55,2012,"Drama, Terror, Misterio",22443,"2012-11-26",
tt2375707,5,2014-04-09,"El maestro del brindis","Toastmaster",https://www.imdb.com/title/tt2375707,Película,8.2,77,2014,"Comedia, Drama",61,"2014-03-27","Èric Boadella"
tt2278388,7,2014-04-09,"El gran hotel Budapest","The Grand Budapest Hotel",https://www.imdb.com/title/tt2278388,Película,8.1,99,2014,"Comedia, Drama",984819,"2014-03-21","Wes Anderson"
tt2333552,6,2014-04-06,"The Secret Society of Fine Arts","The Secret Society of Fine Arts",https://www.imdb.com/title/tt2333552,Película,6.7,76,2012,"Drama",72,"2012-08-28","Anders Rønnow Klarlund"
tt2024519,8,2014-04-02,"Alabama Monroe","The Broken Circle Breakdown",https://www.imdb.com/title/tt2024519,Película,7.7,111,2012,"Drama, Música, Romance",45483,"2014-02-14","Felix van Groeningen"
tt2380250,4,2014-04-02,"Los inocentes","Los inocentes",https://www.imdb.com/title/tt2380250,Película,4.6,65,2013,"Terror",505,"2014-04-24","Carlos Alonso Ojea,Dídac Cervera,Marta Díaz de Lope Díaz,Eugeni Guillem,Ander Iriarte,Gerard Martí,Marc Martínez Jordán,Miguel Sánchez Marín,Rubén Montero,Arnau Pons,Marc Pujolar,Laura García"
tt1436045,8,2014-04-01,"13 asesinos","Jûsannin no shikaku",https://www.imdb.com/title/tt1436045,Película,7.5,141,2010,"Acción, Aventura, Drama",72174,"2011-08-12","Takashi Miike"
tt2239947,5,2014-04-01,"Political Animals","Political Animals",https://www.imdb.com/title/tt2239947,Miniserie de TV,7.6,60,2012,"Drama",6824,"2013-07-04",
tt2084989,6,2014-03-31,"Upstream Color","Upstream Color",https://www.imdb.com/title/tt2084989,Película,6.5,96,2013,"Drama, Ciencia ficción, Misterio",36299,"2013-08-30","Shane Carruth"
tt2852458,5,2014-03-29,"El desconocido del lago","L'Inconnu du lac",https://www.imdb.com/title/tt2852458,Película,6.9,100,2013,"Drama, Suspense, Romance",17862,"2013-06-12","Alain Guiraudie"
tt3114390,5,2014-03-28,"Kill La Kill","Kiru ra kiru: KILL la KILL",https://www.imdb.com/title/tt3114390,Serie de TV,7.8,25,2013,"Animación, Acción, Comedia, Drama, Ciencia ficción, Fantasía",19845,"2013-10-03",
tt0436992,6,2014-03-22,"Doctor Who","Doctor Who",https://www.imdb.com/title/tt0436992,Serie de TV,8.5,45,2005,"Ciencia ficción, Aventura, Drama",263832,"2006-01-19",
tt0790636,7,2014-03-21,"Dallas Buyers Club","Dallas Buyers Club",https://www.imdb.com/title/tt0790636,Película,7.9,117,2013,"Drama, Biografía",551975,"2014-03-14","Jean-Marc Vallée"
tt1832045,6,2014-03-21,"Magic City","Magic City",https://www.imdb.com/title/tt1832045,Serie de TV,7.6,60,2012,"Drama, Crimen",13970,"2012-03-30",
tt2955316,5,2014-03-19,"Ocho apellidos vascos","Ocho apellidos vascos",https://www.imdb.com/title/tt2955316,Película,6.5,98,2014,"Comedia, Romance",19968,"2014-03-14","Emilio Martínez Lázaro"
tt2449810,3,2014-03-18,"Sanitarium","Sanitarium",https://www.imdb.com/title/tt2449810,Película,4.6,112,2013,"Suspense, Terror, Misterio",2121,"2014-02-01","Bryan Ortiz,Bryan Ramirez,Kerry Valderrama"
tt0371746,5,2014-03-16,"Iron Man","Iron Man",https://www.imdb.com/title/tt0371746,Película,7.9,126,2008,"Acción, Ciencia ficción, Aventura",1246179,"2008-04-30","Jon Favreau"
tt0075148,6,2014-03-14,"Rocky","Rocky",https://www.imdb.com/title/tt0075148,Película,8.1,120,1976,"Deporte, Drama",699935,"1977-05-23","John G. Avildsen"
tt2446726,5,2014-03-14,"Southcliffe","Southcliffe",https://www.imdb.com/title/tt2446726,Miniserie de TV,6.9,47,2013,"Drama, Suspense",3038,"2013-08-04",
tt2316801,5,2014-03-10,"La bella y la bestia","La belle et la bête",https://www.imdb.com/title/tt2316801,Película,6.4,112,2014,"Fantasía, Romance, Drama, Suspense, Familiar",24607,"2014-03-14","Christophe Gans"
tt2968136,5,2014-03-10,"Faraday","Faraday",https://www.imdb.com/title/tt2968136,Película,4.0,82,2013,"Comedia, Fantasía, Terror",319,"2015-04-10","Norberto Ramos del Val"
tt0808417,8,2014-03-09,"Persépolis","Persepolis",https://www.imdb.com/title/tt0808417,Película,8.0,96,2007,"Animación, Drama, Biografía, Bélico, Historia",106958,"2007-10-31","Vincent Paronnaud,Marjane Satrapi"
tt1935914,5,2014-03-09,"Los últimos días","Los últimos días",https://www.imdb.com/title/tt1935914,Película,6.1,100,2013,"Suspense, Ciencia ficción, Terror",9656,"2013-03-27","David Pastor,Àlex Pastor"
tt0443272,3,2014-03-09,"Lincoln","Lincoln",https://www.imdb.com/title/tt0443272,Película,7.3,150,2012,"Drama, Biografía, Historia, Bélico",286876,"2013-01-18","Steven Spielberg"
tt0046438,8,2014-03-09,"Cuentos de Tokio","Tôkyô monogatari",https://www.imdb.com/title/tt0046438,Película,8.1,137,1953,"Drama",78642,"2003-11-21","Yasujirō Ozu"
tt1313092,8,2014-03-09,"Animal Kingdom","Animal Kingdom",https://www.imdb.com/title/tt1313092,Película,7.2,113,2010,"Drama, Crimen, Suspense",63818,"2011-01-14","David Michôd"
tt0243862,6,2014-03-09,"Italiano para principiantes","Italiensk for begyndere",https://www.imdb.com/title/tt0243862,Película,7.0,112,2000,"Romance, Drama, Comedia",14503,"2001-12-21","Lone Scherfig"
tt0390221,5,2014-03-09,"María, llena eres de gracia","Maria Full of Grace",https://www.imdb.com/title/tt0390221,Película,7.4,101,2004,"Drama, Crimen",37742,"2004-10-22","Joshua Marston"
tt0070460,6,2014-03-09,"La noche americana","La nuit américaine",https://www.imdb.com/title/tt0070460,Película,8.0,116,1973,"Comedia, Romance, Drama",26635,"1973-09-07","François Truffaut"
tt0350193,6,2014-03-09,"Te doy mis ojos","Te doy mis ojos",https://www.imdb.com/title/tt0350193,Película,7.4,109,2003,"Romance, Drama",7921,"2003-10-10","Icíar Bollaín"
tt0454931,7,2014-03-09,"Réquiem","Requiem",https://www.imdb.com/title/tt0454931,Película,6.8,93,2006,"Drama, Terror",6989,"2006-12-15","Hans-Christian Schmid"
tt0089424,4,2014-03-09,"El beso de la mujer araña","Kiss of the Spider Woman",https://www.imdb.com/title/tt0089424,Película,7.3,120,1985,"Drama",19602,"1986-04-18","Hector Babenco"
tt0275719,7,2014-03-09,"Tape (La cinta)","Tape",https://www.imdb.com/title/tt0275719,Película,7.2,86,2001,"Drama",22378,"2002-07-12","Richard Linklater"
tt3194474,4,2014-03-09,"Todas las mujeres","Todas las mujeres",https://www.imdb.com/title/tt3194474,Película,6.4,89,2013,"Drama",491,"2013-10-18","Mariano Barroso"
tt1560747,8,2014-03-09,"The Master","The Master",https://www.imdb.com/title/tt1560747,Película,7.1,138,2012,"Drama",203136,"2013-01-04","Paul Thomas Anderson"
tt1692504,4,2014-03-09,"Somos la noche","Wir sind die Nacht",https://www.imdb.com/title/tt1692504,Película,6.2,99,2010,"Drama, Terror, Romance, Fantasía",9308,"2012-09-21","Dennis Gansel"
tt0758752,5,2014-03-09,"Amor y otras drogas","Love & Other Drugs",https://www.imdb.com/title/tt0758752,Película,6.7,112,2010,"Drama, Comedia, Romance",255175,"2011-01-14","Edward Zwick"
tt0376541,8,2014-03-09,"Closer","Closer",https://www.imdb.com/title/tt0376541,Película,7.1,104,2004,"Drama, Romance",252323,"2005-01-21","Mike Nichols"
tt1655420,5,2014-03-09,"Mi semana con Marilyn","My Week with Marilyn",https://www.imdb.com/title/tt1655420,Película,6.9,99,2011,"Drama, Biografía",91718,"2012-02-24","Simon Curtis"
tt0086087,6,2014-03-09,"Pauline en la playa","Pauline à la plage",https://www.imdb.com/title/tt0086087,Película,7.3,95,1983,"Romance, Drama, Comedia",12043,"2006-03-03","Éric Rohmer"
tt0118954,9,2014-03-09,"Desmontando a Harry","Deconstructing Harry",https://www.imdb.com/title/tt0118954,Película,7.3,96,1997,"Comedia",50783,"1998-02-03","Woody Allen"
tt0300140,6,2014-03-09,"Lilya Forever","Lilja 4-ever",https://www.imdb.com/title/tt0300140,Película,7.8,109,2002,"Crimen, Drama",56332,"2002-08-23","Lukas Moodysson"
tt0285742,5,2014-03-09,"Monster's Ball","Monster's Ball",https://www.imdb.com/title/tt0285742,Película,7.0,111,2001,"Romance, Drama",97771,"2002-04-05","Marc Forster"
tt0157122,5,2014-03-09,"Infiel","Trolösa",https://www.imdb.com/title/tt0157122,Película,7.4,154,2000,"Romance, Drama",3938,"2000-10-19","Liv Ullmann"
tt0066011,4,2014-03-09,"Love Story","Love Story",https://www.imdb.com/title/tt0066011,Película,6.9,100,1970,"Romance, Drama",40627,"1970-12-16","Arthur Hiller"
tt1588895,3,2014-03-09,"Uncle Boonmee recuerda sus vidas pasadas","Loong Boonmee raleuk chat",https://www.imdb.com/title/tt1588895,Película,6.7,114,2010,"Fantasía, Drama",19113,"2010-11-26","Apichatpong Weerasethakul"
tt0479221,5,2014-03-09,"Bajo las estrellas","Bajo las estrellas",https://www.imdb.com/title/tt0479221,Película,6.4,108,2007,"Comedia, Drama",677,"2007-06-15","Félix Viscarret"
tt0935075,6,2014-03-09,"Los secretos del corazón","Rabbit Hole",https://www.imdb.com/title/tt0935075,Película,6.9,91,2010,"Drama",52993,"2011-01-28","John Cameron Mitchell"
tt2325517,7,2014-03-09,"Casi humanos","Almost Human",https://www.imdb.com/title/tt2325517,Película,4.7,80,2013,"Ciencia ficción, Terror, Suspense",3620,"2014-09-26","Joe Begos"
tt2165859,5,2014-03-09,"In Fear","In Fear",https://www.imdb.com/title/tt2165859,Película,5.4,85,2013,"Suspense, Terror, Misterio",11586,"2013-11-15","Jeremy Lovering"
tt1714203,4,2014-03-09,"Piraña 2 3D","Piranha 3DD",https://www.imdb.com/title/tt1714203,Película,3.8,83,2012,"Terror, Comedia, Ciencia ficción, Suspense",48310,"2014-08-01","John Gulager"
tt2866360,8,2014-03-09,"Coherence","Coherence",https://www.imdb.com/title/tt2866360,Película,7.2,89,2013,"Ciencia ficción, Suspense, Misterio",178057,"2015-02-18","James Ward Byrkit"
tt2396495,4,2014-03-08,"Fresh Meat","Fresh Meat",https://www.imdb.com/title/tt2396495,Película,5.4,91,2012,"Comedia, Terror",2297,"2012-10-25","Danny Mulheron"
tt1706620,7,2014-03-08,"Snowpiercer (Rompenieves)","Snowpiercer",https://www.imdb.com/title/tt1706620,Película,7.1,126,2013,"Ciencia ficción, Suspense, Acción, Drama",424776,"2013-08-01","Bong Joon Ho"
tt0098936,9,2014-02-28,"Twin Peaks","Twin Peaks",https://www.imdb.com/title/tt0098936,Serie de TV,8.7,50,1990,"Suspense, Crimen, Drama, Misterio",250020,"1990-11-15",
tt1399683,8,2014-02-28,"Winter's Bone","Winter's Bone",https://www.imdb.com/title/tt1399683,Película,7.1,100,2010,"Drama, Misterio, Crimen, Suspense",158695,"2011-02-11","Debra Granik"
tt0105665,6,2014-02-28,"Twin Peaks: Fuego camina conmigo","Twin Peaks: Fire Walk with Me",https://www.imdb.com/title/tt0105665,Película,7.3,134,1992,"Terror, Drama, Misterio, Suspense",119631,"1992-06-03","David Lynch"
tt0116922,7,2014-02-27,"Carretera perdida","Lost Highway",https://www.imdb.com/title/tt0116922,Película,7.6,134,1997,"Misterio, Drama, Suspense",172828,"1997-03-17","David Lynch"
tt1798709,9,2014-02-25,"Her","Her",https://www.imdb.com/title/tt1798709,Película,8.0,126,2013,"Romance, Ciencia ficción, Drama",732791,"2014-02-21","Spike Jonze"
tt0088847,6,2014-02-24,"El club de los cinco","The Breakfast Club",https://www.imdb.com/title/tt0088847,Película,7.8,97,1985,"Comedia, Drama",476598,"1985-02-15","John Hughes"
tt1856010,8,2014-02-24,"House of Cards","House of Cards",https://www.imdb.com/title/tt1856010,Serie de TV,8.6,50,2013,"Drama, Suspense",562645,"2013-02-21",
tt1245112,5,2014-02-24,"[REC]²","(Rec)²",https://www.imdb.com/title/tt1245112,Película,6.5,85,2009,"Terror, Suspense",85492,"2009-10-02","Jaume Balagueró,Paco Plaza"
tt1242432,7,2014-02-23,"Escupiré sobre tu tumba","I Spit on Your Grave",https://www.imdb.com/title/tt1242432,Película,6.2,108,2010,"Terror, Suspense",104290,"2020-10-28","Steven R. Monroe"
tt0090887,4,2014-02-22,"Critters","Critters",https://www.imdb.com/title/tt0090887,Película,6.1,86,1986,"Terror, Ciencia ficción, Comedia",41847,"1987-06-04","Stephen Herek"
tt0080231,6,2014-02-20,"La casa del terror","Hammer House of Horror",https://www.imdb.com/title/tt0080231,Serie de TV,7.4,54,1980,"Drama, Fantasía, Misterio, Suspense, Terror",2682,"1980-09-13",
tt2896036,6,2014-02-20,"Vivir es fácil con los ojos cerrados","Vivir es fácil con los ojos cerrados",https://www.imdb.com/title/tt2896036,Película,7.0,108,2013,"Comedia, Drama",6900,"2013-10-31","David Trueba"
tt1682180,8,2014-02-16,"Stoker","Stoker",https://www.imdb.com/title/tt1682180,Película,6.7,99,2013,"Drama, Suspense, Misterio",121401,"2013-05-10","Park Chan-wook"
tt0357507,3,2014-02-16,"Boogeyman: La puerta del miedo","Boogeyman",https://www.imdb.com/title/tt0357507,Película,4.2,89,2005,"Drama, Misterio, Suspense, Terror",34044,"2005-10-07","Stephen Kay"
tt1872818,5,2014-02-16,"Amor y letras","Liberal Arts",https://www.imdb.com/title/tt1872818,Película,6.7,97,2012,"Comedia, Drama, Romance",42258,"2013-03-15","Josh Radnor"
tt2085059,8,2014-02-14,"Black Mirror","Black Mirror",https://www.imdb.com/title/tt2085059,Serie de TV,8.7,60,2011,"Drama, Suspense, Ciencia ficción, Misterio, Crimen",746810,"2011-12-04",
tt2176609,4,2014-02-14,"Mob City","Mob City",https://www.imdb.com/title/tt2176609,Serie de TV,7.4,60,2013,"Drama, Crimen, Misterio, Suspense",8054,"2014-01-13",
tt1772379,6,2014-02-14,"The Fades","The Fades",https://www.imdb.com/title/tt1772379,Miniserie de TV,7.5,55,2011,"Fantasía, Terror, Misterio",7405,"2011-09-21",
tt0049223,4,2014-02-14,"Planeta prohibido","Forbidden Planet",https://www.imdb.com/title/tt0049223,Película,7.5,98,1956,"Aventura, Ciencia ficción",57707,"1958-06-13","Fred M. Wilcox"
tt1800241,6,2014-02-12,"La gran estafa americana (American Hustle)","American Hustle",https://www.imdb.com/title/tt1800241,Película,7.2,138,2013,"Drama, Crimen",521463,"2014-01-31","David O. Russell"
tt2382009,4,2014-02-06,"Nymphomaniac (volumen 2)","Nymphomaniac: Vol. II",https://www.imdb.com/title/tt2382009,Película,6.6,124,2013,"Drama",104485,"2014-01-24","Lars von Trier"
tt1935156,7,2014-02-06,"Jodorowsky's Dune","Jodorowsky's Dune",https://www.imdb.com/title/tt1935156,Película,8.0,90,2013,"Documental",29487,"2016-03-16","Frank Pavich"
tt2205697,6,2014-02-02,"Un invierno en la playa","Stuck in Love",https://www.imdb.com/title/tt2205697,Película,7.2,97,2012,"Drama, Comedia, Romance",96096,"2013-06-14","Josh Boone"
tt1345488,4,2014-02-02,"Leslie, My Name Is Evil","Leslie, My Name Is Evil",https://www.imdb.com/title/tt1345488,Película,4.6,85,2009,"Comedia, Crimen",950,"2009-09-14","Reg Harkema"
tt1714915,8,2014-01-23,"Sólo los amantes sobreviven","Only Lovers Left Alive",https://www.imdb.com/title/tt1714915,Película,7.2,123,2013,"Drama, Romance, Comedia, Fantasía, Terror",116513,"2013-12-25","Jim Jarmusch"
tt0049833,7,2014-01-19,"Los diez mandamientos","The Ten Commandments",https://www.imdb.com/title/tt0049833,Película,7.9,220,1956,"Aventura, Familiar, Historia, Drama",85496,"1956-10-05","Cecil B. DeMille"
tt0893382,6,2014-01-19,"Shine a Light","Shine a Light",https://www.imdb.com/title/tt0893382,Película,7.1,122,2008,"Documental, Música, Biografía",12752,"2008-04-04","Martin Scorsese"
tt0200071,4,2014-01-17,"Rosetta","Rosetta",https://www.imdb.com/title/tt0200071,Película,7.4,95,1999,"Drama",17322,"1999-12-03","Jean-Pierre Dardenne,Luc Dardenne"
tt0142688,4,2014-01-17,"La novena puerta","The Ninth Gate",https://www.imdb.com/title/tt0142688,Película,6.7,133,1999,"Misterio, Suspense",211733,"1999-08-27","Roman Polanski"
tt0209958,6,2014-01-17,"La celda","The Cell",https://www.imdb.com/title/tt0209958,Película,6.4,107,2000,"Terror, Crimen, Ciencia ficción, Suspense",115757,"2000-09-29","Tarsem Singh"
tt1462900,7,2014-01-15,"The Grandmaster","Yi dai zong shi",https://www.imdb.com/title/tt1462900,Película,6.6,130,2013,"Drama, Acción, Biografía, Romance, Bélico",38989,"2014-01-10","Wong Kar-Wai"
tt2042568,6,2014-01-08,"A propósito de Llewyn Davis","Inside Llewyn Davis",https://www.imdb.com/title/tt2042568,Película,7.4,104,2013,"Drama, Música",173024,"2014-01-01","Ethan Coen,Joel Coen"
tt0359950,6,2014-01-08,"La vida secreta de Walter Mitty","The Secret Life of Walter Mitty",https://www.imdb.com/title/tt0359950,Película,7.3,114,2013,"Drama, Fantasía, Romance, Aventura, Comedia",376541,"2013-12-25","Ben Stiller"
tt1692486,6,2014-01-02,"Un dios salvaje","Carnage",https://www.imdb.com/title/tt1692486,Película,7.1,80,2011,"Comedia, Drama",139117,"2011-11-18","Roman Polanski"
tt0870984,5,2014-01-02,"Anticristo","Antichrist",https://www.imdb.com/title/tt0870984,Película,6.5,108,2009,"Terror, Drama, Suspense",145977,"2009-08-21","Lars von Trier"
tt1937390,6,2014-01-02,"Nymphomaniac (volumen 1)","Nymphomaniac: Vol. I",https://www.imdb.com/title/tt1937390,Película,6.9,117,2013,"Drama",139826,"2013-12-25","Lars von Trier"
tt0120879,5,2014-01-02,"Velvet Goldmine","Velvet Goldmine",https://www.imdb.com/title/tt0120879,Película,6.9,123,1998,"Música, Drama",40686,"1999-02-19","Todd Haynes"
tt2101473,6,2013-12-30,"El médico","The Physician",https://www.imdb.com/title/tt2101473,Película,7.2,155,2013,"Drama, Aventura, Historia",45827,"2013-12-25","Philipp Stölzl"
tt1023500,2,2013-12-26,"Doghouse","Doghouse",https://www.imdb.com/title/tt1023500,Película,6.0,89,2009,"Terror, Comedia, Ciencia ficción",23685,"2009-06-12","Jake West"
tt1335975,3,2013-12-26,"La leyenda del samurái: 47 Ronin","47 Ronin",https://www.imdb.com/title/tt1335975,Película,6.2,128,2013,"Acción, Fantasía, Drama",180875,"2013-12-25","Carl Rinsch"
tt1924429,6,2013-12-25,"Trance","Trance",https://www.imdb.com/title/tt1924429,Película,6.9,101,2013,"Crimen, Drama, Suspense, Misterio",121404,"2013-06-14","Danny Boyle"
tt1623205,3,2013-12-25,"Oz: Un mundo de fantasía","Oz the Great and Powerful",https://www.imdb.com/title/tt1623205,Película,6.3,130,2013,"Fantasía, Aventura, Familiar",222157,"2013-03-08","Sam Raimi"
tt0903624,4,2013-12-22,"El hobbit: Un viaje inesperado","The Hobbit: An Unexpected Journey",https://www.imdb.com/title/tt0903624,Película,7.8,169,2012,"Fantasía, Aventura",935815,"2012-12-14","Peter Jackson"
tt2024544,7,2013-12-22,"12 años de esclavitud","12 Years a Slave",https://www.imdb.com/title/tt2024544,Película,8.1,134,2013,"Drama, Historia, Biografía",793425,"2013-12-13","Steve McQueen"
tt1838571,6,2013-12-19,"Juan de los muertos","Juan de los muertos",https://www.imdb.com/title/tt1838571,Película,6.4,92,2011,"Comedia, Terror, Acción",11568,"2012-01-13","Alejandro Brugués"
tt1128075,6,2013-12-19,"Love exposure (Exposición de amor)","Ai no mukidashi",https://www.imdb.com/title/tt1128075,Película,8.0,237,2008,"Drama, Acción, Comedia, Romance, Suspense",18374,"2009-01-31","Sion Sono"
tt1288558,7,2013-12-19,"Posesión infernal (Evil Dead)","Evil Dead",https://www.imdb.com/title/tt1288558,Película,6.5,91,2013,"Terror, Suspense",217831,"2013-04-05","Fede Alvarez"
tt0218871,8,2013-12-19,"Carne","Carne",https://www.imdb.com/title/tt0218871,Corto,7.0,40,1991,"Corto, Drama, Crimen, Suspense",8611,"1992-06-17","Gaspar Noé"
tt0454841,5,2013-12-19,"Las colinas tienen ojos","The Hills Have Eyes",https://www.imdb.com/title/tt0454841,Película,6.4,107,2006,"Terror, Suspense",197293,"2006-06-30","Alexandre Aja"
tt1453405,4,2013-12-19,"Monstruos University","Monsters University",https://www.imdb.com/title/tt1453405,Película,7.2,104,2013,"Animación, Comedia, Aventura, Familiar, Fantasía",430223,"2013-06-21","Dan Scanlon"
tt2357129,3,2013-12-19,"Jobs","Jobs",https://www.imdb.com/title/tt2357129,Película,6.0,128,2013,"Drama, Biografía",108060,"2013-09-20","Joshua Michael Stern"
tt1535108,5,2013-12-19,"Elysium","Elysium",https://www.imdb.com/title/tt1535108,Película,6.6,109,2013,"Drama, Ciencia ficción, Acción, Suspense",494626,"2013-08-16","Neill Blomkamp"
tt0097757,6,2013-12-19,"La sirenita","The Little Mermaid",https://www.imdb.com/title/tt0097757,Película,7.6,83,1989,"Animación, Musical, Fantasía, Aventura, Romance, Familiar",314940,"1990-12-05","Ron Clements,John Musker"
tt1690953,5,2013-12-19,"Gru 2: Mi villano favorito","Despicable Me 2",https://www.imdb.com/title/tt1690953,Película,7.3,98,2013,"Animación, Comedia, Familiar, Ciencia ficción, Aventura, Crimen",464825,"2013-07-05","Pierre Coffin,Chris Renaud"
tt1210819,2,2013-12-19,"El llanero solitario","The Lone Ranger",https://www.imdb.com/title/tt1210819,Película,6.4,150,2013,"Acción, Aventura, Del oeste, Drama",254412,"2013-08-23","Gore Verbinski"
tt0038650,3,2013-12-19,"Qué bello es vivir","It's a Wonderful Life",https://www.imdb.com/title/tt0038650,Película,8.6,130,1946,"Familiar, Fantasía, Romance, Drama",558359,"1947-01-07","Frank Capra"
tt0104431,2,2013-12-19,"Solo en casa 2: Perdido en Nueva York","Home Alone 2: Lost in New York",https://www.imdb.com/title/tt0104431,Película,6.9,120,1992,"Aventura, Crimen, Comedia, Familiar",461129,"1992-12-04","Chris Columbus"
tt0099785,3,2013-12-19,"Solo en casa","Home Alone",https://www.imdb.com/title/tt0099785,Película,7.8,103,1990,"Comedia, Familiar",753227,"1990-12-21","Chris Columbus"
tt0773262,4,2013-12-19,"Dexter","Dexter",https://www.imdb.com/title/tt0773262,Serie de TV,8.6,60,2006,"Crimen, Drama, Misterio, Suspense",951877,"2007-11-05",
tt0460649,7,2013-12-19,"Cómo conocí a vuestra madre","How I Met Your Mother",https://www.imdb.com/title/tt0460649,Serie de TV,8.3,22,2005,"Comedia, Romance, Drama",788369,"2005-09-19",
tt1520211,6,2013-12-19,"The Walking Dead","The Walking Dead",https://www.imdb.com/title/tt1520211,Serie de TV,8.1,45,2010,"Terror, Drama, Suspense",1210881,"2010-11-05",
tt0944947,7,2013-12-19,"Juego de tronos","Game of Thrones",https://www.imdb.com/title/tt0944947,Serie de TV,9.2,60,2011,"Fantasía, Drama",2654350,"2011-04-17",
tt1670345,4,2013-12-19,"Ahora me ves...","Now You See Me",https://www.imdb.com/title/tt1670345,Película,7.2,115,2013,"Suspense, Crimen, Misterio",777326,"2013-07-19","Louis Leterrier"
tt0816711,5,2013-12-19,"Guerra mundial Z","World War Z",https://www.imdb.com/title/tt0816711,Película,7.0,116,2013,"Acción, Aventura, Terror, Ciencia ficción",792888,"2013-08-02","Marc Forster"
tt1951264,6,2013-12-19,"Los juegos del hambre: En llamas","The Hunger Games: Catching Fire",https://www.imdb.com/title/tt1951264,Película,7.5,146,2013,"Ciencia ficción, Suspense, Acción, Aventura, Romance",781508,"2013-11-22","Francis Lawrence"
tt0770828,5,2013-12-19,"El hombre de acero","Man of Steel",https://www.imdb.com/title/tt0770828,Película,7.1,143,2013,"Acción, Aventura, Ciencia ficción",875159,"2013-06-21","Zack Snyder"
tt1815862,3,2013-12-18,"After Earth","After Earth",https://www.imdb.com/title/tt1815862,Película,4.8,100,2013,"Ciencia ficción, Aventura, Acción, Drama",217696,"2013-06-28","M. Night Shyamalan"
tt0464154,5,2013-12-16,"Piraña 3D","Piranha 3D",https://www.imdb.com/title/tt0464154,Película,5.5,88,2010,"Comedia, Terror",102965,"2011-03-25","Alexandre Aja"
tt0060802,5,2013-12-15,"Trenes rigurosamente vigilados","Ostre sledované vlaky",https://www.imdb.com/title/tt0060802,Película,7.6,92,1966,"Bélico, Romance, Drama, Comedia",15179,"1966-11-18","Jiří Menzel"
tt0108122,6,2013-12-15,"Short Cuts - Vidas cruzadas","Short Cuts",https://www.imdb.com/title/tt0108122,Película,7.6,188,1993,"Comedia, Drama",50268,"1994-05-11","Robert Altman"
tt0066026,3,2013-12-15,"M*A*S*H","MASH",https://www.imdb.com/title/tt0066026,Película,7.3,116,1970,"Drama, Bélico, Comedia",83541,"1970-03-18","Robert Altman"
tt1703925,5,2013-12-14,"Wilfred","Wilfred",https://www.imdb.com/title/tt1703925,Serie de TV,7.8,22,2011,"Comedia, Drama, Misterio",45798,"2011-06-23",
tt0100802,6,2013-12-14,"Desafío total","Total Recall",https://www.imdb.com/title/tt0100802,Película,7.5,113,1990,"Aventura, Ciencia ficción, Acción",384360,"1990-07-30","Paul Verhoeven"
tt1964624,8,2013-12-11,"En la casa","Dans la maison",https://www.imdb.com/title/tt1964624,Película,7.3,105,2012,"Suspense, Misterio, Drama",36175,"2012-11-09","François Ozon"
tt0258000,5,2013-12-11,"La habitación del pánico","Panic Room",https://www.imdb.com/title/tt0258000,Película,6.8,113,2002,"Crimen, Drama, Suspense",316670,"2002-04-12","David Fincher"
tt1340800,5,2013-12-11,"El topo","Tinker Tailor Soldier Spy",https://www.imdb.com/title/tt1340800,Película,7.0,127,2011,"Suspense, Drama, Misterio",227854,"2011-12-23","Tomas Alfredson"
tt1790885,6,2013-12-11,"La noche más oscura (Zero Dark Thirty)","Zero Dark Thirty",https://www.imdb.com/title/tt1790885,Película,7.4,157,2012,"Suspense, Drama, Historia",343869,"2013-01-04","Kathryn Bigelow"
tt0898367,8,2013-12-11,"La carretera (The Road)","The Road",https://www.imdb.com/title/tt0898367,Película,7.2,111,2009,"Drama, Suspense",273157,"2010-02-05","John Hillcoat"
tt0477348,7,2013-12-11,"No es país para viejos","No Country for Old Men",https://www.imdb.com/title/tt0477348,Película,8.2,122,2007,"Suspense, Crimen, Drama",1209857,"2008-02-08","Ethan Coen,Joel Coen"
tt2193215,6,2013-12-11,"El consejero","The Counselor",https://www.imdb.com/title/tt2193215,Película,5.4,117,2013,"Suspense, Crimen, Drama, Acción, Aventura, Misterio",110610,"2013-11-29","Ridley Scott"
tt1124373,5,2013-12-09,"Hijos de la anarquía","Sons of Anarchy",https://www.imdb.com/title/tt1124373,Serie de TV,8.5,45,2008,"Drama, Crimen, Suspense",359356,"2010-02-15",
tt0979432,7,2013-12-09,"Boardwalk Empire","Boardwalk Empire",https://www.imdb.com/title/tt0979432,Serie de TV,8.5,60,2010,"Drama, Crimen",219764,"2010-12-13",
tt0000420,5,2013-12-08,"Alicia en el País de las Maravillas","Alice in Wonderland",https://www.imdb.com/title/tt0000420,Corto,6.2,9,1903,"Corto, Familiar, Fantasía",3224,"1903-05","Cecil M. Hepworth,Percy Stow"
tt0066995,6,2013-12-07,"Diamantes para la eternidad","Diamonds Are Forever",https://www.imdb.com/title/tt0066995,Película,6.5,120,1971,"Suspense, Aventura, Acción",124390,"1971-12-30","Guy Hamilton"
tt0064757,6,2013-12-07,"007 al servicio secreto de su Majestad","On Her Majesty's Secret Service",https://www.imdb.com/title/tt0064757,Película,6.7,142,1969,"Suspense, Aventura, Acción",109843,"1969-12-19","Peter R. Hunt"
tt0058150,7,2013-12-07,"James Bond contra Goldfinger","Goldfinger",https://www.imdb.com/title/tt0058150,Película,7.7,110,1964,"Aventura, Suspense, Acción",219558,"1965-01-09","Guy Hamilton"
tt0057076,5,2013-12-07,"Desde Rusia con amor","From Russia with Love",https://www.imdb.com/title/tt0057076,Película,7.3,115,1963,"Suspense, Aventura, Acción",160478,"1964-01-31","Terence Young"
tt0055928,6,2013-12-07,"Agente 007 contra el Dr. No","Dr. No",https://www.imdb.com/title/tt0055928,Película,7.2,110,1962,"Aventura, Suspense, Acción",197592,"1962-10-10","Terence Young"
tt0154506,5,2013-12-07,"Following","Following",https://www.imdb.com/title/tt0154506,Película,7.4,70,1998,"Crimen, Suspense, Misterio",114004,"1999-11-05","Christopher Nolan"
tt0338095,7,2013-12-07,"Alta tensión","Haute tension",https://www.imdb.com/title/tt0338095,Película,6.7,91,2003,"Terror",83750,"2004-11-12","Alexandre Aja"
tt1362058,5,2013-12-07,"Invasión zombie","Cockneys vs Zombies",https://www.imdb.com/title/tt1362058,Película,5.9,88,2012,"Comedia, Terror, Acción, Suspense",21362,"2012-08-31","Matthias Hoene"
tt0119345,3,2013-12-07,"Sé lo que hicisteis el último verano","I Know What You Did Last Summer",https://www.imdb.com/title/tt0119345,Película,5.9,101,1997,"Misterio, Terror",182730,"1998-01-14","Jim Gillespie"
tt0160184,2,2013-12-07,"D-Tox (Ojo asesino)","D-Tox",https://www.imdb.com/title/tt0160184,Película,5.4,96,2002,"Crimen, Suspense",31267,"2002-01-25","Jim Gillespie"
tt0120681,4,2013-12-07,"Desde el infierno","From Hell",https://www.imdb.com/title/tt0120681,Película,6.7,122,2001,"Terror, Crimen, Misterio, Suspense",172862,"2002-03-01","Albert Hughes,Allen Hughes"
tt0134084,2,2013-12-07,"Scream 3","Scream 3",https://www.imdb.com/title/tt0134084,Película,5.7,116,2000,"Misterio, Terror",187926,"2000-04-07","Wes Craven"
tt0117571,3,2013-12-07,"Scream: Vigila quién llama","Scream",https://www.imdb.com/title/tt0117571,Película,7.4,111,1996,"Misterio, Terror",452217,"1997-04-10","Wes Craven"
tt0087909,6,2013-12-07,"Phenomena","Phenomena",https://www.imdb.com/title/tt0087909,Película,6.7,116,1985,"Misterio, Crimen, Terror",33498,"1985-01-31","Dario Argento"
tt1032846,5,2013-12-06,"4 meses, 3 semanas, 2 días","4 luni, 3 saptamâni si 2 zile",https://www.imdb.com/title/tt1032846,Película,7.9,113,2007,"Drama",66436,"2008-01-25","Cristian Mungiu"
tt0376968,7,2013-12-06,"El regreso","Vozvrashchenie",https://www.imdb.com/title/tt0376968,Película,7.9,110,2003,"Drama",49837,"2004-03-12","Andrey Zvyagintsev"
tt0449467,6,2013-12-06,"Babel","Babel",https://www.imdb.com/title/tt0449467,Película,7.4,143,2006,"Drama",330695,"2006-12-29","Alejandro G. Iñárritu"
tt1124035,6,2013-12-06,"Los idus de marzo","The Ides of March",https://www.imdb.com/title/tt1124035,Película,7.1,101,2011,"Drama, Suspense",240543,"2012-03-09","George Clooney"
tt1935179,6,2013-12-06,"Mud","Mud",https://www.imdb.com/title/tt1935179,Película,7.3,130,2012,"Drama, Aventura",201231,"2013-08-30","Jeff Nichols"
tt0118749,7,2013-12-06,"Boogie Nights","Boogie Nights",https://www.imdb.com/title/tt0118749,Película,7.9,155,1997,"Drama",308966,"1998-01-14","Paul Thomas Anderson"
tt1164999,6,2013-12-06,"Biutiful","Biutiful",https://www.imdb.com/title/tt1164999,Película,7.4,148,2010,"Drama, Romance",98460,"2010-12-03","Alejandro G. Iñárritu"
tt1189073,8,2013-12-06,"La piel que habito","La piel que habito",https://www.imdb.com/title/tt1189073,Película,7.6,120,2011,"Suspense, Drama, Misterio",181967,"2011-09-02","Pedro Almodóvar"
tt0471385,4,2013-12-06,"Las desnudas contra los muertos vivientes","Shin kaidan zangyaku hidô: onna keiji to ratai kaibôki",https://www.imdb.com/title/tt0471385,Película,3.6,,2003,"Terror",28,"2006-10-11","Seiji Yamada"
tt1038988,7,2013-12-06,"[REC]","[Rec]",https://www.imdb.com/title/tt1038988,Película,7.4,78,2007,"Terror, Suspense, Misterio",219742,"2007-11-23","Jaume Balagueró,Paco Plaza"
tt1605783,6,2013-12-06,"Midnight in Paris","Midnight in Paris",https://www.imdb.com/title/tt1605783,Película,7.6,94,2011,"Comedia, Romance, Fantasía",473651,"2011-05-13","Woody Allen"
tt1045658,6,2013-12-06,"El lado bueno de las cosas","Silver Linings Playbook",https://www.imdb.com/title/tt1045658,Película,7.7,122,2012,"Drama, Romance",777269,"2013-01-25","David O. Russell"
tt2243389,4,2013-12-06,"Los amantes pasajeros","Los amantes pasajeros",https://www.imdb.com/title/tt2243389,Película,5.6,90,2013,"Musical, Comedia",25678,"2013-03-08","Pedro Almodóvar"
tt2418440,5,2013-12-06,"3 bodas de más","Tres bodas de más",https://www.imdb.com/title/tt2418440,Película,6.2,94,2013,"Comedia, Romance",5980,"2013-12-05","Javier Ruiz Caldera"
tt0251736,6,2013-12-06,"La casa de los 1000 cadáveres","House of 1000 Corpses",https://www.imdb.com/title/tt0251736,Película,6.0,89,2003,"Terror",101018,"2003-12-19","Rob Zombie"
tt0119822,6,2013-12-06,"Mejor... imposible","As Good as It Gets",https://www.imdb.com/title/tt0119822,Película,7.7,139,1997,"Romance, Drama, Comedia",339863,"1998-02-27","James L. Brooks"
tt1022603,7,2013-12-05,"(500) días juntos","(500) Days of Summer",https://www.imdb.com/title/tt1022603,Película,7.6,95,2009,"Comedia, Drama, Romance",626181,"2009-10-23","Marc Webb"
tt1796652,6,2013-12-04,"Una familia de Tokio","Tôkyô kazoku",https://www.imdb.com/title/tt1796652,Película,7.5,146,2013,"Drama",2388,"2013-01-19","Yōji Yamada"
tt0147612,7,2013-11-30,"Happiness","Happiness",https://www.imdb.com/title/tt0147612,Película,7.7,140,1998,"Comedia, Drama",80642,"1998-11-30","Todd Solondz"
tt0324197,5,2013-11-30,"El tiempo del lobo","Le temps du loup",https://www.imdb.com/title/tt0324197,Película,6.4,114,2003,"Drama",12408,"2004-05-21","Michael Haneke"
tt0254686,6,2013-11-30,"La pianista","La Pianiste",https://www.imdb.com/title/tt0254686,Película,7.5,131,2001,"Música, Romance, Drama",82595,"2001-10-26","Michael Haneke"
tt0390384,6,2013-11-29,"Primer","Primer",https://www.imdb.com/title/tt0390384,Película,6.7,77,2004,"Drama, Suspense, Ciencia ficción",122904,"2005-05-27","Shane Carruth"
tt0138704,7,2013-11-29,"Pi, fe en el caos","Pi",https://www.imdb.com/title/tt0138704,Película,7.3,84,1998,"Misterio, Ciencia ficción, Terror, Drama, Suspense",193603,"1999-12-03","Darren Aronofsky"
tt1527186,9,2013-11-29,"Melancolía","Melancholia",https://www.imdb.com/title/tt1527186,Película,7.1,135,2011,"Drama, Ciencia ficción",209774,"2011-11-04","Lars von Trier"
tt1392170,5,2013-11-27,"Los juegos del hambre","The Hunger Games",https://www.imdb.com/title/tt1392170,Película,7.2,142,2012,"Aventura, Ciencia ficción, Suspense, Acción",1092474,"2012-04-20","Gary Ross"
tt2309021,6,2013-11-26,"Somos lo que somos","We Are What We Are",https://www.imdb.com/title/tt2309021,Película,5.9,105,2013,"Suspense, Drama, Terror",23430,"2015-01-23","Jim Mickle"
tt1396226,5,2013-11-22,"Volver a nacer","Venuto al mondo",https://www.imdb.com/title/tt1396226,Película,7.3,127,2012,"Drama, Romance, Bélico",18096,"2013-01-11","Sergio Castellitto"
tt2594078,4,2013-11-20,"Viral","Viral",https://www.imdb.com/title/tt2594078,Película,4.4,95,2013,"Suspense, Comedia, Terror",274,"2013-11-29","Lucas Figueroa"
tt0274558,8,2013-11-19,"Las horas","The Hours",https://www.imdb.com/title/tt0274558,Película,7.5,114,2002,"Romance, Drama",147898,"2003-02-21","Stephen Daldry"
tt2334873,7,2013-11-17,"Blue Jasmine","Blue Jasmine",https://www.imdb.com/title/tt2334873,Película,7.3,98,2013,"Drama, Comedia, Romance",220852,"2013-11-15","Woody Allen"
tt0019254,10,2013-11-14,"La pasión de Juana de Arco","La passion de Jeanne d'Arc",https://www.imdb.com/title/tt0019254,Película,8.1,110,1928,"Historia, Biografía, Drama",69102,"1928-10-25","Carl Theodor Dreyer"
tt0073650,9,2013-11-14,"Saló o los 120 días de Sodoma","Salò o le 120 giornate di Sodoma",https://www.imdb.com/title/tt0073650,Película,5.8,117,1975,"Drama",73776,"1976-01-10","Pier Paolo Pasolini"
tt1602620,10,2013-11-14,"Amor","Amour",https://www.imdb.com/title/tt1602620,Película,7.9,127,2012,"Drama",111182,"2013-01-11","Michael Haneke"
tt0812377,7,2013-11-14,"La soledad","La soledad",https://www.imdb.com/title/tt0812377,Película,6.6,135,2007,"Drama",1516,"2007-06-01","Jaime Rosales"
tt0388473,6,2013-11-11,"Tokyo Godfathers","Tôkyô goddofâzâzu",https://www.imdb.com/title/tt0388473,Película,7.8,92,2003,"Animación, Aventura, Drama, Comedia",55722,"2021-07","Satoshi Kon,Shōgo Furuya"
tt1049413,6,2013-11-11,"Up","Up",https://www.imdb.com/title/tt1049413,Película,8.3,96,2009,"Animación, Familiar, Aventura, Comedia, Drama",1252837,"2009-07-30","Pete Docter,Bob Peterson"
tt0462538,4,2013-11-11,"Los Simpson: La película","The Simpsons Movie",https://www.imdb.com/title/tt0462538,Película,7.3,87,2007,"Animación, Comedia, Aventura",365169,"2007-07-26","David Silverman"
tt0066473,6,2013-11-11,"Tora! Tora! Tora!","Tora! Tora! Tora!",https://www.imdb.com/title/tt0066473,Película,7.5,144,1970,"Historia, Acción, Drama, Bélico",40150,"1970-09-23","Richard Fleischer,Kinji Fukasaku,Toshio Masuda,Akira Kurosawa"
tt2450186,7,2013-11-08,"V/H/S/2","V/H/S/2",https://www.imdb.com/title/tt2450186,Película,6.0,96,2013,"Terror, Suspense",49122,"2014-08-08","Simon Barrett,Jason Eisener,Gareth Evans,Gregg Hale,Eduardo Sánchez,Timo Tjahjanto,Adam Wingard"
tt1205489,7,2013-11-07,"Gran Torino","Gran Torino",https://www.imdb.com/title/tt1205489,Película,8.1,116,2008,"Drama",868966,"2009-03-06","Clint Eastwood"
tt2314792,6,2013-11-07,"Low Winter Sun","Low Winter Sun",https://www.imdb.com/title/tt2314792,Serie de TV,7.0,43,2013,"Drama, Crimen",6242,"2013-08-11",
tt0257360,5,2013-11-07,"A propósito de Schmidt","About Schmidt",https://www.imdb.com/title/tt0257360,Película,7.2,125,2002,"Drama",137422,"2003-02-14","Alexander Payne"
tt0095895,7,2013-11-06,"Powaqqatsi","Powaqqatsi",https://www.imdb.com/title/tt0095895,Película,7.2,99,1988,"Documental, Música",9459,"1988-06-02","Godfrey Reggio"
tt0085809,10,2013-11-06,"Koyaanisqatsi","Koyaanisqatsi",https://www.imdb.com/title/tt0085809,Película,8.2,86,1982,"Documental, Música",45071,"1984-10-23","Godfrey Reggio"
tt0362270,8,2013-11-05,"Life Aquatic","The Life Aquatic with Steve Zissou",https://www.imdb.com/title/tt0362270,Película,7.2,119,2004,"Comedia, Aventura, Drama, Acción, Romance",222149,"2005-03-23","Wes Anderson"
tt0838221,7,2013-11-05,"Viaje a Darjeeling","The Darjeeling Limited",https://www.imdb.com/title/tt0838221,Película,7.2,91,2007,"Aventura, Drama, Comedia",238333,"2008-01-04","Wes Anderson"
tt1094249,7,2013-11-05,"Hotel Chevalier","Hotel Chevalier",https://www.imdb.com/title/tt1094249,Corto,7.1,13,2007,"Corto, Drama, Romance",37817,"2007-10-26","Wes Anderson"
tt0265666,8,2013-11-05,"Los Tenenbaums. Una familia de genios","The Royal Tenenbaums",https://www.imdb.com/title/tt0265666,Película,7.6,110,2001,"Drama, Comedia",338573,"2002-04-12","Wes Anderson"
tt1748122,8,2013-11-05,"Moonrise Kingdom","Moonrise Kingdom",https://www.imdb.com/title/tt1748122,Película,7.7,94,2012,"Drama, Comedia, Romance, Aventura, Fantasía",384751,"2012-06-15","Wes Anderson"
tt0432283,7,2013-11-05,"Fantástico Sr. Fox","Fantastic Mr. Fox",https://www.imdb.com/title/tt0432283,Película,7.9,87,2009,"Animación, Aventura, Comedia, Crimen, Familiar, Drama",309667,"2010-04-23","Wes Anderson"
tt0128445,8,2013-11-05,"Academia Rushmore","Rushmore",https://www.imdb.com/title/tt0128445,Película,7.6,93,1998,"Drama, Romance, Comedia",209519,"1999-02-19","Wes Anderson"
tt0166808,7,2013-11-05,"Sombre","Sombre",https://www.imdb.com/title/tt0166808,Película,5.9,112,1998,"Terror, Drama",2101,"1999-01-27","Philippe Grandrieux"
tt2101441,6,2013-11-05,"Spring Breakers","Spring Breakers",https://www.imdb.com/title/tt2101441,Película,5.3,94,2012,"Drama, Crimen, Suspense",155517,"2013-03-15","Harmony Korine"
tt0069293,8,2013-11-05,"Solaris","Solyaris",https://www.imdb.com/title/tt0069293,Película,7.9,167,1972,"Drama, Misterio, Aventura, Ciencia ficción",105022,"1979-01-03","Andrei Tarkovsky"
tt0072443,9,2013-11-05,"El espejo","Zerkalo",https://www.imdb.com/title/tt0072443,Película,7.9,107,1975,"Biografía, Drama",58327,"1991-01-31","Andrei Tarkovsky"
tt0063787,6,2013-11-05,"Vixen!","Vixen!",https://www.imdb.com/title/tt0063787,Película,5.6,70,1968,"Drama",3831,"1968-10-22","Russ Meyer"
tt0213847,5,2013-11-05,"Malena","Malèna",https://www.imdb.com/title/tt0213847,Película,7.4,108,2000,"Bélico, Romance, Drama",126078,"2001-03-23","Giuseppe Tornatore"
tt1764234,7,2013-11-05,"Mátalos suavemente","Killing Them Softly",https://www.imdb.com/title/tt1764234,Película,6.2,97,2012,"Crimen, Suspense, Drama",161564,"2012-09-21","Andrew Dominik"
tt0780504,9,2013-11-04,"Drive","Drive",https://www.imdb.com/title/tt0780504,Película,7.8,100,2011,"Drama, Acción",772497,"2011-12-28","Nicolas Winding Refn"
tt2002718,5,2013-11-04,"Machete Kills","Machete Kills",https://www.imdb.com/title/tt2002718,Película,5.6,107,2013,"Acción, Crimen, Suspense, Comedia",85953,"2014-07-18","Robert Rodriguez"
tt0985694,6,2013-11-04,"Machete","Machete",https://www.imdb.com/title/tt0985694,Película,6.6,105,2010,"Acción, Suspense, Crimen",210287,"2010-10-01","Ethan Maniquis,Robert Rodriguez"
tt2404738,5,2013-11-04,"Las brujas de Zugarramurdi","Las brujas de Zugarramurdi",https://www.imdb.com/title/tt2404738,Película,6.4,112,2013,"Comedia, Terror, Acción, Fantasía, Aventura, Suspense",16324,"2013-09-27","Álex de la Iglesia"
tt1327773,4,2013-11-04,"El mayordomo (The Butler)","The Butler",https://www.imdb.com/title/tt1327773,Película,7.2,132,2013,"Drama, Biografía",124350,"2013-10-11","Lee Daniels"
tt2226417,7,2013-11-04,"Insidious (capítulo 2)","Insidious: Chapter 2",https://www.imdb.com/title/tt2226417,Película,6.6,106,2013,"Terror, Suspense, Misterio",205332,"2013-10-25","James Wan"
tt1707386,5,2013-11-04,"Los miserables","Les Misérables",https://www.imdb.com/title/tt1707386,Película,7.5,158,2012,"Musical, Drama, Romance",364548,"2012-12-25","Tom Hooper"
tt0295701,2,2013-11-04,"xXx","xXx",https://www.imdb.com/title/tt0295701,Película,5.9,124,2002,"Aventura, Suspense, Drama, Acción",194891,"2002-10-18","Rob Cohen"
tt0287467,7,2013-11-04,"Hable con ella","Hable con ella",https://www.imdb.com/title/tt0287467,Película,7.9,112,2002,"Romance, Misterio, Drama",121062,"2002-03-15","Pedro Almodóvar"
tt0254455,6,2013-11-04,"Lucía y el sexo","Lucía y el sexo",https://www.imdb.com/title/tt0254455,Película,7.0,128,2001,"Romance, Drama",40815,"2001-08-24","Julio Medem"
tt0058898,7,2013-11-03,"Lemmy contra Alphaville","Alphaville, une étrange aventure de Lemmy Caution",https://www.imdb.com/title/tt0058898,Película,6.9,99,1965,"Comedia, Ciencia ficción, Drama, Suspense, Misterio",30340,"1966-03-28","Jean-Luc Godard"
tt0059592,8,2013-11-03,"Pierrot, el loco","Pierrot le fou",https://www.imdb.com/title/tt0059592,Película,7.4,110,1965,"Crimen, Romance, Drama",40504,"1980-06-30","Jean-Luc Godard"
tt0053472,10,2013-11-03,"Al final de la escapada","À bout de souffle",https://www.imdb.com/title/tt0053472,Película,7.6,90,1960,"Drama, Crimen",96365,"1966-04-10","Jean-Luc Godard"
tt1659337,7,2013-11-03,"Las ventajas de ser un marginado","The Perks of Being a Wallflower",https://www.imdb.com/title/tt1659337,Película,7.9,103,2012,"Drama",604419,"2013-02-08","Stephen Chbosky"
tt0446029,8,2013-11-03,"Scott Pilgrim contra el mundo","Scott Pilgrim vs. the World",https://www.imdb.com/title/tt0446029,Película,7.5,112,2010,"Acción, Comedia, Romance, Fantasía",500282,"2010-11-12","Edgar Wright"
tt0175880,9,2013-11-03,"Magnolia","Magnolia",https://www.imdb.com/title/tt0175880,Película,8.0,188,1999,"Drama",352505,"2000-03-03","Paul Thomas Anderson"
tt0111495,7,2013-11-03,"Tres colores: Rojo","Trois couleurs : Rouge",https://www.imdb.com/title/tt0111495,Película,8.0,99,1994,"Misterio, Romance, Drama",116730,"1994-09-23","Krzysztof Kieślowski"
tt0327056,9,2013-11-03,"Mystic River","Mystic River",https://www.imdb.com/title/tt0327056,Película,7.9,138,2003,"Crimen, Misterio, Suspense, Drama",529794,"2003-10-24","Clint Eastwood"
tt1655442,8,2013-11-03,"The Artist","The Artist",https://www.imdb.com/title/tt1655442,Película,7.8,100,2011,"Romance, Comedia, Drama",256263,"2011-12-16","Michel Hazanavicius"
tt0101414,6,2013-11-03,"La bella y la bestia","Beauty and the Beast",https://www.imdb.com/title/tt0101414,Película,8.0,84,1991,"Animación, Musical, Fantasía, Romance, Familiar",508952,"1992-11-27","Gary Trousdale,Kirk Wise"
tt0113247,8,2013-11-03,"El odio","La haine",https://www.imdb.com/title/tt0113247,Película,8.1,98,1995,"Crimen, Drama",230829,"1996-01-30","Mathieu Kassovitz"
tt0029947,6,2013-11-03,"La fiera de mi niña","Bringing Up Baby",https://www.imdb.com/title/tt0029947,Película,7.8,102,1938,"Comedia",69716,"1941-01-20","Howard Hawks"
tt0401383,7,2013-11-03,"La escafandra y la mariposa","Le scaphandre et le papillon",https://www.imdb.com/title/tt0401383,Película,8.0,112,2007,"Drama, Biografía",113181,"2008-02-01","Julian Schnabel"
tt1130884,6,2013-11-03,"Shutter Island","Shutter Island",https://www.imdb.com/title/tt1130884,Película,8.2,138,2010,"Suspense, Misterio",1678139,"2010-02-19","Martin Scorsese"
tt0325980,2,2013-11-03,"Piratas del Caribe: La maldición de la Perla Negra","Pirates of the Caribbean: The Curse of the Black Pearl",https://www.imdb.com/title/tt0325980,Película,8.1,143,2003,"Fantasía, Acción, Aventura",1342827,"2003-08-14","Gore Verbinski"
tt0065214,7,2013-11-03,"Grupo salvaje","The Wild Bunch",https://www.imdb.com/title/tt0065214,Película,7.9,145,1969,"Aventura, Acción, Drama, Del oeste",94656,"1969-06-19","Sam Peckinpah"
tt0120382,5,2013-11-03,"El show de Truman","The Truman Show",https://www.imdb.com/title/tt0120382,Película,8.2,103,1998,"Comedia, Drama",1400892,"1998-10-30","Peter Weir"
tt0454876,6,2013-11-03,"La vida de Pi","Life of Pi",https://www.imdb.com/title/tt0454876,Película,7.9,127,2012,"Drama, Aventura, Fantasía",705031,"2012-11-30","Ang Lee"
tt0083922,6,2013-11-03,"Fanny y Alexander","Fanny och Alexander",https://www.imdb.com/title/tt0083922,Película,8.1,322,1982,"Drama",71785,"1984-03-26","Ingmar Bergman"
tt0040746,7,2013-11-03,"La soga","Rope",https://www.imdb.com/title/tt0040746,Película,7.9,80,1948,"Drama, Crimen, Misterio, Suspense",166312,"1948-09-25","Alfred Hitchcock"
tt0198781,6,2013-11-03,"Monstruos, S.A.","Monsters, Inc.",https://www.imdb.com/title/tt0198781,Película,8.1,92,2001,"Animación, Aventura, Comedia, Familiar, Fantasía",1089033,"2002-02-08","Pete Docter,David Silverman,Lee Unkrich"
tt0107207,6,2013-11-03,"En el nombre del padre","In the Name of the Father",https://www.imdb.com/title/tt0107207,Película,8.1,133,1993,"Biografía, Crimen, Drama",204409,"1994-02-18","Jim Sheridan"
tt1010048,7,2013-11-03,"Slumdog Millionaire","Slumdog Millionaire",https://www.imdb.com/title/tt1010048,Película,8.0,120,2008,"Drama, Romance, Crimen",914546,"2009-02-13","Danny Boyle,Loveleen Tandan"
tt0070047,9,2013-11-03,"El exorcista","The Exorcist",https://www.imdb.com/title/tt0070047,Película,8.1,122,1973,"Terror",503655,"1975-09-01","William Friedkin"
tt0947798,6,2013-11-03,"Cisne negro","Black Swan",https://www.imdb.com/title/tt0947798,Película,8.0,108,2010,"Drama, Suspense",896384,"2011-02-18","Darren Aronofsky"
tt0060827,9,2013-11-03,"Persona","Persona",https://www.imdb.com/title/tt0060827,Película,8.0,84,1966,"Suspense, Drama",141880,"1966-10-18","Ingmar Bergman"
tt0061722,7,2013-11-03,"El graduado","The Graduate",https://www.imdb.com/title/tt0061722,Película,8.0,106,1967,"Comedia, Romance, Drama",303704,"1967-12-21","Mike Nichols"
tt0072890,7,2013-11-03,"Tarde de perros","Dog Day Afternoon",https://www.imdb.com/title/tt0072890,Película,8.0,125,1975,"Suspense, Biografía, Crimen, Drama",293986,"1976-03-24","Sidney Lumet"
tt0245712,8,2013-11-03,"Amores perros","Amores perros",https://www.imdb.com/title/tt0245712,Película,8.0,154,2000,"Suspense, Drama",272675,"2001-03-16","Alejandro G. Iñárritu"
tt0053198,8,2013-11-03,"Los cuatrocientos golpes","Les quatre cents coups",https://www.imdb.com/title/tt0053198,Película,8.0,92,1959,"Crimen, Drama",135363,"1959-06-03","François Truffaut"
tt0048424,6,2013-11-03,"La noche del cazador","The Night of the Hunter",https://www.imdb.com/title/tt0048424,Película,7.9,92,1955,"Crimen, Drama, Suspense",109249,"1955-07-27","Charles Laughton"
tt0107048,7,2013-11-03,"Atrapado en el tiempo","Groundhog Day",https://www.imdb.com/title/tt0107048,Película,8.0,101,1993,"Fantasía, Drama, Romance, Comedia",740106,"1993-06-25","Harold Ramis"
tt0114746,6,2013-11-03,"12 monos","Twelve Monkeys",https://www.imdb.com/title/tt0114746,Película,8.0,129,1995,"Misterio, Ciencia ficción, Suspense",683545,"1996-03-21","Terry Gilliam"
tt1979320,7,2013-11-03,"Rush","Rush",https://www.imdb.com/title/tt1979320,Película,8.1,123,2013,"Biografía, Deporte, Drama",565612,"2013-09-20","Ron Howard"
tt0405159,3,2013-11-03,"Million Dollar Baby","Million Dollar Baby",https://www.imdb.com/title/tt0405159,Película,8.1,132,2004,"Drama, Deporte",772338,"2005-02-04","Clint Eastwood"
tt0038787,4,2013-11-03,"Encadenados","Notorious",https://www.imdb.com/title/tt0038787,Película,7.9,102,1946,"Cine negro, Misterio, Romance, Suspense, Drama",113351,"1946-09-06","Alfred Hitchcock"
tt0079470,8,2013-11-03,"La vida de Brian","Monty Python's Life of Brian",https://www.imdb.com/title/tt0079470,Película,8.0,94,1979,"Comedia",435573,"1980-10-29","Terry Jones"
tt0434409,5,2013-11-03,"V de vendetta","V for Vendetta",https://www.imdb.com/title/tt0434409,Película,8.1,132,2005,"Suspense, Acción, Drama, Ciencia ficción",1254708,"2006-04-07","James McTeigue"
tt0075686,7,2013-11-03,"Annie Hall","Annie Hall",https://www.imdb.com/title/tt0075686,Película,7.9,93,1977,"Romance, Comedia",292571,"1978-02-22","Woody Allen"
tt0044079,5,2013-11-03,"Extraños en un tren","Strangers on a Train",https://www.imdb.com/title/tt0044079,Película,7.9,101,1951,"Crimen, Cine negro, Drama, Suspense",148943,"1951-06-30","Alfred Hitchcock"
tt0117951,7,2013-11-03,"Trainspotting","Trainspotting",https://www.imdb.com/title/tt0117951,Película,8.1,93,1996,"Crimen, Drama",773536,"1996-09-23","Danny Boyle"
tt0401792,8,2013-11-03,"Sin City","Sin City",https://www.imdb.com/title/tt0401792,Película,8.0,124,2005,"Crimen, Suspense",823535,"2005-08-12","Frank Miller,Robert Rodriguez"
tt0031381,8,2013-11-03,"Lo que el viento se llevó","Gone with the Wind",https://www.imdb.com/title/tt0031381,Película,8.2,238,1939,"Romance, Drama, Bélico",358193,"1940-01-17","Victor Fleming"
tt0091763,7,2013-11-03,"Platoon","Platoon",https://www.imdb.com/title/tt0091763,Película,8.0,120,1986,"Drama, Bélico",476221,"1987-03-26","Oliver Stone"
tt0073195,7,2013-11-03,"Tiburón","Jaws",https://www.imdb.com/title/tt0073195,Película,8.1,124,1975,"Aventura, Terror, Drama, Suspense",748281,"1975-06-20","Steven Spielberg"
tt0112641,6,2013-11-03,"Casino","Casino",https://www.imdb.com/title/tt0112641,Película,8.2,178,1995,"Crimen, Drama",626841,"1996-02-23","Martin Scorsese"
tt0119217,4,2013-11-03,"El indomable Will Hunting","Good Will Hunting",https://www.imdb.com/title/tt0119217,Película,8.4,126,1997,"Romance, Drama",1238011,"1998-02-27","Gus Van Sant"
tt0167404,5,2013-11-03,"El sexto sentido","The Sixth Sense",https://www.imdb.com/title/tt0167404,Película,8.2,107,1999,"Misterio, Drama, Suspense",1157801,"2000-01-14","M. Night Shyamalan"
tt0120735,7,2013-11-03,"Lock & Stock","Lock, Stock and Two Smoking Barrels",https://www.imdb.com/title/tt0120735,Película,8.1,107,1998,"Crimen, Comedia",653379,"1999-04-09","Guy Ritchie"
tt0077416,6,2013-11-03,"El cazador","The Deer Hunter",https://www.imdb.com/title/tt0077416,Película,8.1,183,1978,"Drama, Bélico",388903,"1979-03-19","Michael Cimino"
tt0015864,8,2013-11-03,"La quimera del oro","The Gold Rush",https://www.imdb.com/title/tt0015864,Película,8.1,95,1925,"Aventura, Drama, Del oeste, Romance, Comedia",129005,"1925-08-16","Charles Chaplin"
tt0118715,6,2013-11-03,"El gran Lebowski","The Big Lebowski",https://www.imdb.com/title/tt0118715,Película,8.1,117,1998,"Crimen, Comedia",923324,"1998-04-24","Joel Coen,Ethan Coen"
tt0089881,9,2013-11-03,"Ran","Ran",https://www.imdb.com/title/tt0089881,Película,8.2,160,1985,"Acción, Bélico, Drama",154132,"1986-01-17","Akira Kurosawa"
tt0116282,8,2013-11-03,"Fargo","Fargo",https://www.imdb.com/title/tt0116282,Película,8.1,98,1996,"Drama, Suspense, Crimen",794768,"1996-06-20","Joel Coen,Ethan Coen"
tt0050986,6,2013-11-03,"Fresas salvajes","Smultronstället",https://www.imdb.com/title/tt0050986,Película,8.1,92,1957,"Romance, Drama",125552,"1963-02-07","Ingmar Bergman"
tt0032976,5,2013-11-03,"Rebeca","Rebecca",https://www.imdb.com/title/tt0032976,Película,8.0,130,1940,"Suspense, Drama, Romance, Misterio",162010,"1940-04-12","Alfred Hitchcock"
tt0033870,4,2013-11-03,"El halcón maltés","The Maltese Falcon",https://www.imdb.com/title/tt0033870,Película,7.9,100,1941,"Drama, Crimen, Romance, Misterio, Cine negro",175207,"1941-10-18","John Huston"
tt0044741,7,2013-11-03,"Vivir","Ikiru",https://www.imdb.com/title/tt0044741,Película,8.3,143,1952,"Drama",103673,"1952-10-09","Akira Kurosawa"
tt0086250,8,2013-11-03,"El precio del poder","Scarface",https://www.imdb.com/title/tt0086250,Película,8.3,170,1983,"Crimen, Drama",1031523,"1984-03-12","Brian De Palma"
tt0083658,8,2013-11-03,"Blade Runner","Blade Runner",https://www.imdb.com/title/tt0083658,Película,8.1,117,1982,"Suspense, Acción, Drama, Ciencia ficción",889433,"1982-08-21","Ridley Scott"
tt0050976,10,2013-11-03,"El séptimo sello","Det sjunde inseglet",https://www.imdb.com/title/tt0050976,Película,8.1,96,1957,"Drama, Fantasía",217310,"1991-07-17","Ingmar Bergman"
tt0080678,8,2013-11-03,"El hombre elefante","The Elephant Man",https://www.imdb.com/title/tt0080678,Película,8.2,124,1980,"Biografía, Drama",283899,"1980-10-10","David Lynch"
tt0017925,6,2013-11-03,"El maquinista de La General","The General",https://www.imdb.com/title/tt0017925,Película,8.1,78,1926,"Acción, Aventura, Drama, Bélico, Comedia",105986,"1927-01-02","Clyde Bruckman,Buster Keaton"
tt0047296,6,2013-11-03,"La ley del silencio","On the Waterfront",https://www.imdb.com/title/tt0047296,Película,8.1,108,1954,"Suspense, Crimen, Drama",180623,"1954-06-22","Elia Kazan"
tt0363163,7,2013-11-03,"El hundimiento","Der Untergang",https://www.imdb.com/title/tt0363163,Película,8.2,156,2004,"Drama, Bélico, Biografía, Historia",403367,"2005-02-18","Oliver Hirschbiegel"
tt0457430,6,2013-11-03,"El laberinto del fauno","El laberinto del fauno",https://www.imdb.com/title/tt0457430,Película,8.2,118,2006,"Drama, Fantasía, Bélico",752003,"2006-10-11","Guillermo del Toro"
tt0031679,3,2013-11-03,"Caballero sin espada","Mr. Smith Goes to Washington",https://www.imdb.com/title/tt0031679,Película,8.1,129,1939,"Comedia, Drama",130307,"1939-10-19","Frank Capra"
tt0114709,6,2013-11-03,"Toy Story","Toy Story",https://www.imdb.com/title/tt0114709,Película,8.3,81,1995,"Animación, Aventura, Comedia, Familiar, Fantasía",1195805,"1996-03-14","John Lasseter"
tt0361748,9,2013-11-03,"Malditos bastardos","Inglourious Basterds",https://www.imdb.com/title/tt0361748,Película,8.4,153,2009,"Bélico, Drama",1813425,"2009-09-18","Quentin Tarantino"
tt0208092,8,2013-11-03,"Snatch. Cerdos y diamantes","Snatch",https://www.imdb.com/title/tt0208092,Película,8.2,104,2000,"Comedia, Crimen",984178,"2000-11-03","Guy Ritchie"
tt1832382,6,2013-11-03,"Nader y Simin, una separación","Jodaeiye Nader az Simin",https://www.imdb.com/title/tt1832382,Película,8.3,123,2011,"Drama",279989,"2011-10-07","Asghar Farhadi"
tt0372784,4,2013-11-03,"Batman Begins","Batman Begins",https://www.imdb.com/title/tt0372784,Película,8.2,140,2005,"Crimen",1740235,"2005-06-17","Christopher Nolan"
tt0081398,7,2013-11-03,"Toro salvaje","Raging Bull",https://www.imdb.com/title/tt0081398,Película,8.1,129,1980,"Deporte, Biografía, Drama",413341,"1981-03-20","Martin Scorsese"
tt0095327,6,2013-11-03,"La tumba de las luciérnagas","Hotaru no haka",https://www.imdb.com/title/tt0095327,Película,8.5,88,1988,"Animación, Drama, Bélico",394529,"1990-09-14","Isao Takahata"
tt0105695,7,2013-11-03,"Sin perdón","Unforgiven",https://www.imdb.com/title/tt0105695,Película,8.2,130,1992,"Drama, Del oeste",472017,"1992-09-25","Clint Eastwood"
tt0053604,6,2013-11-03,"El apartamento","The Apartment",https://www.imdb.com/title/tt0053604,Película,8.3,125,1960,"Romance, Drama, Comedia",222626,"1960-06-29","Billy Wilder"
tt0070735,7,2013-11-03,"El golpe","The Sting",https://www.imdb.com/title/tt0070735,Película,8.2,129,1973,"Drama, Crimen, Comedia",305136,"1974-04-14","George Roy Hill"
tt0062622,10,2013-11-03,"2001: Una odisea del espacio","2001: A Space Odyssey",https://www.imdb.com/title/tt0062622,Película,8.3,149,1968,"Aventura, Ciencia ficción",791104,"1968-10-17","Stanley Kubrick"
tt0071853,7,2013-11-03,"Los caballeros de la mesa cuadrada y sus locos seguidores","Monty Python and the Holy Grail",https://www.imdb.com/title/tt0071853,Película,8.1,91,1975,"Aventura, Fantasía, Comedia",607104,"1975-06-27","Terry Gilliam,Terry Jones"
tt0119698,8,2013-11-03,"La princesa Mononoke","Mononoke-hime",https://www.imdb.com/title/tt0119698,Película,8.3,133,1997,"Animación, Aventura, Fantasía",489642,"2000-04-07","Hayao Miyazaki"
tt0086879,7,2013-11-03,"Amadeus","Amadeus",https://www.imdb.com/title/tt0086879,Película,8.4,160,1984,"Drama, Música, Biografía",472490,"1985-03-08","Miloš Forman"
tt0042192,6,2013-11-03,"Eva al desnudo","All About Eve",https://www.imdb.com/title/tt0042192,Película,8.2,138,1950,"Drama",150340,"1950-10-27","Joseph L. Mankiewicz"
tt0040522,7,2013-11-03,"Ladrón de bicicletas","Ladri di biciclette",https://www.imdb.com/title/tt0040522,Película,8.2,89,1948,"Drama",193012,"1948-11-24","Vittorio De Sica"
tt0042876,10,2013-11-03,"Rashomon","Rashômon",https://www.imdb.com/title/tt0042876,Película,8.1,88,1950,"Crimen, Misterio, Drama",198390,"1950-08-26","Akira Kurosawa"
tt0053291,6,2013-11-03,"Con faldas y a lo loco","Some Like It Hot",https://www.imdb.com/title/tt0053291,Película,8.2,121,1959,"Romance, Música, Comedia",306925,"1959-03-19","Billy Wilder"
tt0071315,6,2013-11-03,"Chinatown","Chinatown",https://www.imdb.com/title/tt0071315,Película,8.1,130,1974,"Drama, Suspense, Misterio",379429,"1974-12-16","Roman Polanski"
tt0045152,6,2013-11-03,"Cantando bajo la lluvia","Singin' in the Rain",https://www.imdb.com/title/tt0045152,Película,8.3,103,1952,"Musical, Comedia, Romance",285303,"1953-04-04","Stanley Donen,Gene Kelly"
tt0017136,10,2013-11-03,"Metrópolis","Metropolis",https://www.imdb.com/title/tt0017136,Película,8.2,150,1927,"Drama, Ciencia ficción",202782,"1927-02-06","Fritz Lang"
tt0119488,6,2013-11-03,"L.A. Confidential","L.A. Confidential",https://www.imdb.com/title/tt0119488,Película,8.2,138,1997,"Crimen, Drama, Suspense, Misterio",662829,"1997-11-07","Curtis Hanson"
tt0364569,8,2013-11-03,"Old Boy","Oldeuboi",https://www.imdb.com/title/tt0364569,Película,8.3,120,2003,"Misterio, Suspense, Acción, Drama",730074,"2005-01-28","Park Chan-wook"
tt0093058,9,2013-11-03,"La chaqueta metálica","Full Metal Jacket",https://www.imdb.com/title/tt0093058,Película,8.2,116,1987,"Drama, Bélico",857920,"1987-07-10","Stanley Kubrick"
tt0338013,9,2013-11-03,"¡Olvídate de mí!","Eternal Sunshine of the Spotless Mind",https://www.imdb.com/title/tt0338013,Película,8.3,108,2004,"Drama, Ciencia ficción, Romance",1193832,"2004-09-24","Michel Gondry"
tt0112573,6,2013-11-03,"Braveheart","Braveheart",https://www.imdb.com/title/tt0112573,Película,8.3,178,1995,"Drama, Bélico",1170607,"1995-09-29","Mel Gibson"
tt0041959,7,2013-11-03,"El tercer hombre","The Third Man",https://www.imdb.com/title/tt0041959,Película,8.1,104,1949,"Cine negro, Drama, Suspense, Misterio",197051,"1950-04-08","Carol Reed"
tt0180093,7,2013-11-03,"Réquiem por un sueño","Requiem for a Dream",https://www.imdb.com/title/tt0180093,Película,8.3,102,2000,"Drama",983117,"2001-03-23","Darren Aronofsky"
tt0087843,8,2013-11-03,"Érase una vez en América","C'era una volta in America",https://www.imdb.com/title/tt0087843,Película,8.3,229,1984,"Crimen, Drama",411451,"1985-01-24","Sergio Leone"
tt0110357,8,2013-11-03,"El rey león","The Lion King",https://www.imdb.com/title/tt0110357,Película,8.5,88,1994,"Animación, Musical, Drama, Aventura, Familiar",1274746,"1994-11-08","Roger Allers,Rob Minkoff"
tt0082096,7,2013-11-03,"El submarino (Das Boot)","Das Boot",https://www.imdb.com/title/tt0082096,Película,8.3,149,1981,"Drama, Bélico",290120,"1982-06-15","Wolfgang Petersen"
tt0056592,5,2013-11-03,"Matar a un ruiseñor","To Kill a Mockingbird",https://www.imdb.com/title/tt0056592,Película,8.2,129,1962,"Crimen, Drama",352836,"1964-04-16","Robert Mulligan"
tt0066921,10,2013-11-03,"La naranja mecánica","A Clockwork Orange",https://www.imdb.com/title/tt0066921,Película,8.2,136,1971,"Crimen, Ciencia ficción",943302,"1975-06-16","Stanley Kubrick"
tt0211915,8,2013-11-03,"Amélie","Le Fabuleux Destin d'Amélie Poulain",https://www.imdb.com/title/tt0211915,Película,8.2,122,2001,"Romance, Comedia",845874,"2001-10-19","Jean-Pierre Jeunet"
tt0032553,10,2013-11-03,"El gran dictador","The Great Dictator",https://www.imdb.com/title/tt0032553,Película,8.4,125,1940,"Drama, Bélico, Comedia",259995,"1941-03-07","Charles Chaplin"
tt0405094,6,2013-11-03,"La vida de los otros","Das Leben der Anderen",https://www.imdb.com/title/tt0405094,Película,8.4,137,2006,"Drama, Suspense, Misterio",446473,"2007-02-16","Florian Henckel von Donnersmarck"
tt0075314,9,2013-11-03,"Taxi Driver","Taxi Driver",https://www.imdb.com/title/tt0075314,Película,8.2,114,1976,"Crimen, Drama",1039583,"1977-03-10","Martin Scorsese"
tt0090605,7,2013-11-03,"Aliens: El regreso","Aliens",https://www.imdb.com/title/tt0090605,Película,8.4,137,1986,"Suspense, Acción, Terror, Ciencia ficción, Aventura",846767,"1986-10-29","James Cameron"
tt0120689,5,2013-11-03,"La milla verde","The Green Mile",https://www.imdb.com/title/tt0120689,Película,8.6,189,1999,"Crimen, Fantasía, Misterio, Drama",1581208,"2000-02-18","Frank Darabont"
tt0172495,5,2013-11-03,"Gladiator (El gladiador)","Gladiator",https://www.imdb.com/title/tt0172495,Película,8.5,155,2000,"Acción, Aventura, Drama",1876824,"2000-05-17","Ridley Scott"
tt1853728,7,2013-11-03,"Django desencadenado","Django Unchained",https://www.imdb.com/title/tt1853728,Película,8.5,165,2012,"Del oeste, Drama",1908842,"2013-01-18","Quentin Tarantino"
tt0169547,7,2013-11-03,"American Beauty","American Beauty",https://www.imdb.com/title/tt0169547,Película,8.3,122,1999,"Drama",1286825,"2000-01-28","Sam Mendes"
tt1675434,6,2013-11-03,"Intocable","Intouchables",https://www.imdb.com/title/tt1675434,Película,8.5,112,2011,"Comedia, Drama",1039834,"2012-03-09","Olivier Nakache,Éric Toledano"
tt0050825,7,2013-11-03,"Senderos de gloria","Paths of Glory",https://www.imdb.com/title/tt0050825,Película,8.4,88,1957,"Drama, Bélico",242179,"1986-10-13","Stanley Kubrick"
tt0407887,7,2013-11-03,"Infiltrados","The Departed",https://www.imdb.com/title/tt0407887,Película,8.5,151,2006,"Crimen, Drama, Suspense",1574482,"2006-10-27","Martin Scorsese"
tt0081505,10,2013-11-03,"El resplandor","The Shining",https://www.imdb.com/title/tt0081505,Película,8.4,146,1980,"Drama, Terror",1240551,"1980-06-13","Stanley Kubrick"
tt0033467,6,2013-11-03,"Ciudadano Kane","Citizen Kane",https://www.imdb.com/title/tt0033467,Película,8.2,119,1941,"Drama, Misterio",496061,"1941-09-05","Orson Welles"
tt0253474,8,2013-11-03,"El pianista","The Pianist",https://www.imdb.com/title/tt0253474,Película,8.5,150,2002,"Biografía, Música, Drama, Bélico",1022652,"2002-12-13","Roman Polanski"
tt0088763,6,2013-11-03,"Regreso al futuro","Back to the Future",https://www.imdb.com/title/tt0088763,Película,8.5,116,1985,"Comedia, Ciencia ficción, Aventura",1471947,"1985-12-02","Robert Zemeckis"
tt0118799,7,2013-11-03,"La vida es bella","La vita è bella",https://www.imdb.com/title/tt0118799,Película,8.6,116,1997,"Comedia, Bélico, Romance, Drama",821148,"1999-02-26","Roberto Benigni"
tt0053125,5,2013-11-03,"Con la muerte en los talones","North by Northwest",https://www.imdb.com/title/tt0053125,Película,8.3,136,1959,"Misterio, Aventura, Drama, Suspense",371153,"1959-12-18","Alfred Hitchcock"
tt0027977,10,2013-11-03,"Tiempos modernos","Modern Times",https://www.imdb.com/title/tt0027977,Película,8.5,87,1936,"Drama, Romance, Comedia",287384,"1936-02-25","Charles Chaplin"
tt0245429,8,2013-11-03,"El viaje de Chihiro","Sen to Chihiro no kamikakushi",https://www.imdb.com/title/tt0245429,Película,8.6,124,2001,"Animación, Familiar, Aventura, Fantasía",982049,"2002-10-25","Hayao Miyazaki"
tt0057012,8,2013-11-03,"Teléfono rojo: volamos hacia Moscú","Dr. Strangelove or: How I Learned to Stop Worrying and Love the Bomb",https://www.imdb.com/title/tt0057012,Película,8.3,95,1964,"Bélico, Comedia",553785,"1966-01-10","Stanley Kubrick"
tt0021749,9,2013-11-03,"Luces de la ciudad","City Lights",https://www.imdb.com/title/tt0021749,Película,8.5,87,1931,"Romance, Drama, Comedia",217953,"1931-03-07","Charles Chaplin"
tt0078788,9,2013-11-03,"Apocalypse Now","Apocalypse Now",https://www.imdb.com/title/tt0078788,Película,8.4,147,1979,"Drama, Misterio, Bélico",776745,"1979-11-07","Francis Ford Coppola"
tt0103064,7,2013-11-03,"Terminator 2: El juicio final","Terminator 2: Judgment Day",https://www.imdb.com/title/tt0103064,Película,8.6,137,1991,"Aventura, Ciencia ficción, Acción",1297311,"1991-12-05","James Cameron"
tt0209144,7,2013-11-03,"Memento","Memento",https://www.imdb.com/title/tt0209144,Película,8.4,113,2000,"Suspense, Misterio",1455719,"2001-01-19","Christopher Nolan"
tt0120586,4,2013-11-03,"American History X","American History X",https://www.imdb.com/title/tt0120586,Película,8.5,119,1998,"Drama, Crimen",1284423,"1999-03-19","Tony Kaye"
tt0110413,3,2013-11-03,"El profesional (Léon)","Léon",https://www.imdb.com/title/tt0110413,Película,8.5,110,1994,"Acción, Drama, Crimen, Suspense",1363139,"1995-04-06","Luc Besson"
tt0054215,7,2013-11-03,"Psicosis","Psycho",https://www.imdb.com/title/tt0054215,Película,8.5,109,1960,"Misterio, Suspense, Terror, Drama",792709,"1960-09-08","Alfred Hitchcock"
tt0047396,5,2013-11-03,"La ventana indiscreta","Rear Window",https://www.imdb.com/title/tt0047396,Película,8.4,112,1954,"Drama, Misterio, Suspense",572981,"1954-09-01","Alfred Hitchcock"
tt0114814,7,2013-11-03,"Sospechosos habituales","The Usual Suspects",https://www.imdb.com/title/tt0114814,Película,8.5,106,1995,"Drama, Crimen, Misterio, Suspense",1251047,"1995-09-08","Bryan Singer"
tt0034583,7,2013-11-03,"Casablanca","Casablanca",https://www.imdb.com/title/tt0034583,Película,8.5,102,1942,"Romance, Bélico, Drama",659985,"1943-01-23","Michael Curtiz"
tt0064116,9,2013-11-03,"Hasta que llegó su hora","C'era una volta il West",https://www.imdb.com/title/tt0064116,Película,8.5,166,1968,"Drama, Del oeste",387145,"1968-12-21","Sergio Leone"
tt0317248,8,2013-11-03,"Ciudad de Dios","Cidade de Deus",https://www.imdb.com/title/tt0317248,Película,8.6,130,2002,"Drama, Crimen",880241,"2003-01-31","Fernando Meirelles,Kátia Lund"
tt0167261,5,2013-11-03,"El señor de los anillos: Las dos torres","The Lord of the Rings: The Two Towers",https://www.imdb.com/title/tt0167261,Película,8.8,179,2002,"Drama, Aventura, Fantasía",1979431,"2002-12-18","Peter Jackson"
tt0133093,7,2013-11-03,"Matrix","The Matrix",https://www.imdb.com/title/tt0133093,Película,8.7,136,1999,"Acción, Ciencia ficción",2272958,"1999-06-23","Lana Wachowski,Lilly Wachowski"
tt0109830,4,2013-11-03,"Forrest Gump","Forrest Gump",https://www.imdb.com/title/tt0109830,Película,8.8,142,1994,"Romance, Drama",2528737,"1994-09-23","Robert Zemeckis"
tt1375666,6,2013-11-03,"Origen","Inception",https://www.imdb.com/title/tt1375666,Película,8.8,148,2010,"Ciencia ficción, Suspense, Aventura",2861115,"2010-08-06","Christopher Nolan"
tt0047478,9,2013-11-03,"Los siete samuráis","Shichinin no samurai",https://www.imdb.com/title/tt0047478,Película,8.6,207,1954,"Drama, Acción",405059,"1954-04-26","Akira Kurosawa"
tt0099685,9,2013-11-03,"Uno de los nuestros","GoodFellas",https://www.imdb.com/title/tt0099685,Película,8.7,145,1990,"Biografía, Crimen, Drama",1409466,"1990-10-19","Martin Scorsese"
tt0073486,7,2013-11-03,"Alguien voló sobre el nido del cuco","One Flew Over the Cuckoo's Nest",https://www.imdb.com/title/tt0073486,Película,8.6,133,1975,"Drama",1165155,"1976-10-07","Miloš Forman"
tt0137523,8,2013-11-03,"El club de la lucha","Fight Club",https://www.imdb.com/title/tt0137523,Película,8.8,139,1999,"Drama, Crimen, Suspense",2653564,"1999-11-05","David Fincher"
tt0108052,7,2013-11-03,"La lista de Schindler","Schindler's List",https://www.imdb.com/title/tt0108052,Película,9.0,196,1993,"Biografía, Historia, Drama",1600022,"1994-03-04","Steven Spielberg"
tt0050083,8,2013-11-03,"12 hombres sin piedad","12 Angry Men",https://www.imdb.com/title/tt0050083,Película,9.0,96,1957,"Crimen, Drama",999802,"1957-04-10","Sidney Lumet"
tt0468569,6,2013-11-03,"El caballero oscuro","The Dark Knight",https://www.imdb.com/title/tt0468569,Película,9.1,152,2008,"Crimen, Suspense",3218350,"2008-08-13","Christopher Nolan"
tt0060196,10,2013-11-03,"El bueno, el feo y el malo","Il buono, il brutto, il cattivo",https://www.imdb.com/title/tt0060196,Película,8.8,182,1966,"Aventura, Drama, Del oeste",899036,"1968-08-07","Sergio Leone"
tt0110912,10,2013-11-03,"Pulp Fiction","Pulp Fiction",https://www.imdb.com/title/tt0110912,Película,8.8,154,1994,"Crimen, Drama",2462317,"1995-01-13","Quentin Tarantino"
tt0068646,10,2013-11-03,"El padrino","The Godfather",https://www.imdb.com/title/tt0068646,Película,9.2,175,1972,"Crimen, Drama",2250960,"1972-10-20","Francis Ford Coppola"
tt0111161,7,2013-11-03,"Cadena perpetua","The Shawshank Redemption",https://www.imdb.com/title/tt0111161,Película,9.3,142,1994,"Drama",3229942,"1995-02-24","Frank Darabont"
tt1259521,7,2013-11-03,"La cabaña en el bosque","The Cabin in the Woods",https://www.imdb.com/title/tt1259521,Película,7.0,95,2011,"Terror, Misterio, Suspense",494892,"2012-04-13","Drew Goddard"
tt1454468,5,2013-11-03,"Gravity","Gravity",https://www.imdb.com/title/tt1454468,Película,7.7,91,2013,"Ciencia ficción, Suspense, Drama",905380,"2013-10-04","Alfonso Cuarón"
tt2294189,8,2013-11-03,"La caza","The Fall",https://www.imdb.com/title/tt2294189,Serie de TV,8.1,60,2013,"Drama, Suspense, Crimen",133352,"2014-02-13",
tt0091630,5,2013-11-03,"El terror llama a su puerta","Night of the Creeps",https://www.imdb.com/title/tt0091630,Película,6.7,88,1986,"Ciencia ficción, Terror, Comedia",29105,"1988-07-22","Fred Dekker"
tt0080749,5,2013-11-03,"La niebla","The Fog",https://www.imdb.com/title/tt0080749,Película,6.8,89,1980,"Suspense, Terror",92633,"1980-06-01","John Carpenter"
tt1369706,3,2013-11-03,"Encerrada","The Ward",https://www.imdb.com/title/tt1369706,Película,5.5,89,2010,"Terror, Misterio, Suspense",47747,"2011-07-08","John Carpenter"
tt0095159,6,2013-11-03,"Un pez llamado Wanda","A Fish Called Wanda",https://www.imdb.com/title/tt0095159,Película,7.5,108,1988,"Crimen, Comedia",167027,"1989-01-27","Charles Crichton,John Cleese"
tt0975645,5,2013-11-03,"Hitchcock","Hitchcock",https://www.imdb.com/title/tt0975645,Película,6.8,98,2012,"Biografía, Drama, Romance",83739,"2013-02-01","Sacha Gervasi"
tt0416320,8,2013-11-02,"Match Point","Match Point",https://www.imdb.com/title/tt0416320,Película,7.6,124,2005,"Drama, Romance, Suspense",240253,"2005-11-04","Woody Allen"
tt0482571,6,2013-11-02,"El truco final (El prestigio)","The Prestige",https://www.imdb.com/title/tt0482571,Película,8.5,130,2006,"Drama, Suspense, Misterio, Ciencia ficción",1620237,"2007-01-12","Christopher Nolan"
tt0070328,5,2013-11-02,"Vive y deja morir","Live and Let Die",https://www.imdb.com/title/tt0070328,Película,6.7,121,1973,"Suspense, Aventura, Acción",125829,"1973-12-17","Guy Hamilton"
tt0063442,8,2013-11-02,"El planeta de los simios","Planet of the Apes",https://www.imdb.com/title/tt0063442,Película,8.0,112,1968,"Aventura, Ciencia ficción",210972,"1968-06-14","Franklin J. Schaffner"
tt0112887,5,2013-11-02,"Maldita generación","The Doom Generation",https://www.imdb.com/title/tt0112887,Película,6.2,83,1995,"Crimen, Comedia, Drama",19036,"1995-10-20","Gregg Araki"
tt0089175,6,2013-11-02,"Noche de miedo","Fright Night",https://www.imdb.com/title/tt0089175,Película,7.1,106,1985,"Terror",88965,"1985-11-14","Tom Holland"
