Position,Const,Created,Modified,Description,Title,Original Title,URL,Title Type,IMDb Rating,Runtime (mins),Year,Genres,Num Votes,Release Date,Directors,Your Rating,Date Rated
1,tt0094862,2013-11-02,2013-11-02,,"Muñeco diabólico","Child's Play",https://www.imdb.com/title/tt0094862/,Película,6.7,87,1988,"Terror, Suspense",133766,1989-04-28,"Tom Holland",,
2,tt0497465,2013-11-02,2013-11-02,,"Vicky Cristina Barcelona","Vicky Cristina Barcelona",https://www.imdb.com/title/tt0497465/,Película,7.1,96,2008,"Comedia, Drama, Romance",282366,2008-09-19,"Woody Allen",,
3,tt0084825,2013-11-03,2013-11-03,,"Trick or Treats","Trick or Treats",https://www.imdb.com/title/tt0084825/,Película,3.9,91,1982,"Terror",1713,1982-10-29,"Gary Graver",,
4,tt0116225,2013-11-03,2013-11-03,,"2013: Rescate en L.A.","Escape from L.A.",https://www.imdb.com/title/tt0116225/,Película,5.7,101,1996,"Acción, Aventura, Ciencia ficción, Suspense",86832,1996-10-24,"John Carpenter",,
5,tt0228333,2013-11-03,2013-11-03,,"Fantasmas de Marte de John Carpenter","Ghosts of Mars",https://www.imdb.com/title/tt0228333/,Película,4.9,98,2001,"Acción, Terror, Ciencia ficción",62439,2001-10-26,"John Carpenter",,
6,tt0120877,2013-11-03,2013-11-03,,"Vampiros de John Carpenter","Vampires",https://www.imdb.com/title/tt0120877/,Película,6.1,108,1998,"Acción, Terror, Suspense",69037,1999-07-09,"John Carpenter",,
7,tt0113409,2013-11-03,2013-11-03,,"En la boca del miedo","In the Mouth of Madness",https://www.imdb.com/title/tt0113409/,Película,7.1,95,1994,"Drama, Fantasía, Terror, Misterio, Suspense",91481,1995-08-04,"John Carpenter",,
8,tt0093560,2013-11-03,2013-11-03,,"Una pandilla alucinante","The Monster Squad",https://www.imdb.com/title/tt0093560/,Película,6.9,82,1987,"Acción, Comedia, Fantasía, Terror",39706,1988-07-15,"Fred Dekker",,
9,tt0089167,2013-11-03,2013-11-03,,"Vacaciones locas, locas, locas","Fraternity Vacation",https://www.imdb.com/title/tt0089167/,Película,5.3,94,1985,"Comedia",3126,1985-04-12,"James Frawley",,
10,tt0086465,2013-11-03,2013-11-03,,"Entre pillos anda el juego","Trading Places",https://www.imdb.com/title/tt0086465/,Película,7.5,116,1983,"Comedia",184399,1983-10-26,"John Landis",,
11,tt0107606,2013-11-03,2013-11-03,,"Regreso inesperado","Mother's Boys",https://www.imdb.com/title/tt0107606/,Película,5.4,96,1993,"Drama, Suspense",3974,1995-09-26,"Yves Simoneau",,
12,tt0089798,2013-11-03,2013-11-03,,"Perfect","Perfect",https://www.imdb.com/title/tt0089798/,Película,4.8,115,1985,"Drama, Romance",6721,1985-11-01,"James Bridges",,
13,tt0236784,2013-11-03,2013-11-03,,"El sastre de Panamá","The Tailor of Panama",https://www.imdb.com/title/tt0236784/,Película,6.1,109,2001,"Drama, Suspense",33622,2001-06-15,"John Boorman",,
14,tt0087359,2013-11-03,2013-11-03,,"El desafío americano","Grandview, U.S.A.",https://www.imdb.com/title/tt0087359/,Película,5.5,97,1984,"Drama",2566,1984-08-03,"Randal Kleiser",,
15,tt0085871,2013-11-03,2013-11-03,,"Cartas de amor","Love Letters",https://www.imdb.com/title/tt0085871/,Película,5.8,88,1983,"Drama, Romance",1192,1984-04-27,"Amy Holden Jones",,
16,tt0057115,2013-11-03,2013-11-03,,"La gran evasión","The Great Escape",https://www.imdb.com/title/tt0057115/,Película,8.2,172,1963,"Aventura, Drama, Suspense, Bélico",279791,1963-11-11,"John Sturges",,
17,tt0056172,2013-11-03,2013-11-03,,"Lawrence de Arabia","Lawrence of Arabia",https://www.imdb.com/title/tt0056172/,Película,8.3,227,1962,"Aventura, Biografía, Drama, Bélico",345697,1963-10-01,"David Lean",,
18,tt0059578,2013-11-03,2013-11-03,,"La muerte tenía un precio","Per qualche dollaro in più",https://www.imdb.com/title/tt0059578/,Película,8.2,132,1965,"Drama, Del oeste",303752,1965-12-18,"Sergio Leone",,
19,tt0025316,2013-11-03,2013-11-03,,"Sucedió una noche","It Happened One Night",https://www.imdb.com/title/tt0025316/,Película,8.1,105,1934,"Comedia, Romance",120496,1934-02-22,"Frank Capra",,
20,tt0061512,2013-11-03,2013-11-03,,"La leyenda del indomable","Cool Hand Luke",https://www.imdb.com/title/tt0061512/,Película,8.0,127,1967,"Crimen, Drama",197261,1967-12-01,"Stuart Rosenberg",,
21,tt0055031,2013-11-03,2013-11-03,,"Vencedores o vencidos","Judgment at Nuremberg",https://www.imdb.com/title/tt0055031/,Película,8.3,179,1961,"Drama, Historia, Bélico",98446,1961-12-18,"Stanley Kramer",,
22,tt0064115,2013-11-03,2013-11-03,,"Dos hombres y un destino","Butch Cassidy and the Sundance Kid",https://www.imdb.com/title/tt0064115/,Película,8.0,110,1969,"Aventura, Biografía, Crimen, Drama, Del oeste",239596,1977-06-22,"George Roy Hill",,
23,tt0032551,2013-11-03,2013-11-03,,"Las uvas de la ira","The Grapes of Wrath",https://www.imdb.com/title/tt0032551/,Película,8.1,129,1940,"Drama",107588,1940-03-15,"John Ford",,
24,tt0395169,2013-11-03,2013-11-03,,"Hotel Rwanda","Hotel Rwanda",https://www.imdb.com/title/tt0395169/,Película,8.1,121,2004,"Biografía, Drama, Historia, Bélico",394612,2005-02-25,"Terry George",,
25,tt0046912,2013-11-03,2013-11-03,,"Crimen perfecto","Dial M for Murder",https://www.imdb.com/title/tt0046912/,Película,8.1,105,1954,"Crimen, Drama, Misterio, Suspense",206848,1954-05-29,"Alfred Hitchcock",,
26,tt0758758,2013-11-03,2013-11-03,,"Hacia rutas salvajes","Into the Wild",https://www.imdb.com/title/tt0758758/,Película,8.0,148,2007,"Aventura, Biografía, Drama",699259,2008-01-25,"Sean Penn",,
27,tt0469494,2013-11-03,2013-11-03,,"Pozos de ambición","There Will Be Blood",https://www.imdb.com/title/tt0469494/,Película,8.2,158,2007,"Drama",718204,2008-02-15,"Paul Thomas Anderson",,
28,tt0038355,2013-11-03,2013-11-03,,"El sueño eterno","The Big Sleep",https://www.imdb.com/title/tt0038355/,Película,7.9,114,1946,"Crimen, Drama, Cine negro, Misterio, Suspense",94926,1946-08-31,"Howard Hawks",,
29,tt2209418,2013-11-03,2013-11-03,,"Antes del anochecer","Before Midnight",https://www.imdb.com/title/tt2209418/,Película,7.9,109,2013,"Drama, Romance",188108,2013-06-28,"Richard Linklater",,
30,tt0054997,2013-11-03,2013-11-03,,"El buscavidas","The Hustler",https://www.imdb.com/title/tt0054997/,Película,7.9,134,1961,"Drama, Deporte",90468,1961-09-25,"Robert Rossen",,
31,tt0056217,2013-11-03,2013-11-03,,"El hombre que mató a Liberty Valance","The Man Who Shot Liberty Valance",https://www.imdb.com/title/tt0056217/,Película,8.1,123,1962,"Drama, Del oeste",89678,1962-04-22,"John Ford",,
32,tt0052561,2013-11-03,2013-11-03,,"Anatomía de un asesinato","Anatomy of a Murder",https://www.imdb.com/title/tt0052561/,Película,8.0,161,1959,"Drama, Misterio",78609,1959-07-13,"Otto Preminger",,
33,tt0056218,2013-11-03,2013-11-03,,"El mensajero del miedo","The Manchurian Candidate",https://www.imdb.com/title/tt0056218/,Película,7.9,126,1962,"Drama, Suspense",85228,1963-05-31,"John Frankenheimer",,
34,tt0047528,2013-11-03,2013-11-03,,"La strada","La strada",https://www.imdb.com/title/tt0047528/,Película,8.0,108,1954,"Drama",70422,1954-12-30,"Federico Fellini",,
35,tt0338564,2013-11-03,2013-11-03,,"Juego sucio","Mou gaan dou",https://www.imdb.com/title/tt0338564/,Película,8.0,101,2002,"Crimen, Drama, Misterio, Suspense",139266,2002-12-12,"Wai Keung Lau, Alan Mak",,
36,tt0046359,2013-11-03,2013-11-03,,"Traidor en el infierno","Stalag 17",https://www.imdb.com/title/tt0046359/,Película,7.9,120,1953,"Comedia, Drama, Bélico",60526,1953-07,"Billy Wilder",,
37,tt0072684,2013-11-03,2013-11-03,,"Barry Lyndon","Barry Lyndon",https://www.imdb.com/title/tt0072684/,Película,8.1,185,1975,"Aventura, Drama, Bélico",207970,1976-11-15,"Stanley Kubrick",,
38,tt0069281,2013-11-03,2013-11-03,,"La huella","Sleuth",https://www.imdb.com/title/tt0069281/,Película,7.9,138,1972,"Misterio, Suspense",53267,1973-05-05,"Joseph L. Mankiewicz",,
39,tt0796366,2013-11-03,2013-11-03,,"Star Trek","Star Trek",https://www.imdb.com/title/tt0796366/,Película,7.9,127,2009,"Acción, Aventura, Ciencia ficción",640981,2009-05-08,"J.J. Abrams",,
40,tt0044081,2013-11-03,2013-11-03,,"Un tranvía llamado deseo","A Streetcar Named Desire",https://www.imdb.com/title/tt0044081/,Película,7.9,122,1951,"Drama",119553,1956-10-04,"Elia Kazan",,
41,tt0095953,2013-11-03,2013-11-03,,"Rain Man","Rain Man",https://www.imdb.com/title/tt0095953/,Película,8.0,133,1988,"Drama",589197,1989-03-10,"Barry Levinson",,
42,tt1255953,2013-11-03,2013-11-03,,"Incendios","Incendies",https://www.imdb.com/title/tt1255953/,Película,8.3,131,2010,"Drama, Misterio, Bélico",258571,2011-03-11,"Denis Villeneuve",,
43,tt1136608,2013-11-03,2013-11-03,,"Distrito 9","District 9",https://www.imdb.com/title/tt1136608/,Película,7.9,112,2009,"Acción, Ciencia ficción, Suspense",757226,2009-09-11,"Neill Blomkamp",,
44,tt0087544,2013-11-03,2013-11-03,,"Nausicaä del Valle del Viento","Kaze no tani no Naushika",https://www.imdb.com/title/tt0087544/,Película,8.0,117,1984,"Animación, Aventura, Ciencia ficción",199150,1988-06-07,"Hayao Miyazaki",,
45,tt0079944,2013-11-03,2013-11-03,,"Stalker","Stalker",https://www.imdb.com/title/tt0079944/,Película,8.0,162,1979,"Drama, Ciencia ficción",157839,1984-11-05,"Andrei Tarkovsky",,
46,tt0070511,2013-11-03,2013-11-03,,"Papillon","Papillon",https://www.imdb.com/title/tt0070511/,Película,8.0,151,1973,"Biografía, Crimen, Drama",146893,1974-10-16,"Franklin J. Schaffner",,
47,tt0082084,2013-11-03,2013-11-03,,"Cumpleaños sangriento","Bloody Birthday",https://www.imdb.com/title/tt0082084/,Película,5.7,85,1981,"Terror, Suspense",6389,1984-01-27,"Ed Hunt",,
48,tt1151410,2013-11-03,2013-11-03,,"Tanner Hall","Tanner Hall",https://www.imdb.com/title/tt1151410/,Película,5.7,96,2009,"Drama, Romance",4195,2015-01-15,"Francesca Gregorini, Tatiana von Fürstenberg",,
49,tt0905372,2013-11-03,2013-11-03,,"La cosa (The Thing)","The Thing",https://www.imdb.com/title/tt0905372/,Película,6.3,103,2011,"Terror, Misterio, Ciencia ficción",155697,2011-10-21,"Matthijs van Heijningen Jr.",,
50,tt2139843,2013-11-03,2013-11-03,,"Electrick Children","Electrick Children",https://www.imdb.com/title/tt2139843/,Película,6.7,96,2012,"Drama",6532,2012-07-13,"Rebecca Thomas",,
51,tt0381681,2013-11-03,2013-11-03,,"Antes del atardecer","Before Sunset",https://www.imdb.com/title/tt0381681/,Película,8.1,80,2004,"Drama, Romance",319282,2004-10-08,"Richard Linklater",,
52,tt1408101,2013-11-03,2013-11-03,,"Star Trek: En la oscuridad","Star Trek Into Darkness",https://www.imdb.com/title/tt1408101/,Película,7.7,132,2013,"Acción, Aventura, Ciencia ficción",512345,2013-07-05,"J.J. Abrams",,
53,tt0097259,2013-11-03,2013-11-03,,"Muerte cálida","Easy Kill",https://www.imdb.com/title/tt0097259/,Película,3.7,89,1990,"Acción, Crimen, Suspense",137,1990-04-12,"Josh Spencer",,
54,tt0396470,2013-11-04,2013-11-04,,"El atraco","El atraco",https://www.imdb.com/title/tt0396470/,Película,6.8,126,2004,"Suspense, Crimen, Drama",190,2004-02-05,"Paolo Agazzi",,
55,tt0275681,2013-11-04,2013-11-04,,"Silencio roto","Silencio roto",https://www.imdb.com/title/tt0275681/,Película,6.7,110,2001,"Aventura, Drama, Suspense, Bélico",769,2001-04-27,"Montxo Armendáriz",,
56,tt0455584,2013-11-04,2013-11-04,,"La caja Kovak","The Kovak Box",https://www.imdb.com/title/tt0455584/,Película,5.8,102,2006,"Misterio, Ciencia ficción, Suspense",4623,2007-01-12,"Daniel Monzón",,
57,tt0115772,2013-11-04,2013-11-04,,"La buena vida","La buena vida",https://www.imdb.com/title/tt0115772/,Película,6.6,107,1996,"Comedia, Drama",837,1996-12-13,"David Trueba",,
58,tt0119889,2013-11-04,2013-11-04,,"El fantasma de la ópera","Il fantasma dell'opera",https://www.imdb.com/title/tt0119889/,Película,4.3,103,1998,"Terror",6285,1998-11-20,"Dario Argento",,
59,tt0418819,2013-11-04,2013-11-04,,"La tierra de los muertos vivientes","Land of the Dead",https://www.imdb.com/title/tt0418819/,Película,6.2,93,2005,"Terror, Ciencia ficción, Suspense",105547,2005-09-09,"George A. Romero",,
60,tt0464105,2013-11-04,2013-11-04,,"Un café en cualquier esquina","Man Push Cart",https://www.imdb.com/title/tt0464105/,Película,7.0,87,2005,"Drama",3926,2006-08-18,"Ramin Bahrani",,
61,tt0340096,2013-11-04,2013-11-04,,"La mujer del emperador","The Emperor's Wife",https://www.imdb.com/title/tt0340096/,Película,5.3,100,2003,"Aventura, Drama, Fantasía, Romance",684,2003-09-03,"Julien Vrebos",,
62,tt0416214,2013-11-04,2013-11-04,,"Semen, una historia de amor","Semen, una historia de amor",https://www.imdb.com/title/tt0416214/,Película,5.6,89,2005,"Comedia, Romance",603,2005-07-15,"Daniela Fejerman, Inés París",,
63,tt0285175,2013-11-04,2013-11-04,,"Caos","Havoc",https://www.imdb.com/title/tt0285175/,Película,5.4,85,2005,"Crimen, Drama",22256,2005-10-16,"Barbara Kopple",,
64,tt2343713,2013-11-04,2013-11-04,,"Sexy Baby","Sexy Baby",https://www.imdb.com/title/tt2343713/,Película,6.0,84,2012,"Documental",1194,2014-12-23,"Jill Bauer, Ronna Gradus",,
65,tt0085959,2013-11-04,2013-11-04,,"El sentido de la vida","The Meaning of Life",https://www.imdb.com/title/tt0085959/,Película,7.5,107,1983,"Comedia, Musical",130774,1983-03-31,"Terry Jones",,
66,tt0063678,2013-11-04,2013-11-04,,"Teorema","Teorema",https://www.imdb.com/title/tt0063678/,Película,7.0,98,1968,"Drama, Misterio",17171,1976-04-19,"Pier Paolo Pasolini",,
67,tt0396171,2013-11-04,2013-11-04,,"El perfume: Historia de un asesino","Perfume: The Story of a Murderer",https://www.imdb.com/title/tt0396171/,Película,7.5,147,2006,"Crimen, Drama, Fantasía",280831,2006-11-24,"Tom Tykwer",,
68,tt0082089,2013-11-04,2013-11-04,,"Fuego en el cuerpo","Body Heat",https://www.imdb.com/title/tt0082089/,Película,7.4,113,1981,"Crimen, Drama, Romance, Suspense",44743,2003-01-01,"Lawrence Kasdan",,
69,tt0060268,2013-11-04,2013-11-04,,"Callejón sin salida","Cul-de-sac",https://www.imdb.com/title/tt0060268/,Película,7.0,112,1966,"Comedia, Drama, Suspense",15079,1968-11-21,"Roman Polanski",,
70,tt0055018,2013-11-04,2013-11-04,,"Suspense","The Innocents",https://www.imdb.com/title/tt0055018/,Película,7.7,100,1961,"Drama, Terror, Misterio, Suspense",36539,1961-12-15,"Jack Clayton",,
71,tt2368749,2013-11-04,2013-11-04,,"Después de Lucía","Después de Lucía",https://www.imdb.com/title/tt2368749/,Película,7.1,103,2012,"Drama",7430,2012-10-03,"Michel Franco",,
72,tt1537401,2013-11-04,2013-11-04,,"Año bisiesto","Año bisiesto",https://www.imdb.com/title/tt1537401/,Película,5.8,94,2010,"Drama, Romance",3114,2011-04-29,"Michael Rowe",,
73,tt0096332,2013-11-04,2013-11-04,,"La insoportable levedad del ser","The Unbearable Lightness of Being",https://www.imdb.com/title/tt0096332/,Película,7.2,171,1988,"Drama, Romance",41009,1988-04-22,"Philip Kaufman",,
74,tt0053318,2013-11-04,2013-11-04,,"De repente, el último verano","Suddenly, Last Summer",https://www.imdb.com/title/tt0053318/,Película,7.4,114,1959,"Drama, Misterio, Suspense",19320,1979-05-11,"Joseph L. Mankiewicz",,
75,tt1316536,2013-11-04,2013-11-04,,"The loved ones (Cita de sangre)","The Loved Ones",https://www.imdb.com/title/tt1316536/,Película,6.6,84,2009,"Crimen, Terror",47924,2010-11-04,"Sean Byrne",,
76,tt0085701,2013-11-04,2013-11-04,,"El ansia","The Hunger",https://www.imdb.com/title/tt0085701/,Película,6.6,97,1983,"Drama, Terror",32395,1983-10-20,"Tony Scott",,
77,tt0110963,2013-11-04,2013-11-04,,"La reina Margot","La reine Margot",https://www.imdb.com/title/tt0110963/,Película,7.4,161,1994,"Biografía, Drama, Historia, Romance",20517,1995-02-03,"Patrice Chéreau",,
78,tt0290661,2013-11-04,2013-11-04,,"Días perros","Hundstage",https://www.imdb.com/title/tt0290661/,Película,7.0,121,2001,"Drama",6867,2002-01-18,"Ulrich Seidl",,
79,tt0156849,2013-11-04,2013-11-04,,"Pro urodov i lyudey","Pro urodov i lyudey",https://www.imdb.com/title/tt0156849/,Película,6.9,93,1998,"Comedia, Drama, Historia",4989,1998,"Aleksey Balabanov",,
80,tt1165253,2013-11-04,2013-11-04,,"Dream","Bimong",https://www.imdb.com/title/tt1165253/,Película,6.5,95,2008,"Drama, Fantasía, Misterio, Romance",4193,2008-10-09,"Kim Ki-duk",,
81,tt0074851,2013-11-04,2013-11-04,,"El hombre que cayó a la Tierra","The Man Who Fell to Earth",https://www.imdb.com/title/tt0074851/,Película,6.6,139,1976,"Drama, Ciencia ficción",31575,1976-04-08,"Nicolas Roeg",,
82,tt0077745,2013-11-04,2013-11-04,,"La invasión de los ultracuerpos","Invasion of the Body Snatchers",https://www.imdb.com/title/tt0077745/,Película,7.4,115,1978,"Terror, Ciencia ficción",83197,1979-05-16,"Philip Kaufman",,
83,tt0049366,2013-11-04,2013-11-04,,"La invasión de los ladrones de cuerpos","Invasion of the Body Snatchers",https://www.imdb.com/title/tt0049366/,Película,7.7,80,1956,"Drama, Terror, Ciencia ficción",60460,1956-02-05,"Don Siegel",,
84,tt0420260,2013-11-04,2013-11-04,,"Tony Takitani","Tonî Takitani",https://www.imdb.com/title/tt0420260/,Película,7.2,75,2004,"Drama",5320,2005-01-29,"Jun Ichikawa",,
85,tt0102536,2013-11-04,2013-11-04,,"Noche en la Tierra","Night on Earth",https://www.imdb.com/title/tt0102536/,Película,7.6,129,1991,"Comedia, Drama",71685,1992-06-17,"Jim Jarmusch",,
86,tt1263750,2013-11-04,2013-11-04,,"Habitación en Roma","Habitación en Roma",https://www.imdb.com/title/tt1263750/,Película,6.0,107,2010,"Drama, Romance",28404,2010-05-07,"Julio Medem",,
87,tt0123948,2013-11-04,2013-11-04,,"Cure","Cure",https://www.imdb.com/title/tt0123948/,Película,7.5,111,1997,"Crimen, Terror, Misterio, Suspense",40789,1997-12-27,"Kiyoshi Kurosawa",,
88,tt0286751,2013-11-04,2013-11-04,,"Pulse (Kairo)","Kairo",https://www.imdb.com/title/tt0286751/,Película,6.6,119,2001,"Terror, Misterio, Ciencia ficción, Suspense",32250,2001-02-03,"Kiyoshi Kurosawa",,
89,tt0290329,2013-11-04,2013-11-04,,"Visitor Q","Bijitâ Q",https://www.imdb.com/title/tt0290329/,Película,6.5,84,2001,"Comedia, Drama, Terror, Suspense",18398,2001-03-17,"Takashi Miike",,
90,tt1588398,2013-11-04,2013-11-04,,"Sleeping Beauty","Sleeping Beauty",https://www.imdb.com/title/tt1588398/,Película,5.3,101,2011,"Drama, Misterio, Romance, Suspense",36754,2011-06-28,"Julia Leigh",,
91,tt0082934,2013-11-04,2013-11-04,,"El cartero siempre llama dos veces","The Postman Always Rings Twice",https://www.imdb.com/title/tt0082934/,Película,6.6,122,1981,"Crimen, Drama, Romance, Suspense",28112,1981-03-20,"Bob Rafelson",,
92,tt0415978,2013-11-04,2013-11-04,,"Tú, yo y todos los demás","Me and You and Everyone We Know",https://www.imdb.com/title/tt0415978/,Película,7.2,85,2005,"Comedia, Drama",38783,2005-12-16,"Miranda July",,
93,tt0072235,2013-11-04,2013-11-04,,"Sweet Movie","Sweet Movie",https://www.imdb.com/title/tt0072235/,Película,5.9,98,1974,"Comedia, Drama, Misterio",7087,1978,"Dušan Makavejev",,
94,tt0070334,2013-11-04,2013-11-04,,"Un largo adiós","The Long Goodbye",https://www.imdb.com/title/tt0070334/,Película,7.5,112,1973,"Comedia, Crimen, Drama, Misterio, Suspense",44873,1974-02-22,"Robert Altman",,
95,tt1523483,2013-11-04,2013-11-04,,"Kaboom","Kaboom",https://www.imdb.com/title/tt1523483/,Película,5.7,86,2010,"Comedia, Misterio, Romance, Ciencia ficción, Suspense",14539,2010-10-06,"Gregg Araki",,
96,tt0485947,2013-11-04,2013-11-04,,"Las vidas posibles de Mr. Nobody","Mr. Nobody",https://www.imdb.com/title/tt0485947/,Película,7.7,141,2009,"Drama, Fantasía, Romance, Ciencia ficción",259171,2010-07-23,"Jaco Van Dormael",,
97,tt0051459,2013-11-04,2013-11-04,,"La gata sobre el tejado de zinc","Cat on a Hot Tin Roof",https://www.imdb.com/title/tt0051459/,Película,7.9,108,1958,"Drama",57518,1958-08-29,"Richard Brooks",,
98,tt0102848,2013-11-04,2013-11-04,,"Scanners II: El nuevo orden","Scanners II: The New Order",https://www.imdb.com/title/tt0102848/,Película,5.3,104,1991,"Acción, Terror, Ciencia ficción",4294,1991-05-03,"Christian Duguay",,
99,tt0105322,2013-11-04,2013-11-04,,"Scanners 3: El poder de la mente","Scanners 3: The Takeover",https://www.imdb.com/title/tt0105322/,Película,4.5,101,1991,"Acción, Terror, Ciencia ficción",2931,1992-05-14,"Christian Duguay",,
100,tt0056443,2013-11-04,2013-11-04,,"Sanjuro","Tsubaki Sanjûrô",https://www.imdb.com/title/tt0056443/,Película,8.0,96,1962,"Acción, Drama, Suspense",43712,1962-01-01,"Akira Kurosawa",,
101,tt0497986,2013-11-04,2013-11-04,,"Time","Shigan",https://www.imdb.com/title/tt0497986/,Película,7.1,97,2006,"Drama, Misterio, Romance",13386,2006-12-22,"Kim Ki-duk",,
102,tt0040979,2013-11-04,2013-11-04,,"El ángel ebrio","Yoidore tenshi",https://www.imdb.com/title/tt0040979/,Película,7.6,98,1948,"Crimen, Drama, Romance, Suspense",15000,1948-04-27,"Akira Kurosawa",,
103,tt0041546,2013-11-04,2013-11-04,,"Ocho sentencias de muerte","Kind Hearts and Coronets",https://www.imdb.com/title/tt0041546/,Película,8.0,106,1949,"Comedia, Crimen",42469,1950-01-20,"Robert Hamer",,
104,tt0938341,2013-11-04,2013-11-04,,"Tokyo Sonata","Tokyo Sonata",https://www.imdb.com/title/tt0938341/,Película,7.6,120,2008,"Drama",14043,2008-09-27,"Kiyoshi Kurosawa",,
105,tt0037884,2013-11-04,2013-11-04,,"Días sin huella","The Lost Weekend",https://www.imdb.com/title/tt0037884/,Película,7.8,101,1945,"Drama, Cine negro",43636,1946-01,"Billy Wilder",,
106,tt0043456,2013-11-04,2013-11-04,,"Ultimátum a la Tierra","The Day the Earth Stood Still",https://www.imdb.com/title/tt0043456/,Película,7.7,92,1951,"Drama, Ciencia ficción",89318,1952-12-23,"Robert Wise",,
107,tt0254199,2013-11-04,2013-11-04,,"CQ","CQ",https://www.imdb.com/title/tt0254199/,Película,6.2,88,2001,"Comedia, Drama, Ciencia ficción",5216,2002-05-31,"Roman Coppola",,
108,tt1424797,2013-11-04,2013-11-04,,"Yo maté a mi madre","J'ai tué ma mère",https://www.imdb.com/title/tt1424797/,Película,7.4,96,2009,"Drama, Romance",32835,2009-07-15,"Xavier Dolan",,
109,tt0046022,2013-11-04,2013-11-04,,"Madame de...","Madame de...",https://www.imdb.com/title/tt0046022/,Película,7.8,105,1953,"Drama, Romance",12269,1954-02-28,"Max Ophüls",,
110,tt0115561,2013-11-04,2013-11-04,,"Flash-back (El apartamento)","L'appartement",https://www.imdb.com/title/tt0115561/,Película,7.3,116,1996,"Drama, Misterio, Romance",17225,1996-10-02,"Gilles Mimouni",,
111,tt0079261,2013-11-04,2013-11-04,,"Hair","Hair",https://www.imdb.com/title/tt0079261/,Película,7.5,121,1979,"Comedia, Drama, Musical, Romance, Bélico",44672,1979-09-14,"Miloš Forman",,
112,tt0100054,2013-11-04,2013-11-04,,"El señor de las moscas","Lord of the Flies",https://www.imdb.com/title/tt0100054/,Película,6.4,90,1990,"Aventura, Drama, Suspense",36022,1990-03-16,"Harry Hook",,
113,tt1111890,2013-11-04,2013-11-04,,"Diario de una ninfómana","Diario de una ninfómana",https://www.imdb.com/title/tt1111890/,Película,5.6,101,2008,"Drama, Romance",12308,2008-10-17,"Christian Molina",,
114,tt0031971,2013-11-04,2013-11-04,,"La diligencia","Stagecoach",https://www.imdb.com/title/tt0031971/,Película,7.8,96,1939,"Aventura, Drama, Del oeste",59617,1939-03-03,"John Ford",,
115,tt0443680,2013-11-04,2013-11-04,,"El asesinato de Jesse James por el cobarde Robert Ford","The Assassination of Jesse James by the Coward Robert Ford",https://www.imdb.com/title/tt0443680/,Película,7.5,160,2007,"Biografía, Crimen, Drama, Historia, Del oeste",206162,2007-10-31,"Andrew Dominik",,
116,tt0064940,2013-11-04,2013-11-04,,"Fellini Satiricón","Fellini Satyricon",https://www.imdb.com/title/tt0064940/,Película,6.8,129,1969,"Drama, Fantasía",18322,1969-09-18,"Federico Fellini",,
117,tt0014646,2013-11-04,2013-11-04,,"Aelita","Aelita",https://www.imdb.com/title/tt0014646/,Película,6.3,111,1924,"Aventura, Comedia, Drama, Familiar, Fantasía, Terror, Romance, Ciencia ficción, Suspense",3146,1924-09-25,"Yakov Protazanov",,
118,tt0110005,2013-11-04,2013-11-04,,"Criaturas celestiales","Heavenly Creatures",https://www.imdb.com/title/tt0110005/,Película,7.2,99,1994,"Biografía, Crimen, Drama, Suspense",70253,1995-05-09,"Peter Jackson",,
119,tt0060277,2013-11-04,2013-11-04,,"Dai-bosatsu tôge","Dai-bosatsu tôge",https://www.imdb.com/title/tt0060277/,Película,7.9,120,1966,"Acción, Drama, Suspense",13391,1966-02-25,"Kihachi Okamoto",,
120,tt0780536,2013-11-04,2013-11-04,,"Escondidos en Brujas","In Bruges",https://www.imdb.com/title/tt0780536/,Película,7.9,107,2008,"Comedia, Crimen, Drama, Suspense",497609,2008-07-18,"Martin McDonagh",,
121,tt0379725,2013-11-04,2013-11-04,,"Truman Capote","Capote",https://www.imdb.com/title/tt0379725/,Película,7.3,114,2005,"Biografía, Crimen, Drama, Historia",150569,2006-02-24,"Bennett Miller",,
122,tt0074860,2013-11-04,2013-11-04,,"Marathon Man","Marathon Man",https://www.imdb.com/title/tt0074860/,Película,7.4,125,1976,"Crimen, Drama, Suspense",76429,1976-12-17,"John Schlesinger",,
123,tt1945062,2013-11-04,2013-11-04,,"About Cherry","About Cherry",https://www.imdb.com/title/tt1945062/,Película,4.8,98,2012,"Drama",11396,2012-08-09,"Stephen Elliott",,
124,tt0089907,2013-11-04,2013-11-04,,"El regreso de los muertos vivientes","The Return of the Living Dead",https://www.imdb.com/title/tt0089907/,Película,7.3,91,1985,"Comedia, Terror, Ciencia ficción",78549,1988-09-28,"Dan O'Bannon",,
125,tt0066206,2013-11-04,2013-11-04,,"Patton","Patton",https://www.imdb.com/title/tt0066206/,Película,7.9,172,1970,"Biografía, Drama, Bélico",114105,1971-05-10,"Franklin J. Schaffner",,
126,tt2002719,2013-11-04,2013-11-04,,"Machete Kills in Space","Machete Kills in Space",https://www.imdb.com/title/tt2002719/,Película,,,,"Acción, Comedia, Ciencia ficción, Suspense",0,,"Robert Rodriguez",,
127,tt1623757,2013-11-04,2013-11-04,,"Machete Maidens Unleashed!","Machete Maidens Unleashed!",https://www.imdb.com/title/tt1623757/,Película,7.3,84,2010,"Documental, Historia",1869,2010-07-24,"Mark Hartley",,
128,tt0085271,2013-11-04,2013-11-04,,"Proyecto Brainstorm","Brainstorm",https://www.imdb.com/title/tt0085271/,Película,6.4,106,1983,"Ciencia ficción, Suspense",14582,1983-11-29,"Douglas Trumbull",,
129,tt0097940,2013-11-04,2013-11-04,,"Mystery Train","Mystery Train",https://www.imdb.com/title/tt0097940/,Película,7.5,110,1989,"Comedia, Crimen, Drama",33286,1989-10-13,"Jim Jarmusch",,
130,tt1320352,2013-11-04,2013-11-04,,"Nada personal","Nothing Personal",https://www.imdb.com/title/tt1320352/,Película,6.9,85,2009,"Drama",5689,2010-07-08,"Urszula Antoniak",,
131,tt0078754,2013-11-04,2013-11-04,,"Empieza el espectáculo","All That Jazz",https://www.imdb.com/title/tt0078754/,Película,7.8,123,1979,"Drama, Música, Musical",41197,1980-09-05,"Bob Fosse",,
132,tt1185616,2013-11-04,2013-11-04,,"Vals con Bashir","Vals Im Bashir",https://www.imdb.com/title/tt1185616/,Película,8.0,90,2008,"Documental, Animación, Biografía, Drama, Historia, Misterio, Bélico",62915,2009-02-20,"Ari Folman",,
133,tt0830558,2013-11-04,2013-11-04,,"La chica de al lado","The Girl Next Door",https://www.imdb.com/title/tt0830558/,Película,6.4,91,2007,"Crimen, Drama, Terror, Suspense",32470,2008-10-17,"Gregory Wilson",,
134,tt1843880,2013-11-04,2013-11-04,,"Code Blue","Code Blue",https://www.imdb.com/title/tt1843880/,Película,5.5,81,2011,"Drama, Terror, Misterio, Suspense",1166,2011-09-29,"Urszula Antoniak",,
135,tt0337692,2013-11-04,2013-11-04,,"En el camino","On the Road",https://www.imdb.com/title/tt0337692/,Película,6.0,124,2012,"Aventura, Drama, Romance",44949,2013-04-19,"Walter Salles",,
136,tt1423995,2013-11-04,2013-11-04,,"Stone","Stone",https://www.imdb.com/title/tt1423995/,Película,5.4,105,2010,"Drama, Misterio, Suspense",44208,2010-10-22,"John Curran",,
137,tt0054821,2013-11-04,2013-11-04,,"El confidente","Le Doulos",https://www.imdb.com/title/tt0054821/,Película,7.7,108,1962,"Crimen, Suspense",13301,1962-12-13,"Jean-Pierre Melville",,
138,tt0066999,2013-11-04,2013-11-04,,"Harry el sucio","Dirty Harry",https://www.imdb.com/title/tt0066999/,Película,7.7,102,1971,"Acción, Crimen, Suspense",182621,1972-05-29,"Don Siegel, Clint Eastwood",,
139,tt0118929,2013-11-04,2013-11-04,,"Dark City","Dark City",https://www.imdb.com/title/tt0118929/,Película,7.5,100,1998,"Fantasía, Misterio, Ciencia ficción, Suspense",228388,1998-05-22,"Alex Proyas",,
140,tt1664894,2013-11-04,2013-11-04,,"La cueva de los sueños olvidados","Cave of Forgotten Dreams",https://www.imdb.com/title/tt1664894/,Película,7.4,90,2010,"Documental, Historia",18973,2012-06-22,"Werner Herzog",,
141,tt0456149,2013-11-04,2013-11-04,,"La muerte del señor Lazarescu","Moartea domnului Lazarescu",https://www.imdb.com/title/tt0456149/,Película,7.8,153,2005,"Comedia, Drama",17116,2005-09-22,"Cristi Puiu",,
142,tt1787127,2013-11-04,2013-11-04,,"El perdón de la sangre","The Forgiveness of Blood",https://www.imdb.com/title/tt1787127/,Película,6.8,109,2011,"Drama",2122,2011-09-17,"Joshua Marston",,
143,tt0079073,2013-11-04,2013-11-04,,"Drácula","Dracula",https://www.imdb.com/title/tt0079073/,Película,6.5,109,1979,"Drama, Fantasía, Terror, Romance",12660,1980-05-17,"John Badham",,
144,tt0085407,2013-11-04,2013-11-04,,"La zona muerta","The Dead Zone",https://www.imdb.com/title/tt0085407/,Película,7.1,103,1983,"Drama, Fantasía, Suspense",85503,1983-10-21,"David Cronenberg",,
145,tt0080360,2013-11-04,2013-11-04,,"Un viaje alucinante al fondo de la mente","Altered States",https://www.imdb.com/title/tt0080360/,Película,6.9,102,1980,"Terror, Ciencia ficción, Suspense",42991,1980-12-25,"Ken Russell",,
146,tt0047573,2013-11-04,2013-11-04,,"La humanidad en peligro","Them!",https://www.imdb.com/title/tt0047573/,Película,7.2,94,1954,"Terror, Ciencia ficción",27161,1954-06-19,"Gordon Douglas",,
147,tt0331811,2013-11-04,2013-11-04,,"11:14 Destino fatal","11:14",https://www.imdb.com/title/tt0331811/,Película,7.1,86,2003,"Comedia, Crimen, Drama, Misterio, Suspense",52889,2005-05-27,"Greg Marcks",,
148,tt1549589,2013-11-04,2013-11-04,,"Ellas","Elles",https://www.imdb.com/title/tt1549589/,Película,5.6,99,2011,"Drama",8051,2012-06-22,"Malgorzata Szumowska",,
149,tt0152015,2013-11-04,2013-11-04,,"Pola X","Pola X",https://www.imdb.com/title/tt0152015/,Película,5.7,134,1999,"Drama, Romance",5743,1999-10-09,"Leos Carax",,
150,tt0144201,2013-11-04,2013-11-04,,"La chica del puente","La fille sur le pont",https://www.imdb.com/title/tt0144201/,Película,7.4,90,1999,"Comedia, Drama, Romance",14962,2000-03-10,"Patrice Leconte",,
151,tt0120679,2013-11-04,2013-11-04,,"Frida","Frida",https://www.imdb.com/title/tt0120679/,Película,7.3,123,2002,"Biografía, Drama, Romance",102008,2003-02-14,"Julie Taymor",,
152,tt0775529,2013-11-04,2013-11-04,,"La familia Savages","The Savages",https://www.imdb.com/title/tt0775529/,Película,7.1,114,2007,"Comedia, Drama",39945,2008-04-04,"Tamara Jenkins",,
153,tt1232776,2013-11-04,2013-11-04,,"Fish Tank","Fish Tank",https://www.imdb.com/title/tt1232776/,Película,7.3,123,2009,"Drama",68682,2010-04-30,"Andrea Arnold",,
154,tt0053390,2013-11-04,2013-11-04,,"La hierba errante","Ukigusa",https://www.imdb.com/title/tt0053390/,Película,7.9,119,1959,"Drama",9878,1959-11-17,"Yasujirō Ozu",,
155,tt1244668,2013-11-04,2013-11-04,,"Soul Kitchen","Soul Kitchen",https://www.imdb.com/title/tt1244668/,Película,7.2,96,2009,"Comedia, Drama",42929,2010-03-31,"Fatih Akin",,
156,tt1612774,2013-11-04,2013-11-04,,"Rubber","Rubber",https://www.imdb.com/title/tt1612774/,Película,5.7,82,2010,"Comedia, Fantasía, Terror",43267,2010-11-10,"Quentin Dupieux",,
157,tt0076221,2013-11-04,2013-11-04,,"La bestia del reino","Jabberwocky",https://www.imdb.com/title/tt0076221/,Película,6.1,105,1977,"Aventura, Comedia, Fantasía",17307,1977-04-08,"Terry Gilliam",,
158,tt0077402,2013-11-04,2013-11-04,,"Zombi: El regreso de los muertos vivientes","Dawn of the Dead",https://www.imdb.com/title/tt0077402/,Película,7.8,127,1978,"Terror, Suspense",137486,1979-02-12,"George A. Romero",,
159,tt0396184,2013-11-04,2013-11-04,,"Con las manos ensangrentadas","Pusher II",https://www.imdb.com/title/tt0396184/,Película,7.3,100,2004,"Acción, Crimen, Drama",30191,2004-12-25,"Nicolas Winding Refn",,
160,tt0289944,2013-11-04,2013-11-04,,"Fear X","Fear X",https://www.imdb.com/title/tt0289944/,Película,6.0,91,2003,"Suspense",8994,2003-04-04,"Nicolas Winding Refn",,
161,tt0425379,2013-11-04,2013-11-04,,"Pusher 3: Soy el ángel de la muerte","Pusher III",https://www.imdb.com/title/tt0425379/,Película,7.3,108,2005,"Crimen, Drama, Suspense",21447,2005-09-02,"Nicolas Winding Refn",,
162,tt0117407,2013-11-04,2013-11-04,,"Pusher: un paseo por el abismo","Pusher",https://www.imdb.com/title/tt0117407/,Película,7.3,110,1996,"Crimen, Suspense",52880,1998-01-22,"Nicolas Winding Refn",,
163,tt0161292,2013-11-04,2013-11-04,,"Bleeder","Bleeder",https://www.imdb.com/title/tt0161292/,Película,6.8,98,1999,"Crimen, Drama",11544,1999-08-06,"Nicolas Winding Refn",,
164,tt0297721,2013-11-04,2013-11-04,,"Todo sobre Lily","Riri Shushu no subete",https://www.imdb.com/title/tt0297721/,Película,7.5,146,2001,"Crimen, Drama, Música, Romance, Suspense",14538,2001-10-06,"Shunji Iwai",,
165,tt1135092,2013-11-04,2013-11-04,,"Los límites del control","The Limits of Control",https://www.imdb.com/title/tt1135092/,Película,6.2,116,2009,"Crimen, Drama, Misterio, Suspense",22033,2009-10-02,"Jim Jarmusch",,
166,tt0397619,2013-11-04,2013-11-04,,"Samaritan Girl","Samaria",https://www.imdb.com/title/tt0397619/,Película,7.0,97,2004,"Drama",14535,2005-04-15,"Kim Ki-duk",,
167,tt2124908,2013-11-04,2013-11-04,,"Shut Up and Play the Hits","Shut Up and Play the Hits",https://www.imdb.com/title/tt2124908/,Película,7.3,108,2012,"Documental, Música",2972,2012-07-18,"Will Lovelace, Dylan Southern",,
168,tt1714210,2013-11-04,2013-11-04,,"Weekend","Weekend",https://www.imdb.com/title/tt1714210/,Película,7.6,97,2011,"Drama, Romance",34890,2013-03-01,"Andrew Haigh",,
169,tt0401711,2013-11-04,2013-11-04,,"Paris, je t'aime","Paris, je t'aime",https://www.imdb.com/title/tt0401711/,Película,7.2,120,2006,"Comedia, Drama, Romance",76650,2007-02-23,"Olivier Assayas, Frédéric Auburtin, Gurinder Chadha, Sylvain Chomet, Ethan Coen, Joel Coen, Isabel Coixet, Wes Craven, Alfonso Cuarón, Gérard Depardieu, Christopher Doyle, Richard LaGravenese, Vincenzo Natali, Alexander Payne, Bruno Podalydès, Walter Salles, Oliver Schmitz, Nobuhiro Suwa, Daniela Thomas, Tom Tykwer, Gus Van Sant",,
170,tt1193138,2013-11-04,2013-11-04,,"Up in the Air (Amor sin escalas)","Up in the Air",https://www.imdb.com/title/tt1193138/,Película,7.4,109,2009,"Comedia, Drama, Romance",362632,2010-01-22,"Jason Reitman",,
171,tt2459038,2013-11-05,2013-11-05,,"Lizzie Borden's Revenge","Lizzie Borden's Revenge",https://www.imdb.com/title/tt2459038/,Película,2.5,83,2013,"Terror",708,2013-10-18,"Dennis Devine",,
172,tt1920860,2013-11-05,2013-11-05,,"Bloody Mary 3D","Bloody Mary 3D",https://www.imdb.com/title/tt1920860/,Película,2.2,82,2011,"Terror",772,2011-12-30,"Charlie Vaughn",,
173,tt2118760,2013-11-05,2013-11-05,,"Treasure Chest of Horrors II","Treasure Chest of Horrors II",https://www.imdb.com/title/tt2118760/,Película,2.2,82,2013,"Comedia, Terror, Suspense",168,2013-04-23,"M. Kelley, Shawn C. Phillips, Alex Powers, Doug Waugh",,
174,tt2371456,2013-11-05,2013-11-05,,"Vampire Club 3D","Vampire Club 3D",https://www.imdb.com/title/tt2371456/,Película,5.6,87,2013,"Acción, Terror",74,2013,"Dennis Devine",,
175,tt2064980,2013-11-05,2013-11-05,,"Theatre of the Deranged","Theatre of the Deranged",https://www.imdb.com/title/tt2064980/,Película,4.1,66,2012,"Comedia, Terror, Suspense",629,2012-06-20,"James Cullen Bressack, Creep Creepersin, Brian Dorton, Liz Gilbert, M. Kelley, Shawn C. Phillips",,
176,tt2991516,2013-11-05,2013-11-05,,"13/13/13","13/13/13",https://www.imdb.com/title/tt2991516/,Película,2.9,86,2013,"Terror",2436,2013-10-01,"James Cullen Bressack",,
177,tt2532656,2013-11-05,2013-11-05,,"Single White Female","Single White Female",https://www.imdb.com/title/tt2532656/,Vídeo,,133,2012,"X",0,2012-10-17,"Erik Everhard",,
178,tt3040282,2013-11-05,2013-11-05,,"My First Lesbian Experience","My First Lesbian Experience",https://www.imdb.com/title/tt3040282/,Vídeo,7.6,113,2012,"X",34,2012-02-15,"Stuart Canterbury",,
179,tt0364517,2013-11-05,2013-11-05,,"Quiéreme si te atreves","Jeux d'enfants",https://www.imdb.com/title/tt0364517/,Película,7.5,93,2003,"Comedia, Drama, Romance",74618,2004-08-27,"Yann Samuell",,
180,tt0450188,2013-11-05,2013-11-05,,"La vida en rosa (Edith Piaf)","La Môme",https://www.imdb.com/title/tt0450188/,Película,7.5,140,2007,"Biografía, Drama, Música, Romance",94599,2007-04-20,"Olivier Dahan",,
181,tt1614989,2013-11-05,2013-11-05,,"Headhunters","Hodejegerne",https://www.imdb.com/title/tt1614989/,Película,7.5,100,2011,"Acción, Crimen, Suspense",112261,2012-08-24,"Morten Tyldum",,
182,tt1754367,2013-11-05,2013-11-05,,"Post Tenebras Lux","Post tenebras lux",https://www.imdb.com/title/tt1754367/,Película,6.5,115,2012,"Drama",6261,2012-11-23,"Carlos Reygadas",,
183,tt0053270,2013-11-05,2013-11-05,,"Sombras (Shadows)","Shadows",https://www.imdb.com/title/tt0053270/,Película,7.2,81,1958,"Drama, Música, Romance",13704,1960-10-14,"John Cassavetes",,
184,tt0101318,2013-11-05,2013-11-05,,"Los amantes del Pont-Neuf","Les Amants du Pont-Neuf",https://www.imdb.com/title/tt0101318/,Película,7.6,125,1991,"Drama, Romance",17587,1993-05-12,"Leos Carax",,
185,tt0388795,2013-11-05,2013-11-05,,"Brokeback Mountain. En terreno vedado","Brokeback Mountain",https://www.imdb.com/title/tt0388795/,Película,7.7,134,2005,"Drama, Romance",421542,2006-01-20,"Ang Lee",,
186,tt0758746,2013-11-05,2013-11-05,,"Viernes 13","Friday the 13th",https://www.imdb.com/title/tt0758746/,Película,5.5,97,2009,"Terror, Misterio, Suspense",127952,2009-02-13,"Marcus Nispel",,
187,tt1714208,2013-11-05,2013-11-05,,"The Woman","The Woman",https://www.imdb.com/title/tt1714208/,Película,6.0,103,2011,"Drama, Terror, Suspense",27902,2011-08-18,"Lucky McKee",,
188,tt1935896,2013-11-05,2013-11-05,,"The ABCs of Death","The ABCs of Death",https://www.imdb.com/title/tt1935896/,Película,4.7,129,2012,"Acción, Comedia, Fantasía, Terror, Ciencia ficción, Suspense",21452,2013-04-26,"Kaare Andrews, Angela Bettis, Hélène Cattet, Ernesto Díaz Espinoza, Jason Eisener, Bruno Forzani, Adrian Garcia Bogliano, Xavier Gens, Jorge Michel Grau, Lee Hardcastle, Noboru Iguchi, Thomas Cappelen Malling, Anders Morgenthaler, Yoshihiro Nishimura, Banjong Pisanthanakun, Simon Rumley, Marcel Sarmiento, Jon Schnepp, Srdjan Spasojevic, Timo Tjahjanto, Andrew Traucki, Nacho Vigalondo, Jake West, Ti West, Ben Wheatley, Adam Wingard, Yūdai Yamaguchi",,
189,tt0961722,2013-11-05,2013-11-05,,"Cabin fever 2","Cabin Fever 2",https://www.imdb.com/title/tt0961722/,Película,4.3,86,2009,"Terror",16476,2021-11-01,"Ti West",,
190,tt0814365,2013-11-05,2013-11-05,,"Trigger Man","Trigger Man",https://www.imdb.com/title/tt0814365/,Película,4.5,80,2007,"Drama, Terror, Suspense",912,2007-10-17,"Ti West",,
191,tt0387549,2013-11-05,2013-11-05,,"El cobertizo","The Roost",https://www.imdb.com/title/tt0387549/,Película,4.8,80,2005,"Terror, Suspense",2417,2006-01-13,"Ti West",,
192,tt0080923,2013-11-05,2013-11-05,,"Inferno","Inferno",https://www.imdb.com/title/tt0080923/,Película,6.5,106,1980,"Terror",26603,1980-06-01,"Dario Argento",,
193,tt1735485,2013-11-05,2013-11-05,,"The Tunnel","The Tunnel",https://www.imdb.com/title/tt1735485/,Película,5.8,94,2011,"Terror, Misterio, Suspense",26169,2011-05-19,"Carlo Ledesma",,
194,tt0468492,2013-11-05,2013-11-05,,"The Host","Goemool",https://www.imdb.com/title/tt0468492/,Película,7.1,120,2006,"Drama, Terror, Ciencia ficción",144439,2007-03-02,"Bong Joon Ho",,
195,tt0051744,2013-11-05,2013-11-05,,"La mansión de los horrores","House on Haunted Hill",https://www.imdb.com/title/tt0051744/,Película,6.7,75,1959,"Crimen, Terror, Misterio",35170,1959-02-17,"William Castle",,
196,tt0222812,2013-11-05,2013-11-05,,"Beyond Re-Animator","Beyond Re-Animator",https://www.imdb.com/title/tt0222812/,Película,5.7,96,2003,"Comedia, Terror, Ciencia ficción",14091,2003-07-25,"Brian Yuzna",,
197,tt0099180,2013-11-05,2013-11-05,,"La novia de Re-Animator","Bride of Re-Animator",https://www.imdb.com/title/tt0099180/,Película,6.2,96,1990,"Comedia, Terror, Ciencia ficción",19310,1990-07-08,"Brian Yuzna",,
198,tt0185371,2013-11-05,2013-11-05,,"House on Haunted Hill","House on Haunted Hill",https://www.imdb.com/title/tt0185371/,Película,5.6,99,1999,"Terror, Misterio, Suspense",64442,2000-01-28,"William Malone",,
199,tt1403214,2013-11-05,2013-11-05,,"Paraíso: Amor","Paradies: Liebe",https://www.imdb.com/title/tt1403214/,Película,7.0,120,2012,"Drama",10953,2013-08-16,"Ulrich Seidl",,
200,tt2371824,2013-11-05,2013-11-05,,"Paraíso: Fe","Paradies: Glaube",https://www.imdb.com/title/tt2371824/,Película,6.7,115,2012,"Drama",5650,2013-08-23,"Ulrich Seidl",,
201,tt2371834,2013-11-05,2013-11-05,,"Paraíso: Esperanza","Paradies: Hoffnung",https://www.imdb.com/title/tt2371834/,Película,6.6,92,2013,"Drama",5426,2013-08-30,"Ulrich Seidl",,
202,tt2334649,2013-11-05,2013-11-05,,"Fruitvale Station","Fruitvale Station",https://www.imdb.com/title/tt2334649/,Película,7.5,85,2013,"Biografía, Crimen, Drama",93018,2013-07-26,"Ryan Coogler",,
203,tt0080798,2013-11-05,2013-11-05,,"Gloria","Gloria",https://www.imdb.com/title/tt0080798/,Película,7.1,121,1980,"Crimen, Drama, Suspense",13357,1980-10-01,"John Cassavetes",,
204,tt0056687,2013-11-05,2013-11-05,,"¿Qué fue de Baby Jane?","What Ever Happened to Baby Jane?",https://www.imdb.com/title/tt0056687/,Película,8.0,134,1962,"Drama, Terror, Suspense",68313,1963-12-04,"Robert Aldrich",,
205,tt0057427,2013-11-05,2013-11-05,,"El proceso","Le Procès",https://www.imdb.com/title/tt0057427/,Película,7.6,119,1962,"Drama, Misterio, Suspense",27223,1962-12-21,"Orson Welles",,
206,tt0499549,2013-11-05,2013-11-05,,"Avatar","Avatar",https://www.imdb.com/title/tt0499549/,Película,7.9,162,2009,"Acción, Aventura, Fantasía, Ciencia ficción",1514639,2009-12-18,"James Cameron",,
207,tt0037558,2013-11-05,2013-11-05,,"Breve encuentro","Brief Encounter",https://www.imdb.com/title/tt0037558/,Película,8.0,86,1945,"Drama, Romance",49184,1945-11-26,"David Lean",,
208,tt0063823,2013-11-05,2013-11-05,,"El submarino amarillo","Yellow Submarine",https://www.imdb.com/title/tt0063823/,Película,7.4,88,1968,"Animación, Aventura, Comedia, Fantasía, Musical",30130,1968-07-17,"George Dunning",,
209,tt1230385,2013-11-05,2013-11-05,,"The Yellow Sea","Hwanghae",https://www.imdb.com/title/tt1230385/,Película,7.3,157,2010,"Acción, Crimen, Drama, Suspense",25329,2010-12-22,"Na Hong-jin",,
210,tt0042593,2013-11-05,2013-11-05,,"En un lugar solitario","In a Lonely Place",https://www.imdb.com/title/tt0042593/,Película,7.9,94,1950,"Drama, Cine negro, Misterio, Romance, Suspense",39767,1950-08,"Nicholas Ray",,
211,tt0037382,2013-11-05,2013-11-05,,"Tener y no tener","To Have and Have Not",https://www.imdb.com/title/tt0037382/,Película,7.8,100,1944,"Aventura, Comedia, Drama, Cine negro, Romance, Suspense, Bélico",41532,1945-01-20,"Howard Hawks",,
212,tt0071115,2013-11-05,2013-11-05,,"Alicia ya no vive aquí","Alice Doesn't Live Here Anymore",https://www.imdb.com/title/tt0071115/,Película,7.3,112,1974,"Drama, Romance",30587,1975-05-23,"Martin Scorsese",,
213,tt0079844,2013-11-05,2013-11-05,,"El misterio de Salem's Lot","Salem's Lot",https://www.imdb.com/title/tt0079844/,Miniserie de TV,6.8,183,1979,"Terror",32372,1979-11-17,,,
214,tt0093855,2013-11-05,2013-11-05,,"Regreso a Salem's Lot","A Return to Salem's Lot",https://www.imdb.com/title/tt0093855/,Película,4.3,101,1987,"Comedia, Terror, Suspense",5620,1987-09-11,"Larry Cohen",,
215,tt0106452,2013-11-05,2013-11-05,,"Secuestradores de cuerpos (Body Snatchers)","Body Snatchers",https://www.imdb.com/title/tt0106452/,Película,6.0,87,1993,"Terror, Ciencia ficción",22250,1994-02-18,"Abel Ferrara",,
216,tt0439815,2013-11-05,2013-11-05,,"Slither: La plaga","Slither",https://www.imdb.com/title/tt0439815/,Película,6.5,96,2006,"Comedia, Terror, Ciencia ficción",95998,2006-05-12,"James Gunn",,
217,tt0088993,2013-11-05,2013-11-05,,"El día de los muertos","Day of the Dead",https://www.imdb.com/title/tt0088993/,Película,7.1,101,1985,"Terror, Suspense",80426,1985-07-19,"George A. Romero",,
218,tt1134854,2013-11-05,2013-11-05,,"La resistencia de los muertos","Survival of the Dead",https://www.imdb.com/title/tt1134854/,Película,4.8,90,2009,"Comedia, Drama, Terror, Suspense",23627,2010-05-06,"George A. Romero",,
219,tt0848557,2013-11-05,2013-11-05,,"El diario de los muertos","Diary of the Dead",https://www.imdb.com/title/tt0848557/,Película,5.5,95,2007,"Fantasía, Terror, Ciencia ficción, Suspense",51354,2008-02-22,"George A. Romero",,
220,tt0083767,2013-11-05,2013-11-05,,"Creepshow","Creepshow",https://www.imdb.com/title/tt0083767/,Película,6.8,120,1982,"Comedia, Fantasía, Terror",58246,1983-11-29,"George A. Romero",,
221,tt0091983,2013-11-05,2013-11-05,,"Algo salvaje","Something Wild",https://www.imdb.com/title/tt0091983/,Película,6.9,114,1986,"Comedia, Crimen, Romance, Suspense",24256,1987-07-31,"Jonathan Demme",,
222,tt1588170,2013-11-05,2013-11-05,,"Encontré al diablo","Angmareul boatda",https://www.imdb.com/title/tt1588170/,Película,7.8,144,2010,"Acción, Suspense",168478,2010-08-12,"Kim Jee-woon",,
223,tt0432291,2013-11-05,2013-11-05,,"Terror en la niebla","The Fog",https://www.imdb.com/title/tt0432291/,Película,3.7,100,2005,"Terror, Misterio",41793,2006-01-27,"Rupert Wainwright",,
224,tt2120152,2013-11-05,2013-11-05,,"La guerra invisible","The Invisible War",https://www.imdb.com/title/tt2120152/,Película,7.6,93,2012,"Documental, Crimen",7508,2013-05-05,"Kirby Dick",,
225,tt0065571,2013-11-05,2013-11-05,,"El conformista","Il conformista",https://www.imdb.com/title/tt0065571/,Película,7.9,113,1970,"Drama",39668,1975-06-17,"Bernardo Bertolucci",,
226,tt1216520,2013-11-05,2013-11-05,,"Womb","Womb",https://www.imdb.com/title/tt1216520/,Película,6.3,111,2010,"Drama, Romance, Ciencia ficción",16365,2011-04-07,"Benedek Fliegauf",,
227,tt0299458,2013-11-05,2013-11-05,,"Chicas de verdad","All the Real Girls",https://www.imdb.com/title/tt0299458/,Película,6.7,108,2003,"Drama, Romance",11338,2003-08-01,"David Gordon Green",,
228,tt1194238,2013-11-05,2013-11-05,,"Politécnico","Polytechnique",https://www.imdb.com/title/tt1194238/,Película,7.2,77,2009,"Crimen, Drama, Historia",21590,2009-02-06,"Denis Villeneuve",,
229,tt0274117,2013-11-05,2013-11-05,,"Lee mis labios","Sur mes lèvres",https://www.imdb.com/title/tt0274117/,Película,7.3,115,2001,"Crimen, Drama, Romance, Suspense",16242,2004-07-09,"Jacques Audiard",,
230,tt1023490,2013-11-05,2013-11-05,,"Il divo","Il divo",https://www.imdb.com/title/tt1023490/,Película,7.2,110,2008,"Biografía, Drama",20668,2008-12-12,"Paolo Sorrentino",,
231,tt0055471,2013-11-05,2013-11-05,,"Esplendor en la hierba","Splendor in the Grass",https://www.imdb.com/title/tt0055471/,Película,7.7,124,1961,"Drama, Romance",23120,1961-10-20,"Elia Kazan",,
232,tt0065772,2013-11-05,2013-11-05,,"La rodilla de Claire","Le genou de Claire",https://www.imdb.com/title/tt0065772/,Película,7.4,105,1970,"Drama, Romance",13745,2005-08-12,"Éric Rohmer",,
233,tt0315983,2013-11-05,2013-11-05,,"Casa de arena y niebla","House of Sand and Fog",https://www.imdb.com/title/tt0315983/,Película,7.5,126,2003,"Crimen, Drama",76236,2004-02-06,"Vadim Perelman",,
234,tt0090095,2013-11-05,2013-11-05,,"Subway (En busca de Freddy)","Subway",https://www.imdb.com/title/tt0090095/,Película,6.5,104,1985,"Suspense",18040,1986-03-06,"Luc Besson",,
235,tt1274300,2013-11-05,2013-11-05,,"La tempestad","The Tempest",https://www.imdb.com/title/tt1274300/,Película,5.3,110,2010,"Comedia, Drama, Fantasía, Romance",8563,2011-01-07,"Julie Taymor",,
236,tt0073580,2013-11-05,2013-11-05,,"El reportero","Professione: reporter",https://www.imdb.com/title/tt0073580/,Película,7.4,126,1975,"Drama, Suspense",29167,1976-05-20,"Michelangelo Antonioni",,
237,tt1634121,2013-11-05,2013-11-05,,"Intruders","Intruders",https://www.imdb.com/title/tt1634121/,Película,5.4,100,2011,"Fantasía, Terror, Suspense",21961,2011-10-07,"Juan Carlos Fresnadillo",,
238,tt1683526,2013-11-05,2013-11-05,,"El profesor (Detachment)","Detachment",https://www.imdb.com/title/tt1683526/,Película,7.7,98,2011,"Drama",113675,2012-10-31,"Tony Kaye",,
239,tt0066914,2013-11-05,2013-11-05,,"Los sueños eróticos de Christina","La nuit des étoiles filantes",https://www.imdb.com/title/tt0066914/,Película,4.9,85,1973,"Drama, Terror",3044,1981-07-06,"Jesús Franco, Pierre Quérut, Jean Rollin",,
240,tt0218181,2013-11-05,2013-11-05,,"Eugénie","Eugénie",https://www.imdb.com/title/tt0218181/,Película,5.6,86,1973,"Drama, Terror, Suspense",1330,1973,"Jesús Franco",,
241,tt0066380,2013-11-05,2013-11-05,,"Las Vampiras","Vampyros Lesbos",https://www.imdb.com/title/tt0066380/,Película,5.4,89,1971,"Drama, Terror",6063,1971-07-15,"Jesús Franco",,
242,tt0078398,2013-11-05,2013-11-05,,"Ilsa, la tigresa de Siberia","Ilsa the Tigress of Siberia",https://www.imdb.com/title/tt0078398/,Película,4.7,90,1977,"Terror",2336,1977-09-30,"Jean LaFleur",,
243,tt0076112,2013-11-05,2013-11-05,,"Ilsa","Greta - Haus ohne Männer",https://www.imdb.com/title/tt0076112/,Película,4.6,95,1977,"Drama, Terror",2999,1977-01-21,"Jesús Franco",,
244,tt0059415,2013-11-05,2013-11-05,,"Los amores de una rubia","Lásky jedné plavovlásky",https://www.imdb.com/title/tt0059415/,Película,7.4,88,1965,"Comedia, Romance, Drama",10337,1965-11-12,"Miloš Forman",,
245,tt0084329,2013-11-05,2013-11-05,,"La comedia sexual de una noche de verano","A Midsummer Night's Sex Comedy",https://www.imdb.com/title/tt0084329/,Película,6.6,88,1982,"Comedia",22087,1982-07-16,"Woody Allen",,
246,tt0048261,2013-11-05,2013-11-05,,"El beso mortal","Kiss Me Deadly",https://www.imdb.com/title/tt0048261/,Película,7.5,106,1955,"Crimen, Drama, Cine negro, Misterio, Suspense",23934,1955-04-28,"Robert Aldrich",,
247,tt0092746,2013-11-05,2013-11-05,,"Cherry 2000","Cherry 2000",https://www.imdb.com/title/tt0092746/,Película,5.6,95,1987,"Acción, Aventura, Comedia, Romance, Ciencia ficción",11851,1988-02-05,"Steve De Jarnatt",,
248,tt0069947,2013-11-05,2013-11-05,,"Chacal","The Day of the Jackal",https://www.imdb.com/title/tt0069947/,Película,7.8,143,1973,"Crimen, Drama, Suspense",53592,1973-06-15,"Fred Zinnemann",,
249,tt0054460,2013-11-05,2013-11-05,,"Los canallas duermen en paz","Warui yatsu hodo yoku nemuru",https://www.imdb.com/title/tt0054460/,Película,7.9,151,1960,"Crimen, Drama, Suspense",15723,1960-10-01,"Akira Kurosawa",,
250,tt0085883,2013-11-05,2013-11-05,,"Macumba sexual","Macumba sexual",https://www.imdb.com/title/tt0085883/,Película,4.9,80,1983,"Terror, Misterio, Romance",907,1983-10-20,"Jesús Franco",,
251,tt0106226,2013-11-05,2013-11-05,,"La edad de la inocencia","The Age of Innocence",https://www.imdb.com/title/tt0106226/,Película,7.2,139,1993,"Drama, Romance",75603,1994-02-18,"Martin Scorsese",,
252,tt0237993,2013-11-05,2013-11-05,,"101 Réikiavik","101 Reykjavík",https://www.imdb.com/title/tt0237993/,Película,6.7,88,2000,"Comedia, Drama, Romance",10251,2002-07-05,"Baltasar Kormákur",,
253,tt0095467,2013-11-05,2013-11-05,,"No amarás","Krótki film o milosci",https://www.imdb.com/title/tt0095467/,Película,8.1,87,1988,"Drama, Romance",28603,1989-10-04,"Krzysztof Kieślowski",,
254,tt0095468,2013-11-05,2013-11-05,,"No matarás","Krótki film o zabijaniu",https://www.imdb.com/title/tt0095468/,Película,7.9,84,1988,"Crimen, Drama",24665,1988-10-26,"Krzysztof Kieślowski",,
255,tt0056291,2013-11-05,2013-11-05,,"El cuchillo en el agua","Nóz w wodzie",https://www.imdb.com/title/tt0056291/,Película,7.4,94,1962,"Drama, Suspense",25379,1962-03-09,"Roman Polanski",,
256,tt2292959,2013-11-05,2013-11-05,,"The Canyons","The Canyons",https://www.imdb.com/title/tt2292959/,Película,3.8,99,2013,"Drama, Suspense",12690,2013-08-02,"Paul Schrader",,
257,tt0442286,2013-11-05,2013-11-05,,"The hidden blade: la espada oculta","Kakushi ken: Oni no tsume",https://www.imdb.com/title/tt0442286/,Película,7.6,132,2004,"Drama, Historia, Romance",7664,2004-10-30,"Yōji Yamada",,
258,tt0114057,2013-11-05,2013-11-05,,"Otelo","Othello",https://www.imdb.com/title/tt0114057/,Película,6.8,123,1995,"Drama, Romance",10676,1996-03-07,"Oliver Parker",,
259,tt0056412,2013-11-05,2013-11-05,,"Duelo en la alta sierra","Ride the High Country",https://www.imdb.com/title/tt0056412/,Película,7.4,94,1962,"Drama, Del oeste",16465,1962-05-09,"Sam Peckinpah",,
260,tt1600524,2013-11-05,2013-11-05,,"Los amores imaginarios","Les amours imaginaires",https://www.imdb.com/title/tt1600524/,Película,7.0,101,2010,"Comedia, Drama, Romance",31250,2010-09-29,"Xavier Dolan",,
261,tt0027125,2013-11-05,2013-11-05,,"Sombrero de copa","Top Hat",https://www.imdb.com/title/tt0027125/,Película,7.7,101,1935,"Comedia, Musical, Romance",22356,1935-09-06,"Mark Sandrich",,
262,tt0387892,2013-11-05,2013-11-05,,"Las bordadoras","Brodeuses",https://www.imdb.com/title/tt0387892/,Película,6.9,89,2004,"Drama, Romance",1641,2006-01-13,"Éléonore Faucher",,
263,tt0459880,2013-11-05,2013-11-05,,"Lady Chatterley","Lady Chatterley",https://www.imdb.com/title/tt0459880/,Película,6.7,168,2006,"Drama, Romance",4987,2007-11-30,"Pascale Ferran",,
264,tt0115639,2013-11-05,2013-11-05,,"Beautiful Girls","Beautiful Girls",https://www.imdb.com/title/tt0115639/,Película,7.1,112,1996,"Comedia, Drama, Romance",36522,1996-10-09,"Ted Demme",,
265,tt0116242,2013-11-05,2013-11-05,,"Todos dicen I Love You","Everyone Says I Love You",https://www.imdb.com/title/tt0116242/,Película,6.7,101,1996,"Comedia, Musical, Romance",41494,1997-02-26,"Woody Allen",,
266,tt0445760,2013-11-05,2013-11-05,,"El sabor de la sandía","Tian bian yi duo yun",https://www.imdb.com/title/tt0445760/,Película,6.5,114,2005,"Comedia, Drama, Musical",6007,2005-11-25,"Tsai Ming-liang",,
267,tt0055614,2013-11-05,2013-11-05,,"West Side Story (Amor sin barreras)","West Side Story",https://www.imdb.com/title/tt0055614/,Película,7.6,153,1961,"Crimen, Drama, Musical, Romance",128676,2014-04-09,"Jerome Robbins, Robert Wise",,
268,tt0345549,2013-11-05,2013-11-05,,"Vidas truncadas","Ruang rak noi nid mahasan",https://www.imdb.com/title/tt0345549/,Película,7.4,112,2003,"Comedia, Drama, Romance",11974,2006-02-10,"Pen-Ek Ratanaruang",,
269,tt0053146,2013-11-05,2013-11-05,,"Orfeo negro","Orfeu Negro",https://www.imdb.com/title/tt0053146/,Película,7.4,100,1959,"Drama, Musical, Romance",13613,1959-06-12,"Marcel Camus",,
270,tt0067549,2013-11-05,2013-11-05,,"Pánico en Needle Park","The Panic in Needle Park",https://www.imdb.com/title/tt0067549/,Película,7.1,110,1971,"Drama",22748,1971-06-01,"Jerry Schatzberg",,
271,tt1576450,2013-11-05,2013-11-05,,"Pieds nus sur les limaces","Pieds nus sur les limaces",https://www.imdb.com/title/tt1576450/,Película,6.1,103,2010,"Drama",1493,2010-12-01,"Fabienne Berthaud",,
272,tt1561768,2013-11-05,2013-11-05,,"Essential Killing","Essential Killing",https://www.imdb.com/title/tt1561768/,Película,6.1,83,2010,"Acción, Suspense, Bélico",8383,2010-10-22,"Jerzy Skolimowski",,
273,tt0097108,2013-11-05,2013-11-05,,"El cocinero, el ladrón, su mujer y su amante","The Cook, the Thief, His Wife & Her Lover",https://www.imdb.com/title/tt0097108/,Película,7.5,124,1989,"Crimen, Drama",45442,1989-12-08,"Peter Greenaway",,
274,tt0005060,2013-11-05,2013-11-05,,"Carmen","Carmen",https://www.imdb.com/title/tt0005060/,Película,6.3,59,1915,"Drama, Musical",1196,1915-10-31,"Cecil B. DeMille",,
275,tt0014532,2013-11-05,2013-11-05,,"Los diez mandamientos","The Ten Commandments",https://www.imdb.com/title/tt0014532/,Película,6.8,136,1923,"Biografía, Drama, Historia",3014,1923-12-04,"Cecil B. DeMille",,
276,tt0024991,2013-11-05,2013-11-05,,"Cleopatra","Cleopatra",https://www.imdb.com/title/tt0024991/,Película,6.8,100,1934,"Biografía, Drama, Historia, Bélico",5228,1934-10-05,"Cecil B. DeMille",,
277,tt0412019,2013-11-05,2013-11-05,,"Flores rotas","Broken Flowers",https://www.imdb.com/title/tt0412019/,Película,7.1,106,2005,"Comedia, Drama, Misterio, Romance",110705,2005-10-28,"Jim Jarmusch",,
278,tt2043979,2013-11-05,2013-11-05,,"Róza","Róza",https://www.imdb.com/title/tt2043979/,Película,7.6,90,2011,"Drama, Bélico",4255,2012-02-03,"Wojciech Smarzowski",,
279,tt0383028,2013-11-05,2013-11-05,,"Synecdoche, New York","Synecdoche, New York",https://www.imdb.com/title/tt0383028/,Película,7.5,124,2008,"Drama",105802,2009-02-05,"Charlie Kaufman",,
280,tt1191111,2013-11-05,2013-11-05,,"Enter the Void","Enter the Void",https://www.imdb.com/title/tt1191111/,Película,7.2,161,2009,"Drama, Fantasía",95548,2010-05-05,"Gaspar Noé",,
281,tt0098063,2013-11-05,2013-11-05,,"Los burdeles de Paprika","Paprika",https://www.imdb.com/title/tt0098063/,Película,5.5,99,1991,"Drama",6398,1991-02-13,"Tinto Brass",,
282,tt0109466,2013-11-05,2013-11-05,,"Con los ojos cerrados","Con gli occhi chiusi",https://www.imdb.com/title/tt0109466/,Película,5.6,113,1994,"Drama",182,1994-12-22,"Francesca Archibugi",,
283,tt0098052,2013-11-05,2013-11-05,,"Paganini","Paganini",https://www.imdb.com/title/tt0098052/,Película,5.1,84,1989,"Biografía, Drama, Música",1326,1990-05-25,"Klaus Kinski",,
284,tt0174931,2013-11-05,2013-11-05,,"Monella","Monella",https://www.imdb.com/title/tt0174931/,Película,5.1,105,1998,"Comedia, Romance",5343,1998-09-18,"Tinto Brass",,
285,tt0372909,2013-11-05,2013-11-05,,"Fallo!","Fallo!",https://www.imdb.com/title/tt0372909/,Película,4.9,120,2003,"Drama, Romance",3473,2003-08-28,"Tinto Brass",,
286,tt0113049,2013-11-05,2013-11-05,,"Confesiones de Tinto Brass","Fermo posta Tinto Brass",https://www.imdb.com/title/tt0113049/,Película,5.2,81,1995,"Comedia",2268,1995-08-30,"Tinto Brass",,
287,tt0200192,2013-11-05,2013-11-05,,"Transgressing","Tra(sgre)dire",https://www.imdb.com/title/tt0200192/,Película,5.4,91,2000,"Comedia, Drama",7594,2000-01-28,"Tinto Brass",,
288,tt0267261,2013-11-05,2013-11-05,,"Las perversiones de Livia","Senso '45",https://www.imdb.com/title/tt0267261/,Película,5.0,128,2002,"Drama, Romance, Suspense",2492,2002-04-12,"Tinto Brass",,
289,tt0111573,2013-11-05,2013-11-05,,"El hombre que mira","L'uomo che guarda",https://www.imdb.com/title/tt0111573/,Película,5.5,98,1994,"Drama, Romance",4515,1994-10-21,"Tinto Brass",,
290,tt0096125,2013-11-05,2013-11-05,,"Snack Bar Budapest","Snack Bar Budapest",https://www.imdb.com/title/tt0096125/,Película,4.1,98,1988,"Comedia, Crimen, Drama, Fantasía, Suspense",960,1988-09-29,"Tinto Brass",,
291,tt0092720,2013-11-05,2013-11-05,,"Amor y pasión","Capriccio",https://www.imdb.com/title/tt0092720/,Película,4.7,98,1987,"Drama, Romance",1504,1987-03-06,"Tinto Brass",,
292,tt0089598,2013-11-05,2013-11-05,,"Miranda","Miranda",https://www.imdb.com/title/tt0089598/,Película,4.9,100,1985,"Comedia, Romance",2902,1987-05-11,"Tinto Brass",,
293,tt0078732,2013-11-05,2013-11-05,,"Action","Action",https://www.imdb.com/title/tt0078732/,Película,4.4,121,1980,"Drama",470,1980-01-04,"Tinto Brass",,
294,tt0075163,2013-11-05,2013-11-05,,"Salón Kitty","Salon Kitty",https://www.imdb.com/title/tt0075163/,Película,5.4,129,1976,"Drama, Bélico",5750,1978-04-17,"Tinto Brass",,
295,tt0795368,2013-11-05,2013-11-05,,"Un funeral de muerte","Death at a Funeral",https://www.imdb.com/title/tt0795368/,Película,7.3,90,2007,"Comedia",128964,2007-10-11,"Frank Oz",,
296,tt0054189,2013-11-05,2013-11-05,,"A pleno sol","Plein soleil",https://www.imdb.com/title/tt0054189/,Película,7.7,118,1960,"Crimen, Drama, Suspense",24454,1960-03-10,"René Clément",,
297,tt0066301,2013-11-05,2013-11-05,,"Río Lobo","Rio Lobo",https://www.imdb.com/title/tt0066301/,Película,6.7,114,1970,"Drama, Bélico, Del oeste",15413,1971-03-30,"Howard Hawks",,
298,tt1130988,2013-11-05,2013-11-05,,"JCVD","JCVD",https://www.imdb.com/title/tt1130988/,Película,7.0,97,2008,"Comedia, Crimen, Drama",41540,2008-11-07,"Mabrouk El Mechri",,
299,tt1264914,2013-11-05,2013-11-05,,"Cigoto","Zift",https://www.imdb.com/title/tt1264914/,Película,7.2,92,2008,"Crimen, Drama, Misterio",5773,2008-09-25,"Javor Gardev",,
300,tt0088680,2013-11-05,2013-11-05,,"Jo, ¡qué noche!","After Hours",https://www.imdb.com/title/tt0088680/,Película,7.6,97,1985,"Comedia, Crimen, Drama, Suspense",100460,1986-05-26,"Martin Scorsese",,
301,tt1273235,2013-11-05,2013-11-05,,"A Serbian Film","Srpski film",https://www.imdb.com/title/tt1273235/,Película,4.9,104,2010,"Terror, Misterio, Suspense",81538,2010-01-06,"Srdjan Spasojevic",,
302,tt0061590,2013-11-05,2013-11-05,,"No hagan olas","Don't Make Waves",https://www.imdb.com/title/tt0061590/,Película,5.8,97,1967,"Comedia",2190,1967-09-15,"Alexander Mackendrick",,
303,tt0080009,2013-11-05,2013-11-05,,"Tess","Tess",https://www.imdb.com/title/tt0080009/,Película,7.3,186,1979,"Drama, Romance",20123,1980-10-01,"Roman Polanski",,
304,tt0081070,2013-11-05,2013-11-05,,"El largo Viernes Santo","The Long Good Friday",https://www.imdb.com/title/tt0081070/,Película,7.5,114,1980,"Crimen, Drama, Misterio, Suspense",30184,1981-03-29,"John Mackenzie",,
305,tt1190536,2013-11-05,2013-11-05,,"Dinamita negra","Black Dynamite",https://www.imdb.com/title/tt1190536/,Película,7.4,84,2009,"Acción, Comedia",54773,2010-01-13,"Scott Sanders",,
306,tt0115736,2013-11-05,2013-11-05,,"Lazos ardientes","Bound",https://www.imdb.com/title/tt0115736/,Película,7.3,109,1996,"Crimen, Suspense",68228,1997-01-17,"Lana Wachowski, Lilly Wachowski",,
307,tt0091867,2013-11-05,2013-11-05,,"Una habitación con vistas","A Room with a View",https://www.imdb.com/title/tt0091867/,Película,7.2,117,1986,"Drama, Romance",53052,1986-12-03,"James Ivory",,
308,tt0435623,2013-11-05,2013-11-05,,"Conversaciones con otras mujeres","Conversations with Other Women",https://www.imdb.com/title/tt0435623/,Película,6.9,84,2005,"Comedia, Drama, Romance",13614,2007-05-18,"Hans Canosa",,
309,tt2299842,2013-11-05,2013-11-05,,"Pieta","Pieta",https://www.imdb.com/title/tt2299842/,Película,7.1,103,2012,"Crimen, Drama, Suspense",16871,2012-09-06,"Kim Ki-duk",,
310,tt0094964,2013-11-05,2013-11-05,,"Inseparables","Dead Ringers",https://www.imdb.com/title/tt0094964/,Película,7.2,116,1988,"Drama, Terror, Suspense",59535,1989-04-19,"David Cronenberg",,
311,tt2403419,2013-11-05,2013-11-05,,"Para Elisa","Para Elisa",https://www.imdb.com/title/tt2403419/,Película,4.2,75,2012,"Suspense",851,2015-04-24,"Juanra Fernández",,
312,tt0058329,2013-11-05,2013-11-05,,"Marnie, la ladrona","Marnie",https://www.imdb.com/title/tt0058329/,Película,7.1,130,1964,"Crimen, Drama, Misterio, Romance, Suspense",58065,1964-09-28,"Alfred Hitchcock",,
313,tt0455957,2013-11-05,2013-11-05,,"Los fantasmas de Goya","Goya's Ghosts",https://www.imdb.com/title/tt0455957/,Película,6.9,113,2006,"Biografía, Drama, Historia",33355,2006-11-10,"Miloš Forman",,
314,tt0091497,2013-11-05,2013-11-05,,"Mala sangre","Mauvais sang",https://www.imdb.com/title/tt0091497/,Película,7.1,116,1986,"Crimen, Drama, Romance, Suspense",10298,1986-11-26,"Leos Carax",,
315,tt0048605,2013-11-05,2013-11-05,,"La tentación vive arriba","The Seven Year Itch",https://www.imdb.com/title/tt0048605/,Película,7.0,105,1955,"Comedia, Romance",46021,1955-06-03,"Billy Wilder",,
316,tt0029850,2013-11-05,2013-11-05,,"Alexander Nevsky","Aleksandr Nevskiy",https://www.imdb.com/title/tt0029850/,Película,7.4,112,1938,"Acción, Biografía, Drama, Historia, Bélico",13300,1938-12-01,"Sergei Eisenstein, Dmitriy Vasilev",,
317,tt0112688,2013-11-05,2013-11-05,,"Clockers (Camellos)","Clockers",https://www.imdb.com/title/tt0112688/,Película,6.9,128,1995,"Crimen, Drama, Misterio",25141,1995-10-17,"Spike Lee",,
318,tt0071571,2013-11-05,2013-11-05,,"Ladrones de coches","Gone in 60 Seconds",https://www.imdb.com/title/tt0071571/,Película,6.3,105,1974,"Acción, Crimen, Drama, Suspense",10954,1974-07-28,"H.B. Halicki",,
319,tt0119375,2013-11-05,2013-11-05,,"Insomnia","Insomnia",https://www.imdb.com/title/tt0119375/,Película,7.2,96,1997,"Crimen, Misterio, Suspense",17710,1997-03-14,"Erik Skjoldbjærg",,
320,tt0278504,2013-11-05,2013-11-05,,"Insomnio","Insomnia",https://www.imdb.com/title/tt0278504/,Película,7.2,118,2002,"Drama, Misterio, Suspense",351259,2002-10-11,"Christopher Nolan",,
321,tt0086617,2013-11-05,2013-11-05,,"El año que vivimos peligrosamente","The Year of Living Dangerously",https://www.imdb.com/title/tt0086617/,Película,7.1,115,1982,"Drama, Romance, Bélico",25080,1983-06-30,"Peter Weir",,
322,tt0076451,2013-11-05,2013-11-05,,"New York, New York","New York, New York",https://www.imdb.com/title/tt0076451/,Película,6.6,155,1977,"Drama, Música, Musical",24029,1977-12-23,"Martin Scorsese",,
323,tt1078188,2013-11-05,2013-11-05,,"Boy A","Boy A",https://www.imdb.com/title/tt1078188/,Película,7.5,106,2007,"Drama",40216,2008-09-04,"John Crowley",,
324,tt0060862,2013-11-05,2013-11-05,,"Los profesionales","The Professionals",https://www.imdb.com/title/tt0060862/,Película,7.3,117,1966,"Acción, Aventura, Drama, Del oeste",21133,1966-11-04,"Richard Brooks",,
325,tt0087089,2013-11-05,2013-11-05,,"Cotton Club","The Cotton Club",https://www.imdb.com/title/tt0087089/,Película,6.6,129,1984,"Crimen, Drama, Música",21368,1984-12-14,"Francis Ford Coppola",,
326,tt1530509,2013-11-05,2013-11-05,,"The Human Centipede 2 (Full Sequence)","The Human Centipede II (Full Sequence)",https://www.imdb.com/title/tt1530509/,Película,3.8,91,2011,"Terror",48434,2011-11,"Tom Six",,
327,tt1883367,2013-11-05,2013-11-05,,"The human centipede III (Final sequence)","The Human Centipede III (Final Sequence)",https://www.imdb.com/title/tt1883367/,Película,2.7,102,2015,"Comedia, Terror",23455,2015-06-18,"Tom Six",,
328,tt1205558,2013-11-05,2013-11-05,,"Hick","Hick",https://www.imdb.com/title/tt1205558/,Película,5.5,99,2011,"Comedia, Drama",21815,2012-05-11,"Derick Martini",,
329,tt1501658,2013-11-05,2013-11-05,,"Hora","Hora",https://www.imdb.com/title/tt1501658/,Película,2.8,89,2009,"Comedia, Terror, Suspense",729,2010-09-07,"Reinert Kiil",,
330,tt0210070,2013-11-05,2013-11-05,,"Ginger Snaps","Ginger Snaps",https://www.imdb.com/title/tt0210070/,Película,6.8,108,2000,"Drama, Fantasía, Terror, Suspense",58237,2001-05-11,"John Fawcett",,
331,tt1179056,2013-11-05,2013-11-05,,"Pesadilla en Elm Street. El origen","A Nightmare on Elm Street",https://www.imdb.com/title/tt1179056/,Película,5.2,95,2010,"Crimen, Drama, Terror, Misterio",115948,2010-07-23,"Samuel Bayer",,
332,tt0045917,2013-11-05,2013-11-05,,"Invasores de Marte","Invaders from Mars",https://www.imdb.com/title/tt0045917/,Película,6.3,78,1953,"Terror, Ciencia ficción",10466,1953-04-22,"William Cameron Menzies",,
333,tt0056923,2013-11-05,2013-11-05,,"Charada","Charade",https://www.imdb.com/title/tt0056923/,Película,7.8,113,1963,"Comedia, Misterio, Romance, Suspense",94621,1963-12-05,"Stanley Donen",,
334,tt0031867,2013-11-05,2013-11-05,,"Los violentos años veinte","The Roaring Twenties",https://www.imdb.com/title/tt0031867/,Película,7.9,106,1939,"Crimen, Drama, Suspense",17776,1939-10-28,"Raoul Walsh",,
335,tt0079945,2013-11-05,2013-11-05,,"Star Trek: La película","Star Trek: The Motion Picture",https://www.imdb.com/title/tt0079945/,Película,6.4,143,1979,"Aventura, Misterio, Ciencia ficción",102067,1980-03-18,"Robert Wise",,
336,tt0117731,2013-11-05,2013-11-05,,"Star Trek: Primer contacto","Star Trek: First Contact",https://www.imdb.com/title/tt0117731/,Película,7.6,111,1996,"Acción, Aventura, Drama, Ciencia ficción, Suspense",138836,1997-02-17,"Jonathan Frakes",,
337,tt0092007,2013-11-05,2013-11-05,,"Misión: Salvar la Tierra","Star Trek IV: The Voyage Home",https://www.imdb.com/title/tt0092007/,Película,7.3,119,1986,"Aventura, Comedia, Ciencia ficción",97422,1987-08-21,"Leonard Nimoy",,
338,tt0120844,2013-11-05,2013-11-05,,"Star Trek: Insurrección","Star Trek: Insurrection",https://www.imdb.com/title/tt0120844/,Película,6.4,103,1998,"Acción, Aventura, Ciencia ficción, Suspense",83720,1999-03-26,"Jonathan Frakes",,
339,tt0088170,2013-11-05,2013-11-05,,"Star Trek III: En busca de Spock","Star Trek III: The Search for Spock",https://www.imdb.com/title/tt0088170/,Película,6.7,105,1984,"Acción, Aventura, Ciencia ficción",91401,1984-08-27,"Leonard Nimoy",,
340,tt0084726,2013-11-05,2013-11-05,,"Star Trek II: La ira de Khan","Star Trek II: The Wrath of Khan",https://www.imdb.com/title/tt0084726/,Película,7.7,113,1982,"Acción, Aventura, Ciencia ficción",136794,1982-12-19,"Nicholas Meyer",,
341,tt0102975,2013-11-05,2013-11-05,,"Aquel país desconocido","Star Trek VI: The Undiscovered Country",https://www.imdb.com/title/tt0102975/,Película,7.3,110,1991,"Acción, Aventura, Ciencia ficción, Suspense",85800,1992-06-19,"Nicholas Meyer",,
342,tt0111280,2013-11-05,2013-11-05,,"Star Trek: La próxima generación","Star Trek: Generations",https://www.imdb.com/title/tt0111280/,Película,6.6,118,1994,"Acción, Aventura, Misterio, Ciencia ficción, Suspense",92000,1995-02-20,"David Carson",,
343,tt0098382,2013-11-05,2013-11-05,,"Star Trek V: La última frontera","Star Trek V: The Final Frontier",https://www.imdb.com/title/tt0098382/,Película,5.5,107,1989,"Acción, Aventura, Fantasía, Ciencia ficción, Suspense",68502,1989-06-09,"William Shatner",,
344,tt0058888,2013-11-05,2013-11-05,,"Barbarroja","Akahige",https://www.imdb.com/title/tt0058888/,Película,8.3,185,1965,"Drama",23752,1965-04-24,"Akira Kurosawa",,
345,tt0080979,2013-11-05,2013-11-05,,"Kagemusha, la sombra del guerrero","Kagemusha",https://www.imdb.com/title/tt0080979/,Película,7.9,180,1980,"Drama, Historia, Bélico",41327,1981-01-28,"Akira Kurosawa",,
346,tt0050330,2013-11-05,2013-11-05,,"Los bajos fondos","Donzoko",https://www.imdb.com/title/tt0050330/,Película,7.2,137,1957,"Drama",6510,1957-10-01,"Akira Kurosawa",,
347,tt0041699,2013-11-05,2013-11-05,,"El perro rabioso","Nora inu",https://www.imdb.com/title/tt0041699/,Película,7.8,122,1949,"Crimen, Drama, Misterio, Suspense",21190,1983,"Akira Kurosawa",,
348,tt0080388,2013-11-05,2013-11-05,,"Atlantic City","Atlantic City",https://www.imdb.com/title/tt0080388/,Película,7.3,104,1980,"Crimen, Drama, Romance",19930,1981-08-01,"Louis Malle",,
349,tt1100053,2013-11-05,2013-11-05,,"Tormented","Tormented",https://www.imdb.com/title/tt1100053/,Película,5.1,91,2009,"Comedia, Terror, Misterio",6713,2009-05-22,"Jon Wright",,
350,tt0449086,2013-11-05,2013-11-05,,"El exorcista: El comienzo - La versión prohibida","Dominion: Prequel to the Exorcist",https://www.imdb.com/title/tt0449086/,Película,5.1,117,2005,"Drama, Terror, Suspense",15108,2005-10-03,"Paul Schrader",,
351,tt0082085,2013-11-05,2013-11-05,,"Impacto","Blow Out",https://www.imdb.com/title/tt0082085/,Película,7.4,108,1981,"Crimen, Drama, Misterio, Suspense",77732,1982-02-17,"Brian De Palma",,
352,tt2226301,2013-11-05,2013-11-05,,"Big Love","Big Love",https://www.imdb.com/title/tt2226301/,Película,5.1,95,2012,"Drama, Romance, Suspense",1165,2012-02-10,"Barbara Bialowas",,
353,tt1534085,2013-11-05,2013-11-05,,"Beyond the black rainbow","Beyond the Black Rainbow",https://www.imdb.com/title/tt1534085/,Película,5.9,110,2010,"Terror, Misterio, Ciencia ficción",18629,2019-03-08,"Panos Cosmatos",,
354,tt0088933,2013-11-05,2013-11-05,,"Cocoon","Cocoon",https://www.imdb.com/title/tt0088933/,Película,6.7,117,1985,"Comedia, Drama, Ciencia ficción",74020,1985-06-21,"Ron Howard",,
355,tt0078350,2013-11-05,2013-11-05,,"El enjambre","The Swarm",https://www.imdb.com/title/tt0078350/,Película,4.5,116,1978,"Terror, Suspense",9468,1978-12-14,"Irwin Allen",,
356,tt0116378,2013-11-05,2013-11-05,,"El funeral","The Funeral",https://www.imdb.com/title/tt0116378/,Película,6.6,99,1996,"Crimen, Drama",10089,1996-10-29,"Abel Ferrara",,
357,tt0388888,2013-11-05,2013-11-05,,"Dig!","Dig!",https://www.imdb.com/title/tt0388888/,Película,7.7,107,2004,"Documental, Música",7082,2005-04-13,"Ondi Timoner",,
358,tt0318462,2013-11-05,2013-11-05,,"Diarios de motocicleta","Diarios de motocicleta",https://www.imdb.com/title/tt0318462/,Película,7.7,126,2004,"Aventura, Biografía, Drama",109802,2004-10-08,"Walter Salles",,
359,tt0066530,2013-11-05,2013-11-05,,"Viva la muerte","Viva la muerte",https://www.imdb.com/title/tt0066530/,Película,6.6,90,1971,"Drama, Bélico",1727,1971-05-12,"Fernando Arrabal",,
360,tt0056692,2013-11-05,2013-11-05,,"Wild Gals of the Naked West","Wild Gals of the Naked West",https://www.imdb.com/title/tt0056692/,Película,4.1,65,1962,"Comedia, Del oeste",851,1962-05-09,"Russ Meyer",,
361,tt0065466,2013-11-05,2013-11-05,,"Más allá del valle de las muñecas","Beyond the Valley of the Dolls",https://www.imdb.com/title/tt0065466/,Película,6.1,109,1970,"Comedia, Drama, Música",13099,1970-06-17,"Russ Meyer",,
362,tt0064160,2013-11-05,2013-11-05,,"Cherry, Harry & Raquel!","Cherry, Harry & Raquel!",https://www.imdb.com/title/tt0064160/,Película,5.3,71,1969,"Acción, Comedia",1400,1972,"Russ Meyer",,
363,tt0059474,2013-11-05,2013-11-05,,"Motorpsycho","Motorpsycho",https://www.imdb.com/title/tt0059474/,Película,5.9,74,1965,"Acción, Suspense",1881,1965-08-12,"Russ Meyer",,
364,tt0078846,2013-11-05,2013-11-05,,"Más allá del valle de las ultravixens","Beneath the Valley of the Ultra-Vixens",https://www.imdb.com/title/tt0078846/,Película,5.4,93,1979,"Comedia",3902,1979-04,"Russ Meyer",,
365,tt0075376,2013-11-05,2013-11-05,,"Megavixens","Up!",https://www.imdb.com/title/tt0075376/,Película,5.7,80,1976,"Comedia, Misterio, Suspense",3807,1983-12-07,"Russ Meyer",,
366,tt0069796,2013-11-05,2013-11-05,,"Black Snake","Black Snake",https://www.imdb.com/title/tt0069796/,Película,5.0,82,1973,"Suspense",765,1973-08-10,"Russ Meyer",,
367,tt0067736,2013-11-05,2013-11-05,,"The Seven Minutes","The Seven Minutes",https://www.imdb.com/title/tt0067736/,Película,5.5,115,1971,"Drama",512,1971-07-23,"Russ Meyer",,
368,tt0062973,2013-11-05,2013-11-05,,"Finders Keepers, Lovers Weepers!","Finders Keepers, Lovers Weepers!",https://www.imdb.com/title/tt0062973/,Película,5.3,71,1968,"Crimen, Drama",642,1969-08-28,"Russ Meyer",,
369,tt0061719,2013-11-05,2013-11-05,,"Good Morning... and Goodbye!","Good Morning... and Goodbye!",https://www.imdb.com/title/tt0061719/,Película,5.5,80,1967,"Comedia, Drama, Fantasía",676,1968-02-19,"Russ Meyer",,
370,tt0061504,2013-11-05,2013-11-05,,"How Much Loving Does a Normal Couple Need?","How Much Loving Does a Normal Couple Need?",https://www.imdb.com/title/tt0061504/,Película,4.7,70,1967,"Comedia",841,1967-07,"Russ Meyer",,
371,tt0060712,2013-11-05,2013-11-05,,"Mondo Topless","Mondo Topless",https://www.imdb.com/title/tt0060712/,Película,4.8,60,1966,"Documental",1432,1966-10-01,"Russ Meyer",,
372,tt0058301,2013-11-05,2013-11-05,,"Lorna","Lorna",https://www.imdb.com/title/tt0058301/,Película,5.7,78,1964,"Drama",1330,1964-10,"Russ Meyer",,
373,tt0071524,2013-11-05,2013-11-05,,"Primera plana","The Front Page",https://www.imdb.com/title/tt0071524/,Película,7.3,105,1974,"Comedia, Drama, Romance",16795,1975-04-30,"Billy Wilder",,
374,tt0093044,2013-11-05,2013-11-05,,"El cuarto protocolo","The Fourth Protocol",https://www.imdb.com/title/tt0093044/,Película,6.5,119,1987,"Suspense",12331,1987-03-20,"John Mackenzie",,
375,tt0077383,2013-11-05,2013-11-05,,"Nido familiar","Családi tüzfészek",https://www.imdb.com/title/tt0077383/,Película,7.2,108,1979,"Drama",1834,1979-01-25,"Béla Tarr",,
376,tt0061643,2013-11-05,2013-11-05,,"Fando y Lis","Fando y Lis",https://www.imdb.com/title/tt0061643/,Película,6.7,93,1968,"Aventura, Drama, Fantasía, Romance",6680,1972-06-08,"Alejandro Jodorowsky",,
377,tt0418832,2013-11-05,2013-11-05,,"Lie with Me: El diario íntimo de Leila","Lie with Me",https://www.imdb.com/title/tt0418832/,Película,5.2,93,2005,"Drama, Romance",18636,2006-03-03,"Clement Virgo",,
378,tt0120801,2013-11-05,2013-11-05,,"RKO 281","RKO 281",https://www.imdb.com/title/tt0120801/,Película de TV,7.0,86,1999,"Biografía, Drama",6771,1999-11-20,"Benjamin Ross",,
379,tt0086153,2013-11-05,2013-11-05,,"Nombre: Carmen","Prénom Carmen",https://www.imdb.com/title/tt0086153/,Película,6.3,85,1983,"Crimen, Drama, Música, Romance",4980,1984-01-11,"Jean-Luc Godard",,
380,tt0420609,2013-11-05,2013-11-05,,"Historia de un crimen","Infamous",https://www.imdb.com/title/tt0420609/,Película,7.0,110,2006,"Biografía, Crimen, Drama",18980,2007-06-15,"Douglas McGrath",,
381,tt0800099,2013-11-05,2013-11-05,,"The Future Is Unwritten","The Future Is Unwritten",https://www.imdb.com/title/tt0800099/,Película,7.5,124,2007,"Documental, Biografía, Música",4445,2008-04-04,"Julien Temple",,
382,tt1429392,2013-11-05,2013-11-05,,"Small Town Murder Songs","Small Town Murder Songs",https://www.imdb.com/title/tt1429392/,Película,5.9,75,2010,"Crimen, Drama, Suspense",3180,2011-09-22,"Ed Gass-Donnelly",,
383,tt0062138,2013-11-05,2013-11-05,,"A quemarropa","Point Blank",https://www.imdb.com/title/tt0062138/,Película,7.2,92,1967,"Crimen, Drama, Suspense",26989,1967-08-31,"John Boorman",,
384,tt0427470,2013-11-05,2013-11-05,,"The Lookout","The Lookout",https://www.imdb.com/title/tt0427470/,Película,6.9,99,2007,"Crimen, Drama, Suspense",62346,2007-05-11,"Scott Frank",,
385,tt0099810,2013-11-05,2013-11-05,,"La caza del Octubre Rojo","The Hunt for Red October",https://www.imdb.com/title/tt0099810/,Película,7.5,135,1990,"Acción, Aventura, Drama, Suspense",233902,1990-08-15,"John McTiernan",,
386,tt0107302,2013-11-05,2013-11-05,,"Kalifornia","Kalifornia",https://www.imdb.com/title/tt0107302/,Película,6.7,117,1993,"Crimen, Drama, Suspense",63337,1995-05-12,"Dominic Sena",,
387,tt0096446,2013-11-05,2013-11-05,,"Willow","Willow",https://www.imdb.com/title/tt0096446/,Película,7.2,126,1988,"Acción, Aventura, Drama, Fantasía, Romance",139278,1988-12-02,"Ron Howard",,
388,tt0051378,2013-11-05,2013-11-05,,"Ascensor para el cadalso","Ascenseur pour l'échafaud",https://www.imdb.com/title/tt0051378/,Película,7.9,91,1958,"Crimen, Drama, Suspense",32183,1958-02-01,"Louis Malle",,
389,tt0054494,2013-11-05,2013-11-05,,"Zazie en el metro","Zazie dans le métro",https://www.imdb.com/title/tt0054494/,Película,6.9,93,1960,"Comedia, Fantasía",7333,1960-10-31,"Louis Malle",,
390,tt0057058,2013-11-05,2013-11-05,,"El fuego fatuo","Le Feu follet",https://www.imdb.com/title/tt0057058/,Película,7.8,108,1963,"Drama",11770,1963-10-15,"Louis Malle",,
391,tt0059956,2013-11-05,2013-11-05,,"¡Viva María!","Viva Maria!",https://www.imdb.com/title/tt0059956/,Película,6.3,120,1965,"Aventura, Comedia, Romance, Del oeste",4455,1965-11-22,"Louis Malle",,
392,tt0082783,2013-11-05,2013-11-05,,"Mi cena con André","My Dinner with Andre",https://www.imdb.com/title/tt0082783/,Película,7.6,110,1981,"Comedia, Drama",31153,1981-10-11,"Louis Malle",,
393,tt0411475,2013-11-05,2013-11-05,,"Hell Ride","Hell Ride",https://www.imdb.com/title/tt0411475/,Película,5.0,84,2008,"Acción, Drama, Suspense",16934,2009-01-17,"Larry Bishop",,
394,tt0200257,2013-11-05,2013-11-05,,"Palabra y utopía","Palavra e Utopia",https://www.imdb.com/title/tt0200257/,Película,6.5,130,2000,"Biografía, Drama, Historia",446,2003-03-21,"Manoel de Oliveira",,
395,tt0120712,2013-11-05,2013-11-05,,"Inquietud","Inquietude",https://www.imdb.com/title/tt0120712/,Película,6.9,110,1998,"Drama",430,1998-09-11,"Manoel de Oliveira",,
396,tt0091670,2013-11-05,2013-11-05,,"Sacrificio","Offret",https://www.imdb.com/title/tt0091670/,Película,7.8,149,1986,"Drama",35524,1986-10-31,"Andrei Tarkovsky",,
397,tt0086022,2013-11-05,2013-11-05,,"Nostalgia","Nostalghia",https://www.imdb.com/title/tt0086022/,Película,7.9,125,1983,"Drama",33609,1983-06-02,"Andrei Tarkovsky",,
398,tt0060107,2013-11-05,2013-11-05,,"Andrei Rublev","Andrey Rublyov",https://www.imdb.com/title/tt0060107/,Película,8.0,205,1966,"Biografía, Drama, Historia",61141,1978-06-07,"Andrei Tarkovsky",,
399,tt0056111,2013-11-05,2013-11-05,,"La infancia de Iván","Ivanovo detstvo",https://www.imdb.com/title/tt0056111/,Película,8.0,95,1962,"Drama, Bélico",44009,1983-05-24,"Andrei Tarkovsky, Eduard Abalov",,
400,tt0327597,2013-11-05,2013-11-05,,"Los mundos de Coraline","Coraline",https://www.imdb.com/title/tt0327597/,Película,7.8,100,2009,"Animación, Drama, Familiar, Fantasía",305332,2009-06-05,"Henry Selick",,
401,tt0119008,2013-11-05,2013-11-05,,"Donnie Brasco","Donnie Brasco",https://www.imdb.com/title/tt0119008/,Película,7.7,127,1997,"Biografía, Crimen, Drama",360339,1997-03-19,"Mike Newell",,
402,tt0082782,2013-11-05,2013-11-05,,"San Valentín sangriento","My Bloody Valentine",https://www.imdb.com/title/tt0082782/,Película,6.3,90,1981,"Terror, Misterio, Suspense",28379,1981-02-13,"George Mihalka",,
403,tt0848552,2013-11-05,2013-11-05,,"Mis apetitosos vecinos","The Mad",https://www.imdb.com/title/tt0848552/,Película,4.7,83,2007,"Acción, Comedia, Terror, Ciencia ficción, Suspense",2004,2007,"Johnny Kalangis",,
404,tt0093267,2013-11-05,2013-11-05,,"Entrevista","Intervista",https://www.imdb.com/title/tt0093267/,Película,7.0,107,1987,"Comedia, Drama, Fantasía",3630,1990-09-28,"Federico Fellini",,
405,tt0094002,2013-11-05,2013-11-05,,"Soigne ta droite","Soigne ta droite",https://www.imdb.com/title/tt0094002/,Película,6.0,82,1987,"Comedia, Drama, Fantasía",849,1987-12-30,"Jean-Luc Godard",,
406,tt0116334,2013-11-05,2013-11-05,,"For Ever Mozart","For Ever Mozart",https://www.imdb.com/title/tt0116334/,Película,6.2,84,1996,"Comedia, Drama, Bélico",1266,1996-11-27,"Jean-Luc Godard",,
407,tt1334553,2013-11-05,2013-11-05,,"El perfecto anfitrión","The Perfect Host",https://www.imdb.com/title/tt1334553/,Película,6.7,93,2010,"Comedia, Crimen, Suspense",31092,2011-08-26,"Nicholas Tomnay",,
408,tt0087050,2013-11-05,2013-11-05,,"Los chicos del maíz","Children of the Corn",https://www.imdb.com/title/tt0087050/,Película,5.6,92,1984,"Terror, Suspense",63412,1984-03-09,"Fritz Kiersch",,
409,tt0106557,2013-11-05,2013-11-05,,"Los chicos del maíz 2: El sacrificio final","Children of the Corn II: The Final Sacrifice",https://www.imdb.com/title/tt0106557/,Película,4.4,92,1992,"Terror, Suspense",10550,1993-01-29,"David Price",,
410,tt0109415,2013-11-05,2013-11-05,,"Los chicos del maíz 3: La cosecha urbana","Children of the Corn III: Urban Harvest",https://www.imdb.com/title/tt0109415/,Película,4.4,92,1995,"Terror, Suspense",9295,1995-09-12,"James D.R. Hickox",,
411,tt0177625,2013-11-05,2013-11-05,,"Los chicos del maíz 666: El regreso de Isaac","Children of the Corn 666: Isaac's Return",https://www.imdb.com/title/tt0177625/,Vídeo,3.5,82,1999,"Terror, Misterio, Suspense",5367,1999-10-19,"Kari Skogland",,
412,tt0079417,2013-11-05,2013-11-05,,"Kramer contra Kramer","Kramer vs. Kramer",https://www.imdb.com/title/tt0079417/,Película,7.8,105,1979,"Drama",167935,1980-03-01,"Robert Benton",,
413,tt0452624,2013-11-05,2013-11-05,,"El buen alemán","The Good German",https://www.imdb.com/title/tt0452624/,Película,6.0,105,2006,"Drama, Misterio, Romance, Suspense, Bélico",27084,2007-03-02,"Steven Soderbergh",,
414,tt0089755,2013-11-05,2013-11-05,,"Memorias de África","Out of Africa",https://www.imdb.com/title/tt0089755/,Película,7.2,161,1985,"Biografía, Drama, Romance",94088,1985-12-20,"Sydney Pollack",,
415,tt0106387,2013-11-05,2013-11-05,,"Benny & Joon (El amor de los inocentes)","Benny & Joon",https://www.imdb.com/title/tt0106387/,Película,7.1,98,1993,"Comedia, Drama, Romance",65782,1993-11-26,"Jeremiah S. Chechik",,
416,tt1638277,2013-11-05,2013-11-05,,"Mars et Avril","Mars et Avril",https://www.imdb.com/title/tt1638277/,Película,5.8,90,2012,"Drama, Fantasía, Ciencia ficción",908,2014-01-25,"Martin Villeneuve",,
417,tt0103873,2013-11-05,2013-11-05,,"Braindead: tu madre se ha comido a mi perro","Braindead",https://www.imdb.com/title/tt0103873/,Película,7.4,104,1992,"Comedia, Fantasía, Terror, Suspense",110620,1994-06-30,"Peter Jackson",,
418,tt0099871,2013-11-05,2013-11-05,,"La escalera de Jacob","Jacob's Ladder",https://www.imdb.com/title/tt0099871/,Película,7.4,113,1990,"Drama, Terror, Misterio",130771,1990-12-14,"Adrian Lyne",,
419,tt0083929,2013-11-05,2013-11-05,,"Aquel excitante curso","Fast Times at Ridgemont High",https://www.imdb.com/title/tt0083929/,Película,7.1,90,1982,"Comedia, Drama",126201,1982-11-29,"Amy Heckerling",,
420,tt0088128,2013-11-05,2013-11-05,,"16 velas","Sixteen Candles",https://www.imdb.com/title/tt0088128/,Película,7.0,93,1984,"Comedia, Romance",136391,1987-06-05,"John Hughes",,
421,tt0065446,2013-11-05,2013-11-05,,"La balada de Cable Hogue","The Ballad of Cable Hogue",https://www.imdb.com/title/tt0065446/,Película,7.2,121,1970,"Comedia, Drama, Romance, Del oeste",11473,1970-03-18,"Sam Peckinpah",,
422,tt0304678,2013-11-05,2013-11-05,,"Sex Is Comedy","Sex Is Comedy",https://www.imdb.com/title/tt0304678/,Película,5.7,92,2002,"Comedia, Drama, Romance",3288,2002-06-05,"Catherine Breillat",,
423,tt0450843,2013-11-05,2013-11-05,,"Sheitan","Sheitan",https://www.imdb.com/title/tt0450843/,Película,5.6,95,2006,"Comedia, Terror, Suspense",9993,2006-02-01,"Kim Chapiron",,
424,tt0443231,2013-11-05,2013-11-05,,"Loft","Rofuto",https://www.imdb.com/title/tt0443231/,Película,5.5,115,2005,"Terror",1393,2006-09-09,"Kiyoshi Kurosawa",,
425,tt0259388,2013-11-05,2013-11-05,,"Séance","Kôrei",https://www.imdb.com/title/tt0259388/,Película de TV,6.7,118,2000,"Crimen, Drama, Fantasía, Terror, Suspense",2387,2001-05-12,"Kiyoshi Kurosawa",,
426,tt1922551,2013-11-05,2013-11-05,,"Arirang","Arirang",https://www.imdb.com/title/tt1922551/,Película,6.8,100,2011,"Documental, Drama",1409,2012-01-26,"Kim Ki-duk",,
427,tt0059646,2013-11-05,2013-11-05,,"Repulsión","Repulsion",https://www.imdb.com/title/tt0059646/,Película,7.5,105,1965,"Drama, Terror, Suspense",61765,1965-07-07,"Roman Polanski",,
428,tt0867334,2013-11-05,2013-11-05,,"Jolene","Jolene",https://www.imdb.com/title/tt0867334/,Película,6.4,121,2008,"Drama",5551,2008-06-13,"Dan Ireland",,
429,tt1535970,2013-11-05,2013-11-05,,"The Ledge","The Ledge",https://www.imdb.com/title/tt1535970/,Película,6.5,101,2011,"Drama, Romance, Suspense",21236,2023-12-22,"Matthew Chapman",,
430,tt1439572,2013-11-05,2013-11-05,,"Perfect sense","Perfect Sense",https://www.imdb.com/title/tt1439572/,Película,7.0,92,2011,"Drama, Romance, Ciencia ficción",67681,2011-10-07,"David Mackenzie",,
431,tt1846472,2013-11-05,2013-11-05,,"Después de mayo","Après mai",https://www.imdb.com/title/tt1846472/,Película,6.4,122,2012,"Drama",4881,2013-06-21,"Olivier Assayas",,
432,tt0106677,2013-11-05,2013-11-05,,"Movida del 76","Dazed and Confused",https://www.imdb.com/title/tt0106677/,Película,7.6,103,1993,"Comedia",218714,1993-09-24,"Richard Linklater",,
433,tt2012011,2013-11-05,2013-11-05,,"Scenic Route","Scenic Route",https://www.imdb.com/title/tt2012011/,Película,6.4,82,2013,"Drama, Terror, Suspense",11992,2013-08-23,"Kevin Goetz, Michael Goetz",,
434,tt1555093,2013-11-05,2013-11-05,,"Atrapada en el infierno","The Seasoning House",https://www.imdb.com/title/tt1555093/,Película,6.1,90,2012,"Drama, Terror, Suspense",12755,2024-01,"Paul Hyett",,
435,tt2375605,2013-11-05,2013-11-05,,"The Act of Killing","The Act of Killing",https://www.imdb.com/title/tt2375605/,Película,8.2,117,2012,"Documental, Biografía, Crimen, Historia, Bélico",44734,2013-08-30,"Joshua Oppenheimer, Anonymous, Christine Cynn",,
436,tt0203119,2013-11-05,2013-11-05,,"Sexy Beast","Sexy Beast",https://www.imdb.com/title/tt0203119/,Película,7.3,89,2000,"Crimen, Drama, Suspense",76818,2002-03-08,"Jonathan Glazer",,
437,tt1270702,2013-11-05,2013-11-05,,"Un lac","Un lac",https://www.imdb.com/title/tt1270702/,Película,6.5,90,2008,"Drama",877,2009-03-18,"Philippe Grandrieux",,
438,tt0310313,2013-11-05,2013-11-05,,"Una nueva vida","La Vie nouvelle",https://www.imdb.com/title/tt0310313/,Película,6.3,102,2002,"Drama, Terror",1262,2002-11-27,"Philippe Grandrieux",,
439,tt2356418,2013-11-05,2013-11-05,,"White Epilepsy","White Epilepsy",https://www.imdb.com/title/tt2356418/,Película,6.2,68,2012,"Documental",147,2012-07-07,"Philippe Grandrieux",,
440,tt2007401,2013-11-05,2013-11-05,,"Il se peut que la beauté ait renforcé notre résolution - Masao Adachi","Il se peut que la beauté ait renforcé notre résolution - Masao Adachi",https://www.imdb.com/title/tt2007401/,Película,7.3,73,2011,"Documental",152,2011-07-08,"Philippe Grandrieux",,
441,tt1640115,2013-11-05,2013-11-05,,"Cafés","Cafés",https://www.imdb.com/title/tt1640115/,Película de TV,,,1992,"Documental",0,1992-03-30,"Philippe Grandrieux",,
442,tt1866925,2013-11-05,2013-11-05,,"Berlin","Berlin",https://www.imdb.com/title/tt1866925/,Película de TV,,210,1987,"Documental",0,1987-12-27,"Philippe Grandrieux",,
443,tt1650048,2013-11-05,2013-11-05,,"Laurence Anyways","Laurence Anyways",https://www.imdb.com/title/tt1650048/,Película,7.6,168,2012,"Drama, Romance",23348,2012-07-18,"Xavier Dolan",,
444,tt0479528,2013-11-05,2013-11-05,,"El territorio de la bestia","Rogue",https://www.imdb.com/title/tt0479528/,Película,6.2,99,2007,"Acción, Drama, Terror, Suspense",36594,2008-04-04,"Greg McLean",,
445,tt0470000,2013-11-05,2013-11-05,,"Zombies","Wicked Little Things",https://www.imdb.com/title/tt0470000/,Película,5.0,94,2006,"Drama, Fantasía, Terror",9137,2007-03-21,"J.S. Cardone",,
446,tt1127180,2013-11-05,2013-11-05,,"Arrástrame al infierno","Drag Me to Hell",https://www.imdb.com/title/tt1127180/,Película,6.6,99,2009,"Terror",232946,2009-07-31,"Sam Raimi",,
447,tt0099253,2013-11-05,2013-11-05,,"Muñeco diabólico 2","Child's Play 2",https://www.imdb.com/title/tt0099253/,Película,6.0,84,1990,"Terror, Suspense",65336,1990-11-09,"John Lafia",,
448,tt0103956,2013-11-05,2013-11-05,,"Muñeco diabólico 3","Child's Play 3",https://www.imdb.com/title/tt0103956/,Película,5.2,90,1991,"Terror, Suspense",52092,1991-08-30,"Jack Bender",,
449,tt0366627,2013-11-05,2013-11-05,,"The jacket","The Jacket",https://www.imdb.com/title/tt0366627/,Película,7.1,103,2005,"Drama, Fantasía, Misterio, Ciencia ficción, Suspense",125496,2006-01-05,"John Maybury",,
450,tt0094761,2013-11-05,2013-11-05,,"El terror no tiene forma","The Blob",https://www.imdb.com/title/tt0094761/,Película,6.7,95,1988,"Terror, Ciencia ficción, Suspense",49837,1989-01-25,"Chuck Russell",,
451,tt0409904,2013-11-05,2013-11-05,,"Guardianes del día","Dnevnoy dozor",https://www.imdb.com/title/tt0409904/,Película,6.4,132,2006,"Acción, Fantasía, Terror, Suspense",36545,2007-09-21,"Timur Bekmambetov",,
452,tt0403358,2013-11-05,2013-11-05,,"Guardianes de la noche","Nochnoy dozor",https://www.imdb.com/title/tt0403358/,Película,6.4,114,2004,"Acción, Fantasía, Terror, Suspense",57327,2005-09-02,"Timur Bekmambetov",,
453,tt0120004,2013-11-05,2013-11-05,,"The Relic","The Relic",https://www.imdb.com/title/tt0120004/,Película,5.8,110,1997,"Terror, Misterio, Ciencia ficción, Suspense",32862,1997-05-02,"Peter Hyams",,
454,tt0089037,2013-11-05,2013-11-05,,"Alto precio","Don't Mess with My Sister!",https://www.imdb.com/title/tt0089037/,Película,3.9,94,1987,"Acción, Drama",299,1987-12,"Meir Zarchi",,
455,tt0475937,2013-11-05,2013-11-05,,"Los abandonados","The Abandoned",https://www.imdb.com/title/tt0475937/,Película,5.5,99,2006,"Terror, Misterio, Suspense",13793,2007-04-27,"Nacho Cerdá",,
456,tt0052077,2013-11-05,2013-11-05,,"Vampiros del espacio","Plan 9 from Outer Space",https://www.imdb.com/title/tt0052077/,Película,3.9,79,1958,"Terror, Ciencia ficción",42695,1959-07-22,"Edward D. Wood Jr.",,
457,tt0119675,2013-11-05,2013-11-05,,"Mimic","Mimic",https://www.imdb.com/title/tt0119675/,Película,6.0,105,1997,"Terror, Ciencia ficción",60633,1997-10-09,"Guillermo del Toro",,
458,tt2473510,2013-11-05,2013-11-05,,"Paranormal Activity: Dimensión fantasma","Paranormal Activity: The Ghost Dimension",https://www.imdb.com/title/tt2473510/,Película,4.6,88,2015,"Terror, Misterio",33828,2015-10-23,"Gregory Plotkin",,
459,tt1434435,2013-11-05,2013-11-05,,"Mother's Day","Mother's Day",https://www.imdb.com/title/tt1434435/,Película,6.2,112,2010,"Drama, Terror, Suspense",19599,2011-05-05,"Darren Lynn Bousman",,
460,tt0105121,2013-11-05,2013-11-05,,"El sótano del miedo","The People Under the Stairs",https://www.imdb.com/title/tt0105121/,Película,6.4,102,1991,"Comedia, Terror, Misterio, Suspense",44149,1992-10-23,"Wes Craven",,
461,tt0073018,2013-11-05,2013-11-05,,"French Connection II","French Connection II",https://www.imdb.com/title/tt0073018/,Película,6.7,119,1975,"Acción, Crimen, Drama, Suspense",23371,1975-08-18,"John Frankenheimer",,
462,tt0067900,2013-11-05,2013-11-05,,"Crónica negra","Un flic",https://www.imdb.com/title/tt0067900/,Película,7.0,98,1972,"Crimen, Suspense",12415,1972-10-25,"Jean-Pierre Melville",,
463,tt0173798,2013-11-05,2013-11-05,,"Emmanuelle in Space: Concealed Fantasy","Emmanuelle in Space: Concealed Fantasy",https://www.imdb.com/title/tt0173798/,Episodio de TV,4.6,94,1994,"Drama, Romance, Ciencia ficción",704,1994-09-27,"Kevin Alber",,
464,tt0077497,2013-11-05,2013-11-05,,"Adiós, Emmanuelle","Goodbye Emmanuelle",https://www.imdb.com/title/tt0077497/,Película,4.0,98,1977,"Drama, Romance",2417,1978-04-14,"François Leterrier",,
465,tt0173799,2013-11-05,2013-11-05,,"Emmanuelle in Space: A Time to Dream","Emmanuelle in Space: A Time to Dream",https://www.imdb.com/title/tt0173799/,Episodio de TV,4.2,93,1994,"Drama, Romance, Ciencia ficción",479,1994-10-09,"David Cove",,
466,tt0173801,2013-11-05,2013-11-05,,"Emmanuelle in Space: The Meaning of Love","Emmanuelle in Space: The Meaning of Love",https://www.imdb.com/title/tt0173801/,Episodio de TV,4.1,93,1994,"Drama, Romance, Ciencia ficción",461,1994-12-12,"Brody Hooper",,
467,tt0173797,2013-11-05,2013-11-05,,"Emmanuelle in Space: A Lesson in Love","Emmanuelle in Space: A Lesson in Love",https://www.imdb.com/title/tt0173797/,Episodio de TV,4.4,88,1994,"Drama, Romance, Ciencia ficción",574,1994-08-02,"David Cove",,
468,tt0173800,2013-11-05,2013-11-05,,"Emmanuelle in Space: One Final Fling","Emmanuelle in Space: One Final Fling",https://www.imdb.com/title/tt0173800/,Episodio de TV,4.3,87,1994,"Drama, Romance, Ciencia ficción",463,1994-11-08,"Jean-Jacques Lamore",,
469,tt0173796,2013-11-05,2013-11-05,,"Emmanuelle: A World of Desire","Emmanuelle: A World of Desire",https://www.imdb.com/title/tt0173796/,Película de TV,4.9,69,1994,"Drama, Ciencia ficción",773,1994-07-06,"Lev L. Spiro",,
470,tt0074114,2013-11-05,2013-11-05,,"Alicia o la última fuga","Alice ou la dernière fugue",https://www.imdb.com/title/tt0074114/,Película,6.5,93,1977,"Drama, Fantasía, Misterio, Suspense",1537,1977-01-19,"Claude Chabrol",,
471,tt0086143,2013-11-05,2013-11-05,,"Escuela privada... para chicas","Private School",https://www.imdb.com/title/tt0086143/,Película,5.3,89,1983,"Comedia, Romance",8077,1983-07-29,"Noel Black",,
472,tt0085486,2013-11-05,2013-11-05,,"Emmanuelle 4","Emmanuelle IV",https://www.imdb.com/title/tt0085486/,Película,3.5,92,1984,"Drama, Romance",2029,1984-08-31,"Francis Leroi, Iris Letans",,
473,tt0072353,2013-11-05,2013-11-05,,"Los rompepelotas","Les valseuses",https://www.imdb.com/title/tt0072353/,Película,7.1,118,1974,"Acción, Comedia, Crimen, Drama",10864,1974-03-20,"Bertrand Blier",,
474,tt0307213,2013-11-05,2013-11-05,,"Bad Guy","Nappeun namja",https://www.imdb.com/title/tt0307213/,Película,6.6,103,2001,"Drama, Romance",11270,2002-01-11,"Kim Ki-duk",,
475,tt2059255,2013-11-05,2013-11-05,,"No","No",https://www.imdb.com/title/tt2059255/,Película,7.4,118,2012,"Drama, Historia",27290,2013-02-08,"Pablo Larraín",,
476,tt0964185,2013-11-05,2013-11-05,,"Tetro","Tetro",https://www.imdb.com/title/tt0964185/,Película,6.8,127,2009,"Drama",14325,2009-06-26,"Francis Ford Coppola",,
477,tt0284815,2013-11-05,2013-11-05,,"Domicilio desconocido","Suchwiin bulmyeong",https://www.imdb.com/title/tt0284815/,Película,7.2,117,2001,"Drama, Bélico",4144,2001-06-02,"Kim Ki-duk",,
478,tt0096257,2013-11-05,2013-11-05,,"The Thin Blue Line","The Thin Blue Line",https://www.imdb.com/title/tt0096257/,Película,7.9,101,1988,"Documental, Crimen",26378,1988-08-25,"Errol Morris",,
479,tt0321781,2013-11-05,2013-11-05,,"Cremaster 3","Cremaster 3",https://www.imdb.com/title/tt0321781/,Película,6.9,182,2002,"Drama, Fantasía",1597,2003-05-25,"Matthew Barney",,
480,tt0118898,2013-11-05,2013-11-05,,"Cremaster 5","Cremaster 5",https://www.imdb.com/title/tt0118898/,Película,6.3,55,1997,"Musical, Drama",819,1997-10-24,"Matthew Barney",,
481,tt0321780,2013-11-05,2013-11-05,,"Cremaster 1","Cremaster 1",https://www.imdb.com/title/tt0321780/,Corto,5.9,40,1996,"Corto, Fantasía, Musical",1264,2005-07-06,"Matthew Barney",,
482,tt0214605,2013-11-05,2013-11-05,,"Cremaster 2","Cremaster 2",https://www.imdb.com/title/tt0214605/,Película,6.4,79,1999,"Drama",1038,2005-07-06,"Matthew Barney",,
483,tt0321782,2013-11-05,2013-11-05,,"Cremaster 4","Cremaster 4",https://www.imdb.com/title/tt0321782/,Corto,5.9,42,1995,"Corto, Fantasía, Terror",899,1995-10-06,"Matthew Barney",,
484,tt0051380,2013-11-05,2013-11-05,,"El ataque de la mujer de 50 pies","Attack of the 50 Foot Woman",https://www.imdb.com/title/tt0051380/,Película,5.1,66,1958,"Drama, Terror, Ciencia ficción",7179,1958-05-18,"Nathan Juran",,
485,tt0062433,2013-11-05,2013-11-05,,"La venganza del sexo","La venganza del sexo",https://www.imdb.com/title/tt0062433/,Película,4.8,87,1969,"Terror, Ciencia ficción",800,1971-03-19,"Emilio Vieyra, Jerald Intrator",,
486,tt0070217,2013-11-05,2013-11-05,,"Iluminación","Iluminacja",https://www.imdb.com/title/tt0070217/,Película,7.1,91,1973,"Drama",2164,1973-11-23,"Krzysztof Zanussi",,
487,tt0255589,2013-11-05,2013-11-05,,"La isla (Seom)","Seom",https://www.imdb.com/title/tt0255589/,Película,6.9,90,2000,"Drama, Suspense",15788,2001-08-17,"Kim Ki-duk",,
488,tt0102592,2013-11-05,2013-11-05,,"Un paso en falso","One False Move",https://www.imdb.com/title/tt0102592/,Película,7.1,105,1991,"Crimen, Drama, Suspense",16941,1993-11-18,"Carl Franklin",,
489,tt0083722,2013-11-05,2013-11-05,,"El beso de la pantera","Cat People",https://www.imdb.com/title/tt0083722/,Película,6.2,118,1982,"Fantasía, Terror, Suspense",26878,1982-04-02,"Paul Schrader",,
490,tt0308514,2013-11-05,2013-11-05,,"Perdidos en la Mancha","Lost in La Mancha",https://www.imdb.com/title/tt0308514/,Película,7.3,93,2002,"Documental",12314,2004-11-19,"Keith Fulton, Louis Pepe",,
491,tt0432260,2013-11-05,2013-11-05,,"Brothers of the Head","Brothers of the Head",https://www.imdb.com/title/tt0432260/,Película,6.3,93,2005,"Drama, Música",1920,2006-10-06,"Keith Fulton, Louis Pepe",,
492,tt0267287,2013-11-05,2013-11-05,,"Avalon","Abaron",https://www.imdb.com/title/tt0267287/,Película,6.4,107,2001,"Acción, Drama, Fantasía, Ciencia ficción, Suspense",14109,2001-01-20,"Mamoru Oshii",,
493,tt0280491,2013-11-05,2013-11-05,,"Domingo sangriento","Bloody Sunday",https://www.imdb.com/title/tt0280491/,Película,7.6,111,2002,"Drama, Historia, Bélico",26862,2003-02-21,"Paul Greengrass",,
494,tt0808279,2013-11-05,2013-11-05,,"Funny Games","Funny Games",https://www.imdb.com/title/tt0808279/,Película,6.5,111,2007,"Crimen, Drama, Suspense",111107,2008-07-04,"Michael Haneke",,
495,tt0070155,2013-11-05,2013-11-05,,"Caiga quien caiga","The Harder They Come",https://www.imdb.com/title/tt0070155/,Película,6.8,103,1972,"Crimen, Drama, Música",7709,1976-04-14,"Perry Henzell",,
496,tt0103251,2013-11-05,2013-11-05,,"Pasión sin barreras","White Palace",https://www.imdb.com/title/tt0103251/,Película,6.5,103,1990,"Drama, Romance",9976,1991-04-26,"Luis Mandoki",,
497,tt0089893,2013-11-05,2013-11-05,,"El guerrero rojo","Red Sonja",https://www.imdb.com/title/tt0089893/,Película,5.1,89,1985,"Acción, Aventura, Fantasía",48698,1986-01-30,"Richard Fleischer",,
498,tt0088944,2013-11-05,2013-11-05,,"Commando","Commando",https://www.imdb.com/title/tt0088944/,Película,6.7,90,1985,"Acción, Aventura, Suspense",189542,1985-12-19,"Mark L. Lester",,
499,tt0861689,2013-11-05,2013-11-05,,"A ciegas (Blindness)","Blindness",https://www.imdb.com/title/tt0861689/,Película,6.5,121,2008,"Drama, Misterio, Suspense",77470,2009-03-13,"Fernando Meirelles",,
500,tt0084874,2013-11-05,2013-11-05,,"Volver a empezar","Volver a empezar",https://www.imdb.com/title/tt0084874/,Película,6.9,87,1982,"Drama",1815,1982-03-29,"José Luis Garci",,
501,tt1075113,2013-11-05,2013-11-05,,"Don't Look Back","Ne te retourne pas",https://www.imdb.com/title/tt1075113/,Película,5.8,111,2009,"Drama, Terror, Misterio, Suspense",7977,2009-06-03,"Marina de Van",,
502,tt1289406,2013-11-05,2013-11-05,,"Harry Brown","Harry Brown",https://www.imdb.com/title/tt1289406/,Película,7.2,103,2009,"Acción, Crimen, Drama, Suspense",95237,2009-11-11,"Daniel Barber",,
503,tt0054371,2013-11-05,2013-11-05,,"Los crímenes del doctor Mabuse","Die 1000 Augen des Dr. Mabuse",https://www.imdb.com/title/tt0054371/,Película,6.9,103,1960,"Crimen, Misterio, Suspense",4337,1960-12-09,"Fritz Lang",,
504,tt0985118,2013-11-05,2013-11-05,,"Yo soy sola","Yo soy sola",https://www.imdb.com/title/tt0985118/,Película,5.4,97,2008,"Comedia, Drama",109,2008-05-15,"Tatiana Mereñuk",,
505,tt0054130,2013-11-05,2013-11-05,,"La noche","La notte",https://www.imdb.com/title/tt0054130/,Película,7.9,122,1961,"Drama",26897,1961-01-25,"Michelangelo Antonioni",,
506,tt0452039,2013-11-05,2013-11-05,,"Mind Game","Maindo gêmu",https://www.imdb.com/title/tt0452039/,Película,7.7,103,2004,"Animación, Aventura, Comedia, Drama, Misterio, Romance",12290,2021-10-28,"Masaaki Yuasa, Kōji Morimoto",,
507,tt0325145,2013-11-05,2013-11-05,,"La caja 507","La caja 507",https://www.imdb.com/title/tt0325145/,Película,6.8,104,2002,"Acción, Crimen, Drama, Suspense",3030,2004-01-02,"Enrique Urbizu",,
508,tt2183302,2013-11-05,2013-11-05,,"Studio Sex","Studio Sex",https://www.imdb.com/title/tt2183302/,Vídeo,5.8,89,2012,"Crimen, Drama, Suspense",1836,2012-07-18,"Agneta Fagerström-Olsson",,
509,tt0055257,2013-11-05,2013-11-05,,"El rostro impenetrable","One-Eyed Jacks",https://www.imdb.com/title/tt0055257/,Película,7.1,141,1961,"Drama, Del oeste",15372,1961-03-30,"Marlon Brando",,
510,tt0067334,2013-11-05,2013-11-05,,"Las 24 horas de Le Mans","Le Mans",https://www.imdb.com/title/tt0067334/,Película,6.7,106,1971,"Acción, Aventura, Drama, Deporte",13470,1972-01-17,"Lee H. Katzin, John Sturges",,
511,tt0283283,2013-11-05,2013-11-05,,"Millennium Mambo","Qian xi man bo",https://www.imdb.com/title/tt0283283/,Película,6.9,119,2001,"Drama, Romance",8761,2002-07-12,"Hsiao-Hsien Hou",,
512,tt0216799,2013-11-05,2013-11-05,,"Las flores de Harrison","Harrison's Flowers",https://www.imdb.com/title/tt0216799/,Película,7.0,130,2000,"Drama, Romance, Bélico",7131,2001-04-20,"Élie Chouraqui",,
513,tt0068309,2013-11-05,2013-11-05,,"El tren de Bertha","Boxcar Bertha",https://www.imdb.com/title/tt0068309/,Película,6.0,89,1972,"Crimen, Drama, Romance",12774,1972-06-14,"Martin Scorsese",,
514,tt0066122,2013-11-05,2013-11-05,,"Deep End","Deep End",https://www.imdb.com/title/tt0066122/,Película,7.1,88,1970,"Comedia, Drama, Romance",8840,1971-03-18,"Jerzy Skolimowski",,
515,tt0417658,2013-11-05,2013-11-05,,"Factótum","Factotum",https://www.imdb.com/title/tt0417658/,Película,6.6,94,2005,"Comedia, Drama, Romance",15722,2006-05-26,"Bent Hamer",,
516,tt0102494,2013-11-05,2013-11-05,,"Mi Idaho privado","My Own Private Idaho",https://www.imdb.com/title/tt0102494/,Película,6.9,104,1991,"Drama",67890,1992-07-10,"Gus Van Sant",,
517,tt0064975,2013-11-05,2013-11-05,,"Shinjû: Ten no Amijima","Shinjû: Ten no Amijima",https://www.imdb.com/title/tt0064975/,Película,7.6,142,1969,"Drama, Romance",2879,1969-05-24,"Masahiro Shinoda",,
518,tt1157705,2013-11-05,2013-11-05,,"Roman Polanski: Se busca","Roman Polanski: Wanted and Desired",https://www.imdb.com/title/tt1157705/,Película,7.2,99,2008,"Documental, Crimen",5368,2009-02-13,"Marina Zenovich",,
519,tt0815457,2013-11-05,2013-11-05,,"Ladrones","Ladrones",https://www.imdb.com/title/tt0815457/,Película,6.0,101,2007,"Drama, Romance",843,2007-06-22,"Jaime Marques",,
520,tt0376177,2013-11-05,2013-11-05,,"Seres queridos","Seres queridos",https://www.imdb.com/title/tt0376177/,Película,6.8,93,2004,"Comedia, Romance",1843,2004-07-09,"Teresa De Pelegrí, Dominic Harari",,
521,tt0949863,2013-11-05,2013-11-05,,"Autohystoria","Autohystoria",https://www.imdb.com/title/tt0949863/,Película,6.2,95,2007,"Drama",66,2007-01-27,"Raya Martin",,
522,tt0046031,2013-11-05,2013-11-05,,"Se interpone un hombre","The Man Between",https://www.imdb.com/title/tt0046031/,Película,7.0,100,1953,"Crimen, Drama, Romance, Suspense",2942,1953-11-02,"Carol Reed",,
523,tt0017128,2013-11-05,2013-11-05,,"La madre","Mat",https://www.imdb.com/title/tt0017128/,Película,7.4,89,1926,"Drama",3345,1926-10-11,"Vsevolod Pudovkin",,
524,tt0116477,2013-11-05,2013-11-05,,"Hamlet de Kenneth Branagh","Hamlet",https://www.imdb.com/title/tt0116477/,Película,7.7,242,1996,"Drama",42183,1996-12-25,"Kenneth Branagh",,
525,tt1186369,2013-11-05,2013-11-05,,"El silencio de Lorna","Le Silence de Lorna",https://www.imdb.com/title/tt1186369/,Película,7.1,105,2008,"Drama",9462,2010-07-30,"Jean-Pierre Dardenne, Luc Dardenne",,
526,tt0086510,2013-11-05,2013-11-05,,"Bajo el fuego","Under Fire",https://www.imdb.com/title/tt0086510/,Película,7.0,128,1983,"Drama, Bélico",9880,1983-10-21,"Roger Spottiswoode",,
527,tt0040737,2013-11-05,2013-11-05,,"Arroz amargo","Riso amaro",https://www.imdb.com/title/tt0040737/,Película,7.6,108,1949,"Crimen, Drama",5704,1949-10-07,"Giuseppe De Santis",,
528,tt1125849,2013-11-05,2013-11-05,,"El luchador","The Wrestler",https://www.imdb.com/title/tt1125849/,Película,7.9,109,2008,"Drama, Deporte",332576,2009-02-20,"Darren Aronofsky",,
529,tt0264323,2013-11-05,2013-11-05,,"2001 maniacos","2001 Maniacs",https://www.imdb.com/title/tt0264323/,Película,5.3,87,2005,"Comedia, Terror",14287,2006-07-13,"Tim Sullivan",,
530,tt0373450,2013-11-05,2013-11-05,,"Where the Truth Lies","Where the Truth Lies",https://www.imdb.com/title/tt0373450/,Película,6.4,107,2005,"Crimen, Misterio, Suspense",19733,2005-10-07,"Atom Egoyan",,
531,tt0283003,2013-11-05,2013-11-05,,"Spun","Spun",https://www.imdb.com/title/tt0283003/,Película,6.7,101,2002,"Comedia, Crimen, Drama",43131,2004-10-08,"Jonas Åkerlund",,
532,tt0797014,2013-11-05,2013-11-05,,"Madrigal","Madrigal",https://www.imdb.com/title/tt0797014/,Película,5.5,112,2007,"Ciencia ficción",188,2007-03-30,"Fernando Pérez",,
533,tt0056194,2013-11-05,2013-11-05,,"La soledad del corredor de fondo","The Loneliness of the Long Distance Runner",https://www.imdb.com/title/tt0056194/,Película,7.5,104,1962,"Drama, Deporte",10082,1962-10-08,"Tony Richardson",,
534,tt0236216,2013-11-05,2013-11-05,,"The Filth and the Fury","The Filth and the Fury",https://www.imdb.com/title/tt0236216/,Película,7.6,108,2000,"Documental, Biografía, Música",6402,2001-09-07,"Julien Temple",,
535,tt1322385,2013-11-05,2013-11-05,,"Submarino","Submarino",https://www.imdb.com/title/tt1322385/,Película,7.5,105,2010,"Drama",12603,2010-09-03,"Thomas Vinterberg",,
536,tt0119381,2013-11-05,2013-11-05,,"El secreto de los Abbott","Inventing the Abbotts",https://www.imdb.com/title/tt0119381/,Película,6.4,110,1997,"Drama, Romance",15422,1997-08-01,"Pat O'Connor",,
537,tt1034427,2013-11-05,2013-11-05,,"Aleksandra","Aleksandra",https://www.imdb.com/title/tt1034427/,Película,6.8,95,2007,"Drama, Bélico",2825,2008-05-30,"Aleksandr Sokurov",,
538,tt0906665,2013-11-05,2013-11-05,,"Sukiyaki Western Django","Sukiyaki uesutan Jango",https://www.imdb.com/title/tt0906665/,Película,6.1,121,2007,"Acción, Del oeste",16375,2007-09-15,"Takashi Miike",,
539,tt0150662,2013-11-05,2013-11-05,,"Fucking Åmål","Fucking Åmål",https://www.imdb.com/title/tt0150662/,Película,7.5,89,1998,"Comedia, Drama, Romance",58287,2001-09-07,"Lukas Moodysson",,
540,tt0204709,2013-11-05,2013-11-05,,"Una relación privada","Une liaison pornographique",https://www.imdb.com/title/tt0204709/,Película,6.9,80,1999,"Drama, Romance",5958,2000-05-22,"Frédéric Fonteyne",,
541,tt0493459,2013-11-05,2013-11-05,,"Los censores de Hollywood","This Film Is Not Yet Rated",https://www.imdb.com/title/tt0493459/,Película,7.4,98,2006,"Documental",28924,2006-09-01,"Kirby Dick",,
542,tt0496806,2013-11-05,2013-11-05,,"Ocean's 13","Ocean's Thirteen",https://www.imdb.com/title/tt0496806/,Película,6.9,122,2007,"Crimen, Suspense",390175,2007-06-08,"Steven Soderbergh",,
543,tt0842929,2013-11-05,2013-11-05,,"Paranoid Park","Paranoid Park",https://www.imdb.com/title/tt0842929/,Película,6.6,85,2007,"Crimen, Drama, Misterio",33155,2009-07-10,"Gus Van Sant",,
544,tt0058390,2013-11-05,2013-11-05,,"Una luz en el hampa","The Naked Kiss",https://www.imdb.com/title/tt0058390/,Película,7.2,90,1964,"Crimen, Drama",9774,1964-07-29,"Samuel Fuller",,
545,tt0056825,2013-11-05,2013-11-05,,"América, América","America America",https://www.imdb.com/title/tt0056825/,Película,7.7,174,1963,"Aventura, Drama",6486,1964-06-17,"Elia Kazan",,
546,tt0104009,2013-11-05,2013-11-05,,"Cool World (Una rubia entre dos mundos)","Cool World",https://www.imdb.com/title/tt0104009/,Película,4.9,102,1992,"Animación, Comedia, Fantasía",27181,1993-03-17,"Ralph Bakshi",,
547,tt1371630,2013-11-05,2013-11-05,,"Air doll (Muñeca de aire)","Kûki ningyô",https://www.imdb.com/title/tt1371630/,Película,6.9,125,2009,"Drama, Fantasía, Romance",9217,2010-06-18,"Hirokazu Koreeda",,
548,tt0109508,2013-11-05,2013-11-05,,"Crumb","Crumb",https://www.imdb.com/title/tt0109508/,Película,8.0,119,1994,"Documental, Biografía, Comedia, Drama",23206,1995-04-28,"Terry Zwigoff",,
549,tt0322807,2013-11-05,2013-11-05,,"Jagoda u supermarketu","Jagoda u supermarketu",https://www.imdb.com/title/tt0322807/,Película,6.4,83,2003,"Acción, Comedia, Aventura, Romance",2407,2003-02-06,"Dusan Milic",,
550,tt0081432,2013-11-05,2013-11-05,,"Los ritos sexuales del diablo","Los ritos sexuales del diablo",https://www.imdb.com/title/tt0081432/,Película,4.8,84,1982,"Drama, Terror, Misterio",1487,1982-04-03,"José Ramón Larraz",,
551,tt0109759,2013-11-05,2013-11-05,,"Exótica","Exotica",https://www.imdb.com/title/tt0109759/,Película,7.0,103,1994,"Drama",22741,1995-02-20,"Atom Egoyan",,
552,tt0109456,2013-11-05,2013-11-05,,"El color de la noche","Color of Night",https://www.imdb.com/title/tt0109456/,Película,5.2,121,1994,"Drama, Misterio, Romance, Suspense",27752,1995-01-20,"Richard Rush",,
553,tt1094594,2013-11-05,2013-11-05,,"Sigur Rós: Heima","Sigur Rós: Heima",https://www.imdb.com/title/tt1094594/,Película,8.4,97,2007,"Documental, Música",8391,2007-10-05,"Dean DeBlois",,
554,tt0360717,2013-11-05,2013-11-05,,"King Kong","King Kong",https://www.imdb.com/title/tt0360717/,Película,7.2,187,2005,"Acción, Aventura, Romance",474156,2005-12-13,"Peter Jackson",,
555,tt1234548,2013-11-05,2013-11-05,,"Los hombres que miraban fijamente a las cabras","The Men Who Stare at Goats",https://www.imdb.com/title/tt1234548/,Película,6.2,94,2009,"Comedia, Bélico",142424,2010-03-05,"Grant Heslov",,
556,tt0050294,2013-11-05,2013-11-05,,"The deadly mantis","The Deadly Mantis",https://www.imdb.com/title/tt0050294/,Película,5.2,79,1957,"Familiar, Terror, Ciencia ficción, Suspense",4573,1957-05-26,"Nathan Juran",,
557,tt0901475,2013-11-05,2013-11-05,,"Aliento (Breath)","Sum",https://www.imdb.com/title/tt0901475/,Película,6.9,84,2007,"Drama",5344,2008-07-04,"Kim Ki-duk",,
558,tt0381392,2013-11-05,2013-11-05,,"Mi madre","Ma mère",https://www.imdb.com/title/tt0381392/,Película,4.9,110,2004,"Drama, Romance",8396,2004-05-19,"Christophe Honoré",,
559,tt1890391,2013-11-05,2013-11-05,,"El muerto y ser feliz","El muerto y ser feliz",https://www.imdb.com/title/tt1890391/,Película,5.4,92,2012,"Comedia, Drama, Misterio",612,2013-01-11,"Javier Rebollo",,
560,tt0294707,2013-11-05,2013-11-05,,"Marujas asesinas","Marujas asesinas",https://www.imdb.com/title/tt0294707/,Película,5.1,105,2001,"Comedia, Crimen, Drama",387,2001-08-24,"Javier Rebollo",,
561,tt3119416,2013-11-05,2013-11-05,,"Jiao you","Jiao you",https://www.imdb.com/title/tt3119416/,Película,6.9,138,2013,"Drama",3348,2014-02-21,"Tsai Ming-liang",,
562,tt0482473,2013-11-05,2013-11-05,,"Los Borgia","Los Borgia",https://www.imdb.com/title/tt0482473/,Película,6.1,120,2006,"Biografía, Historia",1770,2006-10-06,"Antonio Hernández",,
563,tt0104237,2013-11-05,2013-11-05,,"Herida","Damage",https://www.imdb.com/title/tt0104237/,Película,6.7,111,1992,"Drama, Romance",22934,1993-03-26,"Louis Malle",,
564,tt1327798,2013-11-05,2013-11-05,,"La buena vida","La buena vida",https://www.imdb.com/title/tt1327798/,Película,6.7,108,2008,"Drama",622,2009-04-03,"Andrés Wood",,
565,tt1986760,2013-11-05,2013-11-05,,"A puerta fría","A puerta fría",https://www.imdb.com/title/tt1986760/,Película,6.5,76,2012,"Drama",428,2013-03-15,"Xavi Puebla",,
566,tt0291392,2013-11-05,2013-11-05,,"Novo","Novo",https://www.imdb.com/title/tt0291392/,Película,5.6,98,2002,"Drama, Comedia, Romance",2780,2003-02-28,"Jean-Pierre Limosin",,
567,tt0769508,2013-11-05,2013-11-05,,"Dans Paris","Dans Paris",https://www.imdb.com/title/tt0769508/,Película,6.3,89,2006,"Drama, Romance",4415,2006-10-04,"Christophe Honoré",,
568,tt0296591,2013-11-05,2013-11-05,,"17 fois Cécile Cassard","17 fois Cécile Cassard",https://www.imdb.com/title/tt0296591/,Película,5.7,105,2002,"Drama",585,2002-07-10,"Christophe Honoré",,
569,tt0270480,2013-11-05,2013-11-05,,"Juana la Loca","Juana la Loca",https://www.imdb.com/title/tt0270480/,Película,6.5,115,2001,"Biografía, Drama, Historia, Romance",4371,2001-09-28,"Vicente Aranda",,
570,tt1945034,2013-11-05,2013-11-05,,"Una pistola en cada mano","Una pistola en cada mano",https://www.imdb.com/title/tt1945034/,Película,6.5,95,2012,"Comedia, Drama",3505,2012-12-05,"Cesc Gay",,
571,tt0488604,2013-11-05,2013-11-05,,"Los crímenes de Oxford","The Oxford Murders",https://www.imdb.com/title/tt0488604/,Película,6.0,108,2008,"Crimen, Misterio, Suspense",32141,2008-01-18,"Álex de la Iglesia",,
572,tt0314693,2013-11-05,2013-11-05,,"Soldados de Salamina","Soldados de Salamina",https://www.imdb.com/title/tt0314693/,Película,6.7,119,2003,"Drama",1835,2003-03-21,"David Trueba",,
573,tt2290129,2013-11-05,2013-11-05,,"Arrêtez moi","Arrêtez-moi",https://www.imdb.com/title/tt2290129/,Película,5.6,99,2013,"Drama, Misterio, Suspense",611,2013-02-06,"Jean-Paul Lilienfeld",,
574,tt0118623,2013-11-05,2013-11-05,,"Anna Karenina","Anna Karenina",https://www.imdb.com/title/tt0118623/,Película,6.3,108,1997,"Drama, Romance",6472,1997-08-18,"Bernard Rose",,
575,tt0096523,2013-11-05,2013-11-05,,"La estudiante","L'étudiante",https://www.imdb.com/title/tt0096523/,Película,5.8,104,1988,"Comedia, Romance",2691,1988-10-05,"Claude Pinoteau",,
576,tt0071424,2013-11-05,2013-11-05,,"La indecente Mary y Larry el loco","Dirty Mary Crazy Larry",https://www.imdb.com/title/tt0071424/,Película,6.6,93,1974,"Acción, Crimen, Suspense",8659,1975-08-11,"John Hough",,
577,tt0090933,2013-11-05,2013-11-05,,"Descenso a los infiernos","Descente aux enfers",https://www.imdb.com/title/tt0090933/,Película,5.3,88,1986,"Crimen, Drama, Suspense",863,1986-11-05,"Francis Girod",,
578,tt2153963,2013-11-05,2013-11-05,,"Tabú","Tabu",https://www.imdb.com/title/tt2153963/,Película,7.3,118,2012,"Drama, Romance",7997,2013-01-18,"Miguel Gomes",,
579,tt1379177,2013-11-05,2013-11-05,,"La desaparición de Alice Creed","The Disappearance of Alice Creed",https://www.imdb.com/title/tt1379177/,Película,6.7,100,2009,"Crimen, Suspense",28552,2010-04-30,"J Blakeson",,
580,tt0370754,2013-11-05,2013-11-05,,"Voces de una estrella distante","Hoshi no koe",https://www.imdb.com/title/tt0370754/,Corto,7.0,25,2002,"Animación, Corto, Drama, Romance, Ciencia ficción",10245,2002-02-02,"Makoto Shinkai",,
581,tt0944101,2013-11-05,2013-11-05,,"Good Dick","Good Dick",https://www.imdb.com/title/tt0944101/,Película,6.3,86,2008,"Comedia, Drama, Romance",8457,2008-10-03,"Marianna Palka",,
582,tt2201221,2013-11-05,2013-11-05,,"Some Girl(s)","Some Girl(s)",https://www.imdb.com/title/tt2201221/,Película,4.5,90,2013,"Comedia, Drama",4016,2013-06-26,"Daisy von Scherler Mayer",,
583,tt0297884,2013-11-05,2013-11-05,,"Lejos del cielo","Far from Heaven",https://www.imdb.com/title/tt0297884/,Película,7.3,107,2002,"Drama, Romance",51903,2003-03-14,"Todd Haynes",,
584,tt0061407,2013-11-05,2013-11-05,,"La mujer indomable","The Taming of the Shrew",https://www.imdb.com/title/tt0061407/,Película,7.0,122,1967,"Comedia, Drama, Romance",9633,1967-03-08,"Franco Zeffirelli",,
585,tt1174732,2013-11-05,2013-11-05,,"An Education","An Education",https://www.imdb.com/title/tt1174732/,Película,7.2,100,2009,"Drama",141488,2010-02-26,"Lone Scherfig",,
586,tt1179069,2013-11-05,2013-11-05,,"La sombra de los otros","6 Souls",https://www.imdb.com/title/tt1179069/,Película,6.0,112,2010,"Terror, Misterio, Suspense",39382,2012-06-01,"Måns Mårlind, Björn Stein",,
587,tt1440732,2013-11-05,2013-11-05,,"Bel Ami, historia de un seductor","Bel Ami",https://www.imdb.com/title/tt1440732/,Película,5.4,102,2012,"Crimen, Drama, Historia, Romance",19972,2012-10-05,"Declan Donnellan, Nick Ormerod",,
588,tt0093894,2013-11-05,2013-11-05,,"Perseguido","The Running Man",https://www.imdb.com/title/tt0093894/,Película,6.6,101,1987,"Acción, Ciencia ficción, Suspense",193223,1988-04-29,"Paul Michael Glaser",,
589,tt0071762,2013-11-05,2013-11-05,,"El pequeño príncipe","The Little Prince",https://www.imdb.com/title/tt0071762/,Película,6.5,88,1974,"Familiar, Fantasía, Musical, Ciencia ficción",4392,1974-11-07,"Stanley Donen",,
590,tt0339840,2013-11-05,2013-11-05,,"Los no muertos (Undead)","Undead",https://www.imdb.com/title/tt0339840/,Película,5.3,104,2003,"Acción, Comedia, Fantasía, Terror, Ciencia ficción",14004,2003-09-04,"Michael Spierig, Peter Spierig",,
591,tt0430164,2013-11-05,2013-11-05,,"Películas para no dormir: La habitación del niño","Películas para no dormir: La habitación del niño",https://www.imdb.com/title/tt0430164/,Película de TV,6.8,77,2006,"Terror, Misterio, Suspense",5958,2007-01-12,"Álex de la Iglesia",,
592,tt0045810,2013-11-05,2013-11-05,,"Los caballeros las prefieren rubias","Gentlemen Prefer Blondes",https://www.imdb.com/title/tt0045810/,Película,7.1,91,1953,"Comedia, Musical, Romance",47003,1955-04-09,"Howard Hawks",,
593,tt0114086,2013-11-05,2013-11-05,,"Más allá de las nubes","Al di là delle nuvole",https://www.imdb.com/title/tt0114086/,Película,6.4,110,1995,"Drama, Romance",6541,1996-06-21,"Michelangelo Antonioni, Wim Wenders",,
594,tt0116722,2013-11-05,2013-11-05,,"Jude","Jude",https://www.imdb.com/title/tt0116722/,Película,6.9,123,1996,"Drama, Romance",11783,1997-01-16,"Michael Winterbottom",,
595,tt0139362,2013-11-05,2013-11-05,,"High Art","High Art",https://www.imdb.com/title/tt0139362/,Película,6.6,101,1998,"Drama, Romance",11805,1999-04-23,"Lisa Cholodenko",,
596,tt0335119,2013-11-05,2013-11-05,,"La joven de la perla","Girl with a Pearl Earring",https://www.imdb.com/title/tt0335119/,Película,6.9,100,2003,"Biografía, Drama, Romance",84824,2004-02-20,"Peter Webber",,
597,tt0067647,2013-11-05,2013-11-05,,"Los cuentos de Canterbury","I racconti di Canterbury",https://www.imdb.com/title/tt0067647/,Película,6.3,111,1972,"Comedia, Drama, Historia",9192,1972-09-16,"Pier Paolo Pasolini",,
598,tt0047422,2013-11-05,2013-11-05,,"Río sin retorno","River of No Return",https://www.imdb.com/title/tt0047422/,Película,6.6,91,1954,"Acción, Aventura, Drama, Música, Romance, Del oeste",14386,1954-05-21,"Otto Preminger, Jean Negulesco",,
599,tt0164212,2013-11-05,2013-11-05,,"Bajo sospecha","Under Suspicion",https://www.imdb.com/title/tt0164212/,Película,6.4,110,2000,"Crimen, Drama, Suspense",30573,2000-10-06,"Stephen Hopkins",,
600,tt0479143,2013-11-05,2013-11-05,,"Rocky Balboa","Rocky Balboa",https://www.imdb.com/title/tt0479143/,Película,7.1,102,2006,"Drama, Deporte",245622,2007-01-12,"Sylvester Stallone",,
601,tt0084602,2013-11-05,2013-11-05,,"Rocky III","Rocky III",https://www.imdb.com/title/tt0084602/,Película,6.9,99,1982,"Drama, Deporte",232309,1982-11-02,"Sylvester Stallone",,
602,tt0079817,2013-11-05,2013-11-05,,"Rocky II","Rocky II",https://www.imdb.com/title/tt0079817/,Película,7.3,119,1979,"Drama, Deporte",254092,1979-12-06,"Sylvester Stallone",,
603,tt0089927,2013-11-05,2013-11-05,,"Rocky IV","Rocky IV",https://www.imdb.com/title/tt0089927/,Película,6.9,91,1985,"Drama, Deporte",249251,1986-03-07,"Sylvester Stallone",,
604,tt0100507,2013-11-05,2013-11-05,,"Rocky V","Rocky V",https://www.imdb.com/title/tt0100507/,Película,5.4,104,1990,"Drama, Deporte",164005,1990-12-21,"John G. Avildsen",,
605,tt1334260,2013-11-05,2013-11-05,,"Nunca me abandones","Never Let Me Go",https://www.imdb.com/title/tt1334260/,Película,7.1,103,2010,"Drama, Romance",161162,2011-03-18,"Mark Romanek",,
606,tt0097872,2013-11-05,2013-11-05,,"Mis noches son más bellas que tus días","Mes nuits sont plus belles que vos jours",https://www.imdb.com/title/tt0097872/,Película,6.0,110,1989,"Drama, Romance",2545,1989-04-19,"Andrzej Żuławski",,
607,tt1130980,2013-11-05,2013-11-05,,"Three and Out","Three and Out",https://www.imdb.com/title/tt1130980/,Película,6.2,106,2008,"Comedia, Drama",2614,2008-04-25,"Jonathan Gershfield",,
608,tt0107209,2013-11-05,2013-11-05,,"¡Tan lejos, tan cerca!","In weiter Ferne, so nah!",https://www.imdb.com/title/tt0107209/,Película,7.2,146,1993,"Drama, Fantasía, Romance",9886,1994-04-22,"Wim Wenders",,
609,tt1295075,2013-11-05,2013-11-05,,"La vida empieza hoy","La vida empieza hoy",https://www.imdb.com/title/tt1295075/,Película,6.1,90,2010,"Comedia, Drama",161,2010-06-25,"Laura Mañá",,
610,tt1032755,2013-11-05,2013-11-05,,"RocknRolla","RocknRolla",https://www.imdb.com/title/tt1032755/,Película,7.2,114,2008,"Acción, Crimen, Suspense",276760,2009-01-01,"Guy Ritchie",,
611,tt0365686,2013-11-05,2013-11-05,,"Revolver de Guy Ritchie","Revolver",https://www.imdb.com/title/tt0365686/,Película,6.3,111,2005,"Acción, Crimen, Drama, Misterio, Suspense",109746,2009-01-16,"Guy Ritchie",,
612,tt3148890,2013-11-05,2013-11-05,,"El abrazo del vampiro","Embrace of the Vampire",https://www.imdb.com/title/tt3148890/,Vídeo,4.2,91,2013,"Terror",3003,2013-10-15,"Carl Bessai",,
613,tt0297102,2013-11-05,2013-11-05,,"Embrace the Darkness II","Embrace the Darkness II",https://www.imdb.com/title/tt0297102/,Vídeo,3.9,89,2002,"Fantasía, Terror, Suspense",374,2002-01-22,"Robert Kubilos",,
614,tt0346934,2013-11-05,2013-11-05,,"Embrace the Darkness 3","Embrace the Darkness 3",https://www.imdb.com/title/tt0346934/,Vídeo,4.0,102,2002,"Acción, Fantasía, Terror, Suspense",283,2002-09-17,"Robert Kubilos",,
615,tt0303037,2013-11-05,2013-11-05,,"Sexual Magic","Sexual Magic",https://www.imdb.com/title/tt0303037/,Vídeo,4.7,91,2001,"Terror",178,2001-04-30,"Edward Holzman",,
616,tt0223174,2013-11-05,2013-11-05,,"Dungeon of Desire","Dungeon of Desire",https://www.imdb.com/title/tt0223174/,Vídeo,4.1,73,1999,"Drama, Fantasía, Romance",194,1999-10-19,"Rachel Gordon",,
617,tt0208697,2013-11-05,2013-11-05,,"El despertar sexual de Gabriella","The Awakening of Gabriella",https://www.imdb.com/title/tt0208697/,Película,4.7,93,1999,"Drama",574,2002-03-11,"Carlton McRae",,
618,tt0177967,2013-11-05,2013-11-05,,"La llave del paraíso carnal","The Key to Sex",https://www.imdb.com/title/tt0177967/,Película,4.8,86,1999,"Comedia, Drama, Romance",588,1999-11,"John Quinn",,
619,tt0156372,2013-11-05,2013-11-05,,"Bloodthirsty","Bloodthirsty",https://www.imdb.com/title/tt0156372/,Película,3.7,98,1999,"Terror, Suspense",357,1999-04-27,"Jeff Frey",,
620,tt0232098,2013-11-05,2013-11-05,,"BattleQueen 2020","BattleQueen 2020",https://www.imdb.com/title/tt0232098/,Película,3.2,95,2001,"Acción, Ciencia ficción",1098,2001-05-22,"Daniel D'Or",,
621,tt0157102,2013-11-05,2013-11-05,,"Carne fresca","Tender Flesh",https://www.imdb.com/title/tt0157102/,Película,3.8,93,1997,"Comedia, Terror",610,1997-07-28,"Jesús Franco",,
622,tt0242606,2013-11-05,2013-11-05,,"Lip Service","Lip Service",https://www.imdb.com/title/tt0242606/,Vídeo,4.0,80,1999,"Acción, Crimen",144,1999-12-21,"Ted Nicolaou",,
623,tt0293019,2013-11-05,2013-11-05,,"Castle Eros","Castle Eros",https://www.imdb.com/title/tt0293019/,Vídeo,4.9,92,2002,"Fantasía, Romance",222,2002-06-18,"Madison Monroe",,
624,tt0347585,2013-11-05,2013-11-05,,"El beso de la momia","The Mummy's Kiss",https://www.imdb.com/title/tt0347585/,Película de TV,3.5,88,2003,"Fantasía, Terror, Romance",733,2003-08-01,"Donald F. Glut",,
625,tt0338754,2013-11-05,2013-11-05,,"Baberellas","Baberellas",https://www.imdb.com/title/tt0338754/,Película,3.3,80,2003,"Comedia, Ciencia ficción",456,2003-02,"Chuck Cirino",,
626,tt0113119,2013-11-05,2013-11-05,,"Friend of the Family","Friend of the Family",https://www.imdb.com/title/tt0113119/,Película,4.5,103,1995,"Drama",1260,1995-06-01,"Edward Holzman",,
627,tt0384660,2013-11-05,2013-11-05,,"Visions of Passion","Visions of Passion",https://www.imdb.com/title/tt0384660/,Vídeo,4.2,85,2003,"Crimen, Drama, Suspense",192,2003-10-04,"Randall St. George",,
628,tt0288818,2013-11-05,2013-11-05,,"Sinful Temptations","Sinful Temptations",https://www.imdb.com/title/tt0288818/,Vídeo,3.9,85,2001,"Drama, Romance",418,2001-11-13,"Eric Gibson",,
629,tt0438484,2013-11-05,2013-11-05,,"Teenage Cavegirl","Teenage Cavegirl",https://www.imdb.com/title/tt0438484/,Vídeo,4.1,80,2004,"Comedia, Ciencia ficción",439,2004,"Fred Olen Ray",,
630,tt0307180,2013-11-05,2013-11-05,,"The Model Solution","The Model Solution",https://www.imdb.com/title/tt0307180/,Vídeo,4.6,94,2002,"Drama, Romance",472,2002-04-30,"Edward Holzman",,
631,tt0328945,2013-11-05,2013-11-05,,"Cheerleader Massacre","Cheerleader Massacre",https://www.imdb.com/title/tt0328945/,Vídeo,3.2,85,2003,"Terror, Suspense",1567,2003-03-25,"Jim Wynorski",,
632,tt2044729,2013-11-05,2013-11-05,,"A Glimpse Inside the Mind of Charles Swan III","A Glimpse Inside the Mind of Charles Swan III",https://www.imdb.com/title/tt2044729/,Película,4.6,86,2012,"Comedia",6006,2013-03-14,"Roman Coppola",,
633,tt0099797,2013-11-06,2013-11-06,,"Labios ardientes","The Hot Spot",https://www.imdb.com/title/tt0099797/,Película,6.4,130,1990,"Crimen, Drama, Romance, Suspense",15747,1991-09-27,"Dennis Hopper",,
634,tt0279113,2013-11-06,2013-11-06,,"The Good Girl","The Good Girl",https://www.imdb.com/title/tt0279113/,Película,6.4,93,2002,"Drama, Romance",50244,2003-01-31,"Miguel Arteta",,
635,tt2936174,2013-11-06,2013-11-06,,"Visitors","Visitors",https://www.imdb.com/title/tt2936174/,Película,6.3,87,2013,"Documental",1246,2014-04-04,"Godfrey Reggio",,
636,tt0080453,2013-11-07,2013-11-07,,"El lago azul","The Blue Lagoon",https://www.imdb.com/title/tt0080453/,Película,5.8,104,1980,"Aventura, Drama, Romance",84170,1981-03-09,"Randal Kleiser",,
637,tt0022867,2013-11-07,2013-11-07,,"Extasis","Ekstase",https://www.imdb.com/title/tt0022867/,Película,6.6,82,1933,"Drama, Romance",3170,1933-01-20,"Gustav Machatý",,
638,tt1552221,2013-11-07,2013-11-07,,"Ecstasy","Ecstasy",https://www.imdb.com/title/tt1552221/,Película,3.8,96,2011,"Drama, Suspense",814,2011,,,
639,tt1368116,2013-11-08,2013-11-08,,"Merantau","Merantau",https://www.imdb.com/title/tt1368116/,Película,6.7,134,2009,"Acción, Drama, Suspense",12106,2009-11-05,"Gareth Evans",,
640,tt0770753,2013-11-08,2013-11-08,,"Footsteps","Footsteps",https://www.imdb.com/title/tt0770753/,Película,3.9,80,2006,"Drama, Suspense",379,2006-06-08,"Gareth Evans",,
641,tt1724962,2013-11-08,2013-11-08,,"Outrage 2","Autoreiji: Biyondo",https://www.imdb.com/title/tt1724962/,Película,6.7,110,2012,"Acción, Crimen, Drama",7844,2015-04-22,"Takeshi Kitano",,
642,tt0107756,2013-11-10,2013-11-10,,"Orlando","Orlando",https://www.imdb.com/title/tt0107756/,Película,7.1,94,1992,"Biografía, Drama, Fantasía, Romance",21279,1994-01-14,"Sally Potter",,
643,tt1805297,2013-11-10,2013-11-10,,"Las chicas de la 6ª planta","Les femmes du 6e étage",https://www.imdb.com/title/tt1805297/,Película,7.1,102,2010,"Comedia",11015,2012-06-08,"Philippe Le Guay",,
644,tt1462667,2013-11-10,2013-11-10,,"Outrage","Autoreiji",https://www.imdb.com/title/tt1462667/,Película,6.8,109,2010,"Acción, Crimen, Drama, Suspense",15744,2012-10-26,"Takeshi Kitano",,
645,tt0479227,2013-11-13,2013-11-13,,"Faltas leves","Faltas leves",https://www.imdb.com/title/tt0479227/,Película,5.2,,2006,,23,2007-04-20,"Jaume Bayarri, Manuel Valls",,
646,tt2231138,2013-11-13,2013-11-13,,"Una mañana con Velvet","Some Velvet Morning",https://www.imdb.com/title/tt2231138/,Película,5.8,84,2013,"Drama",2258,2013-12-10,"Neil LaBute",,
647,tt0308878,2013-11-13,2013-11-13,,"Por amor al arte","The Shape of Things",https://www.imdb.com/title/tt0308878/,Película,6.6,96,2003,"Comedia, Drama, Romance",12208,2004-06-18,"Neil LaBute",,
648,tt0090903,2013-11-13,2013-11-13,,"La miel del diablo","Il miele del diavolo",https://www.imdb.com/title/tt0090903/,Película,5.3,84,1986,"Misterio, Suspense",2281,1987-07-23,"Lucio Fulci",,
649,tt0148746,2013-11-13,2013-11-13,,"The Sexploiters","The Sexploiters",https://www.imdb.com/title/tt0148746/,Película,5.3,65,1965,"Drama",112,1965-03-21,"Al Ruban",,
650,tt0914799,2013-11-14,2013-11-14,,"Brain Dead","Brain Dead",https://www.imdb.com/title/tt0914799/,Película,5.0,95,2007,"Terror",1458,2007-10-17,"Kevin Tenney",,
651,tt0099173,2013-11-14,2013-11-14,,"En la piel del asesino","Brain Dead",https://www.imdb.com/title/tt0099173/,Película,5.8,85,1990,"Terror, Misterio, Ciencia ficción, Suspense",6534,1990-01-19,"Adam Simon",,
652,tt0114906,2013-11-14,2013-11-14,,"Bienvenido a la casa de muñecas","Welcome to the Dollhouse",https://www.imdb.com/title/tt0114906/,Película,7.3,88,1995,"Comedia, Drama",40893,1998-05-29,"Todd Solondz",,
653,tt2751310,2013-11-14,2013-11-14,,"Sex Ed: El maestro aprendiz","Sex Ed",https://www.imdb.com/title/tt2751310/,Película,5.6,92,2014,"Comedia, Romance",5949,2014-11-07,"Isaac Feder",,
654,tt0303816,2013-11-14,2013-11-14,,"Cabin Fever","Cabin Fever",https://www.imdb.com/title/tt0303816/,Película,5.6,93,2002,"Terror",89587,2003-11-28,"Eli Roth",,
655,tt1426378,2013-11-14,2013-11-14,,"Nadie sabe nada de gatos persas","Kasi az gorbehaye irani khabar nadareh",https://www.imdb.com/title/tt1426378/,Película,7.1,106,2009,"Drama, Música",7700,2010-04-16,"Bahman Ghobadi",,
656,tt1911600,2013-11-14,2013-11-14,,"Miss Bala","Miss Bala",https://www.imdb.com/title/tt1911600/,Película,6.5,113,2011,"Acción, Crimen, Drama, Suspense",9727,2012-05-11,"Gerardo Naranjo",,
657,tt0361668,2013-11-14,2013-11-14,,"Gozu. El camino a la locura","Gokudô kyôfu daigekijô: Gozu",https://www.imdb.com/title/tt0361668/,Película,6.9,130,2003,"Crimen, Drama, Terror, Misterio, Suspense",13462,2003-12-03,"Takashi Miike",,
658,tt1613115,2013-11-14,2013-11-14,,"La mirada negra","La mirada negra",https://www.imdb.com/title/tt1613115/,Película,7.5,95,2010,"Drama, Familiar",30,2010-08-18,"Karlos Alastruey",,
659,tt1344737,2013-11-14,2013-11-14,,"Lodo","Lodo",https://www.imdb.com/title/tt1344737/,Película,7.9,110,2009,"Drama, Fantasía",51,2009-01-10,"Karlos Alastruey",,
660,tt3102458,2013-11-14,2013-11-14,,"Historia de mi muerte","Història de la meva mort",https://www.imdb.com/title/tt3102458/,Película,6.3,148,2013,"Drama",900,2013-10-23,"Albert Serra",,
661,tt0799772,2013-11-14,2013-11-14,,"Honor de cavalleria","Honor de cavalleria",https://www.imdb.com/title/tt0799772/,Película,6.4,104,2006,"Drama",782,2006-05-12,"Albert Serra",,
662,tt1143891,2013-11-14,2013-11-14,,"El cant dels ocells","El cant dels ocells",https://www.imdb.com/title/tt1143891/,Película,6.3,98,2008,"Drama",657,2008-12-19,"Albert Serra",,
663,tt2342317,2013-11-14,2013-11-14,,"Sueño y silencio","Sueño y silencio",https://www.imdb.com/title/tt2342317/,Película,5.9,120,2012,"Drama",241,2012-06-08,"Jaime Rosales",,
664,tt0120075,2013-11-14,2013-11-14,,"El castillo","Das Schloß",https://www.imdb.com/title/tt0120075/,Película de TV,6.5,123,1997,"Drama, Misterio",3862,1998-10,"Michael Haneke",,
665,tt0456526,2013-11-14,2013-11-14,,"Malas temporadas","Malas temporadas",https://www.imdb.com/title/tt0456526/,Película,6.2,115,2005,"Drama",358,2005-11-18,"Manuel Martín Cuenca",,
666,tt0385703,2013-11-14,2013-11-14,,"La flaqueza del bolchevique","La flaqueza del bolchevique",https://www.imdb.com/title/tt0385703/,Película,6.8,95,2003,"Drama",2594,2003-10-31,"Manuel Martín Cuenca",,
667,tt1600417,2013-11-14,2013-11-14,,"La mitad de Óscar","La mitad de Óscar",https://www.imdb.com/title/tt1600417/,Película,5.4,82,2010,"Drama",171,2011-03-18,"Manuel Martín Cuenca",,
668,tt1060244,2013-11-14,2013-11-14,,"La casa de mi padre","La casa de mi padre",https://www.imdb.com/title/tt1060244/,Película,5.6,100,2008,"Drama",106,2009-04-03,"Gorka Merchán",,
669,tt0781533,2013-11-14,2013-11-14,,"Yo soy la Juani","Yo soy la Juani",https://www.imdb.com/title/tt0781533/,Película,5.1,91,2006,"Comedia, Drama",1704,2006-10-20,"Bigas Luna",,
670,tt2332503,2013-11-14,2013-11-14,,"&Me","&Me",https://www.imdb.com/title/tt2332503/,Película,5.2,88,2013,"Romance",308,2013-03-14,"Norbert ter Hall",,
671,tt0060814,2013-11-14,2013-11-14,,"¿Arde París?","Paris brûle-t-il?",https://www.imdb.com/title/tt0060814/,Película,6.8,175,1966,"Drama, Historia, Bélico",5590,1966-12-05,"René Clément",,
672,tt0481797,2013-11-14,2013-11-14,,"El hombre sin edad","Youth Without Youth",https://www.imdb.com/title/tt0481797/,Película,6.1,124,2007,"Drama, Fantasía, Misterio, Romance, Ciencia ficción",14800,2007-10-26,"Francis Ford Coppola",,
673,tt0084445,2013-11-14,2013-11-14,,"Corazonada","One from the Heart",https://www.imdb.com/title/tt0084445/,Película,6.5,107,1981,"Drama, Musical, Romance",9191,1982-02-11,"Francis Ford Coppola",,
674,tt0064873,2013-11-14,2013-11-14,,"Llueve sobre mi corazón","The Rain People",https://www.imdb.com/title/tt0064873/,Película,6.8,101,1969,"Drama",4819,1971-02-22,"Francis Ford Coppola",,
675,tt0053103,2013-11-14,2013-11-14,,"Batalla más allá del sol","Nebo zovyot",https://www.imdb.com/title/tt0053103/,Película,4.3,77,1959,"Aventura, Ciencia ficción",1365,1959-09-12,"Mikhail Karyukov, Aleksandr Kozyr, Francis Ford Coppola",,
676,tt0342913,2013-11-14,2013-11-14,,"La puta y la ballena","La puta y la ballena",https://www.imdb.com/title/tt0342913/,Película,6.4,122,2004,"Drama",1086,2004-05-07,"Luis Puenzo",,
677,tt0061101,2013-11-14,2013-11-14,,"El vagabundo de Tokio","Tôkyô nagaremono",https://www.imdb.com/title/tt0061101/,Película,7.1,89,1966,"Acción, Crimen",10694,1966-04-10,"Seijun Suzuki",,
678,tt0081662,2013-11-14,2013-11-14,,"Tsigoineruwaizen","Tsigoineruwaizen",https://www.imdb.com/title/tt0081662/,Película,6.9,144,1980,"Terror, Misterio",1665,1980-04-01,"Seijun Suzuki",,
679,tt0058409,2013-11-14,2013-11-14,,"La puerta de la carne","Nikutai no mon",https://www.imdb.com/title/tt0058409/,Película,7.2,90,1964,"Drama",3747,1964-05-31,"Seijun Suzuki",,
680,tt0870210,2013-11-14,2013-11-14,,"All Tomorrow's Parties","All Tomorrow's Parties",https://www.imdb.com/title/tt0870210/,Película,7.1,82,2009,"Documental, Música",679,2009-03-14,"Jonathan Caouette",,
681,tt0071502,2013-11-14,2013-11-14,,"Las mil y una noches","Il fiore delle mille e una notte",https://www.imdb.com/title/tt0071502/,Película,6.6,130,1974,"Comedia, Drama, Fantasía, Historia, Romance",10099,1978-09-04,"Pier Paolo Pasolini",,
682,tt0066065,2013-11-14,2013-11-14,,"Medea","Medea",https://www.imdb.com/title/tt0066065/,Película,6.9,118,1969,"Drama, Fantasía",6242,1970-01-28,"Pier Paolo Pasolini",,
683,tt0064019,2013-11-14,2013-11-14,,"Amor y rabia","Amore e rabbia",https://www.imdb.com/title/tt0064019/,Película,5.8,102,1969,"Drama",939,1969-05-29,"Marco Bellocchio, Bernardo Bertolucci, Jean-Luc Godard, Carlo Lizzani, Pier Paolo Pasolini, Elda Tattoli",,
684,tt0061613,2013-11-14,2013-11-14,,"Edipo, el hijo de la fortuna","Edipo Re",https://www.imdb.com/title/tt0061613/,Película,7.2,104,1967,"Drama",7732,1968-08-28,"Pier Paolo Pasolini",,
685,tt0056171,2013-11-14,2013-11-14,,"Ro.Go.Pa.G.","Ro.Go.Pa.G.",https://www.imdb.com/title/tt0056171/,Película,6.8,122,1963,"Comedia, Drama",2490,1963-02-19,"Jean-Luc Godard, Ugo Gregoretti, Pier Paolo Pasolini, Roberto Rossellini",,
686,tt0054599,2013-11-14,2013-11-14,,"Accattone","Accattone",https://www.imdb.com/title/tt0054599/,Película,7.6,117,1961,"Drama",11355,1961-11-22,"Pier Paolo Pasolini",,
687,tt0048452,2013-11-14,2013-11-14,,"Ordet (La palabra)","Ordet",https://www.imdb.com/title/tt0048452/,Película,8.2,126,1955,"Drama",19149,1955-01-10,"Carl Theodor Dreyer",,
688,tt0101316,2013-11-14,2013-11-14,,"El amante","L'amant",https://www.imdb.com/title/tt0101316/,Película,6.8,115,1992,"Biografía, Drama, Romance",25578,1992-03-27,"Jean-Jacques Annaud",,
689,tt0366323,2013-11-14,2013-11-14,,"Cravan vs. Cravan","Cravan vs. Cravan",https://www.imdb.com/title/tt0366323/,Película,7.0,100,2002,"Documental, Biografía, Historia",143,2002-10-11,"Isaki Lacuesta",,
690,tt1306964,2013-11-14,2013-11-14,,"Los condenados","Los condenados",https://www.imdb.com/title/tt1306964/,Película,5.7,94,2009,"Drama, Suspense",157,2009-11-20,"Isaki Lacuesta",,
691,tt2007421,2013-11-14,2013-11-14,,"Los pasos dobles","Los pasos dobles",https://www.imdb.com/title/tt2007421/,Película,5.6,86,2011,"Aventura, Drama",189,2011-09-23,"Isaki Lacuesta",,
692,tt0473308,2013-11-14,2013-11-14,,"La camarera","Waitress",https://www.imdb.com/title/tt0473308/,Película,7.0,108,2007,"Comedia, Drama, Romance",51495,2007-11-23,"Adrienne Shelly",,
693,tt0109093,2013-11-14,2013-11-14,,"Amateur","Amateur",https://www.imdb.com/title/tt0109093/,Película,6.7,105,1994,"Comedia, Crimen, Drama, Suspense",7502,1994-08-05,"Hal Hartley",,
694,tt0388973,2013-11-14,2013-11-14,,"The Girl from Monday","The Girl from Monday",https://www.imdb.com/title/tt0388973/,Película,5.3,84,2005,"Acción, Comedia, Ciencia ficción",1218,2005-07-19,"Hal Hartley",,
695,tt0444628,2013-11-14,2013-11-14,,"Fay Grim","Fay Grim",https://www.imdb.com/title/tt0444628/,Película,6.1,118,2006,"Acción, Comedia, Suspense",5248,2007-09-27,"Hal Hartley",,
696,tt0248190,2013-11-14,2013-11-14,,"No Such Thing","No Such Thing",https://www.imdb.com/title/tt0248190/,Película,6.0,102,2001,"Comedia, Drama, Fantasía",4757,2002-11-15,"Hal Hartley",,
697,tt0122529,2013-11-14,2013-11-14,,"Henry Fool","Henry Fool",https://www.imdb.com/title/tt0122529/,Película,7.1,137,1997,"Comedia, Drama",8261,1998-09-25,"Hal Hartley",,
698,tt0113080,2013-11-14,2013-11-14,,"Flirt","Flirt",https://www.imdb.com/title/tt0113080/,Película,6.3,85,1995,"Drama, Romance",2395,1996-02-05,"Hal Hartley",,
699,tt0104121,2013-11-14,2013-11-14,,"Don Quijote de Orson Welles","Don Quijote de Orson Welles",https://www.imdb.com/title/tt0104121/,Película,6.0,111,1992,"Comedia, Drama",957,2005-11-10,"Orson Welles",,
700,tt1189259,2013-11-14,2013-11-14,,"The Pleasure of Being Robbed","The Pleasure of Being Robbed",https://www.imdb.com/title/tt1189259/,Película,6.1,71,2008,"Drama",2263,2008-10-03,"Josh Safdie",,
701,tt0209077,2013-11-14,2013-11-14,,"Ken Park","Ken Park",https://www.imdb.com/title/tt0209077/,Película,5.8,93,2002,"Drama",32276,2003-05-16,"Larry Clark, Edward Lachman",,
702,tt0492962,2013-11-14,2013-11-14,,"Destricted","Destricted",https://www.imdb.com/title/tt0492962/,Película,4.4,116,2006,"Drama",3148,2006-09-15,"Marina Abramovic, Matthew Barney, Marco Brambilla, Cecily Brown, Larry Clark, Sante D'Orazio, Marilyn Minter, Gaspar Noé, Richard Prince, Sam Taylor-Johnson, Tunga",,
703,tt0086994,2013-11-14,2013-11-14,,"Chico conoce chica","Boy Meets Girl",https://www.imdb.com/title/tt0086994/,Película,6.8,100,1984,"Drama, Romance",4448,1984-11-21,"Leos Carax",,
704,tt0976060,2013-11-14,2013-11-14,,"Tokyo","Tokyo!",https://www.imdb.com/title/tt0976060/,Película,7.0,112,2008,"Comedia, Drama, Fantasía",12762,2008-08-16,"Leos Carax, Michel Gondry, Bong Joon Ho",,
705,tt0069687,2013-11-14,2013-11-14,,"Alicia en las ciudades","Alice in den Städten",https://www.imdb.com/title/tt0069687/,Película,7.8,113,1974,"Drama",15350,2023-04-11,"Wim Wenders",,
706,tt0853096,2013-11-14,2013-11-14,,"Muerte de un presidente","Death of a President",https://www.imdb.com/title/tt0853096/,Película,6.3,97,2006,"Crimen, Drama, Misterio, Suspense",7084,2007-12-05,"Gabriel Range",,
707,tt0097028,2013-11-14,2013-11-14,,"El cazador de gatos","Cat Chaser",https://www.imdb.com/title/tt0097028/,Película,5.2,90,1989,"Crimen, Drama, Suspense",1681,1989-10-20,"Abel Ferrara",,
708,tt0087247,2013-11-14,2013-11-14,,"Ciudad del crimen","Fear City",https://www.imdb.com/title/tt0087247/,Película,5.8,95,1984,"Crimen, Drama, Misterio, Suspense",5256,1984-07-18,"Abel Ferrara",,
709,tt0099939,2013-11-14,2013-11-14,,"El rey de Nueva York","King of New York",https://www.imdb.com/title/tt0099939/,Película,6.9,103,1990,"Crimen, Suspense",49738,1991-08-29,"Abel Ferrara",,
710,tt0106660,2013-11-14,2013-11-14,,"Juego peligroso","Snake Eyes",https://www.imdb.com/title/tt0106660/,Película,5.6,108,1993,"Drama",4718,1993-11-11,"Abel Ferrara",,
711,tt0104745,2013-11-14,2013-11-14,,"Vivir hasta el fin","The Living End",https://www.imdb.com/title/tt0104745/,Película,6.6,81,1992,"Comedia, Crimen, Drama, Misterio, Romance",4756,1994-07-29,"Gregg Araki",,
712,tt0370986,2013-11-14,2013-11-14,,"Oscura inocencia","Mysterious Skin",https://www.imdb.com/title/tt0370986/,Película,7.6,105,2004,"Drama",86793,2005-06-24,"Gregg Araki",,
713,tt0407021,2013-11-14,2013-11-14,,"Los muertos","Los muertos",https://www.imdb.com/title/tt0407021/,Película,6.7,78,2004,"Drama",1280,2004-11-03,"Lisandro Alonso",,
714,tt0291310,2013-11-14,2013-11-14,,"La libertad","La libertad",https://www.imdb.com/title/tt0291310/,Película,6.8,73,2001,"Drama",1008,2001-06-28,"Lisandro Alonso",,
715,tt1002539,2013-11-14,2013-11-14,,"Liverpool","Liverpool",https://www.imdb.com/title/tt1002539/,Película,6.4,84,2008,"Drama",1285,2009-04-24,"Lisandro Alonso",,
716,tt0322824,2013-11-14,2013-11-14,,"Japón","Japón",https://www.imdb.com/title/tt0322824/,Película,6.8,130,2002,"Drama",4218,2003-04-04,"Carlos Reygadas",,
717,tt0841925,2013-11-14,2013-11-14,,"Luz silenciosa","Stellet Licht",https://www.imdb.com/title/tt0841925/,Película,7.2,145,2007,"Drama, Romance",7237,2008-02-22,"Carlos Reygadas",,
718,tt0445336,2013-11-14,2013-11-14,,"La comedia de la vida","Du levande",https://www.imdb.com/title/tt0445336/,Película,7.4,95,2007,"Comedia, Drama, Música",17089,2007-09-21,"Roy Andersson",,
719,tt0057611,2013-11-14,2013-11-14,,"El silencio","Tystnaden",https://www.imdb.com/title/tt0057611/,Película,7.7,96,1963,"Drama",22862,1963-09-23,"Ingmar Bergman",,
720,tt0468580,2013-11-14,2013-11-14,,"We Go Way Back","We Go Way Back",https://www.imdb.com/title/tt0468580/,Película,6.3,80,2006,"Drama",340,2011-04-29,"Lynn Shelton",,
721,tt2364949,2013-11-14,2013-11-14,,"Manos mágicas","Touchy Feely",https://www.imdb.com/title/tt2364949/,Película,5.3,88,2013,"Comedia, Drama",3970,2015-02-18,"Lynn Shelton",,
722,tt0479468,2013-11-14,2013-11-14,,"Gonzo: Vida y hazañas del Dr. Hunter S. Thompson","Gonzo: The Life and Work of Dr. Hunter S. Thompson",https://www.imdb.com/title/tt0479468/,Película,7.6,120,2008,"Documental, Biografía, Música",8823,2008-07-18,"Alex Gibney",,
723,tt0486541,2013-11-14,2013-11-14,,"Scott Walker: 30 Century Man","Scott Walker: 30 Century Man",https://www.imdb.com/title/tt0486541/,Película,7.2,95,2006,"Documental, Biografía, Música",1671,2007-04-27,"Stephen Kijak",,
724,tt1190905,2013-11-14,2013-11-14,,"El truco del manco","El truco del manco",https://www.imdb.com/title/tt1190905/,Película,6.4,84,2008,"Drama",655,2009-01-16,"Santiago Zannou",,
725,tt2378079,2013-11-14,2013-11-14,,"Alacrán enamorado","Alacrán enamorado",https://www.imdb.com/title/tt2378079/,Película,5.8,100,2013,"Drama, Romance, Deporte, Suspense",1322,2013-04-12,"Santiago Zannou",,
726,tt0997263,2013-11-14,2013-11-14,,"Camas deshechas","Unmade Beds",https://www.imdb.com/title/tt0997263/,Película,6.4,97,2009,"Comedia, Drama",2620,2009-12-01,"Alexis Dos Santos",,
727,tt0064323,2013-11-14,2013-11-14,,"La mujer infiel","La femme infidèle",https://www.imdb.com/title/tt0064323/,Película,7.3,98,1969,"Crimen, Drama, Misterio, Suspense",5293,1969-01-22,"Claude Chabrol",,
728,tt0072771,2013-11-14,2013-11-14,,"Muerdame sr. conde","Il cav. Costante Nicosia demoniaco, ovvero: Dracula in Brianza",https://www.imdb.com/title/tt0072771/,Película,5.7,100,1975,"Comedia, Terror",346,1975-08-21,"Lucio Fulci",,
729,tt0068193,2013-11-14,2013-11-14,,"A su excelencia le gustan las mujeres","Nonostante le apparenze... e purchè la nazione non lo sappia... all'onorevole piacciono le donne",https://www.imdb.com/title/tt0068193/,Película,5.6,109,1972,"Comedia",755,1978-08-18,"Lucio Fulci",,
730,tt0064073,2013-11-14,2013-11-14,,"Beatrice Cenci","Beatrice Cenci",https://www.imdb.com/title/tt0064073/,Película,6.5,99,1969,"Drama, Historia, Terror",1294,1969-11-14,"Lucio Fulci",,
731,tt0433963,2013-11-14,2013-11-14,,"La casa del terror","Dark Ride",https://www.imdb.com/title/tt0433963/,Película,4.6,94,2006,"Terror, Suspense",7215,2006-10-20,"Craig Singer",,
732,tt0478303,2013-11-14,2013-11-14,,"Trapped Ashes","Trapped Ashes",https://www.imdb.com/title/tt0478303/,Película,4.7,105,2006,"Terror",2012,2006-09-12,"Sean S. Cunningham, Joe Dante, John Gaeta, Monte Hellman, Ken Russell",,
733,tt0804507,2013-11-14,2013-11-14,,"La madre del mal","La terza madre",https://www.imdb.com/title/tt0804507/,Película,5.0,102,2007,"Drama, Terror, Suspense",12002,2007-10-31,"Dario Argento",,
734,tt0066735,2013-11-14,2013-11-14,,"4 Moscas sobre terciopelo gris","4 mosche di velluto grigio",https://www.imdb.com/title/tt0066735/,Película,6.5,104,1971,"Crimen, Misterio, Suspense",11282,1973-06-21,"Dario Argento",,
735,tt0100797,2013-11-14,2013-11-14,,"Demasiado joven para morir","Too Young to Die?",https://www.imdb.com/title/tt0100797/,Película de TV,5.9,92,1990,"Crimen, Drama",4652,1990-02-26,"Robert Markowitz",,
736,tt0062271,2013-11-14,2013-11-14,,"Señoras y señores","Signore & signori",https://www.imdb.com/title/tt0062271/,Película,7.5,118,1966,"Comedia",2000,1969-03-13,"Pietro Germi",,
737,tt1454605,2013-11-14,2013-11-14,,"A la deriva","A la deriva",https://www.imdb.com/title/tt1454605/,Película,3.8,95,2009,"Drama",154,2009-11-06,"Ventura Pons",,
738,tt1037090,2013-11-15,2013-11-15,,"Frost","Frost",https://www.imdb.com/title/tt1037090/,Película,5.6,92,2008,"Comedia, Drama, Romance",642,2009-06-12,"Steve Clark",,
739,tt2916324,2013-11-15,2013-11-15,,"Seed 2","Seed 2",https://www.imdb.com/title/tt2916324/,Película,2.2,78,2014,"Terror",1205,2014-02-01,"Marcel Walz",,
740,tt0758781,2013-11-15,2013-11-15,,"Seed","Seed",https://www.imdb.com/title/tt0758781/,Película,3.1,90,2006,"Terror",7555,2006-11-03,"Uwe Boll",,
741,tt2379831,2013-11-15,2013-11-15,,"Enxaneta","Enxaneta",https://www.imdb.com/title/tt2379831/,Película,4.8,80,2012,"Drama",20,2012-07-09,"Alfonso Amador",,
742,tt1748227,2013-11-17,2013-11-17,,"The Collection","The Collection",https://www.imdb.com/title/tt1748227/,Película,6.1,82,2012,"Terror, Suspense",58282,2013-11-15,"Marcus Dunstan",,
743,tt1499249,2013-11-17,2013-11-17,,"Mandíbulas 3","Lake Placid 3",https://www.imdb.com/title/tt1499249/,Película de TV,3.4,93,2010,"Acción, Aventura, Comedia, Terror, Ciencia ficción, Suspense",5972,2010-08-21,"Griff Furst",,
744,tt0974583,2013-11-17,2013-11-17,,"Mandíbulas 2: La criatura del pantano","Lake Placid 2",https://www.imdb.com/title/tt0974583/,Película de TV,3.3,88,2007,"Acción, Aventura, Comedia, Terror, Ciencia ficción, Suspense",8129,2007-04-28,"David Flores",,
745,tt2117905,2013-11-17,2013-11-17,,"Mandíbulas 4 El capítulo final","Lake Placid: The Final Chapter",https://www.imdb.com/title/tt2117905/,Película de TV,3.6,90,2012,"Acción, Aventura, Comedia, Terror, Ciencia ficción, Suspense",3990,2012-09-29,"Don Michael Paul",,
746,tt0078087,2013-11-17,2013-11-17,,"Piraña","Piranha",https://www.imdb.com/title/tt0078087/,Película,5.9,94,1978,"Comedia, Terror, Ciencia ficción, Suspense",28437,1978-12-20,"Joe Dante",,
747,tt0082910,2013-11-17,2013-11-17,,"Piraña II: los vampiros del mar","Piranha Part Two: The Spawning",https://www.imdb.com/title/tt0082910/,Película,3.8,94,1982,"Terror, Ciencia ficción, Suspense",11069,1983-07-04,"James Cameron, Ovidio G. Assonitis, Miller Drake",,
748,tt0094608,2013-11-18,2013-11-18,,"Acusados","The Accused",https://www.imdb.com/title/tt0094608/,Película,7.1,111,1988,"Crimen, Drama",43493,1989-03-18,"Jonathan Kaplan",,
749,tt1766175,2013-11-19,2013-11-19,,"Trap for Cinderella","Trap for Cinderella",https://www.imdb.com/title/tt1766175/,Película,5.6,100,2013,"Crimen, Drama, Misterio, Suspense",1768,2013-07-12,"Iain Softley",,
750,tt1153100,2013-11-19,2013-11-19,,"Backwoods","Backwoods",https://www.imdb.com/title/tt1153100/,Película de TV,4.5,85,2008,"Acción, Terror, Suspense",2298,2008-01-03,"Martin Jay Weiss",,
751,tt0473333,2013-11-19,2013-11-19,,"Bosque de sombras","Bosque de sombras",https://www.imdb.com/title/tt0473333/,Película,5.7,97,2006,"Drama, Terror, Suspense",6157,2007-02-16,"Koldo Serra",,
752,tt1196948,2013-11-19,2013-11-19,,"Charlie Countryman","The Necessary Death of Charlie Countryman",https://www.imdb.com/title/tt1196948/,Película,6.3,103,2013,"Comedia, Drama, Romance, Suspense",30924,2013-09-13,"Fredrik Bond",,
753,tt1572315,2013-11-19,2013-11-19,,"La matanza de Texas 3D","Texas Chainsaw 3D",https://www.imdb.com/title/tt1572315/,Película,4.8,92,2013,"Crimen, Drama, Terror, Misterio, Suspense",61273,2013-01-04,"John Luessenhop",,
754,tt2401215,2013-11-20,2013-11-20,,"The Demon's Rook","The Demon's Rook",https://www.imdb.com/title/tt2401215/,Película,5.2,103,2013,"Aventura, Fantasía, Terror",525,2013-10-17,"James Sizemore",,
755,tt2783910,2013-11-20,2013-11-20,,"Los ilusos","Los ilusos",https://www.imdb.com/title/tt2783910/,Película,6.4,93,2013,"Drama",354,2014-03-27,"Jonás Trueba",,
756,tt1543037,2013-11-20,2013-11-20,,"Planes para mañana","Planes para mañana",https://www.imdb.com/title/tt1543037/,Película,6.2,96,2010,"Drama",399,2010-11-19,"Juana Macías",,
757,tt1182311,2013-11-20,2013-11-20,,"Malamuerte","Malamuerte",https://www.imdb.com/title/tt1182311/,Película,4.8,,2009,"Drama",43,2009-10-17,"Vicente Pérez Herrero",,
758,tt0177747,2013-11-20,2013-11-20,,"Entre las piernas","Entre las piernas",https://www.imdb.com/title/tt0177747/,Película,6.1,115,1999,"Drama, Misterio, Romance, Suspense",3266,1999-01-22,"Manuel Gómez Pereira",,
759,tt0791309,2013-11-21,2013-11-21,,"Vaya par de productorex","I Want Candy",https://www.imdb.com/title/tt0791309/,Película,5.4,87,2007,"Comedia",7877,2008-03-14,"Stephen Surjik",,
760,tt1682246,2013-11-21,2013-11-21,,"Girl Walks Into a Bar","Girl Walks Into a Bar",https://www.imdb.com/title/tt1682246/,Película,5.6,80,2011,"Comedia, Drama, Romance",5299,2011-03-11,"Sebastian Gutierrez",,
761,tt1514041,2013-11-21,2013-11-21,,"4.3.2.1","4.3.2.1",https://www.imdb.com/title/tt1514041/,Película,5.8,117,2010,"Acción, Aventura, Crimen, Misterio, Suspense",11287,2010-06-02,"Noel Clarke, Mark Davis",,
762,tt0409860,2013-11-21,2013-11-21,,"Kyûtî Hanî","Kyûtî Hanî",https://www.imdb.com/title/tt0409860/,Película,6.3,94,2004,"Aventura, Comedia, Ciencia ficción",2241,2004-05-29,"Hideaki Anno",,
763,tt0168972,2013-11-21,2013-11-21,,"Rabu & poppu","Rabu & poppu",https://www.imdb.com/title/tt0168972/,Película,7.4,110,1998,"Drama",2593,1998-01-09,"Hideaki Anno",,
764,tt1688649,2013-11-21,2013-11-21,,"La voz dormida","La voz dormida",https://www.imdb.com/title/tt1688649/,Película,7.2,128,2011,"Drama, Historia, Bélico",2802,2011-10-21,"Benito Zambrano",,
765,tt0490954,2013-11-21,2013-11-21,,"Le grand appartement","Le grand appartement",https://www.imdb.com/title/tt0490954/,Película,5.4,103,2006,"Comedia",443,2006-12-27,"Pascal Thomas",,
766,tt0082700,2013-11-22,2013-11-22,,"Caníbal feroz","Cannibal ferox",https://www.imdb.com/title/tt0082700/,Película,5.1,93,1981,"Aventura, Terror",11819,1981-04-24,"Umberto Lenzi",,
767,tt1758692,2013-11-24,2013-11-24,,"Como locos","Like Crazy",https://www.imdb.com/title/tt1758692/,Película,6.6,86,2011,"Drama, Romance",64815,2012-01-27,"Drake Doremus",,
768,tt2281159,2013-11-24,2013-11-24,,"Contracted","Contracted",https://www.imdb.com/title/tt2281159/,Película,5.3,84,2013,"Drama, Terror, Suspense",17990,2013-11-22,"Eric England",,
769,tt0067975,2013-11-24,2013-11-24,,"¿Qué le pasa a Helen?","What's the Matter with Helen?",https://www.imdb.com/title/tt0067975/,Película,6.3,101,1971,"Crimen, Terror, Musical, Misterio, Suspense",2497,1971-06-26,"Curtis Harrington",,
770,tt0064651,2013-11-24,2013-11-24,,"Yo, Natalia","Me, Natalie",https://www.imdb.com/title/tt0064651/,Película,6.5,111,1969,"Comedia, Drama",1374,1969-11-30,"Fred Coe",,
771,tt0071627,2013-11-24,2013-11-24,,"La casa de los siete cadáveres","The House of Seven Corpses",https://www.imdb.com/title/tt0071627/,Película,4.3,88,1973,"Terror",1857,1974-02,"Paul Harrison",,
772,tt0844479,2013-11-25,2013-11-25,,"The Collector","The Collector",https://www.imdb.com/title/tt0844479/,Película,6.3,90,2009,"Terror, Suspense",80585,2012-01-13,"Marcus Dunstan",,
773,tt1977739,2013-11-25,2013-11-25,,"Call Girl","Call Girl",https://www.imdb.com/title/tt1977739/,Película,6.5,140,2012,"Drama, Suspense",5178,2012-11-09,"Mikael Marcimain",,
774,tt1758795,2013-11-25,2013-11-25,,"Cosas que hacer antes de los 18","The To Do List",https://www.imdb.com/title/tt1758795/,Película,5.8,104,2013,"Comedia, Romance",44623,2013-07-26,"Maggie Carey",,
775,tt1230215,2013-11-26,2013-11-26,,"Not Fade Away","Not Fade Away",https://www.imdb.com/title/tt1230215/,Película,6.0,117,2012,"Drama",5190,2013-07-19,"David Chase",,
776,tt2822400,2013-11-26,2013-11-26,,"Tore tanzt","Tore tanzt",https://www.imdb.com/title/tt2822400/,Película,6.8,110,2013,"Crimen, Drama, Terror, Suspense",2691,2013-11-28,"Katrin Gebbe",,
777,tt2196055,2013-11-29,2013-11-29,,"Teenage","Teenage",https://www.imdb.com/title/tt2196055/,Película,6.5,78,2013,"Documental, Historia",956,2014-03-14,"Matt Wolf",,
778,tt0790712,2013-11-29,2013-11-29,,"El mensajero","The Messenger",https://www.imdb.com/title/tt0790712/,Película,7.1,113,2009,"Drama, Romance, Bélico",38761,2009-12-04,"Oren Moverman",,
779,tt0963794,2013-11-29,2013-11-29,,"Las ruinas","The Ruins",https://www.imdb.com/title/tt0963794/,Película,5.9,90,2008,"Aventura, Terror, Suspense",91798,2008-04-18,"Carter Smith",,
780,tt0479289,2013-11-29,2013-11-29,,"The Go-Getter","The Go-Getter",https://www.imdb.com/title/tt0479289/,Película,6.4,93,2007,"Comedia, Drama",5351,2007-01-22,"Martin Hynes",,
781,tt0488151,2013-11-29,2013-11-29,,"Lying","Lying",https://www.imdb.com/title/tt0488151/,Película,4.9,94,2006,"Drama",503,2006-05-25,"M. Blash",,
782,tt1699745,2013-11-30,2013-11-30,,"Cautiva","Captive",https://www.imdb.com/title/tt1699745/,Película,6.1,120,2012,"Drama, Suspense",885,2013-07-26,"Brillante Mendoza",,
783,tt0435479,2013-11-30,2013-11-30,,"Gabrielle","Gabrielle",https://www.imdb.com/title/tt0435479/,Película,6.2,90,2005,"Drama, Romance",2220,2006-12-22,"Patrice Chéreau",,
784,tt0157208,2013-11-30,2013-11-30,,"La escuela de la carne","L'école de la chair",https://www.imdb.com/title/tt0157208/,Película,6.5,105,1998,"Drama, Misterio, Romance",1640,2000-06-30,"Benoît Jacquot",,
785,tt0092627,2013-11-30,2013-11-30,,"Falso testigo","The Bedroom Window",https://www.imdb.com/title/tt0092627/,Película,6.4,112,1987,"Crimen, Drama, Misterio, Suspense",7924,1987-10-30,"Curtis Hanson",,
786,tt0084481,2013-11-30,2013-11-30,,"Pasión","Passion",https://www.imdb.com/title/tt0084481/,Película,6.2,88,1982,"Comedia, Drama",3128,1982-05-26,"Jean-Luc Godard",,
787,tt0082230,2013-11-30,2013-11-30,,"La verdadera historia de la dama de las camelias","La storia vera della signora dalle camelie",https://www.imdb.com/title/tt0082230/,Película,6.8,115,1981,"Drama, Romance",845,1981-02-26,"Mauro Bolognini",,
788,tt0081076,2013-11-30,2013-11-30,,"Loulou","Loulou",https://www.imdb.com/title/tt0081076/,Película,6.6,110,1980,"Drama, Romance",4067,1980-09-03,"Maurice Pialat",,
789,tt0094947,2013-11-30,2013-11-30,,"Las amistades peligrosas","Dangerous Liaisons",https://www.imdb.com/title/tt0094947/,Película,7.5,119,1988,"Drama, Romance",80697,1989-02-16,"Stephen Frears",,
790,tt1721674,2013-12-01,2013-12-01,,"Black Velvet","Black Velvet",https://www.imdb.com/title/tt1721674/,Película,8.2,84,2011,"Aventura",132,2011,"Tim Pape",,
791,tt2849348,2013-12-02,2013-12-02,,"Nuigurumâ Z","Nuigurumâ Z",https://www.imdb.com/title/tt2849348/,Película,5.6,101,2013,"Acción, Comedia, Fantasía, Terror",174,2014-01-25,"Noboru Iguchi",,
792,tt1381512,2013-12-02,2013-12-02,,"Robo-geisha","Robo-geisha",https://www.imdb.com/title/tt1381512/,Película,5.3,102,2009,"Acción, Comedia, Ciencia ficción",2820,2009-10-03,"Noboru Iguchi",,
793,tt1590796,2013-12-02,2013-12-02,,"Sentô shôjo: Chi no tekkamen densetsu","Sentô shôjo: Chi no tekkamen densetsu",https://www.imdb.com/title/tt1590796/,Película,5.7,89,2010,"Acción, Comedia, Fantasía, Terror, Ciencia ficción, Suspense",2185,2010-05-22,"Noboru Iguchi, Yoshihiro Nishimura, Tak Sakaguchi",,
794,tt1080767,2013-12-02,2013-12-02,,"Oira sukeban","Oira sukeban",https://www.imdb.com/title/tt1080767/,Película,5.1,62,2006,"Acción, Comedia, Terror",533,2008-10-04,"Noboru Iguchi",,
795,tt2061869,2013-12-02,2013-12-02,,"Zonbi asu","Zonbi asu",https://www.imdb.com/title/tt2061869/,Película,4.7,85,2011,"Comedia, Terror",2787,2012-02-25,"Noboru Iguchi",,
796,tt2111392,2013-12-03,2013-12-03,,"Raze","Raze",https://www.imdb.com/title/tt2111392/,Película,5.1,87,2013,"Acción, Drama, Terror",6725,2014-01-16,"Josh C. Waller",,
797,tt2390426,2013-12-04,2013-12-04,,"Tres 60","Tres 60",https://www.imdb.com/title/tt2390426/,Película,4.7,98,2013,"Drama, Misterio, Suspense",492,2013-07-26,"Alejandro Ezcurdia",,
798,tt0077132,2013-12-04,2013-12-04,,"El imperio de la pasión","Ai no bôrei",https://www.imdb.com/title/tt0077132/,Película,7.0,105,1978,"Drama, Terror, Romance",5692,1978-09-06,"Nagisa Ōshima",,
799,tt2395385,2013-12-05,2013-12-05,,"+1","+1",https://www.imdb.com/title/tt2395385/,Película,5.5,96,2013,"Terror, Ciencia ficción, Suspense",8814,2013-10-24,"Dennis Iliadis",,
800,tt2285585,2013-12-05,2013-12-05,,"Misshingu 55","Misshingu 55",https://www.imdb.com/title/tt2285585/,Vídeo,6.7,96,2011,"Terror, Suspense",68,2011-09-02,"Yasushi Koshizaka",,
801,tt2302735,2013-12-05,2013-12-05,,"Misshingu 55: Fainaru bureiku","Misshingu 55: Fainaru bureiku",https://www.imdb.com/title/tt2302735/,Vídeo,5.5,78,2011,"Terror, Suspense",37,2011-10-05,"Yasushi Koshizaka",,
802,tt2609892,2013-12-05,2013-12-05,,"Misshingu 66","Misshingu 66",https://www.imdb.com/title/tt2609892/,Vídeo,5.5,93,2012,"Terror, Suspense",58,2012-09-05,"Yasushi Koshizaka",,
803,tt1821543,2013-12-05,2013-12-05,,"Misshingu 44: Za fainaru sutêji","Misshingu 44: Za fainaru sutêji",https://www.imdb.com/title/tt1821543/,Vídeo,4.5,97,2010,"Terror, Suspense",40,2010-12-03,"Yasushi Koshizaka",,
804,tt1821542,2013-12-05,2013-12-05,,"Misshingu 44","Misshingu 44",https://www.imdb.com/title/tt1821542/,Vídeo,5.1,96,2010,"Terror, Suspense",55,2010-11-03,"Yasushi Koshizaka",,
805,tt3141912,2013-12-05,2013-12-05,,"Gun Woman","Gun Woman",https://www.imdb.com/title/tt3141912/,Película,4.8,86,2014,"Acción, Suspense",3545,2014-05-29,"Kurando Mitsutake",,
806,tt1964849,2013-12-05,2013-12-05,,"Kunoichi ninpô-chô: Kage no tsuki","Kunoichi ninpô-chô: Kage no tsuki",https://www.imdb.com/title/tt1964849/,Película,5.4,84,2011,"Acción, Comedia",69,2011-06-04,"Kôsuke Hishinuma",,
807,tt1948581,2013-12-05,2013-12-05,,"Erotibot","Karei naru erogami-ke no ichizoku: Shinsô reijô wa denki shitsuji no yume o miru ka",https://www.imdb.com/title/tt1948581/,Película,3.6,72,2011,"Terror, Ciencia ficción",369,2011-07-15,"Naoyuki Tomomatsu",,
808,tt1846591,2013-12-05,2013-12-05,,"Hâdo raifu: Murasaki no seishun · koi to kenka to tokkôfuku","Hâdo raifu: Murasaki no seishun · koi to kenka to tokkôfuku",https://www.imdb.com/title/tt1846591/,Película,,,2011,,0,2011-05-21,"Kenji Seki",,
809,tt1653913,2013-12-05,2013-12-05,,"Helldriver","Nihon bundan: Heru doraibâ",https://www.imdb.com/title/tt1653913/,Película,5.3,117,2010,"Terror, Ciencia ficción",1898,2011-07-23,"Yoshihiro Nishimura",,
810,tt1730710,2013-12-05,2013-12-05,,"Omae no kaachan bitch!","Omae no kaachan bitch!",https://www.imdb.com/title/tt1730710/,Película,6.4,70,2010,"Drama",21,2010-09-25,"Shungiku Uchida",,
811,tt1395146,2013-12-05,2013-12-05,,"Teketeke","Teketeke",https://www.imdb.com/title/tt1395146/,Película,5.3,70,2009,"Terror",823,2009-03-21,"Kôji Shiraishi",,
812,tt1185390,2013-12-05,2013-12-05,,"Saikyô heiki joshikôsei: Rika - zonbi hantâ vs saikyô zonbi Gurorian","Saikyô heiki joshikôsei: Rika - zonbi hantâ vs saikyô zonbi Gurorian",https://www.imdb.com/title/tt1185390/,Película,5.2,86,2008,"Acción, Terror",490,2008-02-18,"Ken'ichi Fujiwara",,
813,tt1904850,2013-12-06,2013-12-06,,"Bloodlust Zombies","Bloodlust Zombies",https://www.imdb.com/title/tt1904850/,Vídeo,3.1,76,2011,"Comedia, Terror",808,2011-04-17,"Dan Lantz",,
814,tt0071691,2013-12-06,2013-12-06,,"El enigma de Gaspar Hauser","Jeder für sich und Gott gegen alle",https://www.imdb.com/title/tt0071691/,Película,7.6,110,1974,"Biografía, Drama, Historia",20531,1974-11-01,"Werner Herzog",,
815,tt0409379,2013-12-06,2013-12-06,,"In Secret","In Secret",https://www.imdb.com/title/tt0409379/,Película,6.1,107,2013,"Crimen, Drama, Suspense",11093,2014-04-03,"Charlie Stratton",,
816,tt1129422,2013-12-06,2013-12-06,,"Los años desnudos (Clasificada S)","Los años desnudos (Clasificada S)",https://www.imdb.com/title/tt1129422/,Película,5.2,103,2008,"Comedia, Drama",481,2008-10-24,"Dunia Ayaso, Félix Sabroso",,
817,tt1404702,2013-12-06,2013-12-06,,"Naked Ambition: An R Rated Look at an X Rated Industry","Naked Ambition: An R Rated Look at an X Rated Industry",https://www.imdb.com/title/tt1404702/,Película,4.8,81,2009,"Documental",1121,2009-04-30,"Michael Grecco",,
818,tt0443518,2013-12-06,2013-12-06,,"The Girl in the Café","The Girl in the Café",https://www.imdb.com/title/tt0443518/,Película de TV,7.4,94,2005,"Drama, Romance",9044,2005-06-25,"David Yates",,
819,tt2197128,2013-12-06,2013-12-06,,"Pornopung","Pornopung",https://www.imdb.com/title/tt2197128/,Película,5.9,96,2013,"Comedia, Drama",1787,2013-07-19,"Johan Kaos",,
820,tt2355913,2013-12-06,2013-12-06,,"The Tale of the Voodoo Prostitute","The Tale of the Voodoo Prostitute",https://www.imdb.com/title/tt2355913/,Película,3.2,75,2012,"Terror",76,2012-06-05,"Chaz Buchanan",,
821,tt0255237,2013-12-06,2013-12-06,,"Iki-jigoku","Iki-jigoku",https://www.imdb.com/title/tt0255237/,Película,5.7,104,2000,"Terror",556,2000-06-01,"Shugo Fujii",,
822,tt2175583,2013-12-06,2013-12-06,,"Blood and Bone China","Blood and Bone China",https://www.imdb.com/title/tt2175583/,Película,5.8,107,2012,"Terror",70,2012-02-10,"Chris Stone",,
823,tt1590089,2013-12-06,2013-12-06,,"Confessions","Kokuhaku",https://www.imdb.com/title/tt1590089/,Película,7.6,106,2010,"Drama, Suspense",45652,2010-06-05,"Tetsuya Nakashima",,
824,tt1204340,2013-12-06,2013-12-06,,"Redención (Tyrannosaur)","Tyrannosaur",https://www.imdb.com/title/tt1204340/,Película,7.5,92,2011,"Drama",35662,2012-03-23,"Paddy Considine",,
825,tt0055499,2013-12-06,2013-12-06,,"Como en un espejo","Såsom i en spegel",https://www.imdb.com/title/tt0055499/,Película,7.9,90,1961,"Drama",29701,1961-10-16,"Ingmar Bergman",,
826,tt0890870,2013-12-07,2013-12-07,,"Saw IV","Saw IV",https://www.imdb.com/title/tt0890870/,Película,5.9,93,2007,"Terror, Misterio, Suspense",178526,2007-10-26,"Darren Lynn Bousman",,
827,tt1233227,2013-12-07,2013-12-07,,"Saw VI","Saw VI",https://www.imdb.com/title/tt1233227/,Película,6.1,90,2009,"Terror, Misterio, Suspense",137205,2010-10-08,"Kevin Greutert",,
828,tt1132626,2013-12-07,2013-12-07,,"Saw V","Saw V",https://www.imdb.com/title/tt1132626/,Película,5.8,92,2008,"Terror, Suspense",149911,2008-11-14,"David Hackl",,
829,tt1179891,2013-12-07,2013-12-07,,"San Valentín sangriento","My Bloody Valentine",https://www.imdb.com/title/tt1179891/,Película,5.5,101,2009,"Terror, Misterio, Suspense",65696,2009-09-11,"Patrick Lussier",,
830,tt1477076,2013-12-07,2013-12-07,,"Saw VII 3D","Saw 3D",https://www.imdb.com/title/tt1477076/,Película,5.5,90,2010,"Terror, Misterio",119899,2011-02-18,"Kevin Greutert",,
831,tt0271367,2013-12-07,2013-12-07,,"Arac Attack","Eight Legged Freaks",https://www.imdb.com/title/tt0271367/,Película,5.5,99,2002,"Acción, Aventura, Comedia, Terror, Ciencia ficción, Suspense",62211,2002-08-09,"Ellory Elkayem",,
832,tt0099052,2013-12-07,2013-12-07,,"Aracnofobia","Arachnophobia",https://www.imdb.com/title/tt0099052/,Película,6.5,109,1990,"Comedia, Terror, Suspense",81372,1991-01-18,"Frank Marshall",,
833,tt0109327,2013-12-07,2013-12-07,,"Juego mortal","Brainscan",https://www.imdb.com/title/tt0109327/,Película,6.0,96,1994,"Terror, Ciencia ficción",14392,1994-10-21,"John Flynn",,
834,tt1104835,2013-12-07,2013-12-07,,"Feast II: Sloppy Seconds","Feast II: Sloppy Seconds",https://www.imdb.com/title/tt1104835/,Vídeo,5.0,100,2008,"Acción, Comedia, Terror, Suspense",9273,2008-10-07,"John Gulager",,
835,tt1104836,2013-12-07,2013-12-07,,"Feast 3 (Atrapados 3)","Feast III: The Happy Finish",https://www.imdb.com/title/tt1104836/,Vídeo,4.8,78,2009,"Acción, Comedia, Terror, Suspense",6471,2009-02-17,"John Gulager",,
836,tt0334541,2013-12-07,2013-12-07,,"Temblores 4: Comienza la leyenda","Tremors 4: The Legend Begins",https://www.imdb.com/title/tt0334541/,Vídeo,5.3,101,2004,"Acción, Aventura, Comedia, Terror, Ciencia ficción, Suspense, Del oeste",15369,2004-05-12,"S.S. Wilson",,
837,tt0100814,2013-12-07,2013-12-07,,"Temblores","Tremors",https://www.imdb.com/title/tt0100814/,Película,7.2,96,1990,"Comedia, Terror",168076,1990-01-19,"Ron Underwood",,
838,tt1278340,2013-12-07,2013-12-07,,"Zombis nazis","Død snø",https://www.imdb.com/title/tt1278340/,Película,6.3,92,2009,"Comedia, Fantasía, Terror",73406,2010-08-06,"Tommy Wirkola",,
839,tt0120695,2013-12-07,2013-12-07,,"Abierto hasta el amanecer 3: La hija del verdugo","From Dusk Till Dawn 3: The Hangman's Daughter",https://www.imdb.com/title/tt0120695/,Vídeo,4.8,94,1999,"Terror, Suspense, Del oeste",13632,2001-06-22,"P.J. Pesce",,
840,tt0120860,2013-12-07,2013-12-07,,"Abierto hasta el amanecer 2: Texas Blood Money","From Dusk Till Dawn 2: Texas Blood Money",https://www.imdb.com/title/tt0120860/,Vídeo,4.2,88,1999,"Crimen, Terror, Suspense",18858,1999-03-16,"Scott Spiegel",,
841,tt0283877,2013-12-07,2013-12-07,,"American psycho 2: El legado de Patrick Bateman","American Psycho II: All American Girl",https://www.imdb.com/title/tt0283877/,Vídeo,3.7,88,2002,"Terror, Suspense",19820,2007-10-01,"Morgan J. Freeman",,
842,tt1261978,2013-12-07,2013-12-07,,"Km. 666 III: Camino Sangriento 3","Wrong Turn 3: Left for Dead",https://www.imdb.com/title/tt1261978/,Vídeo,4.6,92,2009,"Aventura, Terror",32907,2009-12-09,"Declan O'Brien",,
843,tt0907676,2013-12-07,2013-12-07,,"Colinas sangrientas","The Hills Run Red",https://www.imdb.com/title/tt0907676/,Vídeo,5.4,81,2009,"Terror, Misterio, Suspense",11996,2009-09-29,"Dave Parker",,
844,tt0827782,2013-12-07,2013-12-07,,"Return to House on Haunted Hill","Return to House on Haunted Hill",https://www.imdb.com/title/tt0827782/,Vídeo,4.5,79,2007,"Terror, Suspense",11309,2007-10-16,"Víctor Garcia",,
845,tt1204883,2013-12-07,2013-12-07,,"Boogeyman 3","Boogeyman 3",https://www.imdb.com/title/tt1204883/,Película,4.6,93,2008,"Terror, Suspense",5715,2009-01-20,"Gary Jones",,
846,tt0787505,2013-12-07,2013-12-07,,"Área de descanso","Rest Stop",https://www.imdb.com/title/tt0787505/,Vídeo,4.6,80,2006,"Terror, Romance, Suspense",12388,2006-10-17,"John Shiban",,
847,tt0995863,2013-12-07,2013-12-07,,"Área de descanso - No mires atrás","Rest Stop: Don't Look Back",https://www.imdb.com/title/tt0995863/,Vídeo,4.6,89,2008,"Terror, Suspense",4692,2008-10-08,"Shawn Papazian",,
848,tt0900357,2013-12-07,2013-12-07,,"Boogeyman 2","Boogeyman 2",https://www.imdb.com/title/tt0900357/,Película,5.0,93,2007,"Terror, Suspense",9379,2008-01-08,"Jeff Betancourt",,
849,tt0804555,2013-12-07,2013-12-07,,"Km. 666 II: Camino sangriento","Wrong Turn 2: Dead End",https://www.imdb.com/title/tt0804555/,Vídeo,5.5,93,2007,"Aventura, Terror",50892,2008-02-20,"Joe Lynch",,
850,tt0295700,2013-12-07,2013-12-07,,"Kilómetro 666","Wrong Turn",https://www.imdb.com/title/tt0295700/,Película,6.1,84,2003,"Terror, Suspense",148039,2004-03-19,"Rob Schmidt",,
851,tt0114720,2013-12-07,2013-12-07,,"Temblores 2: La respuesta","Tremors II: Aftershocks",https://www.imdb.com/title/tt0114720/,Vídeo,6.0,100,1996,"Acción, Comedia, Terror, Ciencia ficción, Suspense, Del oeste",34175,1996-04-09,"S.S. Wilson",,
852,tt0108550,2013-12-07,2013-12-07,,"¿A quién ama Gilbert Grape?","What's Eating Gilbert Grape",https://www.imdb.com/title/tt0108550/,Película,7.7,118,1993,"Drama",271115,1994-05-20,"Lasse Hallström",,
853,tt1996310,2013-12-07,2013-12-07,,"Lore","Lore",https://www.imdb.com/title/tt1996310/,Película,7.1,109,2012,"Drama, Romance, Bélico",16579,2012-09-20,"Cate Shortland",,
854,tt3091242,2013-12-10,2013-12-10,,"Gente en sitios","Gente en sitios",https://www.imdb.com/title/tt3091242/,Película,5.4,79,2013,"Comedia, Drama",1069,2013-09-26,"Juan Cavestany",,
855,tt1212974,2013-12-10,2013-12-10,,"Perras furiosas","Bitch Slap",https://www.imdb.com/title/tt1212974/,Película,4.5,109,2009,"Acción, Comedia, Crimen, Suspense",14543,2009-11-06,"Rick Jacobson",,
856,tt1748179,2013-12-11,2013-12-11,,"Luces rojas","Red Lights",https://www.imdb.com/title/tt1748179/,Película,6.1,114,2012,"Drama, Fantasía, Misterio",71656,2012-03-02,"Rodrigo Cortés",,
857,tt0988045,2013-12-12,2013-12-12,,"Sherlock Holmes","Sherlock Holmes",https://www.imdb.com/title/tt0988045/,Película,7.5,128,2009,"Acción, Aventura, Misterio",711048,2010-01-15,"Guy Ritchie",,
858,tt0112864,2013-12-12,2013-12-12,,"Jungla de cristal: La venganza","Die Hard with a Vengeance",https://www.imdb.com/title/tt0112864/,Película,7.6,128,1995,"Acción, Aventura, Suspense",433090,1995-07-21,"John McTiernan",,
859,tt1263778,2013-12-12,2013-12-12,,"La belle personne","La belle personne",https://www.imdb.com/title/tt1263778/,Película,6.6,97,2008,"Comedia, Drama",8641,2009-05-22,"Christophe Honoré",,
860,tt1587119,2013-12-12,2013-12-12,,"Belle Épine","Belle Épine",https://www.imdb.com/title/tt1587119/,Película,5.8,80,2010,"Drama",1196,2010-11-10,"Rebecca Zlotowski",,
861,tt2147728,2013-12-12,2013-12-12,,"I Used to Be Darker","I Used to Be Darker",https://www.imdb.com/title/tt2147728/,Película,5.7,89,2013,"Drama, Música",1073,2013-12-25,"Matthew Porterfield",,
862,tt2414766,2013-12-12,2013-12-12,,"OXV: The Manual","OXV: The Manual",https://www.imdb.com/title/tt2414766/,Película,6.7,109,2013,"Misterio, Romance, Ciencia ficción",15342,2014-05-23,"Darren Paul Fisher",,
863,tt2779932,2013-12-13,2013-12-13,,"Sakura hime","Sakura hime",https://www.imdb.com/title/tt2779932/,Película,3.9,95,2013,"Aventura, Comedia, Drama",245,2013-06-29,"Hajime Hashimoto",,
864,tt1988712,2013-12-13,2013-12-13,,"Majiwaru taieki, nômitsu sekkusu midare saki onsen hen","Majiwaru taieki, nômitsu sekkusu midare saki onsen hen",https://www.imdb.com/title/tt1988712/,Vídeo,,120,2011,"X",0,2011-02-19,"Minami Haou",,
865,tt1988783,2013-12-13,2013-12-13,,"Shinmai basu gaido Asami Yuma ga, shûgaku ryokô nigo issho shimasu.","Shinmai basu gaido Asami Yuma ga, shûgaku ryokô nigo issho shimasu.",https://www.imdb.com/title/tt1988783/,Vídeo,,130,2011,"X",0,2011-01-28,,,
866,tt1988675,2013-12-13,2013-12-13,,"Kateikyôshi H-kappu no sensei ni yûwaku sarete...","Kateikyôshi H-kappu no sensei ni yûwaku sarete...",https://www.imdb.com/title/tt1988675/,Vídeo,,120,2010,"X",0,2010-12-19,"Hara Ichigo",,
867,tt1988542,2013-12-13,2013-12-13,,"AV idol satsuei kai","AV idol satsuei kai",https://www.imdb.com/title/tt1988542/,Vídeo,,150,2010,"X",0,2010-10-22,"Xavier Thomas",,
868,tt1736310,2013-12-13,2013-12-13,,"Shinshaku: Yojôhan fusuma no shitabari","Shinshaku: Yojôhan fusuma no shitabari",https://www.imdb.com/title/tt1736310/,Película,,73,2010,"X, Drama",0,2010-10-02,"Kyōko Aizome",,
869,tt1233505,2013-12-13,2013-12-13,,"Yôjo densetsu Seirên X: Mashô no yûwaku","Yôjo densetsu Seirên X: Mashô no yûwaku",https://www.imdb.com/title/tt1233505/,Película,4.0,65,2008,"Terror, Suspense",166,2008-05-24,"Hideo Jōjō",,
870,tt0056714,2013-12-14,2013-12-14,,"Zatoichi","Zatôichi monogatari",https://www.imdb.com/title/tt0056714/,Película,7.6,96,1962,"Acción, Aventura, Drama",6570,1962-04-18,"Kenji Misumi",,
871,tt0498380,2013-12-14,2013-12-14,,"Cartas desde Iwo Jima","Letters from Iwo Jima",https://www.imdb.com/title/tt0498380/,Película,7.8,141,2006,"Acción, Aventura, Drama, Historia, Bélico",178101,2007-02-16,"Clint Eastwood",,
872,tt0418689,2013-12-14,2013-12-14,,"Banderas de nuestros padres","Flags of Our Fathers",https://www.imdb.com/title/tt0418689/,Película,7.1,135,2006,"Acción, Aventura, Drama, Historia, Bélico",135089,2007-01-03,"Clint Eastwood",,
873,tt0109665,2013-12-14,2013-12-14,,"Dream Lover (El amante ideal)","Dream Lover",https://www.imdb.com/title/tt0109665/,Película,6.2,103,1994,"Drama, Misterio, Suspense",7762,1996-01-09,"Nicholas Kazan",,
874,tt0093278,2013-12-14,2013-12-14,,"Ishtar","Ishtar",https://www.imdb.com/title/tt0093278/,Película,4.8,107,1987,"Acción, Aventura, Comedia, Música, Suspense",12930,1987-05-15,"Elaine May",,
875,tt1535432,2013-12-14,2013-12-14,,"Crave","Crave",https://www.imdb.com/title/tt1535432/,Película,5.2,113,2012,"Drama, Suspense",1257,2013-12-06,"Charles de Lauzirika",,
876,tt2112152,2013-12-14,2013-12-14,,"Retrato de Ralph Steadman","For No Good Reason",https://www.imdb.com/title/tt2112152/,Película,7.0,89,2012,"Documental, Biografía, Historia",1660,2014-03-08,"Charlie Paul",,
877,tt3021360,2013-12-15,2013-12-15,,"Faults","Faults",https://www.imdb.com/title/tt3021360/,Película,6.7,89,2014,"Drama, Misterio, Suspense",11653,2015-03-06,"Riley Stearns",,
878,tt0780622,2013-12-16,2013-12-16,,"Vagina dentata","Teeth",https://www.imdb.com/title/tt0780622/,Película,5.4,94,2007,"Comedia, Fantasía, Terror, Suspense",49854,2008-04-03,"Mitchell Lichtenstein",,
879,tt0377309,2013-12-16,2013-12-16,,"Tres","Three",https://www.imdb.com/title/tt0377309/,Película,4.9,95,2005,"Drama, Suspense",11611,2006-05-05,"Stewart Raffill",,
880,tt1663222,2013-12-17,2013-12-17,,"Dead Sea","Dead Sea",https://www.imdb.com/title/tt1663222/,Película,2.3,90,2014,"Acción, Aventura, Terror, Misterio, Ciencia ficción, Suspense",1622,2017-11-04,"Brandon Slagle",,
881,tt0096061,2013-12-19,2013-12-19,,"Los fantasmas atacan al jefe","Scrooged",https://www.imdb.com/title/tt0096061/,Película,6.9,101,1988,"Comedia, Drama, Fantasía, Romance",129623,1988-11-23,"Richard Donner",,
882,tt2345112,2013-12-19,2013-12-19,,"Parkland","Parkland",https://www.imdb.com/title/tt2345112/,Película,6.4,93,2013,"Drama, Historia, Misterio, Suspense",18828,2013-10-02,"Peter Landesman",,
883,tt1531924,2013-12-19,2013-12-19,,"La desaparición de Eleanor Rigby: Él","The Disappearance of Eleanor Rigby: Him",https://www.imdb.com/title/tt1531924/,Película,6.8,89,2013,"Drama, Romance",10805,2015-03-18,"Ned Benson",,
884,tt1465522,2013-12-19,2013-12-19,,"Tucker & Dale contra el mal","Tucker and Dale vs Evil",https://www.imdb.com/title/tt1465522/,Película,7.5,89,2010,"Comedia, Terror",211033,2010-12-09,"Eli Craig",,
885,tt0259685,2013-12-19,2013-12-19,,"Temblores 3: Regreso a perfection","Tremors 3: Back to Perfection",https://www.imdb.com/title/tt0259685/,Vídeo,5.3,104,2001,"Acción, Comedia, Terror, Ciencia ficción, Suspense",20914,2001-10-02,"Brent Maddock",,
886,tt0312843,2013-12-19,2013-12-19,,"Suicide Club (El club del suicidio)","Jisatsu sâkuru",https://www.imdb.com/title/tt0312843/,Película,6.5,99,2001,"Crimen, Drama, Terror, Misterio, Suspense",24208,2021-05-20,"Sion Sono",,
887,tt0468820,2013-12-19,2013-12-19,,"Noriko no shokutaku","Noriko no shokutaku",https://www.imdb.com/title/tt0468820/,Película,7.0,159,2005,"Drama, Terror",5493,2006-09-23,"Sion Sono",,
888,tt1632547,2013-12-19,2013-12-19,,"Tsumetai nettaigyo","Tsumetai nettaigyo",https://www.imdb.com/title/tt1632547/,Película,7.1,146,2010,"Crimen, Drama, Terror, Suspense",16338,2011-01-29,"Sion Sono",,
889,tt2386278,2013-12-19,2013-12-19,,"Haunt","Haunt",https://www.imdb.com/title/tt2386278/,Película,5.1,86,2013,"Terror, Misterio, Romance",9061,2013-10-09,"Mac Carter",,
890,tt1998395,2013-12-19,2013-12-19,,"Killer Eye: Halloween Haunt","Killer Eye: Halloween Haunt",https://www.imdb.com/title/tt1998395/,Película,3.8,69,2011,"Comedia, Terror",535,2011-10-18,"Charles Band",,
891,tt0076127,2013-12-19,2013-12-19,,"Persecuciones","Haunts",https://www.imdb.com/title/tt0076127/,Película,4.7,97,1976,"Terror",763,1977-07,"Herb Freed",,
892,tt3351348,2013-12-19,2013-12-19,,"Pixel Theory","Pixel Theory",https://www.imdb.com/title/tt3351348/,Película,5.0,90,2013,"Ciencia ficción",175,2022-11-17,"Alberto Carpintero, Mar Delgado, Esaú Dharma, David Galán Galindo, Pepe Macías, Juan José Ramírez Mascaró, Pablo Vara",,
893,tt3230668,2013-12-19,2013-12-19,,"Perdona si te llamo amor","Perdona si te llamo amor",https://www.imdb.com/title/tt3230668/,Película,6.4,120,2014,"Romance",4013,2014-06-19,"Joaquín Llamas",,
894,tt2202569,2013-12-22,2013-12-22,,"Sorority Party Massacre","Sorority Party Massacre",https://www.imdb.com/title/tt2202569/,Película,3.3,103,2012,"Comedia, Terror",1187,2012-12-01,"Chris W. Freeman, Justin Jones",,
895,tt2062575,2013-12-25,2013-12-25,,"La vida precoz y breve de Sabina Rivas","La vida precoz y breve de Sabina Rivas",https://www.imdb.com/title/tt2062575/,Película,6.7,116,2012,"Aventura, Drama, Romance",1225,2012-11-09,"Luis Mandoki",,
896,tt1270842,2013-12-26,2013-12-26,,"Tokio Blues","Noruwei no mori",https://www.imdb.com/title/tt1270842/,Película,6.3,133,2010,"Drama, Romance",13074,2011-04-29,"Tran Anh Hung",,
897,tt1740712,2013-12-27,2013-12-27,,"Video Nasties: Moral Panic, Censorship & Videotape","Video Nasties: Moral Panic, Censorship & Videotape",https://www.imdb.com/title/tt1740712/,Película,7.7,72,2010,"Documental",1400,2014-06-03,"Jake West",,
898,tt1924396,2013-12-28,2013-12-28,,"La mejor oferta","La migliore offerta",https://www.imdb.com/title/tt1924396/,Película,7.7,131,2013,"Crimen, Drama, Misterio, Romance, Suspense",138475,2013-07-05,"Giuseppe Tornatore",,
899,tt0056875,2013-12-28,2013-12-28,,"Blood Feast","Blood Feast",https://www.imdb.com/title/tt0056875/,Película,5.0,67,1963,"Comedia, Drama, Terror",7989,2012-10-06,"Herschell Gordon Lewis",,
900,tt0059044,2013-12-28,2013-12-28,,"Color Me Blood Red","Color Me Blood Red",https://www.imdb.com/title/tt0059044/,Película,5.1,79,1965,"Comedia, Terror",2188,1965-10-13,"Herschell Gordon Lewis",,
901,tt0058694,2013-12-28,2013-12-28,,"2000 maníacos","Two Thousand Maniacs!",https://www.imdb.com/title/tt0058694/,Película,5.7,83,1964,"Comedia, Terror",5664,1964-03-20,"Herschell Gordon Lewis",,
902,tt0282386,2013-12-28,2013-12-28,,"Blood Feast 2: All U Can Eat","Blood Feast 2: All U Can Eat",https://www.imdb.com/title/tt0282386/,Película,5.5,92,2002,"Comedia, Terror",1538,2002-03-31,"Herschell Gordon Lewis",,
903,tt0068649,2013-12-28,2013-12-28,,"The Gore Gore Girls","The Gore Gore Girls",https://www.imdb.com/title/tt0068649/,Película,5.2,81,1972,"Comedia, Crimen, Terror, Misterio",3050,1972-09-22,"Herschell Gordon Lewis",,
904,tt0858411,2013-12-28,2013-12-28,,"2001 Maniacs: Field of Screams","2001 Maniacs: Field of Screams",https://www.imdb.com/title/tt0858411/,Película,3.1,84,2010,"Comedia, Terror",2800,2010-02-27,"Tim Sullivan",,
905,tt0249380,2013-12-28,2013-12-28,,"Fóllame","Baise-moi",https://www.imdb.com/title/tt0249380/,Película,4.5,77,2000,"Crimen, Drama, Suspense",19708,2001-03-16,"Virginie Despentes, Coralie Trinh Thi",,
906,tt0454970,2013-12-28,2013-12-28,,"Turistas","Turistas",https://www.imdb.com/title/tt0454970/,Película,5.4,93,2006,"Terror, Misterio, Suspense",42627,2007-07-27,"John Stockwell",,
907,tt0374563,2013-12-28,2013-12-28,,"Cautivos","Captivity",https://www.imdb.com/title/tt0374563/,Película,4.6,85,2007,"Crimen, Terror, Misterio, Suspense",24438,2007-03-09,"Roland Joffé",,
908,tt1777612,2013-12-30,2013-12-30,,"Demons Never Die","Demons Never Die",https://www.imdb.com/title/tt1777612/,Película,4.2,93,2011,"Terror, Suspense",1831,2011-10-28,"Arjun Rose",,
909,tt2417854,2013-12-31,2013-12-31,,"Lucky Bastard","Lucky Bastard",https://www.imdb.com/title/tt2417854/,Película,4.4,94,2014,"Crimen, Drama, Terror, Suspense",1582,2014-02-14,"Robert Nathan",,
910,tt0276830,2014-01-01,2014-01-01,,"Blueberry: La experiencia secreta","Blueberry",https://www.imdb.com/title/tt0276830/,Película,5.2,124,2004,"Aventura, Drama, Fantasía, Del oeste",11540,2004-06-11,"Jan Kounen",,
911,tt1446147,2014-01-02,2014-01-02,,"Cat Run","Cat Run",https://www.imdb.com/title/tt1446147/,Película,5.5,106,2011,"Acción, Comedia",5933,2011-04-01,"John Stockwell",,
912,tt1462411,2014-01-02,2014-01-02,,"Big Sur","Big Sur",https://www.imdb.com/title/tt1462411/,Película,5.7,81,2013,"Drama, Romance",2223,2013-11-01,"Michael Polish",,
913,tt0999913,2014-01-02,2014-01-02,,"Perros de paja (Straw Dogs)","Straw Dogs",https://www.imdb.com/title/tt0999913/,Película,5.9,110,2011,"Acción, Drama, Suspense",38062,2011-12-16,"Rod Lurie",,
914,tt0335563,2014-01-02,2014-01-02,,"Wonderland","Wonderland",https://www.imdb.com/title/tt0335563/,Película,6.5,104,2003,"Crimen, Drama, Misterio, Suspense",24924,2004-05-28,"James Cox",,
915,tt0879225,2014-01-02,2014-01-02,,"Cannibal Taboo","Cannibal Taboo",https://www.imdb.com/title/tt0879225/,Vídeo,3.8,122,2006,"Terror",200,2008-10-28,"Mike Tristano",,
916,tt0814077,2014-01-02,2014-01-02,,"Devil Girl","Devil Girl",https://www.imdb.com/title/tt0814077/,Película,3.8,83,2007,"Suspense",236,2009-11-11,"Howie Askins",,
917,tt2128679,2014-01-02,2014-01-02,,"Huff","Huff",https://www.imdb.com/title/tt2128679/,Película,3.1,92,2013,"Terror, Suspense",415,2013-04-05,"Paul Morrell",,
918,tt1529564,2014-01-02,2014-01-02,,"Playing House","Playing House",https://www.imdb.com/title/tt1529564/,Película,4.1,84,2011,"Suspense",590,2011-02-25,"Tom Vaughan",,
919,tt0078111,2014-01-04,2014-01-04,,"La pequeña","Pretty Baby",https://www.imdb.com/title/tt0078111/,Película,6.5,110,1978,"Drama",14419,1978-10-02,"Louis Malle",,
920,tt2835548,2014-01-05,2014-01-05,,"Grand Central","Grand Central",https://www.imdb.com/title/tt2835548/,Película,6.2,94,2013,"Comedia, Drama, Romance",3199,2013-08-28,"Rebecca Zlotowski",,
921,tt2442466,2014-01-05,2014-01-05,,"All the Light in the Sky","All the Light in the Sky",https://www.imdb.com/title/tt2442466/,Película,6.4,79,2012,"Drama",791,2013-12-03,"Joe Swanberg",,
922,tt0089565,2014-01-05,2014-01-05,,"Mata Hari","Mata Hari",https://www.imdb.com/title/tt0089565/,Película,4.2,108,1985,"Drama, Suspense, Bélico",1306,1985-06-06,"Curtis Harrington",,
923,tt0082948,2014-01-05,2014-01-05,,"La primera lección","Private Lessons",https://www.imdb.com/title/tt0082948/,Película,5.1,87,1981,"Comedia, Romance",4891,1981-06-10,"Alan Myerson, James Fargo",,
924,tt1226334,2014-01-05,2014-01-05,,"Élève libre","Élève libre",https://www.imdb.com/title/tt1226334/,Película,6.2,105,2008,"Drama",1134,2009-01-21,"Joachim Lafosse",,
925,tt0082640,2014-01-05,2014-01-05,,"El amante de Lady Chatterley","Lady Chatterley's Lover",https://www.imdb.com/title/tt0082640/,Película,5.2,104,1981,"Drama, Romance",3802,1982-02-19,"Just Jaeckin",,
926,tt2933968,2014-01-08,2014-01-08,,"Amerikan Holokaust","Amerikan Holokaust",https://www.imdb.com/title/tt2933968/,Película,5.5,80,2013,"Terror",100,2013-08-02,"Chris Woods",,
927,tt2312890,2014-01-08,2014-01-08,,"Afternoon Delight","Afternoon Delight",https://www.imdb.com/title/tt2312890/,Película,5.7,98,2013,"Comedia, Drama",12344,2013-09-15,"Joey Soloway",,
928,tt1285309,2014-01-12,2014-01-12,,"La familia Jones","The Joneses",https://www.imdb.com/title/tt1285309/,Película,6.4,96,2009,"Comedia, Drama",43106,2010-04-23,"Derrick Borte",,
929,tt0865554,2014-01-12,2014-01-12,,"Los confidentes","The Informers",https://www.imdb.com/title/tt0865554/,Película,4.9,98,2008,"Crimen, Drama, Suspense",18168,2010-10-15,"Gregor Jordan",,
930,tt0086978,2014-01-12,2014-01-12,,"Cita ciega","Blind Date",https://www.imdb.com/title/tt0086978/,Película,4.9,106,1984,"Terror, Ciencia ficción, Suspense",1568,1984-03-15,"Nico Mastorakis",,
931,tt3122390,2014-01-15,2014-01-15,,"Beacon Point","Beacon Point",https://www.imdb.com/title/tt3122390/,Película,4.6,85,2016,"Suspense",2843,2017-07,"Eric Blue",,
932,tt2435286,2014-01-16,2014-01-16,,"Redlands","Redlands",https://www.imdb.com/title/tt2435286/,Película,4.7,108,2014,"Drama",198,2014-01-10,"John Brian King",,
933,tt0088067,2014-01-17,2014-01-17,,"Screamplay: Asesinatos anunciados","Screamplay",https://www.imdb.com/title/tt0088067/,Película,6.1,92,1984,"Comedia, Terror, Misterio",427,1984-11-02,"Rufus Butler Seder",,
934,tt2764478,2014-01-17,2014-01-17,,"El futuro","El futuro",https://www.imdb.com/title/tt2764478/,Película,5.5,67,2013,"Drama, Historia",250,2013-11-09,"Luis López Carrasco",,
935,tt1504019,2014-01-17,2014-01-17,,"Memoria de mis putas tristes","Memoria de mis putas tristes",https://www.imdb.com/title/tt1504019/,Película,5.8,90,2011,"Comedia, Drama, Romance",1243,2012-05-03,"Henning Carlsen",,
936,tt2752200,2014-01-17,2014-01-17,,"Joven y bonita","Jeune et jolie",https://www.imdb.com/title/tt2752200/,Película,6.7,95,2013,"Drama, Romance",41289,2013-08-21,"François Ozon",,
937,tt0324133,2014-01-17,2014-01-17,,"Swimming Pool","Swimming Pool",https://www.imdb.com/title/tt0324133/,Película,6.7,102,2003,"Crimen, Drama, Misterio, Suspense",51830,2003-10-24,"François Ozon",,
938,tt1067765,2014-01-17,2014-01-17,,"Adult World","Adult World",https://www.imdb.com/title/tt1067765/,Película,6.1,97,2013,"Comedia, Drama",19290,2014-02-14,"Scott Coffey",,
939,tt0938330,2014-01-17,2014-01-17,,"Silent Hill: Revelación 3D","Silent Hill: Revelation",https://www.imdb.com/title/tt0938330/,Película,4.9,95,2012,"Drama, Terror, Misterio, Suspense",72376,2016-09,"MJ Bassett",,
940,tt1772250,2014-01-19,2014-01-19,,"La cara oculta","La cara oculta",https://www.imdb.com/title/tt1772250/,Película,7.3,97,2011,"Drama, Misterio, Suspense",49988,2011-09-16,"Andrés Baiz",,
941,tt0765461,2014-01-19,2014-01-19,,"El juego del ahorcado","El juego del ahorcado",https://www.imdb.com/title/tt0765461/,Película,5.9,114,2008,"Drama",805,2009-01-30,"Manuel Gómez Pereira",,
942,tt0287986,2014-01-19,2014-01-19,,"Dios es grande, yo soy pequeña","Dieu est grand, je suis toute petite",https://www.imdb.com/title/tt0287986/,Película,5.2,95,2001,"Comedia, Romance",2576,2001-09-26,"Pascale Bailly",,
943,tt0482088,2014-01-19,2014-01-19,,"Un engaño de lujo","Hors de prix",https://www.imdb.com/title/tt0482088/,Película,7.0,106,2006,"Comedia, Romance",34456,2007-06-15,"Pierre Salvadori",,
944,tt0214878,2014-01-19,2014-01-19,,"El libertino","Le libertin",https://www.imdb.com/title/tt0214878/,Película,6.2,100,2000,"Comedia, Historia",1936,2000-06-30,"Gabriel Aghion",,
945,tt0409184,2014-01-19,2014-01-19,,"Las muñecas rusas","Les poupées russes",https://www.imdb.com/title/tt0409184/,Película,6.9,125,2005,"Comedia, Drama, Romance",22022,2005-07-29,"Cédric Klapisch",,
946,tt0174330,2014-01-19,2014-01-19,,"Venus, salón de belleza","Vénus beauté (institut)",https://www.imdb.com/title/tt0174330/,Película,6.3,105,1999,"Comedia, Drama, Romance",4658,2000-03-03,"Tonie Marshall",,
947,tt1436463,2014-01-19,2014-01-19,,"Slave","Slave",https://www.imdb.com/title/tt1436463/,Película,3.7,81,2009,"Crimen, Suspense",688,2009-07,"Darryn Welch",,
948,tt0021106,2014-01-19,2014-01-19,,"Madame Satán","Madam Satan",https://www.imdb.com/title/tt0021106/,Película,6.3,116,1930,"Comedia, Drama, Musical, Romance",1599,1930-09-20,"Cecil B. DeMille",,
949,tt0245120,2014-01-21,2014-01-21,,"Los malditos, vampiros del desierto","The Forsaken",https://www.imdb.com/title/tt0245120/,Película,5.3,90,2001,"Acción, Fantasía, Terror, Suspense",9745,2001-11-23,"J.S. Cardone",,
950,tt2306814,2014-01-22,2014-01-22,,"Al Pereira vs. the Alligator Ladies","Al Pereira vs. the Alligator Ladies",https://www.imdb.com/title/tt2306814/,Película,3.1,81,2012,"Comedia, Terror",200,2012-10-11,"Jesús Franco",,
951,tt0100879,2014-01-22,2014-01-22,,"Constantes vitales","Vital Signs",https://www.imdb.com/title/tt0100879/,Película,5.5,103,1990,"Drama, Romance",932,1990-04-13,"Marisa Silver",,
952,tt0092656,2014-01-22,2014-01-22,,"Mano de oro","The Big Town",https://www.imdb.com/title/tt0092656/,Película,5.9,109,1987,"Drama, Romance, Suspense",2872,1987-09-25,"Ben Bolt, Harold Becker",,
953,tt0085318,2014-01-22,2014-01-22,,"Rejas ardientes","Chained Heat",https://www.imdb.com/title/tt0085318/,Película,5.0,95,1983,"Acción, Crimen, Drama, Suspense",2877,1984-08-29,"Paul Nicholas",,
954,tt1078899,2014-01-22,2014-01-22,,"Impulso homicida","Impulse",https://www.imdb.com/title/tt1078899/,Vídeo,4.7,101,2008,"Drama, Misterio, Suspense",1961,2008-04-15,"Charles T. Kanganis",,
955,tt0052556,2014-01-23,2014-01-23,,"Los amantes","Les Amants",https://www.imdb.com/title/tt0052556/,Película,7.1,90,1958,"Drama, Romance",6466,1958-11-05,"Louis Malle",,
956,tt0053002,2014-01-23,2014-01-23,,"Las relaciones peligrosas","Les liaisons dangereuses",https://www.imdb.com/title/tt0053002/,Película,6.8,111,1959,"Drama, Romance",1677,1959-09-10,"Roger Vadim",,
957,tt0059435,2014-01-23,2014-01-23,,"Mata-Hari, agente H-21","Mata Hari, agent H21",https://www.imdb.com/title/tt0059435/,Película,6.2,98,1964,"Drama, Historia, Romance, Bélico",525,1966-04-06,"Jean-Louis Richard",,
958,tt1100051,2014-01-23,2014-01-23,,"Bereavement","Bereavement",https://www.imdb.com/title/tt1100051/,Película,5.1,109,2010,"Crimen, Terror, Suspense",8758,2010-07-16,"Stevan Mena",,
959,tt0047401,2014-01-23,2014-01-23,,"La reina Margot","La Reine Margot",https://www.imdb.com/title/tt0047401/,Película,6.2,106,1954,"Drama, Historia",263,1954-11-25,"Jean Dréville",,
960,tt2214941,2014-01-24,2014-01-24,,"Daddy's Little Girl","Daddy's Little Girl",https://www.imdb.com/title/tt2214941/,Película,5.8,107,2014,"Terror, Suspense",2149,2014-01-08,"Chris Sun",,
961,tt0120866,2014-01-26,2014-01-26,,"Titus","Titus",https://www.imdb.com/title/tt0120866/,Película,7.0,162,1999,"Drama, Historia, Suspense",22366,2004-01-23,"Julie Taymor",,
962,tt0100650,2014-01-26,2014-01-26,,"El sol también sale de noche","Il sole anche di notte",https://www.imdb.com/title/tt0100650/,Película,7.1,113,1990,"Drama, Romance",953,1990-05-15,"Paolo Taviani, Vittorio Taviani",,
963,tt1865335,2014-01-26,2014-01-26,,"Confession of a Child of the Century","Confession of a Child of the Century",https://www.imdb.com/title/tt1865335/,Película,4.2,120,2012,"Drama, Romance",708,2012-08-29,"Sylvie Verheyde",,
964,tt1067107,2014-01-26,2014-01-26,,"For Christ's Sake","For Christ's Sake",https://www.imdb.com/title/tt1067107/,Película,5.7,90,2010,"Comedia",119,2011-12-06,"Jackson Douglas",,
965,tt0251110,2014-01-26,2014-01-26,,"Gypsy 83","Gypsy 83",https://www.imdb.com/title/tt0251110/,Película,6.7,94,2001,"Drama, Romance",2059,2001-06-06,"Todd Stephens",,
966,tt1372306,2014-01-26,2014-01-26,,"Year of the Carnivore","Year of the Carnivore",https://www.imdb.com/title/tt1372306/,Película,5.6,88,2009,"Comedia, Drama",726,2009-09-10,"Sook-Yin Lee",,
967,tt0929632,2014-01-26,2014-01-26,,"Precious","Precious",https://www.imdb.com/title/tt0929632/,Película,7.3,110,2009,"Drama",121863,2010-02-05,"Lee Daniels",,
968,tt0954544,2014-01-27,2014-01-27,,"The Vintner's Luck","The Vintner's Luck",https://www.imdb.com/title/tt0954544/,Película,5.6,121,2009,"Drama, Fantasía, Romance",1034,2009-11-12,"Niki Caro",,
969,tt0785012,2014-01-27,2014-01-27,,"In Tranzit","In Tranzit",https://www.imdb.com/title/tt0785012/,Película,5.7,113,2008,"Drama, Romance, Bélico",2985,2012-06-30,"Tom Roberts",,
970,tt0363579,2014-01-27,2014-01-27,,"Down to the Bone","Down to the Bone",https://www.imdb.com/title/tt0363579/,Película,6.6,104,2004,"Drama",2562,2005-03-18,"Debra Granik",,
971,tt0350146,2014-01-27,2014-01-27,,"SpiderBabe","SpiderBabe",https://www.imdb.com/title/tt0350146/,Vídeo,4.0,89,2003,"Aventura, Comedia, Ciencia ficción",1078,2005-05-27,"Johnny Crash",,
972,tt0111001,2014-01-27,2014-01-27,,"El balneario de Battle Creek","The Road to Wellville",https://www.imdb.com/title/tt0111001/,Película,5.9,118,1994,"Comedia, Drama",14130,1995-04-28,"Alan Parker",,
973,tt0113131,2014-01-27,2014-01-27,,"El masaje","Full Body Massage",https://www.imdb.com/title/tt0113131/,Película de TV,5.5,93,1995,"Drama",1995,1995-11-05,"Nicolas Roeg",,
974,tt0102757,2014-01-27,2014-01-27,,"El despertar de Sharon","The Rapture",https://www.imdb.com/title/tt0102757/,Película,6.3,100,1991,"Drama, Misterio, Suspense",6480,1991-10-04,"Michael Tolkin",,
975,tt0159730,2014-01-27,2014-01-27,,"Sex monster","The Sex Monster",https://www.imdb.com/title/tt0159730/,Película,5.1,97,1999,"Comedia",3108,1999-05-15,"Mike Binder",,
976,tt2147459,2014-01-30,2014-01-30,,"Patrick","Patrick",https://www.imdb.com/title/tt2147459/,Película,4.9,96,2013,"Terror",4405,2013-10-17,"Mark Hartley",,
977,tt0078067,2014-01-30,2014-01-30,,"Patrick","Patrick",https://www.imdb.com/title/tt0078067/,Película,6.2,112,1978,"Drama, Terror, Ciencia ficción",4579,1979-08-16,"Richard Franklin",,
978,tt1596745,2014-01-30,2014-01-30,,"Mara","Mara",https://www.imdb.com/title/tt1596745/,Película,2.9,77,2013,"Terror, Misterio, Suspense",276,2014-01-13,"Åke Gustafsson, Fredrik Hedberg, Jacob Kondrup",,
979,tt0349248,2014-01-30,2014-01-30,,"Cosa de brujas","Cosa de brujas",https://www.imdb.com/title/tt0349248/,Película,5.3,102,2003,"Acción, Comedia, Drama, Terror, Suspense",331,2003-01-17,"José Miguel Juárez",,
980,tt0382205,2014-01-30,2014-01-30,,"Ojos de cristal","Occhi di cristallo",https://www.imdb.com/title/tt0382205/,Película,6.3,107,2004,"Misterio, Suspense",1190,2004-11-26,"Eros Puglielli",,
981,tt2920808,2014-01-31,2014-01-31,,"El misterio de God's Pocket","God's Pocket",https://www.imdb.com/title/tt2920808/,Película,6.1,88,2014,"Crimen, Drama",13447,2014-08-08,"John Slattery",,
982,tt1605717,2014-01-31,2014-01-31,,"Frank","Frank",https://www.imdb.com/title/tt1605717/,Película,6.9,95,2014,"Comedia, Drama, Música",84908,2014-09-26,"Lenny Abrahamson",,
983,tt3186318,2014-01-31,2014-01-31,,"Hellion","Hellion",https://www.imdb.com/title/tt3186318/,Película,6.0,99,2014,"Drama, Suspense",5811,2014-06-13,"Kat Candler",,
984,tt2616810,2014-01-31,2014-01-31,,"Blind","Blind",https://www.imdb.com/title/tt2616810/,Película,6.8,96,2014,"Drama",9552,2014-02-28,"Eskil Vogt",,
985,tt2409300,2014-01-31,2014-01-31,,"Killers","Killers",https://www.imdb.com/title/tt2409300/,Película,6.4,137,2014,"Acción, Crimen, Drama, Terror, Suspense",5685,2014-02-01,"Kimo Stamboel, Timo Tjahjanto",,
986,tt2280358,2014-02-01,2014-02-01,,"Omnívoros","Omnívoros",https://www.imdb.com/title/tt2280358/,Película,5.6,87,2013,"Terror, Suspense",1015,2013-09-20,"Óscar Rojo",,
987,tt2388765,2014-02-01,2014-02-01,,"The Corpse Grinders 3","The Corpse Grinders 3",https://www.imdb.com/title/tt2388765/,Película,3.5,81,2012,"Comedia, Terror, Suspense",103,2012-12-14,"Manolito Motosierra",,
988,tt0384573,2014-02-02,2014-02-02,,"Swimmers","Swimmers",https://www.imdb.com/title/tt0384573/,Película,6.1,90,2005,"Drama",571,2005-01-22,"Doug Sadler",,
989,tt1315350,2014-02-02,2014-02-02,,"Cherry","Cherry",https://www.imdb.com/title/tt1315350/,Película,6.6,99,2010,"Comedia, Drama",5556,2011-06-24,"Jeffrey Fine",,
990,tt0800027,2014-02-04,2014-02-04,,"El juego del amor","Feast of Love",https://www.imdb.com/title/tt0800027/,Película,6.5,97,2007,"Drama, Romance",17727,2007-11-16,"Robert Benton",,
991,tt0808526,2014-02-05,2014-02-05,,"La vida en tiempos de guerra","Life During Wartime",https://www.imdb.com/title/tt0808526/,Película,6.4,98,2009,"Comedia, Drama",8347,2010-07-30,"Todd Solondz",,
992,tt0097714,2014-02-05,2014-02-05,,"Última salida Brooklyn","Last Exit to Brooklyn",https://www.imdb.com/title/tt0097714/,Película,6.8,102,1989,"Drama",7735,1990-01-05,"Uli Edel",,
993,tt0082352,2014-02-05,2014-02-05,,"Los ojos de un extraño","Eyes of a Stranger",https://www.imdb.com/title/tt0082352/,Película,6.0,84,1981,"Terror, Suspense",3704,1981-03-27,"Ken Wiederhorn",,
994,tt0110588,2014-02-05,2014-02-05,,"La Sra. Parker y el círculo vicioso","Mrs. Parker and the Vicious Circle",https://www.imdb.com/title/tt0110588/,Película,6.4,125,1994,"Biografía, Drama",5104,1995-06-09,"Alan Rudolph",,
995,tt0085595,2014-02-05,2014-02-05,,"La muerte conduce a Osaka","Girls of the White Orchid",https://www.imdb.com/title/tt0085595/,Película de TV,5.1,98,1983,"Crimen, Drama",535,1983-11-28,"Jonathan Kaplan",,
996,tt0095497,2014-02-05,2014-02-05,,"La última tentación de Cristo","The Last Temptation of Christ",https://www.imdb.com/title/tt0095497/,Película,7.5,164,1988,"Drama",68908,1988-08-12,"Martin Scorsese",,
997,tt0111003,2014-02-09,2014-02-09,,"Alguien mueve los hilos","The Puppet Masters",https://www.imdb.com/title/tt0111003/,Película,5.9,109,1994,"Terror, Ciencia ficción, Suspense",10543,1994-10-21,"Stuart Orme",,
998,tt1705118,2014-02-16,2014-02-16,,"LelleBelle","LelleBelle",https://www.imdb.com/title/tt1705118/,Película de TV,5.4,85,2010,"Drama, Música, Romance",1759,2010-10-09,"Mischa Kamp",,
999,tt0097252,2014-02-16,2014-02-16,,"El clic","Le déclic",https://www.imdb.com/title/tt0097252/,Película,4.2,87,1985,"Suspense",404,1985-04-17,"Jean-Louis Richard, Steve Barnett",,
1000,tt1931602,2014-02-16,2014-02-16,,"Buenas chicas","Very Good Girls",https://www.imdb.com/title/tt1931602/,Película,5.9,91,2013,"Drama, Romance",16944,2014-06-24,"Naomi Foner",,
1001,tt1311071,2014-02-16,2014-02-16,,"Amores asesinos","Kill Your Darlings",https://www.imdb.com/title/tt1311071/,Película,6.4,104,2013,"Biografía, Drama, Romance, Suspense",43646,2013-10-03,"John Krokidas",,
1002,tt1649780,2014-02-16,2014-02-16,,"Paz, amor y malentendidos","Peace, Love & Misunderstanding",https://www.imdb.com/title/tt1649780/,Película,5.9,96,2011,"Comedia, Drama, Música, Romance",9160,2012-08-16,"Bruce Beresford",,
1003,tt0064665,2014-02-16,2014-02-16,,"Cowboy de medianoche","Midnight Cowboy",https://www.imdb.com/title/tt0064665/,Película,7.8,113,1969,"Drama",132684,1969-05-25,"John Schlesinger",,
1004,tt0250468,2014-02-16,2014-02-16,,"Suavemente me mata","Killing Me Softly",https://www.imdb.com/title/tt0250468/,Película,5.4,104,2002,"Drama, Misterio, Romance, Suspense",20991,2002-05-10,"Kaige Chen",,
1005,tt1090749,2014-02-16,2014-02-16,,"Consent","Consent",https://www.imdb.com/title/tt1090749/,Película,5.5,87,2010,"Drama",807,2013-02-19,"Ron Brown",,
1006,tt1285010,2014-02-16,2014-02-16,,"El crepúsculo de Summer","Summer's Blood",https://www.imdb.com/title/tt1285010/,Película,4.4,91,2009,"Terror, Suspense",3467,2010-03-03,"Lee Demarbre",,
1007,tt0111205,2014-02-16,2014-02-16,,"Mi querida hermana","Sister My Sister",https://www.imdb.com/title/tt0111205/,Película,6.5,89,1994,"Drama, Suspense",4061,1994-12-15,"Nancy Meckler",,
1008,tt0443527,2014-02-16,2014-02-16,,"Los hamilton","The Hamiltons",https://www.imdb.com/title/tt0443527/,Película,5.0,86,2006,"Drama, Terror, Suspense",9242,2006-04-29,"Mitchell Altieri, Phil Flores",,
1009,tt1831806,2014-02-16,2014-02-16,,"The Thompsons","The Thompsons",https://www.imdb.com/title/tt1831806/,Película,4.7,82,2012,"Drama, Terror, Suspense",2544,2024,"Mitchell Altieri, Phil Flores",,
1010,tt0423869,2014-02-16,2014-02-16,,"Blood","Blood",https://www.imdb.com/title/tt0423869/,Película,5.3,90,2004,"Drama",481,2004-10-22,"Jerry Ciccoritti",,
1011,tt0379976,2014-02-16,2014-02-16,,"Savage Grace","Savage Grace",https://www.imdb.com/title/tt0379976/,Película,5.7,97,2007,"Drama",12775,2008-01-25,"Tom Kalin",,
1012,tt1521197,2014-02-16,2014-02-16,,"Anonymous","Anonymous",https://www.imdb.com/title/tt1521197/,Película,6.8,130,2011,"Drama, Suspense",43518,2011-11-11,"Roland Emmerich",,
1013,tt0119324,2014-02-16,2014-02-16,,"Almas gemelas","The House of Yes",https://www.imdb.com/title/tt0119324/,Película,6.6,85,1997,"Comedia, Drama, Suspense",9405,1998-10-02,"Mark Waters",,
1014,tt0120088,2014-02-16,2014-02-16,,"Wicked","Wicked",https://www.imdb.com/title/tt0120088/,Película,5.3,88,1998,"Suspense",3709,1998-01-17,"Michael Steinberg",,
1015,tt0113249,2014-02-16,2014-02-16,,"Mentiras inocentes","Innocent Lies",https://www.imdb.com/title/tt0113249/,Película,4.5,87,1995,"Drama, Misterio, Suspense",1232,1995-10-27,"Patrick Dewolf",,
1016,tt0093036,2014-02-16,2014-02-16,,"Flores en el ático","Flowers in the Attic",https://www.imdb.com/title/tt0093036/,Película,5.8,93,1987,"Drama, Misterio, Suspense",12351,1988-03-11,"Jeffrey Bloom",,
1017,tt0118840,2014-02-16,2014-02-16,,"The Manson Family","The Manson Family",https://www.imdb.com/title/tt0118840/,Película,5.5,95,1997,"Crimen, Drama, Historia, Terror, Suspense",3511,2004-10-22,"Jim Van Bebber",,
1018,tt0068918,2014-02-16,2014-02-16,,"Manson","Manson",https://www.imdb.com/title/tt0068918/,Película,7.2,83,1973,"Documental, Biografía, Crimen",1232,1973-01,"Robert Hendrickson, Laurence Merrick",,
1019,tt0183492,2014-02-16,2014-02-16,,"Manson Family Movies","Manson Family Movies",https://www.imdb.com/title/tt0183492/,Vídeo,4.3,88,1984,"Terror",154,,"John Aes-Nihil",,
1020,tt0062430,2014-02-16,2014-02-16,,"El valle de las muñecas","Valley of the Dolls",https://www.imdb.com/title/tt0062430/,Película,6.1,123,1967,"Drama, Música, Romance",10982,1968-06-20,"Mark Robson",,
1021,tt2238470,2014-02-19,2014-02-19,,"The Stranger","The Stranger",https://www.imdb.com/title/tt2238470/,Película,4.9,93,2014,"Drama, Terror, Misterio, Suspense",3228,2015-08-13,"Guillermo Amoedo",,
1022,tt0819953,2014-02-20,2014-02-20,,"La edad de la ignorancia","L'âge des ténèbres",https://www.imdb.com/title/tt0819953/,Película,6.8,104,2007,"Comedia, Drama, Fantasía",3312,2008-04-11,"Denys Arcand",,
1023,tt2839540,2014-02-20,2014-02-20,,"Hi-8 (Horror Independent 8)","Hi-8 (Horror Independent 8)",https://www.imdb.com/title/tt2839540/,Película,4.5,98,2013,"Comedia, Terror",232,2014-01-26,"Ron Bonk, Donald Farmer, Marcus Koch, Tony Masiello, Tim Ritter, Chris Seaver, Todd Sheets, Brad Sykes",,
1024,tt0076121,2014-02-23,2014-02-23,,"Ha-Gan","Ha-Gan",https://www.imdb.com/title/tt0076121/,Película,5.5,90,1977,"Drama",136,1977-05,"Victor Nord",,
1025,tt0076239,2014-02-23,2014-02-23,,"Juventud rebelde (Destino: escapar)","Joyride",https://www.imdb.com/title/tt0076239/,Película,5.7,92,1977,"Aventura, Comedia, Crimen, Drama, Romance",656,1977-06,"Joseph Ruben",,
1026,tt0073453,2014-02-23,2014-02-23,,"La noche se mueve","Night Moves",https://www.imdb.com/title/tt0073453/,Película,7.1,100,1975,"Crimen, Drama, Misterio, Suspense",21666,1976-03-15,"Arthur Penn",,
1027,tt0330099,2014-02-23,2014-02-23,,"The Brown Bunny","The Brown Bunny",https://www.imdb.com/title/tt0330099/,Película,4.9,93,2003,"Drama",17203,2003-11-14,"Vincent Gallo",,
1028,tt1726669,2014-02-23,2014-02-23,,"Killer Joe","Killer Joe",https://www.imdb.com/title/tt1726669/,Película,6.7,102,2011,"Crimen, Drama, Suspense",89367,2012-06-29,"William Friedkin",,
1029,tt1879030,2014-02-23,2014-02-23,,"Q (Desire)","Q",https://www.imdb.com/title/tt1879030/,Película,5.4,103,2011,"Drama, Romance",10073,2011-09-14,"Laurent Bouhnik",,
1030,tt1326188,2014-02-24,2014-02-24,,"Bad Actress","Bad Actress",https://www.imdb.com/title/tt1326188/,Película,4.2,86,2011,"Comedia",264,2011,"Robert Lee King",,
1031,tt0116514,2014-02-24,2014-02-24,,"Hellraiser 4 El final de la dinastía sangrienta","Hellraiser: Bloodline",https://www.imdb.com/title/tt0116514/,Película,5.1,85,1996,"Terror, Ciencia ficción",27242,1996-03-08,"Kevin Yagher",,
1032,tt0229440,2014-02-24,2014-02-24,,"Hellraiser: Inferno","Hellraiser: Inferno",https://www.imdb.com/title/tt0229440/,Vídeo,5.4,99,2000,"Crimen, Terror, Misterio, Suspense",21288,2000-10-03,"Scott Derrickson",,
1033,tt0337636,2014-02-24,2014-02-24,,"Hellraiser: Deader","Hellraiser: Deader",https://www.imdb.com/title/tt0337636/,Vídeo,4.3,88,2005,"Terror, Misterio, Suspense",13284,2005-06-07,"Rick Bota",,
1034,tt0274546,2014-02-24,2014-02-24,,"Hellraiser: Hellseeker","Hellraiser: Hellseeker",https://www.imdb.com/title/tt0274546/,Vídeo,4.8,88,2002,"Terror, Misterio, Suspense",16052,2002-10-15,"Rick Bota",,
1035,tt0354623,2014-02-24,2014-02-24,,"Hellraiser: Hellworld","Hellraiser: Hellworld",https://www.imdb.com/title/tt0354623/,Vídeo,4.2,91,2005,"Terror",14617,2005-09-06,"Rick Bota",,
1036,tt0089280,2014-02-26,2014-02-26,,"Hobgoblins","Hobgoblins",https://www.imdb.com/title/tt0089280/,Película,2.3,88,1988,"Comedia, Terror, Ciencia ficción",12801,1988-07-14,"Rick Sloane",,
1037,tt0083959,2014-02-26,2014-02-26,,"Galaxia prohibida","Forbidden World",https://www.imdb.com/title/tt0083959/,Película,5.1,77,1982,"Terror, Ciencia ficción",7727,1982-05-07,"Allan Holzman",,
1038,tt1637976,2014-02-26,2014-02-26,,"#1 Cheerleader Camp","#1 Cheerleader Camp",https://www.imdb.com/title/tt1637976/,Vídeo,3.7,95,2010,"Comedia",3751,2010-07-27,"Mark Quod",,
1039,tt1294969,2014-02-26,2014-02-26,,"18-Year-Old Virgin","18-Year-Old Virgin",https://www.imdb.com/title/tt1294969/,Vídeo,2.9,86,2009,"Comedia",9698,2009-01-20,"Tamara Olson",,
1040,tt2413338,2014-02-26,2014-02-26,,"Abducted","Abducted",https://www.imdb.com/title/tt2413338/,Película,4.5,96,2013,"Terror, Ciencia ficción, Suspense",607,2013-09-03,"Lucy Phillips, Glen Scantlebury",,
1041,tt1912996,2014-02-26,2014-02-26,,"Barely Legal","Barely Legal",https://www.imdb.com/title/tt1912996/,Vídeo,3.2,89,2011,"Comedia",3316,2011-07-26,"Jose Montesinos",,
1042,tt2304517,2014-02-26,2014-02-26,,"Bikini Spring Break","Bikini Spring Break",https://www.imdb.com/title/tt2304517/,Vídeo,3.2,87,2012,"Comedia",2309,2012-06-26,"Jared Cohn",,
1043,tt2136808,2014-02-26,2014-02-26,,"Celebrity Sex Tape","Celebrity Sex Tape",https://www.imdb.com/title/tt2136808/,Película,2.9,87,2012,"Comedia",3195,2012-02-02,"Scott Wheeler",,
1044,tt1027698,2014-02-26,2014-02-26,,"Invasion of the Pod People","Invasion of the Pod People",https://www.imdb.com/title/tt1027698/,Vídeo,2.5,85,2007,"Ciencia ficción, Suspense",915,2007-11-02,"Justin Jones",,
1045,tt1730704,2014-02-26,2014-02-26,,"Milf","Milf",https://www.imdb.com/title/tt1730704/,Vídeo,3.8,88,2010,"Comedia",6369,2010-10-26,"Scott Wheeler",,
1046,tt2236182,2014-02-26,2014-02-26,,"El origen de los zombies","Rise of the Zombies",https://www.imdb.com/title/tt2236182/,Película de TV,3.6,89,2012,"Acción, Aventura, Drama, Terror, Ciencia ficción, Suspense",3514,2012-10-27,"Nick Lyon",,
1047,tt0113368,2014-02-27,2014-02-27,,"Una chica muy traviesa","I Like to Play Games",https://www.imdb.com/title/tt0113368/,Película,5.0,95,1995,"Drama, Suspense",1124,1995-09-12,"Robert Kubilos",,
1048,tt0281148,2014-02-27,2014-02-27,,"Pray for Power","Pray for Power",https://www.imdb.com/title/tt0281148/,Vídeo,4.0,105,2001,"Drama",100,2001-01-16,"Brad Jacques",,
1049,tt0151331,2014-02-27,2014-02-27,,"El diablo viste de negro","Let the Devil Wear Black",https://www.imdb.com/title/tt0151331/,Película,4.9,91,1999,"Crimen, Drama, Suspense",777,2000-06-09,"Stacy Title",,
1050,tt0148835,2014-02-27,2014-02-27,,"Sheer Passion","Sheer Passion",https://www.imdb.com/title/tt0148835/,Película,4.3,93,1998,"Suspense",407,2003-06-11,"John Quinn",,
1051,tt0276565,2014-02-27,2014-02-27,,"Time Hunters","Time Hunters",https://www.imdb.com/title/tt0276565/,Película,6.0,,1997,,17,,"Christian Viel",,
1052,tt0192234,2014-02-27,2014-02-27,,"Leaving Scars","Leaving Scars",https://www.imdb.com/title/tt0192234/,Película,4.2,90,1997,"Acción, Suspense",95,1997-11-18,"Brad Jacques",,
1053,tt0125950,2014-02-27,2014-02-27,,"Una noche para recordar","The Night That Never Happened",https://www.imdb.com/title/tt0125950/,Película,4.3,95,1997,"Drama",307,1997,"James Wvinner",,
1054,tt0116142,2014-02-27,2014-02-27,,"Sueños invadidos","Dream Master: The Erotic Invader",https://www.imdb.com/title/tt0116142/,Película,4.6,86,1996,"Misterio, Ciencia ficción, Suspense",280,1996,"Jackie Garth",,
1055,tt0112613,2014-02-27,2014-02-27,,"Caged Heat 3000","Caged Heat 3000",https://www.imdb.com/title/tt0112613/,Película,3.6,80,1995,"Acción, Ciencia ficción",369,1995-12-19,"Aaron Osborne",,
1056,tt0112320,2014-02-27,2014-02-27,,"Alien terminator","Alien Terminator",https://www.imdb.com/title/tt0112320/,Película,2.9,80,1995,"Terror, Ciencia ficción",730,1996-10-09,"Dave Payne",,
1057,tt0110512,2014-02-27,2014-02-27,,"Midnight Tease","Midnight Tease",https://www.imdb.com/title/tt0110512/,Película,3.8,83,1994,"Misterio, Suspense",372,1994-09,"Scott P. Levy",,
1058,tt0106313,2014-02-27,2014-02-27,,"Concealed Weapon","Concealed Weapon",https://www.imdb.com/title/tt0106313/,Película,3.9,80,1994,"Suspense",229,,"Dave Payne, Milan Zivkovic",,
1059,tt2238050,2014-02-28,2014-02-28,,"Pájaro blanco de la tormenta de nieve","White Bird in a Blizzard",https://www.imdb.com/title/tt2238050/,Película,6.3,91,2014,"Drama, Misterio, Suspense",31365,2014-09-25,"Gregg Araki",,
1060,tt0165325,2014-03-01,2014-03-01,,"Imagen de un convento","Immagini di un convento",https://www.imdb.com/title/tt0165325/,Película,5.4,103,1979,"Drama, Terror, Suspense",1244,1979-08-07,"Joe D'Amato",,
1061,tt0124596,2014-03-01,2014-03-01,,"Forced Entry","Forced Entry",https://www.imdb.com/title/tt0124596/,Película,4.9,83,1973,"X, Terror, Suspense",770,1973-03-16,"Shaun Costello",,
1062,tt0348529,2014-03-01,2014-03-01,,"Anatomía del infierno","Anatomie de l'enfer",https://www.imdb.com/title/tt0348529/,Película,4.5,77,2004,"Drama",7039,2004-01-28,"Catherine Breillat",,
1063,tt0194314,2014-03-01,2014-03-01,,"Romance X","Romance",https://www.imdb.com/title/tt0194314/,Película,5.2,84,1999,"Drama, Romance",13463,1999-07-02,"Catherine Breillat",,
1064,tt2215267,2014-03-01,2014-03-01,,"Little Thirteen","Little Thirteen",https://www.imdb.com/title/tt2215267/,Película,5.3,90,2012,"Drama, Romance",1300,2012-07-05,"Christian Klandt",,
1065,tt2246376,2014-03-01,2014-03-01,,"Sleeper's Wake","Sleeper's Wake",https://www.imdb.com/title/tt2246376/,Película,5.2,94,2012,"Suspense",309,2012-09,"Barry Berk",,
1066,tt0091064,2014-03-05,2014-03-05,,"La mosca","The Fly",https://www.imdb.com/title/tt0091064/,Película,7.6,96,1986,"Drama, Terror, Ciencia ficción",227099,1987-02-09,"David Cronenberg",,
1067,tt2793490,2014-03-08,2014-03-08,,"Starry Eyes","Starry Eyes",https://www.imdb.com/title/tt2793490/,Película,6.0,98,2014,"Terror, Misterio",24354,2014-11-14,"Kevin Kölsch, Dennis Widmyer",,
1068,tt3456784,2014-03-08,2014-03-08,,"Aka x Pinku","Aka x Pinku",https://www.imdb.com/title/tt3456784/,Película,5.3,118,2014,"Acción, Drama",475,2014-02-22,"Kōichi Sakamoto",,
1069,tt3213570,2014-03-08,2014-03-08,,"Shiromajo gakuen","Shiromajo gakuen",https://www.imdb.com/title/tt3213570/,Película,7.2,98,2013,"Acción",19,2013-09-21,"Kōichi Sakamoto",,
1070,tt3171764,2014-03-08,2014-03-08,,"Killer mermaid","Mamula",https://www.imdb.com/title/tt3171764/,Película,4.1,94,2014,"Drama, Fantasía, Terror, Suspense",3433,2014-05-01,"Milan Todorovic",,
1071,tt0425414,2014-03-09,2014-03-09,,"Runaway","Runaway",https://www.imdb.com/title/tt0425414/,Película,6.5,80,2005,"Drama, Suspense",532,2005-04-26,"Tim McCann",,
1072,tt0345228,2014-03-09,2014-03-09,,"Open Window","Open Window",https://www.imdb.com/title/tt0345228/,Película,6.1,97,2006,"Drama",1140,2006-09,"Mia Goldman",,
1073,tt0884328,2014-03-09,2014-03-09,,"La niebla de Stephen King","The Mist",https://www.imdb.com/title/tt0884328/,Película,7.1,126,2007,"Terror, Ciencia ficción, Suspense",379781,2008-05-30,"Frank Darabont",,
1074,tt1760980,2014-03-09,2014-03-09,,"Madrid, 1987","Madrid, 1987",https://www.imdb.com/title/tt1760980/,Película,6.2,105,2011,"Drama",2643,2012-04-13,"David Trueba",,
1075,tt0086637,2014-03-09,2014-03-09,,"Zelig","Zelig",https://www.imdb.com/title/tt0086637/,Película,7.6,79,1983,"Comedia",46285,1983-10-01,"Woody Allen",,
1076,tt2328922,2014-03-11,2014-03-11,,"It Felt Like Love","It Felt Like Love",https://www.imdb.com/title/tt2328922/,Película,5.8,82,2013,"Drama",3084,2014-03-21,"Eliza Hittman",,
1077,tt2088924,2014-03-11,2014-03-11,,"The Cold Lands","The Cold Lands",https://www.imdb.com/title/tt2088924/,Película,6.2,100,2013,"Drama",518,2014-03-14,"Tom Gilroy",,
1078,tt3106868,2014-03-11,2014-03-11,,"Watermark","Watermark",https://www.imdb.com/title/tt3106868/,Película,6.9,92,2013,"Documental",1070,2013-10-11,"Jennifer Baichwal, Edward Burtynsky",,
1079,tt2504022,2014-03-11,2014-03-11,,"Narco Cultura","Narco Cultura",https://www.imdb.com/title/tt2504022/,Película,7.2,103,2013,"Documental, Crimen",2544,2014-03-21,"Shaul Schwarz",,
1080,tt1999987,2014-03-12,2014-03-12,,"Breathe In","Breathe In",https://www.imdb.com/title/tt1999987/,Película,6.3,98,2013,"Drama, Romance",16242,2013-07-19,"Drake Doremus",,
1081,tt1844763,2014-03-12,2014-03-12,,"Refuge","Refuge",https://www.imdb.com/title/tt1844763/,Película,5.9,84,2012,"Drama",615,2014-06-12,"Jessica Goldberg",,
1082,tt0814075,2014-03-12,2014-03-12,,"Líbranos del mal","Deliver Us from Evil",https://www.imdb.com/title/tt0814075/,Película,7.9,101,2006,"Documental, Crimen",11371,2008-07-25,"Amy Berg",,
1083,tt2027231,2014-03-12,2014-03-12,,"Perfect Sisters","Perfect Sisters",https://www.imdb.com/title/tt2027231/,Película,5.6,96,2014,"Crimen, Drama, Terror, Misterio, Suspense",7374,2014-10-07,"Stanley M. Brooks",,
1084,tt2235779,2014-03-14,2014-03-14,,"El estigma del mal","The Quiet Ones",https://www.imdb.com/title/tt2235779/,Película,5.1,98,2014,"Terror, Misterio, Suspense",22233,2014-04-10,"John Pogue",,
1085,tt0493402,2014-03-15,2014-03-15,,"Boarding Gate","Boarding Gate",https://www.imdb.com/title/tt0493402/,Película,5.1,106,2007,"Drama, Suspense",4428,2008-06-20,"Olivier Assayas",,
1086,tt2604346,2014-03-16,2014-03-16,,"¿Quién mató a Bambi?","¿Quién mató a Bambi?",https://www.imdb.com/title/tt2604346/,Película,5.6,86,2013,"Comedia, Crimen",1398,2013-11-15,"Santi Amodeo",,
1087,tt0376650,2014-03-21,2014-03-21,,"Hipnos","Hipnos",https://www.imdb.com/title/tt0376650/,Película,5.4,93,2004,"Drama, Terror, Suspense",1574,2004-10-08,"David Carreras",,
1088,tt0074871,2014-03-29,2014-03-29,,"Die Marquise von Sade","Die Marquise von Sade",https://www.imdb.com/title/tt0074871/,Película,4.8,79,1976,"X, Drama, Terror",795,1976,"Jesús Franco",,
1089,tt0091164,2014-03-29,2014-03-29,,"La calle de la Media Luna","Half Moon Street",https://www.imdb.com/title/tt0091164/,Película,5.4,90,1986,"Drama, Suspense",3017,1987-02-12,"Bob Swaim",,
1090,tt0100949,2014-03-29,2014-03-29,,"Tres historias de seducción","Women and Men: Stories of Seduction",https://www.imdb.com/title/tt0100949/,Película de TV,5.2,83,1990,"Romance, Drama",417,1991-12-14,"Frederic Raphael, Tony Richardson, Ken Russell",,
1091,tt0116675,2014-03-31,2014-03-31,,"Jaded","Jaded",https://www.imdb.com/title/tt0116675/,Película,5.4,95,1998,"Drama",872,1998-07-09,"Caryn Krooth",,
1092,tt2084934,2014-04-06,2014-04-06,,"Kill Zombie","Zombibi",https://www.imdb.com/title/tt2084934/,Película,4.9,90,2012,"Comedia, Terror",1708,2012-02-16,"Martijn Smits, Erwin van den Eshof",,
1093,tt2309961,2014-04-06,2014-04-06,,"Afflicted","Afflicted",https://www.imdb.com/title/tt2309961/,Película,6.2,85,2013,"Terror, Misterio, Ciencia ficción, Suspense",27914,2015-01-27,"Derek Lee, Clif Prowse",,
1094,tt0142922,2014-04-09,2014-04-09,,"Toppû! Minipato tai/Aikyacchi Jankushon","Toppû! Minipato tai/Aikyacchi Jankushon",https://www.imdb.com/title/tt0142922/,Vídeo,5.3,93,1991,"Acción, Comedia, Crimen",152,1991-10-25,"Takashi Miike",,
1095,tt0304313,2014-04-09,2014-04-09,,"Redi hantâ: Koroshi no pureryûdo","Redi hantâ: Koroshi no pureryûdo",https://www.imdb.com/title/tt0304313/,Vídeo,5.7,78,1991,"Acción",146,1991-12-21,"Takashi Miike",,
1096,tt1016290,2014-04-09,2014-04-09,,"Crows Zero","Kurôzu zero",https://www.imdb.com/title/tt1016290/,Película,7.0,130,2007,"Acción, Comedia, Crimen",9710,2007-10-27,"Takashi Miike",,
1097,tt1232831,2014-04-09,2014-04-09,,"Crows II","Kurôzu zero II",https://www.imdb.com/title/tt1232831/,Película,7.2,133,2009,"Acción, Comedia, Crimen, Drama, Suspense",5962,2009-04-11,"Takashi Miike",,
1098,tt0388556,2014-04-09,2014-04-09,,"Zebraman","Zeburâman",https://www.imdb.com/title/tt0388556/,Película,6.5,115,2004,"Comedia, Ciencia ficción",3864,2004-02-14,"Takashi Miike",,
1099,tt1534568,2014-04-09,2014-04-09,,"Zebraman 2: Attack on Zebra City","Zeburâman: Zebura Shiti no gyakushû",https://www.imdb.com/title/tt1534568/,Película,6.0,106,2010,"Acción, Ciencia ficción",908,2010-05-01,"Takashi Miike",,
1100,tt1010055,2014-04-09,2014-04-09,,"Yatterman","Yattâman",https://www.imdb.com/title/tt1010055/,Película,5.9,111,2009,"Acción, Aventura, Comedia, Fantasía, Musical, Ciencia ficción",2135,2009-03-07,"Takashi Miike, Eisuke Naitô, Hatsuki Yokoo",,
1101,tt0425661,2014-04-09,2014-04-09,,"La Gran Guerra Yokai","Yôkai daisensô",https://www.imdb.com/title/tt0425661/,Película,6.3,124,2005,"Aventura, Familiar, Fantasía",2907,2005-08-06,"Takashi Miike",,
1102,tt0300482,2014-04-09,2014-04-09,,"Silver - shirubaa","Silver - shirubaa",https://www.imdb.com/title/tt0300482/,Vídeo,4.5,79,1999,"Crimen, Drama, Romance, Suspense",400,1999-09-21,"Takashi Miike",,
1103,tt0303743,2014-04-09,2014-04-09,,"Tennen shôjo Man next: Yokohama hyaku-ya hen","Tennen shôjo Man next: Yokohama hyaku-ya hen",https://www.imdb.com/title/tt0303743/,Película de TV,5.3,202,1999,"Acción, Terror",142,1999-11-25,"Takashi Miike",,
1104,tt0142181,2014-04-09,2014-04-09,,"Chûgoku no chôjin","Chûgoku no chôjin",https://www.imdb.com/title/tt0142181/,Película,7.4,118,1998,"Aventura, Comedia, Drama, Fantasía",5100,1998-06-10,"Takashi Miike",,
1105,tt0110712,2014-04-09,2014-04-09,,"De amor y de sombras","Of Love and Shadows",https://www.imdb.com/title/tt0110712/,Película,4.9,105,1994,"Drama, Romance, Suspense, Bélico",2661,1995-02-22,"Betty Kaplan",,
1106,tt1900893,2014-04-12,2014-04-12,,"Himizu","Himizu",https://www.imdb.com/title/tt1900893/,Película,7.1,129,2011,"Crimen, Drama, Misterio, Suspense",5451,2012-01-14,"Sion Sono",,
1107,tt3254548,2014-04-12,2014-04-12,,"Hotori no Sakuko","Hotori no Sakuko",https://www.imdb.com/title/tt3254548/,Película,7.1,125,2013,"Drama",496,2014-01-18,"Kōji Fukada",,
1108,tt1745813,2014-04-12,2014-04-12,,"Gekijouban Shinsei kamatte-chan: Rokkun rôru wa nari tomaranai","Gekijouban Shinsei kamatte-chan: Rokkun rôru wa nari tomaranai",https://www.imdb.com/title/tt1745813/,Película,5.9,89,2011,"Drama",69,2011-04-02,"Yū Irie",,
1109,tt0904049,2014-04-12,2014-04-12,,"Ekusute","Ekusute",https://www.imdb.com/title/tt0904049/,Película,6.3,108,2007,"Comedia, Terror",3754,2007-02-17,"Sion Sono",,
1110,tt0492784,2014-04-15,2014-04-15,,"Kimyô na sâkasu","Kimyô na sâkasu",https://www.imdb.com/title/tt0492784/,Película,6.9,108,2005,"Drama, Terror, Misterio, Suspense",6922,2005-12-24,"Sion Sono",,
1111,tt0087799,2014-04-16,2014-04-16,,"La noche del cometa","Night of the Comet",https://www.imdb.com/title/tt0087799/,Película,6.3,95,1984,"Comedia, Terror, Ciencia ficción",27362,1985-05-31,"Thom Eberhardt",,
1112,tt1031280,2014-04-16,2014-04-16,,"Splinter","Splinter",https://www.imdb.com/title/tt1031280/,Película,6.1,82,2008,"Crimen, Terror, Ciencia ficción, Suspense",44787,2009-04-03,"Toby Wilkins",,
1113,tt1226753,2014-04-16,2014-04-16,,"La deuda","The Debt",https://www.imdb.com/title/tt1226753/,Película,6.8,113,2010,"Drama, Suspense",74689,2011-09-08,"John Madden",,
1114,tt1615065,2014-04-16,2014-04-16,,"Salvajes","Savages",https://www.imdb.com/title/tt1615065/,Película,6.4,131,2012,"Crimen, Drama, Suspense",139291,2012-09-28,"Oliver Stone",,
1115,tt0080057,2014-04-16,2014-04-16,,"Nueva York bajo el terror de los zombies","Zombi 2",https://www.imdb.com/title/tt0080057/,Película,6.8,91,1979,"Terror",33680,1980-06-01,"Lucio Fulci",,
1116,tt0862856,2014-04-16,2014-04-16,,"Truco o trato: Terror en Halloween","Trick 'r Treat",https://www.imdb.com/title/tt0862856/,Película,6.7,82,2007,"Comedia, Terror",115302,2015-11-27,"Michael Dougherty",,
1117,tt0087363,2014-04-16,2014-04-16,,"Gremlins","Gremlins",https://www.imdb.com/title/tt0087363/,Película,7.3,106,1984,"Comedia, Fantasía, Terror",277148,1984-08-28,"Joe Dante",,
1118,tt1407972,2014-04-16,2014-04-16,,"Wai dor lei ah yat ho","Wai dor lei ah yat ho",https://www.imdb.com/title/tt1407972/,Película,6.6,96,2010,"Terror",6421,2010-05-13,"Pang Ho-Cheung",,
1119,tt1063669,2014-04-16,2014-04-16,,"La ola","Die Welle",https://www.imdb.com/title/tt1063669/,Película,7.6,107,2008,"Drama, Suspense",122757,2008-11-28,"Dennis Gansel",,
1120,tt0016884,2014-04-16,2014-04-16,,"El demonio y la carne","Flesh and the Devil",https://www.imdb.com/title/tt0016884/,Película,7.6,112,1926,"Drama, Romance",4974,1926-12-25,"Clarence Brown",,
1121,tt0829482,2014-04-16,2014-04-16,,"Supersalidos","Superbad",https://www.imdb.com/title/tt0829482/,Película,7.6,113,2007,"Comedia",703052,2007-10-19,"Greg Mottola",,
1122,tt0150111,2014-04-16,2014-04-16,,"Los chicos del maíz 5: Campos de terror","Children of the Corn V: Fields of Terror",https://www.imdb.com/title/tt0150111/,Vídeo,3.9,83,1998,"Fantasía, Terror, Suspense",5742,1998-06-21,"Ethan Wiley",,
1123,tt1282140,2014-04-16,2014-04-16,,"Rumores y mentiras","Easy A",https://www.imdb.com/title/tt1282140/,Película,7.0,92,2010,"Comedia, Drama, Romance",447436,2010-10-29,"Will Gluck",,
1124,tt0057603,2014-04-16,2014-04-16,,"Las tres caras del miedo","I tre volti della paura",https://www.imdb.com/title/tt0057603/,Película,7.0,92,1963,"Terror",16194,1965-12-06,"Mario Bava",,
1125,tt0080904,2014-04-16,2014-04-16,,"Humanoides del abismo","Humanoids from the Deep",https://www.imdb.com/title/tt0080904/,Película,5.7,80,1980,"Terror, Ciencia ficción",12687,1980-08-25,"Barbara Peeters, Jimmy T. Murakami",,
1126,tt1568346,2014-04-16,2014-04-16,,"Millennium: Los hombres que no amaban a las mujeres","The Girl with the Dragon Tattoo",https://www.imdb.com/title/tt1568346/,Película,7.8,158,2011,"Crimen, Drama, Misterio, Suspense",533030,2012-01-13,"David Fincher",,
1127,tt1772925,2014-04-16,2014-04-16,,"Jiro Dreams of Sushi","Jiro Dreams of Sushi",https://www.imdb.com/title/tt1772925/,Película,7.8,81,2011,"Documental",40015,2012-03-15,"David Gelb",,
1128,tt0411477,2014-04-16,2014-04-16,,"Hellboy II: El ejército dorado","Hellboy II: The Golden Army",https://www.imdb.com/title/tt0411477/,Película,7.0,120,2008,"Acción, Aventura, Fantasía, Terror, Ciencia ficción",300274,2008-08-29,"Guillermo del Toro",,
1129,tt3447282,2014-04-17,2014-04-17,,"Your Lost Memories","Your Lost Memories",https://www.imdb.com/title/tt3447282/,Película,7.8,,2012,"Documental",7,2012,"Miguel Ángel Blanca, Alejandro Marzoa",,
1130,tt1487118,2014-04-21,2014-04-21,,"Chalet Girl","Chalet Girl",https://www.imdb.com/title/tt1487118/,Película,6.3,97,2011,"Comedia, Romance, Deporte",28074,2012-06-13,"Phil Traill",,
1131,tt2102496,2014-04-21,2014-04-21,,"Cabin Fever: Patient Zero","Cabin Fever: Patient Zero",https://www.imdb.com/title/tt2102496/,Película,4.4,91,2014,"Terror, Ciencia ficción",9215,2014-02-13,"Kaare Andrews",,
1132,tt0073115,2014-04-21,2014-04-21,,"Historia de O","Histoire d'O",https://www.imdb.com/title/tt0073115/,Película,5.3,105,1975,"Drama",7637,1978-03-29,"Just Jaeckin",,
1133,tt2479800,2014-04-21,2014-04-21,,"Palo Alto","Palo Alto",https://www.imdb.com/title/tt2479800/,Película,6.1,100,2013,"Drama",33850,2014-05-09,"Gia Coppola",,
1134,tt1146283,2014-04-21,2014-04-21,,"Foreign Exchange","Foreign Exchange",https://www.imdb.com/title/tt1146283/,Película,4.1,85,2008,"Comedia",1664,2008-09-09,"Danny Roth",,
1135,tt1473801,2014-04-21,2014-04-21,,"Sex Pot","Sex Pot",https://www.imdb.com/title/tt1473801/,Vídeo,3.0,96,2009,"Comedia, Romance",3048,2009-08-18,"Eric Forsberg",,
1136,tt0887973,2014-04-23,2014-04-23,,"Zibahkhana","Zibahkhana",https://www.imdb.com/title/tt0887973/,Película,5.3,77,2007,"Terror, Suspense",946,2007-03-31,"Omar Khan",,
1137,tt1326218,2014-04-23,2014-04-23,,"Finale","Finale",https://www.imdb.com/title/tt1326218/,Película,3.4,93,2009,"Drama, Fantasía, Terror, Suspense",410,2010-09-27,"John Michael Elfers",,
1138,tt0403702,2014-04-27,2014-04-27,,"Rebelión adolescente","Youth in Revolt",https://www.imdb.com/title/tt0403702/,Película,6.4,90,2009,"Comedia, Drama, Romance",78336,2010-01-08,"Miguel Arteta",,
1139,tt1127715,2014-04-27,2014-04-27,,"Sin nombre","Sin nombre",https://www.imdb.com/title/tt1127715/,Película,7.5,96,2009,"Aventura, Crimen, Drama, Suspense",35174,2009-10-30,"Cary Joji Fukunaga",,
1140,tt0328993,2014-05-01,2014-05-01,,"Terror global","Face of Terror",https://www.imdb.com/title/tt0328993/,Película,4.3,99,2004,"Acción, Crimen, Drama, Suspense",506,2004-06-29,"Bryan Goeres",,
1141,tt1959526,2014-05-01,2014-05-01,,"Buttwhistle","Buttwhistle",https://www.imdb.com/title/tt1959526/,Película,4.2,93,2014,"Comedia, Crimen, Drama, Misterio, Romance",427,2014-04-25,"Tenney Fairchild",,
1142,tt2977090,2014-05-02,2014-05-02,,"Alex of Venice","Alex of Venice",https://www.imdb.com/title/tt2977090/,Película,5.8,86,2014,"Drama",3547,2015-04-17,"Chris Messina",,
1143,tt0099384,2014-05-05,2014-05-05,,"Perra bruja","Death Spa",https://www.imdb.com/title/tt0099384/,Película,5.2,88,1988,"Terror",4457,1988-07,"Michael Fischa",,
1144,tt1187064,2014-05-05,2014-05-05,,"Triangle","Triangle",https://www.imdb.com/title/tt1187064/,Película,6.9,99,2009,"Fantasía, Misterio, Ciencia ficción, Suspense",151813,2009-10-16,"Christopher Smith",,
1145,tt3560742,2014-05-05,2014-05-05,,"Shi cheng","Shi cheng",https://www.imdb.com/title/tt3560742/,Película,3.9,95,2014,"Acción, Aventura, Comedia, Terror, Ciencia ficción, Suspense",1014,2014-10-31,"Joe Chien",,
1146,tt2041331,2014-05-07,2014-05-07,,"sxtape","sxtape",https://www.imdb.com/title/tt2041331/,Película,3.4,82,2013,"Terror",2320,2014-05-16,"Bernard Rose",,
1147,tt3450134,2014-05-07,2014-05-07,,"The Drownsman","The Drownsman",https://www.imdb.com/title/tt3450134/,Película,4.1,88,2014,"Fantasía, Terror, Misterio, Suspense",2014,2018-01-09,"Chad Archibald",,
1148,tt2634394,2014-05-08,2014-05-08,,"Mis escenas de lucha","Mes séances de lutte",https://www.imdb.com/title/tt2634394/,Película,5.4,99,2013,"Drama",746,2015-06-12,"Jacques Doillon",,
1149,tt2166616,2014-05-09,2014-05-09,,"Wrong Cops","Wrong Cops",https://www.imdb.com/title/tt2166616/,Película,6.0,83,2013,"Comedia, Crimen",8884,2014-03-19,"Quentin Dupieux",,
1150,tt1901040,2014-05-09,2014-05-09,,"Wrong","Wrong",https://www.imdb.com/title/tt1901040/,Película,6.2,94,2012,"Comedia, Misterio",11225,2012-09-05,"Quentin Dupieux",,
1151,tt1680303,2014-05-09,2014-05-09,,"10.000 noches en ninguna parte","10.000 noches en ninguna parte",https://www.imdb.com/title/tt1680303/,Película,6.2,113,2013,"Drama",233,2013-11-10,"Ramón Salazar",,
1152,tt0421528,2014-05-09,2014-05-09,,"20 centímetros","20 centímetros",https://www.imdb.com/title/tt0421528/,Película,6.6,112,2005,"Comedia, Musical",2024,2005-06-10,"Ramón Salazar",,
1153,tt2004420,2014-05-09,2014-05-09,,"Malditos vecinos","Neighbors",https://www.imdb.com/title/tt2004420/,Película,6.3,97,2014,"Comedia",348381,2014-05-09,"Nicholas Stoller",,
1154,tt2208216,2014-05-09,2014-05-09,,"Aurora","Aurora",https://www.imdb.com/title/tt2208216/,Película,5.9,124,2012,"Romance, Ciencia ficción, Suspense",2932,2013-01-04,"Kristina Buozyte",,
1155,tt1018818,2014-05-10,2014-05-10,,"La conspiración","Assassination of a High School President",https://www.imdb.com/title/tt1018818/,Película,6.2,93,2008,"Comedia, Crimen, Misterio",16821,2010-04-08,"Brett Simon",,
1156,tt0488380,2014-05-10,2014-05-10,,"Cerrando el círculo","Closing the Ring",https://www.imdb.com/title/tt0488380/,Película,6.5,118,2007,"Drama, Romance",5139,2008-03-14,"Richard Attenborough",,
1157,tt2230342,2014-05-10,2014-05-10,,"Spieltrieb","Spieltrieb",https://www.imdb.com/title/tt2230342/,Película,5.3,102,2013,"Drama",442,2013-10-10,"Gregor Schnitzler",,
1158,tt1559040,2014-05-10,2014-05-10,,"Angels Crest","Angels Crest",https://www.imdb.com/title/tt1559040/,Película,5.7,92,2011,"Drama",2180,2011-12-30,"Gaby Dellal",,
1159,tt1086216,2014-05-10,2014-05-10,,"Uncertainty","Uncertainty",https://www.imdb.com/title/tt1086216/,Película,5.7,101,2008,"Drama, Romance, Suspense",6780,2012-08-04,"Scott McGehee, David Siegel",,
1160,tt0272063,2014-05-11,2014-05-11,,"Dangerous Seductress","Dangerous Seductress",https://www.imdb.com/title/tt0272063/,Película,4.9,95,1992,"Acción, Fantasía, Terror, Misterio",399,1992,"H. Tjut Djalil",,
1161,tt1817209,2014-05-11,2014-05-11,,"Lollipop Monster","Lollipop Monster",https://www.imdb.com/title/tt1817209/,Película,6.4,90,2011,"Drama",481,2011-08-25,"Ziska Riemann",,
1162,tt0466893,2014-05-11,2014-05-11,,"Margaret","Margaret",https://www.imdb.com/title/tt0466893/,Película,6.5,150,2011,"Drama, Misterio",19788,2012-07-20,"Kenneth Lonergan",,
1163,tt1198075,2014-05-12,2014-05-12,,"Cougars Inc.","Cougars Inc.",https://www.imdb.com/title/tt1198075/,Película,4.9,79,2011,"Comedia, Drama, Romance",4376,2012-09-27,"K. Asher Levin",,
1164,tt1937118,2014-05-13,2014-05-13,,"Nueva vida en Nueva York","Casse-tête chinois",https://www.imdb.com/title/tt1937118/,Película,6.9,117,2013,"Comedia, Drama, Romance",15961,2014-05-15,"Cédric Klapisch",,
1165,tt0283900,2014-05-13,2014-05-13,,"Una casa de locos","L'auberge espagnole",https://www.imdb.com/title/tt0283900/,Película,7.3,122,2002,"Comedia, Drama, Romance",44224,2002-11-22,"Cédric Klapisch",,
1166,tt1710417,2014-05-15,2014-05-15,,"Lola Versus","Lola Versus",https://www.imdb.com/title/tt1710417/,Película,5.5,87,2012,"Comedia",9253,2013-01-11,"Daryl Wein",,
1167,tt0923600,2014-05-15,2014-05-15,,"Baghead","Baghead",https://www.imdb.com/title/tt0923600/,Película,6.0,84,2008,"Comedia, Drama, Terror, Romance",5906,2011-03,"Jay Duplass, Mark Duplass",,
1168,tt0462392,2014-05-15,2014-05-15,,"LOL","LOL",https://www.imdb.com/title/tt0462392/,Película,4.7,81,2006,"Comedia, Drama",926,2006-03-13,"Joe Swanberg",,
1169,tt0114095,2014-05-15,2014-05-15,,"Party Girl","Party Girl",https://www.imdb.com/title/tt0114095/,Película,6.5,94,1995,"Comedia, Drama, Romance",9134,1995-06-09,"Daisy von Scherler Mayer",,
1170,tt3675236,2014-05-15,2014-05-15,,"Harcheck mi headro","Harcheck mi headro",https://www.imdb.com/title/tt3675236/,Película,5.4,95,2014,"Drama",281,2014-08-21,"Keren Yedaya",,
1171,tt0372921,2014-05-16,2014-05-16,,"Flesh for the Beast","Flesh for the Beast",https://www.imdb.com/title/tt0372921/,Película,3.6,89,2003,"Fantasía, Terror",1474,2003-09-27,"Terry M. West",,
1172,tt0323108,2014-05-16,2014-05-16,,"The Lord of the G-Strings: The Femaleship of the String","The Lord of the G-Strings: The Femaleship of the String",https://www.imdb.com/title/tt0323108/,Vídeo,3.7,90,2003,"Acción, Fantasía, Aventura, Comedia",1344,2003-03-25,"Terry M. West",,
1173,tt0262699,2014-05-17,2014-05-17,,"Le pornographe","Le pornographe",https://www.imdb.com/title/tt0262699/,Película,5.1,108,2001,"Drama",2842,2001-10-03,"Bertrand Bonello",,
1174,tt2707848,2014-05-17,2014-05-17,,"Saint Laurent","Saint Laurent",https://www.imdb.com/title/tt2707848/,Película,6.1,150,2014,"Biografía, Drama",6902,2014-09-24,"Bertrand Bonello",,
1175,tt3044244,2014-05-18,2014-05-18,,"El país de las maravillas","Le meraviglie",https://www.imdb.com/title/tt3044244/,Película,6.7,110,2014,"Drama",6759,2014-05-22,"Alice Rohrwacher",,
1176,tt1886502,2014-05-18,2014-05-18,,"Corpo celeste","Corpo celeste",https://www.imdb.com/title/tt1886502/,Película,6.8,99,2011,"Drama",2543,2011-05-20,"Alice Rohrwacher",,
1177,tt0375912,2014-05-18,2014-05-18,,"Layer Cake - Crimen organizado","Layer Cake",https://www.imdb.com/title/tt0375912/,Película,7.2,105,2004,"Crimen, Drama, Suspense",209248,2006-01-13,"Matthew Vaughn",,
1178,tt1054580,2014-05-18,2014-05-18,,"Flor del desierto","Desert Flower",https://www.imdb.com/title/tt1054580/,Película,7.3,120,2009,"Biografía, Drama",15616,2010-03-12,"Sherry Hormann",,
1179,tt0286261,2014-05-18,2014-05-18,,"Todo o nada","All or Nothing",https://www.imdb.com/title/tt0286261/,Película,7.5,128,2002,"Drama",12368,2004-01-16,"Mike Leigh",,
1180,tt0478702,2014-05-20,2014-05-20,,"Maroa","Maroa",https://www.imdb.com/title/tt0478702/,Película,6.4,102,2005,"Música, Romance",212,2008-06-26,"Solveig Hoogesteijn",,
1181,tt2279922,2014-05-21,2014-05-21,,"Mutantes, el regreso. Volumen 1","Return to Nuke 'Em High Volume 1",https://www.imdb.com/title/tt2279922/,Película,5.3,85,2013,"Acción, Comedia, Drama, Fantasía, Terror, Misterio, Ciencia ficción, Suspense",2592,2013-10-30,"Lloyd Kaufman",,
1182,tt3039472,2014-05-21,2014-05-21,,"Return to Return to Nuke 'Em High Aka Vol. 2","Return to Return to Nuke 'Em High Aka Vol. 2",https://www.imdb.com/title/tt3039472/,Película,5.3,85,2017,"Acción, Aventura, Comedia, Drama, Fantasía, Terror, Misterio, Ciencia ficción, Suspense",1392,2017-01-15,"Lloyd Kaufman",,
1183,tt0090849,2014-05-21,2014-05-21,,"Mutantes en la universidad","Class of Nuke 'Em High",https://www.imdb.com/title/tt0090849/,Película,5.6,85,1986,"Comedia, Terror, Ciencia ficción, Suspense",10640,1986-12-12,"Richard W. Haines, Lloyd Kaufman",,
1184,tt0101591,2014-05-21,2014-05-21,,"Mutantes en la universidad 2","Class of Nuke 'Em High Part II: Subhumanoid Meltdown",https://www.imdb.com/title/tt0101591/,Película,4.5,96,1991,"Comedia, Fantasía, Terror, Ciencia ficción",2804,1991-03-29,"Eric Louzil",,
1185,tt0112685,2014-05-21,2014-05-21,,"Mutantes en la universidad 3","Class of Nuke 'Em High Part 3: The Good, the Bad and the Subhumanoid",https://www.imdb.com/title/tt0112685/,Película,4.1,102,1994,"Acción, Comedia, Terror, Ciencia ficción",1477,1994-10-20,"Eric Louzil",,
1186,tt1267499,2014-05-27,2014-05-27,,"Nestyda","Nestyda",https://www.imdb.com/title/tt1267499/,Película,5.6,88,2008,"Comedia, Drama",698,2008-10-09,"Jan Hřebejk",,
1187,tt2051941,2014-05-27,2014-05-27,,"Los hombres en la esperanza","Muzi v nadeji",https://www.imdb.com/title/tt2051941/,Película,7.0,115,2011,"Comedia, Drama, Romance",5040,2011-08-25,"Jirí Vejdelek",,
1188,tt0094624,2014-05-30,2014-05-30,,"El aire de un crimen","El aire de un crimen",https://www.imdb.com/title/tt0094624/,Película,6.5,119,1988,"Crimen, Drama",169,1988-10-28,"Antonio Isasi-Isasmendi",,
1189,tt0076275,2014-05-31,2014-05-31,,"Una respetable dama burguesa","Kleinhoff Hotel",https://www.imdb.com/title/tt0076275/,Película,5.2,105,1977,"Drama",295,1977-10-28,"Carlo Lizzani",,
1190,tt0075651,2014-05-31,2014-05-31,,"Schock","Shock",https://www.imdb.com/title/tt0075651/,Película,6.2,93,1977,"Terror",5504,1977-08-12,"Mario Bava, Lamberto Bava",,
1191,tt0070568,2014-05-31,2014-05-31,,"El amargo deseo de la propiedad","La proprietà non è più un furto",https://www.imdb.com/title/tt0070568/,Película,7.1,126,1973,"Comedia, Drama",1537,1981-06-01,"Elio Petri",,
1192,tt0893534,2014-06-01,2014-06-01,,"Kuntilanak","Kuntilanak",https://www.imdb.com/title/tt0893534/,Película,5.9,93,2006,"Terror",581,2006-10-27,"Rizal Mantovani",,
1193,tt1105731,2014-06-01,2014-06-01,,"Kuntilanak 2","Kuntilanak 2",https://www.imdb.com/title/tt1105731/,Película,5.5,102,2007,"Terror",245,2007-10-10,"Rizal Mantovani",,
1194,tt1190127,2014-06-01,2014-06-01,,"Kuntilanak 3","Kuntilanak 3",https://www.imdb.com/title/tt1190127/,Película,5.1,90,2008,"Terror",271,2008-02-28,"Rizal Mantovani",,
1195,tt1447791,2014-06-01,2014-06-01,,"Macabre","Macabre",https://www.imdb.com/title/tt1447791/,Película,6.4,95,2009,"Drama, Terror, Suspense",4434,2009-10-08,"Kimo Stamboel, Timo Tjahjanto",,
1196,tt0442443,2014-06-02,2014-06-02,,"Reprimidos","Reprimidos",https://www.imdb.com/title/tt0442443/,Película,5.7,84,2004,"Romance",81,2004-11-14,"Ignacio Delgado Zambrano",,
1197,tt0382189,2014-06-04,2014-06-04,,"Mi verano de amor","My Summer of Love",https://www.imdb.com/title/tt0382189/,Película,6.7,86,2004,"Drama, Romance",23167,2004-11-05,"Paweł Pawlikowski",,
1198,tt1222329,2014-06-06,2014-06-06,,"Wild Cherry","Wild Cherry",https://www.imdb.com/title/tt1222329/,Película,4.0,85,2009,"Comedia",2112,2009-05-15,"Dana Lustig",,
1199,tt0874271,2014-06-06,2014-06-06,,"Elsewhere: Desaparecida","Elsewhere",https://www.imdb.com/title/tt0874271/,Película,5.3,106,2009,"Crimen, Drama, Misterio, Suspense",3642,2009-01-15,"Nathan Hope",,
1200,tt2093944,2014-06-08,2014-06-08,,"Amber Alert","Amber Alert",https://www.imdb.com/title/tt2093944/,Película,4.4,80,2012,"Crimen, Terror, Misterio, Suspense",3832,2012-11-02,"Kerry Bellessa",,
1201,tt0089892,2014-06-08,2014-06-08,,"Rojo caliente","Red Heat",https://www.imdb.com/title/tt0089892/,Película,4.8,104,1985,"Suspense",973,1985-05-28,"Robert Collector, Ernst Ritter von Theumer",,
1202,tt0104233,2014-06-08,2014-06-08,,"Fatal Bond","Fatal Bond",https://www.imdb.com/title/tt0104233/,Película,4.1,89,1991,"Drama, Suspense",349,1992-03-05,"Vincent Monton",,
1203,tt1079360,2014-06-13,2014-06-13,,"The Girl from the Naked Eye","The Girl from the Naked Eye",https://www.imdb.com/title/tt1079360/,Película,4.8,84,2012,"Acción, Crimen, Misterio, Romance, Suspense",2217,2012-06-15,"David Ren",,
1204,tt1192613,2014-06-13,2014-06-13,,"Onechanbara: The Movie","Onechanbara: The Movie",https://www.imdb.com/title/tt1192613/,Película,4.6,80,2008,"Acción, Terror",1465,2008-04,"Yôhei Fukuda",,
1205,tt0089683,2014-06-14,2014-06-14,,"En un pueblo llamado Nick Mountaine","Nickel Mountain",https://www.imdb.com/title/tt0089683/,Película,5.8,88,1984,"Drama",157,1984,"Drew Denbaum",,
1206,tt0109165,2014-06-14,2014-06-14,,"At Risk","At Risk",https://www.imdb.com/title/tt0109165/,Película,5.1,95,1994,"Drama, Romance",60,,"Elana Krausz",,
1207,tt2494590,2014-06-15,2014-06-15,,"A Measure of the Sin","A Measure of the Sin",https://www.imdb.com/title/tt2494590/,Película,4.4,76,2013,"Drama, Terror",155,2024-02-05,"Jeff Wedding",,
1208,tt3013018,2014-06-15,2014-06-15,,"Eat","Eat",https://www.imdb.com/title/tt3013018/,Película,5.1,92,2014,"Drama, Terror, Suspense",2066,2014-10-09,"Jimmy Weber",,
1209,tt0804463,2014-06-15,2014-06-15,,"Condenados (Devil's Knot)","Devil's Knot",https://www.imdb.com/title/tt0804463/,Película,6.1,114,2013,"Biografía, Crimen, Drama, Suspense",25828,2014-07-18,"Atom Egoyan",,
1210,tt3589172,2014-06-15,2014-06-15,,"Los fenómenos","Os fenómenos",https://www.imdb.com/title/tt3589172/,Película,6.4,99,2014,"Drama",318,2014-03-23,"Alfonso Zarauza",,
1211,tt2101569,2014-06-15,2014-06-15,,"In Your Eyes","In Your Eyes",https://www.imdb.com/title/tt2101569/,Película,6.9,106,2014,"Fantasía, Romance",33093,2014-04-20,"Brin Hill",,
1212,tt0368226,2014-06-16,2014-06-16,,"The Room","The Room",https://www.imdb.com/title/tt0368226/,Película,3.6,99,2003,"Drama",100722,2003-06-27,"Tommy Wiseau",,
1213,tt0216735,2014-06-16,2014-06-16,,"En vacances","En vacances",https://www.imdb.com/title/tt0216735/,Película,6.5,105,1999,"Comedia, Drama, Romance",71,2000-06-07,"Yves Hanchar",,
1214,tt0192949,2014-06-16,2014-06-16,,"Stardom","Stardom",https://www.imdb.com/title/tt0192949/,Película,5.7,100,2000,"Drama, Comedia",1861,2000-10-13,"Denys Arcand",,
1215,tt1234654,2014-06-18,2014-06-18,,"Greenberg","Greenberg",https://www.imdb.com/title/tt1234654/,Película,6.1,107,2010,"Comedia, Drama, Romance",40433,2010-03-26,"Noah Baumbach",,
1216,tt1186248,2014-06-18,2014-06-18,,"Noches y fines de semana","Nights and Weekends",https://www.imdb.com/title/tt1186248/,Película,5.8,80,2008,"Drama, Romance",2074,2021-08-04,"Greta Gerwig, Joe Swanberg",,
1217,tt0841108,2014-06-18,2014-06-18,,"Hannah Takes the Stairs","Hannah Takes the Stairs",https://www.imdb.com/title/tt0841108/,Película,5.6,83,2007,"Comedia, Drama, Romance",2559,2007-08-22,"Joe Swanberg",,
1218,tt1183665,2014-06-18,2014-06-18,,"Cracks","Cracks",https://www.imdb.com/title/tt1183665/,Película,6.6,104,2009,"Drama, Misterio, Suspense",22295,2009-12-04,"Jordan Scott",,
1219,tt0896534,2014-06-18,2014-06-18,,"Deadgirl","Deadgirl",https://www.imdb.com/title/tt0896534/,Película,5.5,101,2008,"Terror",20973,2013-04-20,"Marcel Sarmiento, Gadi Harel",,
1220,tt0949489,2014-06-19,2014-06-19,,"Ping guo","Ping guo",https://www.imdb.com/title/tt0949489/,Película,6.7,112,2007,"Drama",2550,2007-11-30,"Yu Li",,
1221,tt0193879,2014-06-19,2014-06-19,,"El secreto de la ouija","Don't Panic",https://www.imdb.com/title/tt0193879/,Película,4.8,90,1987,"Terror",1743,1989-03-02,"Rubén Galindo Jr.",,
1222,tt1034306,2014-06-22,2014-06-22,,"Dorothy","Dorothy",https://www.imdb.com/title/tt1034306/,Película,6.0,102,2008,"Drama, Terror, Misterio, Suspense",6256,2008-08-06,"Agnès Merlet",,
1223,tt2205401,2014-06-23,2014-06-23,,"Addicted","Addicted",https://www.imdb.com/title/tt2205401/,Película,5.0,106,2014,"Drama, Romance, Suspense",13098,2021-02-01,"Bille Woodruff",,
1224,tt2387513,2014-06-23,2014-06-23,,"Libertador","Libertador",https://www.imdb.com/title/tt2387513/,Película,6.7,119,2013,"Biografía, Drama, Historia",5836,2014-07-24,"Alberto Arvelo",,
1225,tt1772270,2014-06-28,2014-06-28,,"Foxfire","Foxfire",https://www.imdb.com/title/tt1772270/,Película,6.1,143,2012,"Crimen, Drama",2455,2013-01-02,"Laurent Cantet",,
1226,tt3625352,2014-07-06,2014-07-06,,"Summer of Blood","Summer of Blood",https://www.imdb.com/title/tt3625352/,Película,5.4,86,2014,"Comedia, Terror",1278,2014-10-05,"Onur Tukel",,
1227,tt0107090,2014-07-10,2014-07-10,,"Sombras en el silencio","Hear No Evil",https://www.imdb.com/title/tt0107090/,Película,5.0,97,1993,"Suspense",1465,1994-06-03,"Robert Greenwald",,
1228,tt0161029,2014-07-10,2014-07-10,,"Traición azul","Two Shades of Blue",https://www.imdb.com/title/tt0161029/,Película,3.7,103,1999,"Suspense",657,1999-03-27,"James D. Deck",,
1229,tt0158671,2014-07-10,2014-07-10,,"In Her Defense","In Her Defense",https://www.imdb.com/title/tt0158671/,Película,5.3,97,1999,"Drama, Suspense, Romance",730,1999-05-28,"Sidney J. Furie",,
1230,tt1686042,2014-07-10,2014-07-10,,"La chica de la bicicleta","Girl on a Bicycle",https://www.imdb.com/title/tt1686042/,Película,6.2,101,2013,"Comedia, Drama, Romance",2500,2013-03-07,"Jeremy Leven",,
1231,tt2836364,2014-07-10,2014-07-10,,"Confissões de Adolescente","Confissões de Adolescente",https://www.imdb.com/title/tt2836364/,Película,6.5,96,2013,"Comedia, Drama, Romance",757,2014-01-10,"Cris D'Amato, Daniel Filho",,
1232,tt2082156,2014-07-10,2014-07-10,,"24 Exposures","24 Exposures",https://www.imdb.com/title/tt2082156/,Película,4.2,77,2013,"Crimen, Drama, Suspense",794,2014-01-24,"Joe Swanberg",,
1233,tt0060959,2014-07-11,2014-07-11,,"Las margaritas","Sedmikrásky",https://www.imdb.com/title/tt0060959/,Película,7.2,75,1966,"Comedia",17966,1966-12-30,"Vera Chytilová",,
1234,tt3739188,2014-07-13,2014-07-13,,"La mujer que hablaba con los muertos","La mujer que hablaba con los muertos",https://www.imdb.com/title/tt3739188/,Película,3.5,102,2014,"Comedia, Terror",96,2022-09-03,"César del Álamo",,
1235,tt2260760,2014-07-13,2014-07-13,,"Buenas noches, dijo la Señorita Pájaro","Buenas noches, dijo la Señorita Pájaro",https://www.imdb.com/title/tt2260760/,Película,3.8,100,2012,"Terror, Misterio",173,2022-08-19,"César del Álamo",,
1236,tt1844770,2014-07-26,2014-07-26,,"Tiburones de arena","Sand Sharks",https://www.imdb.com/title/tt1844770/,Película,2.7,91,2012,"Acción, Aventura, Comedia, Terror, Ciencia ficción, Suspense",5890,2012-07-31,"Mark Atkins",,
1237,tt1176733,2014-07-26,2014-07-26,,"Murder Loves Killers Too","Murder Loves Killers Too",https://www.imdb.com/title/tt1176733/,Película,4.8,75,2009,"Comedia, Terror, Suspense",575,2009-06-30,"Drew Barnhardt",,
1238,tt0079501,2014-07-28,2014-07-28,,"Mad Max - Salvajes de autopista","Mad Max",https://www.imdb.com/title/tt0079501/,Película,6.8,88,1979,"Acción, Aventura, Ciencia ficción, Suspense",246885,1980-02-05,"George Miller",,
1239,tt0082694,2014-07-28,2014-07-28,,"Mad Max 2, el guerrero de la carretera","Mad Max 2",https://www.imdb.com/title/tt0082694/,Película,7.6,96,1981,"Acción, Aventura, Ciencia ficción, Suspense",214969,1981-12-24,"George Miller",,
1240,tt0089530,2014-07-28,2014-07-28,,"Mad Max, más allá de la cúpula del trueno","Mad Max Beyond Thunderdome",https://www.imdb.com/title/tt0089530/,Película,6.2,107,1985,"Acción, Aventura, Ciencia ficción",163524,1989-02-02,"George Miller, George Ogilvie",,
1241,tt2378453,2014-07-31,2014-07-31,,"Savaged","Savaged",https://www.imdb.com/title/tt2378453/,Película,5.5,95,2013,"Acción, Fantasía, Terror, Suspense",4830,2015-03-06,"Michael S. Ojeda",,
1242,tt2018136,2014-08-02,2014-08-02,,"Devil's Mile","Devil's Mile",https://www.imdb.com/title/tt2018136/,Película,4.0,88,2014,"Acción, Crimen, Terror",528,2014-08-12,"Joseph O'Brien",,
1243,tt2950616,2014-08-03,2014-08-03,,"Príbeh kmotra","Príbeh kmotra",https://www.imdb.com/title/tt2950616/,Película,6.8,99,2013,"Crimen, Drama, Suspense",440,2013-10-24,"Petr Nikolaev",,
1244,tt3622134,2014-08-03,2014-08-03,,"Burácení","Burácení",https://www.imdb.com/title/tt3622134/,Película,5.4,91,2015,"Aventura, Drama, Romance",60,2015-01-01,"Adolf Zika",,
1245,tt0203755,2014-08-03,2014-08-03,,"Divina pero peligrosa","One Night at McCool's",https://www.imdb.com/title/tt0203755/,Película,6.2,93,2001,"Comedia, Crimen",30764,2003-10-24,"Harald Zwart",,
1246,tt3654212,2014-08-06,2014-08-06,,"Reipu zonbi: Lust of the dead - kurôn miko taisen","Reipu zonbi: Lust of the dead - kurôn miko taisen",https://www.imdb.com/title/tt3654212/,Película,3.4,77,2014,"Terror",324,2014,"Naoyuki Tomomatsu",,
1247,tt3721554,2014-08-06,2014-08-06,,"Reipu zonbi: Lust of the dead - arata naru zetsubô","Reipu zonbi: Lust of the dead - arata naru zetsubô",https://www.imdb.com/title/tt3721554/,Película,3.5,81,2014,"Terror",307,2014-08-09,"Naoyuki Tomomatsu",,
1248,tt0443570,2014-08-08,2014-08-08,,"Liebesleben","Liebesleben",https://www.imdb.com/title/tt0443570/,Película,5.9,113,2007,"Drama",514,2007-11-08,"Maria Schrader",,
1249,tt1753899,2014-08-08,2014-08-08,,"Hemel","Hemel",https://www.imdb.com/title/tt1753899/,Película,5.6,80,2012,"Drama",2000,2012-03-29,"Sacha Polak",,
1250,tt0079144,2014-08-08,2014-08-08,,"Felicity","Felicity",https://www.imdb.com/title/tt0079144/,Película,5.2,90,1978,"Drama, Romance",1645,1978-10-10,"John D. Lamond",,
1251,tt0086872,2014-08-08,2014-08-08,,"Prey","Prey",https://www.imdb.com/title/tt0086872/,Película,5.3,78,1977,"Terror, Misterio, Ciencia ficción",1812,1977-10,"Norman J. Warren",,
1252,tt0075753,2014-08-08,2014-08-08,,"Bilitis","Bilitis",https://www.imdb.com/title/tt0075753/,Película,5.3,95,1977,"Drama, Romance",2968,1977-03-16,"David Hamilton",,
1253,tt0081724,2014-08-08,2014-08-08,,"Desideria: La vita interiore","Desideria: La vita interiore",https://www.imdb.com/title/tt0081724/,Película,4.4,104,1980,"Drama",318,1980-09-04,"Gianni Barcelloni",,
1254,tt0070821,2014-08-08,2014-08-08,,"La orgía de las niñas cachondas (Bacchanales sexuelles)","Tout le monde il en a deux",https://www.imdb.com/title/tt0070821/,Película,4.6,106,1974,"Comedia, Drama",646,1981,"Jean Rollin",,
1255,tt0065168,2014-08-08,2014-08-08,,"Desnuda entre las tumbas","La Vampire nue",https://www.imdb.com/title/tt0065168/,Película,5.4,85,1970,"Terror",2185,1970-05-20,"Jean Rollin",,
1256,tt0152951,2014-08-08,2014-08-08,,"Teenage Bride","Teenage Bride",https://www.imdb.com/title/tt0152951/,Película,4.9,88,1974,"Drama",243,1974-06-21,"Gary Troy",,
1257,tt1719583,2014-08-10,2014-08-10,,"Pimp Bullies","Pimp Bullies",https://www.imdb.com/title/tt1719583/,Película,3.4,78,2011,"Acción, Crimen, Suspense",362,2011-09-22,"Alfonso Rodríguez",,
1258,tt0084695,2014-08-11,2014-08-11,,"The Slumber Party Massacre","The Slumber Party Massacre",https://www.imdb.com/title/tt0084695/,Película,5.6,77,1982,"Terror",21592,1982-11-12,"Amy Holden Jones",,
1259,tt0093996,2014-08-11,2014-08-11,,"Slumber Party Massacre II","Slumber Party Massacre II",https://www.imdb.com/title/tt0093996/,Película,4.7,77,1987,"Comedia, Terror, Musical",8796,1987-10-16,"Deborah Brock",,
1260,tt0100639,2014-08-11,2014-08-11,,"Slumber Party Massacre III","Slumber Party Massacre III",https://www.imdb.com/title/tt0100639/,Película,4.5,87,1990,"Comedia, Terror",3907,1990-09-07,"Sally Mattison",,
1261,tt0102910,2014-08-13,2014-08-13,,"Hasta la muerte","Shock 'Em Dead",https://www.imdb.com/title/tt0102910/,Película,4.9,93,1990,"Terror, Música, Suspense",1574,1990-12-25,"Mark Freed",,
1262,tt0090026,2014-08-13,2014-08-13,,"Sister Dearest","Sister Dearest",https://www.imdb.com/title/tt0090026/,Película,6.3,78,1984,"X, Comedia",655,1984-12,"Jerry Ross, Jonathan Ross",,
1263,tt0080486,2014-08-13,2014-08-13,,"Sexo Caníbal","El caníbal",https://www.imdb.com/title/tt0080486/,Película,3.6,102,1980,"Terror",1797,1980-12-05,"Jesús Franco",,
1264,tt0283111,2014-08-15,2014-08-15,,"Van Wilder: Animal Party","National Lampoon's Van Wilder",https://www.imdb.com/title/tt0283111/,Película,6.4,92,2002,"Comedia, Romance",121456,2002-07-19,"Walt Becker",,
1265,tt0480271,2014-08-15,2014-08-15,,"Van Wilder 2: The Rise of Taj","Van Wilder 2: The Rise of Taj",https://www.imdb.com/title/tt0480271/,Película,4.8,97,2006,"Comedia, Romance",24838,2006-12-01,"Mort Nathan",,
1266,tt1276434,2014-08-15,2014-08-15,,"Van Wilder: Freshman Year","Van Wilder: Freshman Year",https://www.imdb.com/title/tt1276434/,Vídeo,5.1,98,2009,"Comedia, Romance",15690,2009-07-14,"Harvey Glazer",,
1267,tt1716747,2014-08-15,2014-08-15,,"Hellraiser: Revelations","Hellraiser: Revelations",https://www.imdb.com/title/tt1716747/,Película,2.7,75,2011,"Terror",11297,2011-10-18,"Víctor Garcia",,
1268,tt0112625,2014-08-15,2014-08-15,,"Candyman 2","Candyman: Farewell to the Flesh",https://www.imdb.com/title/tt0112625/,Película,5.3,95,1995,"Terror, Suspense",15879,1995-06-23,"Bill Condon",,
1269,tt0165662,2014-08-15,2014-08-15,,"Candyman 3: El día de los muertos","Candyman: Day of the Dead",https://www.imdb.com/title/tt0165662/,Vídeo,3.9,93,1999,"Terror, Suspense",8520,2000-01-27,"Turi Meyer",,
1270,tt3067274,2014-08-19,2014-08-19,,"The Editor","The Editor",https://www.imdb.com/title/tt3067274/,Película,6.0,95,2014,"Comedia, Crimen, Terror, Misterio, Suspense",3715,2020-07-03,"Adam Brooks, Matthew Kennedy",,
1271,tt0064208,2014-08-19,2014-08-19,,"De hombre a hombre","Da uomo a uomo",https://www.imdb.com/title/tt0064208/,Película,7.0,120,1967,"Drama, Del oeste",11053,1968-06-18,"Giulio Petroni",,
1272,tt0291172,2014-08-19,2014-08-19,,"El hijo","Le fils",https://www.imdb.com/title/tt0291172/,Película,7.5,103,2002,"Drama, Misterio",10631,2002-12-05,"Jean-Pierre Dardenne, Luc Dardenne",,
1273,tt0290591,2014-08-19,2014-08-19,,"En construcción","En construcción",https://www.imdb.com/title/tt0290591/,Película,7.4,125,2001,"Documental",897,2001-10-19,"José Luis Guerín",,
1274,tt0083946,2014-08-19,2014-08-19,,"Fitzcarraldo","Fitzcarraldo",https://www.imdb.com/title/tt0083946/,Película,7.9,158,1982,"Aventura, Drama, Música",43620,1982-03-04,"Werner Herzog",,
1275,tt0068278,2014-08-19,2014-08-19,,"Las amargas lágrimas de Petra von Kant","Die bitteren Tränen der Petra von Kant",https://www.imdb.com/title/tt0068278/,Película,7.5,124,1972,"Drama, Romance",12588,1972-10-05,"Rainer Werner Fassbinder",,
1276,tt0165362,2014-08-20,2014-08-20,,"El dragón ataca","Li san jiao wei zhen di yu men",https://www.imdb.com/title/tt0165362/,Película,5.5,96,1977,"Acción, Comedia, Fantasía",585,1977-03-25,"Chi Lo",,
1277,tt2313189,2014-08-23,2014-08-23,,"Casting Couch","Casting Couch",https://www.imdb.com/title/tt2313189/,Película,3.7,94,2013,"Comedia",3170,2013-03-12,"Jason Lockhart",,
1278,tt0114731,2014-08-23,2014-08-23,,"Laberinto de engaños","Triplecross",https://www.imdb.com/title/tt0114731/,Película de TV,5.0,95,1995,"Acción, Crimen, Romance, Suspense",269,1995-05-28,"Jenõ Hódi",,
1279,tt0133985,2014-08-23,2014-08-23,,"Nido de cuervos","A Murder of Crows",https://www.imdb.com/title/tt0133985/,Película,6.3,102,1998,"Acción, Crimen, Suspense",9905,1999-06-18,"Rowdy Herrington",,
1280,tt0100260,2014-08-23,2014-08-23,,"Razas de noche","Nightbreed",https://www.imdb.com/title/tt0100260/,Película,6.4,102,1990,"Acción, Fantasía, Terror",29197,1990-07-06,"Clive Barker",,
1281,tt0118888,2014-08-24,2014-08-24,,"Corazón loco","Corazón loco",https://www.imdb.com/title/tt0118888/,Película,5.7,116,1997,"Comedia, Romance",98,1997-05-14,"Antonio del Real",,
1282,tt0095952,2014-08-24,2014-08-24,,"Telefono mortal","Minaccia d'amore",https://www.imdb.com/title/tt0095952/,Película,4.7,94,1988,"Terror, Misterio",645,1988-11-10,"Ruggero Deodato",,
1283,tt0104215,2014-08-24,2014-08-24,,"Fuerza excesiva","Excessive Force",https://www.imdb.com/title/tt0104215/,Película,5.4,87,1992,"Acción",1766,1993-05-14,"Jon Hess",,
1284,tt0116420,2014-08-24,2014-08-24,,"The Glass Cage","The Glass Cage",https://www.imdb.com/title/tt0116420/,Película,4.1,96,1996,"Drama, Suspense",312,2026-09-03,"Michael Schroeder",,
1285,tt0067995,2014-08-24,2014-08-24,,"Women in Cages","Women in Cages",https://www.imdb.com/title/tt0067995/,Película,5.0,81,1971,"Acción, Crimen, Drama",2219,1973-07-12,"Gerardo de Leon",,
1286,tt1667108,2014-08-24,2014-08-24,,"Lo contrario al amor","Lo contrario al amor",https://www.imdb.com/title/tt1667108/,Película,5.4,105,2011,"Comedia, Romance",946,2011-08-26,"Vicente Villanueva",,
1287,tt0482178,2014-08-24,2014-08-24,,"Cabeza de perro","Cabeza de perro",https://www.imdb.com/title/tt0482178/,Película,6.0,91,2006,"Drama",420,2006-10-06,"Santi Amodeo",,
1288,tt0117107,2014-08-24,2014-08-24,,"Mulholland Falls (La brigada del sombrero)","Mulholland Falls",https://www.imdb.com/title/tt0117107/,Película,6.3,107,1996,"Crimen, Drama, Misterio, Suspense",21404,1996-10-07,"Lee Tamahori",,
1289,tt0082970,2014-08-24,2014-08-24,,"Ragtime","Ragtime",https://www.imdb.com/title/tt0082970/,Película,7.3,155,1981,"Drama",11677,1982-02-23,"Miloš Forman",,
1290,tt0061587,2014-08-25,2014-08-25,,"Joe, el implacable","Navajo Joe",https://www.imdb.com/title/tt0061587/,Película,6.3,88,1966,"Drama, Del oeste",5190,1967-11-20,"Sergio Corbucci",,
1291,tt0072979,2014-08-25,2014-08-25,,"Cosa de hembras","Female Trouble",https://www.imdb.com/title/tt0072979/,Película,7.1,97,1974,"Comedia, Crimen",11899,1976-02-15,"John Waters",,
1292,tt3461828,2014-08-25,2014-08-25,,"Cat Run 2","Cat Run 2",https://www.imdb.com/title/tt3461828/,Película,4.4,96,2014,"Acción, Comedia",1557,2014-08-26,"John Stockwell",,
1293,tt0063568,2014-08-26,2014-08-26,,"Si te encuentras con Sartana... ruega por tu muerte","Se incontri Sartana prega per la tua morte",https://www.imdb.com/title/tt0063568/,Película,6.3,95,1968,"Acción, Drama, Misterio, Del oeste",2197,1969-11-03,"Gianfranco Parolini",,
1294,tt0060697,2014-08-26,2014-08-26,,"Baño de sangre al salir del sol","1000 dollari sul nero",https://www.imdb.com/title/tt0060697/,Película,6.0,102,1966,"Drama, Del oeste",460,1975,"Alberto Cardone",,
1295,tt0061313,2014-08-26,2014-08-26,,"Como lobos sedientos","10,000 dollari per un massacro",https://www.imdb.com/title/tt0061313/,Película,6.2,97,1967,"Drama, Del oeste",860,1969,"Romolo Guerrieri",,
1296,tt0065019,2014-08-26,2014-08-26,,"Yo soy vuestro verdugo","Sono Sartana, il vostro becchino",https://www.imdb.com/title/tt0065019/,Película,6.4,103,1969,"Acción, Crimen, Drama, Misterio, Del oeste",1343,1969-11-20,"Giuliano Carnimeo",,
1297,tt0065992,2014-08-26,2014-08-26,,"Un par de asesinos","Lo irritarono.... e Santana fece piazza pulita",https://www.imdb.com/title/tt0065992/,Película,5.5,95,1970,"Comedia, Crimen, Del oeste",255,1971-03-25,"Rafael Romero Marchent",,
1298,tt0065499,2014-08-26,2014-08-26,,"Buen funeral, amigos... paga Sartana","Buon funerale amigos!... paga Sartana",https://www.imdb.com/title/tt0065499/,Película,6.6,91,1970,"Drama, Del oeste",1085,1973-11-12,"Giuliano Carnimeo",,
1299,tt0065134,2014-08-26,2014-08-26,,"Dos mulas y una mujer","Two Mules for Sister Sara",https://www.imdb.com/title/tt0065134/,Película,7.0,116,1970,"Aventura, Drama, Romance, Bélico, Del oeste",33278,1970-06-16,"Don Siegel",,
1300,tt0070355,2014-08-26,2014-08-26,,"Harry el fuerte","Magnum Force",https://www.imdb.com/title/tt0070355/,Película,7.2,124,1973,"Acción, Crimen, Misterio, Suspense",72374,1974-07-29,"Ted Post",,
1301,tt0074483,2014-08-26,2014-08-26,,"Harry el ejecutor","The Enforcer",https://www.imdb.com/title/tt0074483/,Película,6.7,96,1976,"Acción, Crimen, Suspense",53567,1976-12-22,"James Fargo",,
1302,tt0066240,2014-08-31,2014-08-31,,"Reza al muerto, mata al vivo","Prega il morto e ammazza il vivo",https://www.imdb.com/title/tt0066240/,Película,6.2,90,1971,"Drama, Del oeste",927,1971-08-13,"Giuseppe Vari",,
1303,tt3078242,2014-09-08,2014-09-08,,"Miss Violence","Miss Violence",https://www.imdb.com/title/tt3078242/,Película,7.0,98,2013,"Drama, Suspense",12075,2013-11-07,"Alexandros Avranas",,
1304,tt0072608,2014-09-09,2014-09-09,,"El hermano más listo de Sherlock Holmes","The Adventure of Sherlock Holmes' Smarter Brother",https://www.imdb.com/title/tt0072608/,Película,6.0,91,1975,"Comedia, Crimen, Misterio, Romance",7940,1976-04-05,"Gene Wilder",,
1305,tt0088072,2014-09-10,2014-09-10,,"La segunda oportunidad","Second Time Lucky",https://www.imdb.com/title/tt0088072/,Película,5.1,101,1984,"Aventura, Comedia, Drama, Fantasía, Ciencia ficción",356,1984-10-18,"Michael Anderson",,
1306,tt0069957,2014-09-12,2014-09-12,,"Deep Throat Part II","Deep Throat Part II",https://www.imdb.com/title/tt0069957/,Película,3.6,83,1974,"Comedia, Ciencia ficción",840,1975-12-06,"Joseph W. Sarno",,
1307,tt0068468,2014-09-12,2014-09-12,,"Garganta profunda","Deep Throat",https://www.imdb.com/title/tt0068468/,Película,5.0,61,1972,"X, Comedia",7326,1984-03-01,"Gerard Damiano",,
1308,tt2515030,2014-09-14,2014-09-14,,"Escobar: Paraíso perdido","Escobar: Paradise Lost",https://www.imdb.com/title/tt2515030/,Película,6.5,120,2014,"Crimen, Drama, Historia, Romance, Suspense",24353,2014-11-14,"Andrea Di Stefano",,
1309,tt2713642,2014-09-15,2014-09-15,,"Jersey Shore Massacre","Jersey Shore Massacre",https://www.imdb.com/title/tt2713642/,Película,2.9,88,2014,"Comedia, Terror",1542,2014-08-22,"Paul Tarnopol",,
1310,tt0227984,2014-09-15,2014-09-15,,"Negocios sucios","The 51st State",https://www.imdb.com/title/tt0227984/,Película,6.3,93,2001,"Acción, Comedia, Crimen, Suspense",52963,2003-08-22,"Ronny Yu",,
1311,tt0289635,2014-09-15,2014-09-15,,"Young Adam","Young Adam",https://www.imdb.com/title/tt0289635/,Película,6.3,98,2003,"Crimen, Drama",15407,2004-08-27,"David Mackenzie",,
1312,tt0242888,2014-09-15,2014-09-15,,"El lenguaje de los sueños","The Sleeping Dictionary",https://www.imdb.com/title/tt0242888/,Película,6.5,109,2003,"Drama, Romance",9982,2003-01-31,"Guy Jenkin",,
1313,tt0258273,2014-09-15,2014-09-15,,"Lovely & Amazing","Lovely & Amazing",https://www.imdb.com/title/tt0258273/,Película,6.7,91,2001,"Comedia, Drama, Romance",8227,2002-08-02,"Nicole Holofcener",,
1314,tt1826684,2014-09-15,2014-09-15,,"Green","Green",https://www.imdb.com/title/tt1826684/,Película,5.7,73,2011,"Drama, Suspense",404,2012-09-07,"Sophia Takal",,
1315,tt1874789,2014-09-15,2014-09-15,,"Supporting Characters","Supporting Characters",https://www.imdb.com/title/tt1874789/,Película,6.2,87,2012,"Comedia",1028,2013-01-25,"Daniel Schechter",,
1316,tt2160413,2014-09-15,2014-09-15,,"The Zone","The Zone",https://www.imdb.com/title/tt2160413/,Película,4.7,70,2011,"Drama",359,2012-04-19,"Joe Swanberg",,
1317,tt1520888,2014-09-15,2014-09-15,,"Gabi on the Roof in July","Gabi on the Roof in July",https://www.imdb.com/title/tt1520888/,Película,5.8,101,2010,"Comedia, Drama, Romance",524,2012-07-26,"Lawrence Michael Levine",,
1318,tt0106453,2014-09-18,2014-09-18,,"El cuerpo del delito","Body of Evidence",https://www.imdb.com/title/tt0106453/,Película,4.6,101,1993,"Drama, Suspense",17878,1993-02-19,"Uli Edel",,
1319,tt0096324,2014-09-18,2014-09-18,,"Encrucijada de pasiones","Two Moon Junction",https://www.imdb.com/title/tt0096324/,Película,5.1,104,1988,"Drama, Romance",7314,1988-04-29,"Zalman King",,
1320,tt0119576,2014-09-18,2014-09-18,,"9 semanas y 1/2 en París","Love in Paris",https://www.imdb.com/title/tt0119576/,Película,3.0,105,1997,"Drama, Romance",5015,1998-01-07,"Anne Goursaud",,
1321,tt0105156,2014-09-18,2014-09-18,,"Hiedra venenosa","Poison Ivy",https://www.imdb.com/title/tt0105156/,Película,5.4,93,1992,"Drama, Suspense",21752,1992-05-08,"Katt Shea",,
1322,tt0071093,2014-09-18,2014-09-18,,"Abigail Lesley Is Back in Town","Abigail Leslie Is Back in Town",https://www.imdb.com/title/tt0071093/,Película,5.6,100,1975,"Drama, Romance",632,1975-09,"Joseph W. Sarno",,
1323,tt0144229,2014-09-18,2014-09-18,,"The Haunted","The Haunted",https://www.imdb.com/title/tt0144229/,Película,5.5,,1984,,30,,,,
1324,tt1396221,2014-09-18,2014-09-18,,"Passion Play","Passion Play",https://www.imdb.com/title/tt1396221/,Película,4.5,94,2010,"Drama, Fantasía, Terror, Romance",9156,2011-07-02,"Mitch Glazer",,
1325,tt1131749,2014-09-18,2014-09-18,,"Poison Ivy - Sociedad secreta","Poison Ivy: The Secret Society",https://www.imdb.com/title/tt1131749/,Película de TV,4.2,95,2008,"Drama, Suspense",2918,2008-05-01,"Jason Hreno",,
1326,tt0114151,2014-09-18,2014-09-18,,"Fuego de pasión","Poison Ivy II: Lily",https://www.imdb.com/title/tt0114151/,Vídeo,4.4,106,1996,"Drama, Suspense",6790,1996-02-02,"Anne Goursaud",,
1327,tt0455152,2014-09-18,2014-09-18,,"Lust Connection","Lust Connection",https://www.imdb.com/title/tt0455152/,Película de TV,4.2,77,2005,"Suspense",287,2005-05-31,"Jim Wynorski",,
1328,tt0119908,2014-09-18,2014-09-18,,"Dulce veneno","Poison Ivy: The New Seduction",https://www.imdb.com/title/tt0119908/,Vídeo,4.8,95,1997,"Drama, Suspense",5204,1997-05-20,"Kurt Voss",,
1329,tt0141974,2014-09-18,2014-09-18,,"La zona oscura","The War Zone",https://www.imdb.com/title/tt0141974/,Película,7.2,98,1999,"Drama, Suspense",12153,1999-12-17,"Tim Roth",,
1330,tt0349080,2014-09-18,2014-09-18,,"All About Anna","All About Anna",https://www.imdb.com/title/tt0349080/,Vídeo,4.3,91,2005,"Comedia, Drama, Romance",3082,2005-11-24,"Jessica Nilsson, Nicolas Barbano",,
1331,tt0839773,2014-09-21,2014-09-21,,"Daisy Diamond","Daisy Diamond",https://www.imdb.com/title/tt0839773/,Película,5.9,94,2007,"Drama",1672,2007-11-23,"Simon Staho",,
1332,tt0332280,2014-09-21,2014-09-21,,"El diario de Noa","The Notebook",https://www.imdb.com/title/tt0332280/,Película,7.8,123,2004,"Drama, Romance",701199,2004-10-22,"Nick Cassavetes",,
1333,tt0280970,2014-09-21,2014-09-21,,"My Name Is Tanino","My Name Is Tanino",https://www.imdb.com/title/tt0280970/,Película,6.4,100,2002,"Comedia, Romance",2026,2003-05-30,"Paolo Virzì",,
1334,tt2369317,2014-09-22,2014-09-22,,"Estación Espacial 76","Space Station 76",https://www.imdb.com/title/tt2369317/,Película,4.9,93,2014,"Comedia, Drama, Ciencia ficción",8945,2014-10-03,"Jack Plotnick",,
1335,tt2182256,2014-09-22,2014-09-22,,"Premature","Premature",https://www.imdb.com/title/tt2182256/,Película,5.7,93,2014,"Comedia, Drama, Fantasía",11382,2014-07-02,"Dan Beers",,
1336,tt3556584,2014-09-22,2014-09-22,,"Raivu","Raivu",https://www.imdb.com/title/tt3556584/,Película,5.1,105,2014,"Acción, Comedia, Terror, Suspense",192,2014-05-10,"Noboru Iguchi",,
1337,tt3617996,2014-09-22,2014-09-22,,"Chotto kawaii aian meiden","Chotto kawaii aian meiden",https://www.imdb.com/title/tt3617996/,Película,4.5,97,2014,"Comedia",728,2014-07-19,"Kōta Yoshida",,
1338,tt2832470,2014-09-25,2014-09-25,,"Zombis nazis 2. Red vs. Dead","Død snø 2",https://www.imdb.com/title/tt2832470/,Película,6.8,100,2014,"Acción, Comedia, Terror",28786,2015-01-21,"Tommy Wirkola",,
1339,tt2190838,2014-09-25,2014-09-25,,"Stage Fright","Stage Fright",https://www.imdb.com/title/tt2190838/,Película,5.2,89,2014,"Comedia, Terror, Música, Misterio",5434,2014-04-03,"Jerome Sable",,
1340,tt2481248,2014-09-25,2014-09-25,,"Doc of the Dead","Doc of the Dead",https://www.imdb.com/title/tt2481248/,Película,6.4,81,2014,"Documental",1414,2014-06-14,"Alexandre O. Philippe",,
1341,tt1325014,2014-09-25,2014-09-25,,"The People vs. George Lucas","The People vs. George Lucas",https://www.imdb.com/title/tt1325014/,Película,6.5,93,2010,"Documental, Comedia",5034,2011-08-29,"Alexandre O. Philippe",,
1342,tt2718314,2014-09-25,2014-09-25,,"Dark Awakening","Dark Awakening",https://www.imdb.com/title/tt2718314/,Película,4.2,95,2014,"Terror, Misterio, Suspense",463,2015-07-17,"Dean Jones",,
1343,tt3139212,2014-09-25,2014-09-25,,"Bombshell Bloodbath","Bombshell Bloodbath",https://www.imdb.com/title/tt3139212/,Película,3.8,80,2014,"Terror",350,2014-10-04,"Brett Mullen",,
1344,tt2208568,2014-09-25,2014-09-25,,"Montana","Montana",https://www.imdb.com/title/tt2208568/,Película,5.5,108,2014,"Acción, Crimen, Drama, Suspense",1608,2014-12-11,"Mo Ali",,
1345,tt2553424,2014-09-25,2014-09-25,,"The Infinite Man","The Infinite Man",https://www.imdb.com/title/tt2553424/,Película,6.2,85,2014,"Comedia, Fantasía, Ciencia ficción",2338,2014-09-18,"Hugh Sullivan",,
1346,tt2403453,2014-09-25,2014-09-25,,"Tomogui","Tomogui",https://www.imdb.com/title/tt2403453/,Película,6.2,102,2013,"Drama",408,2013-09-07,"Shinji Aoyama",,
1347,tt0062185,2014-09-26,2014-09-26,,"Reflejos en un ojo dorado","Reflections in a Golden Eye",https://www.imdb.com/title/tt0062185/,Película,6.7,108,1967,"Drama, Romance, Suspense",8892,2021-04-28,"John Huston",,
1348,tt0960098,2014-09-29,2014-09-29,,"Fría ambición","Winter of Frozen Dreams",https://www.imdb.com/title/tt0960098/,Película,4.6,92,2009,"Crimen, Drama",955,2011-01-20,"Eric Mandelbaum",,
1349,tt1929308,2014-09-30,2014-09-30,,"Magic Magic","Magic Magic",https://www.imdb.com/title/tt1929308/,Película,5.0,97,2013,"Drama, Suspense",10701,2013-08-28,"Sebastián Silva",,
1350,tt1623745,2014-09-30,2014-09-30,,"Little Birds","Little Birds",https://www.imdb.com/title/tt1623745/,Película,6.1,94,2011,"Drama",5462,2016-01-09,"Elgin James",,
1351,tt1977002,2014-10-06,2014-10-06,,"Autoerotic","Autoerotic",https://www.imdb.com/title/tt1977002/,Película,4.4,72,2011,"Drama, Romance",864,2021-08-04,"Joe Swanberg, Adam Wingard",,
1352,tt1634136,2014-10-09,2014-10-09,,"Violet & Daisy","Violet & Daisy",https://www.imdb.com/title/tt1634136/,Película,6.0,88,2011,"Acción, Comedia, Crimen, Drama, Misterio, Suspense",13804,2013-06-06,"Geoffrey Fletcher",,
1353,tt0796302,2014-10-11,2014-10-11,,"The Babysitters: Las niñeras","The Babysitters",https://www.imdb.com/title/tt0796302/,Película,5.6,88,2007,"Drama",14038,2020-05-31,"David Ross",,
1354,tt3218580,2014-10-13,2014-10-13,,"Alléluia","Alléluia",https://www.imdb.com/title/tt3218580/,Película,6.2,93,2014,"Crimen, Terror, Romance, Suspense",3686,2014-11-12,"Fabrice du Welz",,
1355,tt0496319,2014-10-13,2014-10-13,,"El estado más caliente","The Hottest State",https://www.imdb.com/title/tt0496319/,Película,6.0,117,2006,"Drama, Música, Romance",2992,2007-03-23,"Ethan Hawke",,
1356,tt1727516,2014-10-13,2014-10-13,,"Lívido","Livide",https://www.imdb.com/title/tt1727516/,Película,5.7,92,2011,"Fantasía, Terror",8484,2011-12-07,"Alexandre Bustillo, Julien Maury",,
1357,tt3328654,2014-10-13,2014-10-13,,"Dios Local","Dios Local",https://www.imdb.com/title/tt3328654/,Película,5.7,90,2014,"Terror",104,2015-05-14,"Gustavo Hernández",,
1358,tt3474462,2014-10-13,2014-10-13,,"La distancia","La distancia",https://www.imdb.com/title/tt3474462/,Película,6.0,83,2014,"Misterio, Ciencia ficción",413,2015-01-08,"Sergio Caballero",,
1359,tt0217355,2014-10-13,2014-10-13,,"Blue Iguana","Dancing at the Blue Iguana",https://www.imdb.com/title/tt0217355/,Película,5.7,123,2000,"Drama, Misterio",4429,2001-10-11,"Michael Radford",,
1360,tt0100188,2014-10-13,2014-10-13,,"Pasión mortal","Mortal Passions",https://www.imdb.com/title/tt0100188/,Película,4.4,92,1989,"Crimen, Drama, Romance, Suspense",595,1990-01-26,"Andrew Lane",,
1361,tt0098356,2014-10-13,2014-10-13,,"Algunas chicas","Some Girls",https://www.imdb.com/title/tt0098356/,Película,5.7,94,1988,"Comedia, Drama, Fantasía, Romance",4390,1988-09-09,"Michael Hoffman",,
1362,tt0495024,2014-10-13,2014-10-13,,"Bad Blood","Bad Blood",https://www.imdb.com/title/tt0495024/,Película,5.5,107,2012,"Terror, Misterio, Romance, Suspense",144,2012-10-26,"Conrad Janis",,
1363,tt1840911,2014-10-13,2014-10-13,,"El sexo de los ángeles","El sexo de los ángeles",https://www.imdb.com/title/tt1840911/,Película,6.4,105,2012,"Drama, Romance",5556,2012-05-04,"Xavier Villaverde",,
1364,tt2033250,2014-10-13,2014-10-13,,"Extase","Extase",https://www.imdb.com/title/tt2033250/,Película,5.7,67,2009,"Drama",96,2009-02-16,"Cheyenne Carron",,
1365,tt1549572,2014-10-13,2014-10-13,,"Otra Tierra","Another Earth",https://www.imdb.com/title/tt1549572/,Película,6.9,92,2011,"Drama, Romance, Ciencia ficción",104969,2011-10-21,"Mike Cahill",,
1366,tt1748207,2014-10-13,2014-10-13,,"Sound of My Voice","Sound of My Voice",https://www.imdb.com/title/tt1748207/,Película,6.5,87,2011,"Drama, Misterio, Ciencia ficción, Suspense",23964,2012-08-03,"Zal Batmanglij",,
1367,tt1808339,2014-10-14,2014-10-14,,"Buscando un Final Feliz","Not Another Happy Ending",https://www.imdb.com/title/tt1808339/,Película,6.1,102,2013,"Comedia, Drama, Romance",5387,2013-10-11,"John McKay",,
1368,tt2914838,2014-10-14,2014-10-14,,"R100","R100",https://www.imdb.com/title/tt2914838/,Película,5.9,99,2013,"Comedia, Drama",3094,2013-10-05,"Hitoshi Matsumoto",,
1369,tt0111019,2014-10-14,2014-10-14,,"Los juncos salvajes","Les roseaux sauvages",https://www.imdb.com/title/tt0111019/,Película,7.2,110,1994,"Drama, Romance",7337,1995-04-21,"André Téchiné",,
1370,tt0226540,2014-10-14,2014-10-14,,"Demasiada carne","Too Much Flesh",https://www.imdb.com/title/tt0226540/,Película,5.1,109,2000,"Drama",828,2001-08-03,"Pascal Arnold, Jean-Marc Barr",,
1371,tt0178721,2014-10-14,2014-10-14,,"Lovers","Lovers",https://www.imdb.com/title/tt0178721/,Película,6.2,100,1999,"Drama",762,2000-12-15,"Jean-Marc Barr",,
1372,tt0168899,2014-10-14,2014-10-14,,"No quiero morir un domingo","J'aimerais pas crever un dimanche",https://www.imdb.com/title/tt0168899/,Película,5.2,86,1998,"Drama",588,2001-05-25,"Didier Le Pêcheur",,
1373,tt1528750,2014-10-14,2014-10-14,,"Four Lovers","Happy Few",https://www.imdb.com/title/tt1528750/,Película,5.5,103,2010,"Romance",2260,2012-06-08,"Antony Cordier",,
1374,tt0239388,2014-10-14,2014-10-14,,"La faute à Voltaire","La faute à Voltaire",https://www.imdb.com/title/tt0239388/,Película,6.9,126,2000,"Drama",1002,2001-02-14,"Abdellatif Kechiche",,
1375,tt0215584,2014-10-14,2014-10-14,,"Les brouches","Les brouches",https://www.imdb.com/title/tt0215584/,Película de TV,,83,1994,"Drama",0,1994-03-26,"Alain Tasma",,
1376,tt0114146,2014-10-14,2014-10-14,,"Le plus bel âge...","Le plus bel âge...",https://www.imdb.com/title/tt0114146/,Película,5.9,80,1995,"Drama, Misterio",330,1995-09-13,"Didier Haudepin",,
1377,tt1283887,2014-10-21,2014-10-21,,"Palmeras ardientes","Burning Palms",https://www.imdb.com/title/tt1283887/,Película,5.4,105,2010,"Comedia, Suspense",3256,2011-01-14,"Christopher Landon",,
1378,tt0218094,2014-10-23,2014-10-23,,"Reglas del juego","Cheaters",https://www.imdb.com/title/tt0218094/,Película de TV,6.7,108,2000,"Drama",3939,2000-05-20,"John Stockwell",,
1379,tt1486190,2014-10-27,2014-10-27,,"Tamara Drewe","Tamara Drewe",https://www.imdb.com/title/tt1486190/,Película,6.2,107,2010,"Comedia, Drama, Romance",23543,2010-11-12,"Stephen Frears",,
1380,tt0417745,2014-10-27,2014-10-27,,"Headspace: El rostro del mal","Headspace",https://www.imdb.com/title/tt0417745/,Película,4.6,89,2005,"Terror, Misterio, Ciencia ficción, Suspense",2135,2006-05-31,"Andrew van den Houten",,
1381,tt2044801,2014-10-27,2014-10-27,,"Kite","Kite",https://www.imdb.com/title/tt2044801/,Película,4.5,90,2014,"Acción, Crimen, Suspense",7319,2014-06-13,"Ralph Ziman",,
1382,tt4086722,2014-10-27,2014-10-27,,"The Afterglow","The Afterglow",https://www.imdb.com/title/tt4086722/,Película,5.1,98,2014,"Drama, Terror, Suspense",36,2014-10,"Yolanda Torres, Joan Álvarez Durán",,
1383,tt2242176,2014-10-27,2014-10-27,,"Horsehead","Horsehead",https://www.imdb.com/title/tt2242176/,Película,4.8,89,2014,"Fantasía, Terror, Misterio, Suspense",2029,2015-03-11,"Romain Basset",,
1384,tt3494584,2014-10-27,2014-10-27,,"Naturaleza muerta","Naturaleza muerta",https://www.imdb.com/title/tt3494584/,Película,5.1,97,2014,"Terror, Misterio, Suspense",613,2015-03-05,"Gabriel Grieco",,
1385,tt3704538,2014-10-27,2014-10-27,,"V/H/S Viral","V/H/S Viral",https://www.imdb.com/title/tt3704538/,Película,4.2,81,2014,"Acción, Aventura, Fantasía, Terror, Misterio, Ciencia ficción, Suspense",22114,2014-10-23,"Justin Benson, Gregg Bishop, Todd Lincoln, Aaron Moorhead, Marcel Sarmiento, Nacho Vigalondo",,
1386,tt1772261,2014-10-27,2014-10-27,,"The Curse of Downers Grove","The Curse of Downers Grove",https://www.imdb.com/title/tt1772261/,Película,4.4,89,2015,"Drama, Terror, Misterio, Suspense",2222,2015-08-21,"Derick Martini",,
1387,tt3429014,2014-10-27,2014-10-27,,"Heung Gong zai","Heung Gong zai",https://www.imdb.com/title/tt3429014/,Película,6.2,97,2014,"Familiar",732,2014-05-08,"Pang Ho-Cheung",,
1388,tt3385490,2014-10-28,2014-10-28,,"Samayou koyubi","Samayou koyubi",https://www.imdb.com/title/tt3385490/,Película,6.2,65,2014,"Acción, Comedia, Drama, Fantasía",51,2014-09-14,"Lisa Takeba",,
1389,tt3265218,2014-10-28,2014-10-28,,"Non-pik-syeon da-i-eo-li","Non-pik-syeon da-i-eo-li",https://www.imdb.com/title/tt3265218/,Película,6.7,90,2013,"Documental",68,2014-07-17,"Yoon-suk Jung",,
1390,tt3740242,2014-10-28,2014-10-28,,"Ho ching 2","Ho ching 2",https://www.imdb.com/title/tt3740242/,Película,4.6,107,2014,"Comedia",1030,2014-03-25,"Kung-Lok Lee",,
1391,tt3837066,2014-10-28,2014-10-28,,"Sin-chon-jom-bi-ma-hwa","Sin-chon-jom-bi-ma-hwa",https://www.imdb.com/title/tt3837066/,Película,5.8,117,2014,"Drama, Fantasía, Terror, Romance, Ciencia ficción, Suspense",197,2014-05-15,"Han Ji-seung, Ryoo Seung-wan, Kim Tae-yong",,
1392,tt2535470,2014-10-28,2014-10-28,,"Wyrmwood: La carretera de los muertos","Wyrmwood",https://www.imdb.com/title/tt2535470/,Película,6.2,98,2014,"Acción, Comedia, Terror",19415,2015-02-13,"Kiah Roache-Turner",,
1393,tt2328813,2014-10-28,2014-10-28,,"Qué difícil es ser un dios","Trudno byt bogom",https://www.imdb.com/title/tt2328813/,Película,6.5,177,2013,"Drama, Ciencia ficción",7104,2014-02-27,"Aleksei German",,
1394,tt0076740,2014-10-28,2014-10-28,,"Carga maldita","Sorcerer",https://www.imdb.com/title/tt0076740/,Película,7.7,121,1977,"Aventura, Drama, Suspense",37646,1977-06-24,"William Friedkin",,
1395,tt2396721,2014-10-28,2014-10-28,,"The Scribbler","The Scribbler",https://www.imdb.com/title/tt2396721/,Película,5.3,88,2014,"Drama, Misterio, Ciencia ficción, Suspense",5347,2014-11-06,"John Suits",,
1396,tt2899768,2014-10-28,2014-10-28,,"Stella cadente","Stella cadente",https://www.imdb.com/title/tt2899768/,Película,5.1,105,2014,"Drama, Historia",471,2014-04-26,"Lluís Miñarro",,
1397,tt1306983,2014-10-28,2014-10-28,,"Jan Saudek - V pekle svých vásní, ráj v nedohlednu","Jan Saudek - V pekle svých vásní, ráj v nedohlednu",https://www.imdb.com/title/tt1306983/,Película,6.5,96,2007,"Documental",182,2007-12-20,"Adolf Zika",,
1398,tt2723576,2014-10-31,2014-10-31,,"The Sleepwalker","The Sleepwalker",https://www.imdb.com/title/tt2723576/,Película,5.1,91,2014,"Drama, Misterio",974,2014-01-31,"Mona Fastvold",,
1399,tt1268809,2014-10-31,2014-10-31,,"La noche de los demonios","Night of the Demons",https://www.imdb.com/title/tt1268809/,Película,4.7,93,2009,"Acción, Comedia, Fantasía, Terror, Suspense",9119,2011-05-26,"Adam Gierasch",,
1400,tt1753790,2014-11-02,2014-11-02,,"Escape from New Jersey","Escape from New Jersey",https://www.imdb.com/title/tt1753790/,Película,4.4,45,2010,"Acción, Aventura, Ciencia ficción",246,2010-08-03,"Chris R. Notarile",,
1401,tt3060492,2014-11-02,2014-11-02,,"Before I Disappear","Before I Disappear",https://www.imdb.com/title/tt3060492/,Película,7.2,93,2014,"Aventura, Drama",10811,2014-11-28,"Shawn Christensen",,
1402,tt2965412,2014-11-02,2014-11-02,,"Comet","Comet",https://www.imdb.com/title/tt2965412/,Película,6.7,91,2014,"Comedia, Drama, Romance, Ciencia ficción",20449,2014-12-05,"Sam Esmail",,
1403,tt2802154,2014-11-02,2014-11-02,,"Leviatán","Leviathan",https://www.imdb.com/title/tt2802154/,Película,7.6,140,2014,"Crimen, Drama",60549,2015-02-05,"Andrey Zvyagintsev",,
1404,tt0089017,2014-11-05,2014-11-05,,"Buscando a Susan desesperadamente","Desperately Seeking Susan",https://www.imdb.com/title/tt0089017/,Película,6.2,104,1985,"Comedia, Drama",29441,1985-10-07,"Susan Seidelman",,
1405,tt2514592,2014-11-05,2014-11-05,,"Fango","Fango",https://www.imdb.com/title/tt2514592/,Película,6.2,105,2012,"Drama",71,2014-05-22,"José Celestino Campusano",,
1406,tt1260694,2014-11-05,2014-11-05,,"Trunk","Trunk",https://www.imdb.com/title/tt1260694/,Vídeo,3.1,94,2009,"Suspense",306,2009-12,"Straw Weisman",,
1407,tt0080850,2014-11-05,2014-11-05,,"Sabe que estás sola","He Knows You're Alone",https://www.imdb.com/title/tt0080850/,Película,5.1,94,1980,"Terror, Suspense",4668,1980-08-29,"Armand Mastroianni",,
1408,tt2950330,2014-11-05,2014-11-05,,"De poel","De poel",https://www.imdb.com/title/tt2950330/,Película,5.4,76,2014,"Terror",1584,2014-05-01,"Chris W. Mitchell",,
1409,tt0095379,2014-11-05,2014-11-05,,"Intruso en la noche","Intruder",https://www.imdb.com/title/tt0095379/,Película,6.1,83,1989,"Terror, Suspense",13672,1989-01-13,"Scott Spiegel",,
1410,tt4145324,2014-11-09,2014-11-09,,"Dominación","Bound",https://www.imdb.com/title/tt4145324/,Vídeo,3.5,91,2015,"Drama, Misterio, Suspense",2952,2016-02-05,"Jared Cohn",,
1411,tt1107319,2014-11-10,2014-11-10,,"Dirty Girl","Dirty Girl",https://www.imdb.com/title/tt1107319/,Película,6.4,90,2010,"Comedia, Drama",11957,2011-07-07,"Abe Sylvia",,
1412,tt1735895,2014-11-10,2014-11-10,,"Showstopper","Showstopper",https://www.imdb.com/title/tt1735895/,Película,8.0,,2012,"Misterio",26,2014-12-31,"Myke Michaels",,
1413,tt2134058,2014-11-14,2014-11-14,,"Eiga-ban: Futari ecchi - sekando kissu","Eiga-ban: Futari ecchi - sekando kissu",https://www.imdb.com/title/tt2134058/,Película,5.8,71,2011,"Comedia, Romance",32,2011-12-17,"Kazuhiro Yokoyama",,
1414,tt2560094,2014-11-14,2014-11-14,,"Eiga-Ban: Futari Ecchi - Toripuru Rabu & Rabu Fureba","Eiga-Ban: Futari Ecchi - Toripuru Rabu & Rabu Fureba",https://www.imdb.com/title/tt2560094/,Película,6.1,,2012,"Comedia, Romance",29,2012-05-12,"Kazuhiro Yokoyama",,
1415,tt1927041,2014-11-14,2014-11-14,,"Eiga-ban: Futari ecchi","Eiga-ban: Futari ecchi",https://www.imdb.com/title/tt1927041/,Película,4.6,73,2011,"Comedia, Romance",83,2011-06-18,"Kazuhiro Yokoyama",,
1416,tt0260814,2014-11-14,2014-11-14,,"Karafuru","Karafuru",https://www.imdb.com/title/tt0260814/,Película,6.3,98,2000,"Drama, Fantasía, Misterio",126,2000-10-07,"Shun Nakahara",,
1417,tt1303218,2014-11-14,2014-11-14,,"Hentai kazoku niiduma inran zeme","Hentai kazoku niiduma inran zeme",https://www.imdb.com/title/tt1303218/,Película,5.1,60,2005,"Fantasía, Terror",73,2005-07-29,"Minoru Inao",,
1418,tt1836020,2014-11-14,2014-11-14,,"Kunoichi","Kunoichi",https://www.imdb.com/title/tt1836020/,Película,4.6,65,2011,"Acción",436,2011-03-19,"Seiji Chiba",,
1419,tt2524934,2014-11-14,2014-11-14,,"The Ecstasy of Isabel Mann","The Ecstasy of Isabel Mann",https://www.imdb.com/title/tt2524934/,Película,2.8,90,2012,"Terror",146,2016-04-19,"Jason Figgis",,
1420,tt3068192,2014-11-14,2014-11-14,,"La posesión de Grace","Grace",https://www.imdb.com/title/tt3068192/,Película,4.5,87,2014,"Terror, Suspense",4115,2021-08-15,"Jeff Chan",,
1421,tt0142163,2014-11-15,2014-11-15,,"Chikan densha: Gokuhi honban","Chikan densha: Gokuhi honban",https://www.imdb.com/title/tt0142163/,Película,4.7,65,1984,"Comedia, Ciencia ficción",130,1984-08,"Yōjirō Takita",,
1422,tt1412334,2014-11-15,2014-11-15,,"Samurai purinsesu: Gedô-hime","Samurai purinsesu: Gedô-hime",https://www.imdb.com/title/tt1412334/,Película,4.3,82,2009,"Acción, Terror",982,2009-10-09,"Kengo Kaji",,
1423,tt3685756,2014-11-15,2014-11-15,,"Ninja Torakage","Ninja Torakage",https://www.imdb.com/title/tt3685756/,Película,5.3,94,2014,"Acción",206,2015-06-20,"Yoshihiro Nishimura",,
1424,tt0077362,2014-11-18,2014-11-18,,"El regreso","Coming Home",https://www.imdb.com/title/tt0077362/,Película,7.3,127,1978,"Drama, Romance, Bélico",16103,1978-02-15,"Hal Ashby",,
1425,tt1798194,2014-11-20,2014-11-20,,"La permission de minuit","La permission de minuit",https://www.imdb.com/title/tt1798194/,Película,6.0,110,2011,"Drama",279,2011-03-02,"Delphine Gleize",,
1426,tt2311526,2014-11-20,2014-11-20,,"Puppylove","Puppylove",https://www.imdb.com/title/tt2311526/,Película,5.7,85,2013,"Drama, Romance",1382,2021-04-30,"Delphine Lehericey",,
1427,tt0081777,2014-11-22,2014-11-22,,"Xanadú","Xanadu",https://www.imdb.com/title/tt0081777/,Película,5.4,96,1980,"Fantasía, Musical, Romance",17204,1980-10-24,"Robert Greenwald",,
1428,tt2321502,2014-11-28,2014-11-28,,"Uncanny","Uncanny",https://www.imdb.com/title/tt2321502/,Película,6.2,85,2015,"Drama, Terror, Ciencia ficción, Suspense",6301,2016-06-22,"Matthew Leutwyler",,
1429,tt3273932,2014-11-28,2014-11-28,,"Last Summer","Last Summer",https://www.imdb.com/title/tt3273932/,Película,5.9,94,2014,"Drama",247,2014-10-30,"Leonardo Guerra Seràgnoli",,
1430,tt0889595,2014-12-01,2014-12-01,,"Dream Boy","Dream Boy",https://www.imdb.com/title/tt0889595/,Película,6.2,88,2008,"Drama, Romance",4744,2008-12-11,"James Bolton",,
1431,tt3082826,2014-12-02,2014-12-02,,"Kelly y Cal","Kelly & Cal",https://www.imdb.com/title/tt3082826/,Película,6.3,111,2014,"Comedia, Drama",2380,2017-04-12,"Jen McGowan",,
1432,tt3112900,2014-12-02,2014-12-02,,"Salomé","Salomé",https://www.imdb.com/title/tt3112900/,Película,6.2,81,2013,"Drama",2451,2014-09-21,"Al Pacino",,
1433,tt2389162,2014-12-03,2014-12-03,,"American Muscle","American Muscle",https://www.imdb.com/title/tt2389162/,Película,4.2,79,2014,"Acción, Crimen, Drama, Suspense",1098,2014-09-30,"Ravi Dhar",,
1434,tt0465203,2014-12-03,2014-12-03,,"Ellos","Ils",https://www.imdb.com/title/tt0465203/,Película,6.3,77,2006,"Terror, Suspense",34086,2006-11-03,"David Moreau, Xavier Palud",,
1435,tt2300975,2014-12-09,2014-12-09,,"Jessabelle","Jessabelle",https://www.imdb.com/title/tt2300975/,Película,5.4,90,2014,"Drama, Terror, Misterio, Suspense",27446,2020-09-24,"Kevin Greutert",,
1436,tt0373900,2014-12-09,2014-12-09,,"El estrangulador de la colina","Rampage: The Hillside Strangler Murders",https://www.imdb.com/title/tt0373900/,Película,4.3,85,2006,"Crimen, Drama, Suspense",901,2006-01-10,"Chris Fisher",,
1437,tt0119054,2014-12-10,2014-12-10,,"Eight Days a Week","Eight Days a Week",https://www.imdb.com/title/tt0119054/,Película,6.0,92,1997,"Comedia, Romance",3703,1999-02-26,"Michael Davis",,
1438,tt2616016,2014-12-11,2014-12-11,,"Lejos del mundo","Crimen con vista al mar",https://www.imdb.com/title/tt2616016/,Película,5.7,89,2013,"Drama, Suspense",133,2013-08-16,"Gerardo Herrero",,
1439,tt0465140,2014-12-11,2014-12-11,,"Los aires difíciles","Los aires difíciles",https://www.imdb.com/title/tt0465140/,Película,5.7,117,2006,"Drama, Romance",527,2006-03-24,"Gerardo Herrero",,
1440,tt0118063,2014-12-16,2014-12-16,,"Vampirella","Vampirella",https://www.imdb.com/title/tt0118063/,Vídeo,3.4,82,1996,"Acción, Fantasía, Terror, Ciencia ficción",1859,1997-04-10,"Jim Wynorski",,
1441,tt0497411,2014-12-20,2014-12-20,,"Miguel y William","Miguel y William",https://www.imdb.com/title/tt0497411/,Película,5.2,102,2007,"Comedia, Romance",317,2007-02-02,"Inés París",,
1442,tt1699128,2014-12-20,2014-12-20,,"Gli sfiorati","Gli sfiorati",https://www.imdb.com/title/tt1699128/,Película,5.3,111,2011,"Comedia, Drama, Romance",1100,2012-03-02,"Matteo Rovere",,
1443,tt0336018,2014-12-20,2014-12-20,,"Bellas durmientes","Bellas durmientes",https://www.imdb.com/title/tt0336018/,Película,5.6,,2001,"Drama",66,2001-11-09,"Eloy Lozano",,
1444,tt4144156,2014-12-21,2014-12-21,,"Iron Girl: Ultimate Weapon","Iron Girl: Ultimate Weapon",https://www.imdb.com/title/tt4144156/,Película,4.5,83,2015,"Acción, Ciencia ficción",313,2015-01-17,"Ken'ichi Fujiwara",,
1445,tt0434125,2014-12-21,2014-12-21,,"Kiseichuu: kiraa pusshii","Kiseichuu: kiraa pusshii",https://www.imdb.com/title/tt0434125/,Vídeo,4.2,60,2004,"Comedia, Terror",790,2004-08-22,"Takao Nakano",,
1446,tt0017048,2014-12-21,2014-12-21,,"Kurutta ichipêji","Kurutta ichipêji",https://www.imdb.com/title/tt0017048/,Película,7.3,70,1926,"Drama, Terror, Suspense",5494,1926-09-24,"Teinosuke Kinugasa",,
1447,tt0195256,2014-12-21,2014-12-21,,"La diosa","Shen nu",https://www.imdb.com/title/tt0195256/,Película,7.7,85,1934,"Drama",2861,1934,"Yonggang Wu",,
1448,tt0024844,2014-12-23,2014-12-23,,"L'atalante","L'Atalante",https://www.imdb.com/title/tt0024844/,Película,7.7,89,1934,"Aventura, Drama, Romance",18808,1934-09-14,"Jean Vigo",,
1449,tt2437548,2014-12-23,2014-12-23,,"Goodbye to All That","Goodbye to All That",https://www.imdb.com/title/tt2437548/,Película,5.3,87,2014,"Comedia, Drama, Romance",2624,2014-12-17,"Angus MacLachlan",,
1450,tt0022694,2014-12-23,2014-12-23,,"La luz azul","Das blaue Licht - Eine Berglegende aus den Dolomiten",https://www.imdb.com/title/tt0022694/,Película,6.8,85,1932,"Drama, Fantasía, Misterio",1574,1932-03-24,"Leni Riefenstahl, Béla Balázs",,
1451,tt0124102,2014-12-23,2014-12-23,,"Terror en la red","Strangeland",https://www.imdb.com/title/tt0124102/,Película,5.1,85,1998,"Terror, Suspense",8497,1998-10-02,"John Pieplow",,
1452,tt0448564,2014-12-25,2014-12-25,,"Irresistible","Irresistible",https://www.imdb.com/title/tt0448564/,Película,5.7,103,2006,"Drama, Misterio, Suspense",7147,2006-12-15,"Ann Turner",,
1453,tt0424205,2014-12-25,2014-12-25,,"Feliz Navidad","Joyeux Noël",https://www.imdb.com/title/tt0424205/,Película,7.6,116,2005,"Drama, Historia, Música, Romance, Bélico",34496,2005-12-02,"Christian Carion",,
1454,tt0443456,2014-12-29,2014-12-29,,"Breaking and Entering","Breaking and Entering",https://www.imdb.com/title/tt0443456/,Película,6.5,120,2006,"Crimen, Drama, Romance",23856,2007-03-02,"Anthony Minghella",,
1455,tt0053765,2014-12-29,2014-12-29,,"La diosa","Devi",https://www.imdb.com/title/tt0053765/,Película,7.8,99,1960,"Drama",3510,1960-02-19,"Satyajit Ray",,
1456,tt1732651,2015-01-02,2015-01-02,,"Ghost Shark 2: Urban Jaws","Ghost Shark 2: Urban Jaws",https://www.imdb.com/title/tt1732651/,Película,2.4,70,2015,"Drama, Fantasía, Terror, Ciencia ficción, Suspense",298,2015-06-27,"Johnny Hall, Andrew Todd",,
1457,tt3518702,2015-01-02,2015-01-02,,"La maldición del pantano","SnakeHead Swamp",https://www.imdb.com/title/tt3518702/,Película de TV,3.2,86,2014,"Acción, Aventura, Comedia, Terror, Ciencia ficción, Suspense",806,2018-08-23,"Don E. FauntLeRoy",,
1458,tt4024922,2015-01-02,2015-01-02,,"Proof of the Devil 2","Proof of the Devil 2",https://www.imdb.com/title/tt4024922/,Película,,90,2015,"Terror",0,2015-08-15,"Jason Hewitt",,
1459,tt3867396,2015-01-02,2015-01-02,,"Proof of the Devil","Proof of the Devil",https://www.imdb.com/title/tt3867396/,Película,2.9,75,2015,"Terror",304,2017-11-23,"Paul Catalanotto",,
1460,tt0204761,2015-01-03,2015-01-03,,"La fidelidad","La fidélité",https://www.imdb.com/title/tt0204761/,Película,5.6,166,2000,"Drama",2179,2003-02-14,"Andrzej Żuławski",,
1461,tt1032819,2015-01-05,2015-01-05,,"Powder Blue","Powder Blue",https://www.imdb.com/title/tt1032819/,Película,6.2,106,2009,"Acción, Crimen, Drama",15802,2009-10-15,"Timothy Linh Bui",,
1462,tt3569374,2015-01-10,2015-01-10,,"The Midnight Swim","The Midnight Swim",https://www.imdb.com/title/tt3569374/,Película,5.0,84,2014,"Drama, Terror, Misterio, Suspense",1208,2015-06-26,"Sarah Adina Smith",,
1463,tt0095956,2015-01-11,2015-01-11,,"Rambo III","Rambo III",https://www.imdb.com/title/tt0095956/,Película,5.8,102,1988,"Acción, Aventura, Suspense",151113,1988-07-27,"Peter MacDonald",,
1464,tt0462499,2015-01-11,2015-01-11,,"John Rambo","Rambo",https://www.imdb.com/title/tt0462499/,Película,7.0,92,2008,"Acción, Suspense",258334,2008-02-01,"Sylvester Stallone",,
1465,tt0089880,2015-01-11,2015-01-11,,"Rambo: Acorralado - Parte II","Rambo: First Blood Part II",https://www.imdb.com/title/tt0089880/,Película,6.5,96,1985,"Acción, Aventura, Suspense",198075,1985-09-09,"George P. Cosmatos",,
1466,tt1536048,2015-01-13,2015-01-13,,"Wallis y Eduardo: El romance del siglo","W.E.",https://www.imdb.com/title/tt1536048/,Película,6.2,119,2011,"Drama, Historia, Romance",14210,2012-01-20,"Madonna",,
1467,tt0058642,2015-01-13,2015-01-13,,"La sombra de nuestros antepasados olvidados","Tini zabutykh predkiv",https://www.imdb.com/title/tt0058642/,Película,7.8,97,1965,"Drama, Romance",9774,1965-09-04,"Sergei Parajanov",,
1468,tt2788556,2015-01-16,2015-01-16,,"Primavera en Normandía","Gemma Bovery",https://www.imdb.com/title/tt2788556/,Película,6.4,99,2014,"Comedia, Drama, Romance",7362,2016-03-18,"Anne Fontaine",,
1469,tt2275471,2015-01-17,2015-01-17,,"Un marido perfecto","A Perfect Man",https://www.imdb.com/title/tt2275471/,Película,5.2,95,2013,"Drama, Romance",2274,2013-10-31,"Kees Van Oostrum",,
1470,tt1519245,2015-01-22,2015-01-22,,"Agnosia","Agnosia",https://www.imdb.com/title/tt1519245/,Película,5.4,105,2010,"Drama, Suspense",1567,2010-11-05,"Eugenio Mira",,
1471,tt0083000,2015-01-22,2015-01-22,,"Carretera mortal","Roadgames",https://www.imdb.com/title/tt0083000/,Película,6.6,101,1981,"Misterio, Suspense",11129,1981-06-26,"Richard Franklin",,
1472,tt0995851,2015-01-24,2015-01-24,,"Una chica perfecta","In Her Skin",https://www.imdb.com/title/tt0995851/,Película,6.4,107,2009,"Biografía, Crimen, Drama, Misterio, Suspense",6075,2023-08-19,"Simone North",,
1473,tt2106440,2015-01-24,2015-01-24,,"Hallows' Eve","Hallows' Eve",https://www.imdb.com/title/tt2106440/,Película,3.3,78,2013,"Terror",776,2014-10-14,"Sean McGarry",,
1474,tt0457936,2015-01-24,2015-01-24,,"Hell","Hell",https://www.imdb.com/title/tt0457936/,Película,4.9,100,2006,"Drama",636,2006-03-01,"Bruno Chiche",,
1475,tt0066214,2015-01-28,2015-01-28,,"Performance","Performance",https://www.imdb.com/title/tt0066214/,Película,6.7,105,1970,"Crimen, Drama",12341,1978-06-26,"Donald Cammell, Nicolas Roeg",,
1476,tt0120687,2015-01-31,2015-01-31,,"La institutriz","The Governess",https://www.imdb.com/title/tt0120687/,Película,6.2,115,1998,"Drama, Romance",3328,1998-11-13,"Sandra Goldbacher",,
1477,tt0477273,2015-01-31,2015-01-31,,"El camino de los ingleses","El camino de los ingleses",https://www.imdb.com/title/tt0477273/,Película,5.5,118,2006,"Drama, Romance",1290,2006-12-01,"Antonio Banderas",,
1478,tt1453403,2015-01-31,2015-01-31,,"William Vincent","William Vincent",https://www.imdb.com/title/tt1453403/,Película,4.0,100,2010,"Crimen, Drama",1096,2010-04-25,"Jay Anania",,
1479,tt0326367,2015-01-31,2015-01-31,,"Her Name Is Carla","Her Name Is Carla",https://www.imdb.com/title/tt0326367/,Película,5.1,85,2005,"Drama, Suspense",223,2005-10-20,"Jay Anania",,
1480,tt0432290,2015-01-31,2015-01-31,,"Flannel Pajamas","Flannel Pajamas",https://www.imdb.com/title/tt0432290/,Película,6.0,124,2006,"Romance",971,2006-01-22,"Jeff Lipsky",,
1481,tt2334733,2015-02-01,2015-02-01,,"Madame Bovary","Madame Bovary",https://www.imdb.com/title/tt2334733/,Película,5.7,118,2014,"Drama, Romance",9462,2016-05-20,"Sophie Barthes",,
1482,tt2577172,2015-02-01,2015-02-01,,"Girlhouse","Girlhouse",https://www.imdb.com/title/tt2577172/,Película,5.5,101,2014,"Terror, Suspense",10819,2015-02-14,"Jon Knautz, Trevor Matthews",,
1483,tt0421920,2015-02-02,2015-02-02,,"El calentito","El calentito",https://www.imdb.com/title/tt0421920/,Película,5.9,90,2005,"Comedia, Música",613,2005-06-24,"Chus Gutiérrez",,
1484,tt3121332,2015-02-10,2015-02-10,,"Nasty Baby","Nasty Baby",https://www.imdb.com/title/tt3121332/,Película,5.7,101,2015,"Drama",2865,2015-10-30,"Sebastián Silva",,
1485,tt2125698,2015-02-10,2015-02-10,,"Joven & alocada","Joven y alocada",https://www.imdb.com/title/tt2125698/,Película,6.0,96,2012,"Comedia, Drama",3277,2014-03-07,"Marialy Rivas",,
1486,tt3732950,2015-02-10,2015-02-10,,"Body","Body",https://www.imdb.com/title/tt3732950/,Película,5.3,75,2015,"Crimen, Drama, Suspense",2800,2015-12-29,"Dan Berk, Robert Olsen",,
1487,tt4265878,2015-02-11,2015-02-11,,"Dora oder Die sexuellen Neurosen unserer Eltern","Dora oder Die sexuellen Neurosen unserer Eltern",https://www.imdb.com/title/tt4265878/,Película,6.2,88,2015,"Drama, Romance",616,2015-05-21,"Stina Werenfels",,
1488,tt2367954,2015-02-15,2015-02-15,,"Datsui-mâjan batoru rowaiaru","Datsui-mâjan batoru rowaiaru",https://www.imdb.com/title/tt2367954/,Película,4.0,77,2011,"Terror, Suspense",251,2011-11-02,"Mac P. Forever",,
1489,tt1570728,2015-02-15,2015-02-15,,"Crazy, Stupid, Love.","Crazy, Stupid, Love.",https://www.imdb.com/title/tt1570728/,Película,7.4,118,2011,"Comedia, Drama, Romance",628568,2011-10-07,"Glenn Ficarra, John Requa",,
1490,tt0089469,2015-02-15,2015-02-15,,"Legend","Legend",https://www.imdb.com/title/tt0089469/,Película,6.3,94,1985,"Aventura, Fantasía, Romance",81039,1986-03-14,"Ridley Scott",,
1491,tt0781084,2015-02-15,2015-02-15,,"Sukeban deka: Kôdo nêmu = Asamiya Saki","Sukeban deka: Kôdo nêmu = Asamiya Saki",https://www.imdb.com/title/tt0781084/,Película,4.9,98,2006,"Acción, Drama, Suspense",1237,2006-09-30,"Kenta Fukasaku",,
1492,tt3544082,2015-02-15,2015-02-15,,"45 años","45 Years",https://www.imdb.com/title/tt3544082/,Película,7.1,95,2015,"Drama, Romance",36856,2015-12-18,"Andrew Haigh",,
1493,tt3881768,2015-02-17,2015-02-17,,"Sensualidad letal","Beautiful & Twisted",https://www.imdb.com/title/tt3881768/,Película de TV,5.6,86,2015,"Crimen, Drama, Suspense",2148,2015-01-31,"Christopher Zalla",,
1494,tt0817544,2015-02-19,2015-02-19,,"Never Forever","Never Forever",https://www.imdb.com/title/tt0817544/,Película,6.4,104,2007,"Drama, Romance",1773,2007-06-21,"Gina Kim",,
1495,tt2671980,2015-02-20,2015-02-20,,"Scherbenpark","Scherbenpark",https://www.imdb.com/title/tt2671980/,Película,6.0,94,2013,"Drama",338,2013-11-21,"Bettina Blümner",,
1496,tt2082280,2015-02-20,2015-02-20,,"Für Elise","Für Elise",https://www.imdb.com/title/tt2082280/,Película,6.2,94,2012,"Drama, Música",264,2012-10-11,"Wolfgang Dinslage",,
1497,tt0092796,2015-02-22,2015-02-22,,"Creepshow 2","Creepshow 2",https://www.imdb.com/title/tt0092796/,Película,6.1,92,1987,"Fantasía, Terror",31165,1987-10-15,"Michael Gornick",,
1498,tt2917484,2015-03-09,2015-03-09,,"Cute Little Buggers","Cute Little Buggers",https://www.imdb.com/title/tt2917484/,Película,3.4,108,2017,"Comedia, Terror, Ciencia ficción, Suspense",509,2017-02-10,"Tony Jopia",,
1499,tt0480011,2015-03-11,2015-03-11,,"Deseo de venganza","Straightheads",https://www.imdb.com/title/tt0480011/,Película,5.5,80,2007,"Crimen, Drama, Terror, Suspense",7919,2007-04-27,"Dan Reed",,
1500,tt2290534,2015-03-12,2015-03-12,,"Devil's Tower","Devil's Tower",https://www.imdb.com/title/tt2290534/,Película,3.4,82,2014,"Terror",817,2014-09-16,"Owen Tooth",,
1501,tt0066518,2015-03-15,2015-03-15,,"Las amantes del vampiro","The Vampire Lovers",https://www.imdb.com/title/tt0066518/,Película,6.4,91,1970,"Terror",9319,1970-11-23,"Roy Ward Baker",,
1502,tt0052555,2015-03-15,2015-03-15,,"El vampiro y la bailarina","L'amante del vampiro",https://www.imdb.com/title/tt0052555/,Película,5.6,85,1960,"Terror",812,1960-05-23,"Renato Polselli",,
1503,tt3058674,2015-03-19,2015-03-19,,"Vanish","Vanish",https://www.imdb.com/title/tt3058674/,Película,5.1,79,2015,"Acción, Crimen, Drama, Terror, Suspense",1927,2016-09-30,"Bryan Bockbrader",,
1504,tt0119594,2015-03-26,2015-03-26,,"Al caer el sol","Twilight",https://www.imdb.com/title/tt0119594/,Película,6.2,94,1998,"Crimen, Drama, Misterio, Suspense",14169,1998-06-02,"Robert Benton",,
1505,tt2544864,2015-03-30,2015-03-30,,"El amor no es lo que era","El amor no es lo que era",https://www.imdb.com/title/tt2544864/,Película,5.0,90,2013,"Comedia, Drama",214,2022-11-04,"Gabriel Ochoa",,
1506,tt1990217,2015-03-30,2015-03-30,,"El artista y la modelo","El artista y la modelo",https://www.imdb.com/title/tt1990217/,Película,6.6,105,2012,"Drama",2030,2012-09-28,"Fernando Trueba",,
1507,tt1433811,2015-04-02,2015-04-02,,"Desconexión","Disconnect",https://www.imdb.com/title/tt1433811/,Película,7.5,115,2012,"Crimen, Drama, Misterio, Suspense",80550,2013-07-05,"Henry Alex Rubin",,
1508,tt1233192,2015-04-02,2015-04-02,,"Brighton Rock","Brighton Rock",https://www.imdb.com/title/tt1233192/,Película,5.7,111,2010,"Crimen, Drama, Suspense",7023,2011-02-04,"Rowan Joffe",,
1509,tt0803096,2015-04-03,2015-04-03,,"Warcraft: El origen","Warcraft",https://www.imdb.com/title/tt0803096/,Película,6.7,123,2016,"Acción, Aventura, Fantasía",297915,2016-06-03,"Duncan Jones",,
1510,tt0094889,2015-04-03,2015-04-03,,"Cocktail","Cocktail",https://www.imdb.com/title/tt0094889/,Película,6.0,104,1988,"Comedia, Drama, Romance",99275,1989-01-27,"Roger Donaldson",,
1511,tt0091338,2015-04-14,2015-04-14,,"Odio en la sangre","Killer Party",https://www.imdb.com/title/tt0091338/,Película,5.0,91,1986,"Comedia, Terror",2979,1986-05-09,"William Fruet",,
1512,tt0100740,2015-04-14,2015-04-14,,"El gato infernal","Tales from the Darkside: The Movie",https://www.imdb.com/title/tt0100740/,Película,6.2,93,1990,"Comedia, Fantasía, Terror, Suspense",21188,1990-05-04,"John Harrison",,
1513,tt0238137,2015-04-14,2015-04-14,,"Sex trouble (Caprichos del destino)","Tangled",https://www.imdb.com/title/tt0238137/,Película,5.5,86,2001,"Drama, Suspense",2712,2001-11-02,"Jay Lowi",,
1514,tt2752772,2015-04-14,2015-04-14,,"Sinister 2","Sinister 2",https://www.imdb.com/title/tt2752772/,Película,5.3,97,2015,"Terror, Misterio, Suspense",68430,2015-11-06,"Ciarán Foy",,
1515,tt4450716,2015-04-20,2015-04-20,,"Deux","Deux",https://www.imdb.com/title/tt4450716/,Película de TV,5.8,89,2015,"Drama, Historia, Romance",75,2015-03-27,"Anne Villacèque",,
1516,tt2821088,2015-04-20,2015-04-20,,"Los canallas","Les salauds",https://www.imdb.com/title/tt2821088/,Película,6.1,100,2013,"Drama, Romance",4025,2013-08-07,"Claire Denis",,
1517,tt2551510,2015-04-22,2015-04-22,,"Blood Slaughter Massacre","Blood Slaughter Massacre",https://www.imdb.com/title/tt2551510/,Película,3.0,125,2013,"Terror, Suspense",202,2013-05-19,"Manny Serrano",,
1518,tt3282484,2015-04-27,2015-04-27,,"La ignorancia de la sangre","La ignorancia de la sangre",https://www.imdb.com/title/tt3282484/,Película,4.8,109,2014,"Suspense",324,2014-11-14,"Manuel Gómez Pereira",,
1519,tt0962709,2015-04-27,2015-04-27,,"La mujer del anarquista","The Anarchist's Wife",https://www.imdb.com/title/tt0962709/,Película,6.1,112,2008,"Drama, Historia",614,2009-01-23,"Marie Noëlle, Peter Sehr",,
1520,tt0384806,2015-05-09,2015-05-09,,"La morada del miedo","The Amityville Horror",https://www.imdb.com/title/tt0384806/,Película,5.9,90,2005,"Terror",123363,2005-07-22,"Andrew Douglas",,
1521,tt3029570,2015-05-09,2015-05-09,,"Bairokêshon","Bairokêshon",https://www.imdb.com/title/tt3029570/,Película,6.4,121,2013,"Drama, Terror, Misterio",710,2014-01-18,"Mari Asato",,
1522,tt0078437,2015-05-09,2015-05-09,,"Mundo caníbal, mundo salvaje","Ultimo mondo cannibale",https://www.imdb.com/title/tt0078437/,Película,5.9,88,1977,"Aventura, Terror",4668,1978-12-04,"Ruggero Deodato",,
1523,tt2558318,2015-05-09,2015-05-09,,"The Last Survivors","The Last Survivors",https://www.imdb.com/title/tt2558318/,Película,5.3,95,2014,"Acción, Ciencia ficción, Suspense",4152,2015-12-03,"Tom Hammock",,
1524,tt0195232,2015-05-09,2015-05-09,,"Le sauveur","Le sauveur",https://www.imdb.com/title/tt0195232/,Película,6.4,105,1971,"Drama, Romance, Bélico",337,1971-09-01,"Michel Mardore",,
1525,tt0072359,2015-05-09,2015-05-09,,"El veredicto","Verdict",https://www.imdb.com/title/tt0072359/,Película,6.3,95,1974,"Drama",492,1974-09-11,"André Cayatte",,
1526,tt0070404,2015-05-09,2015-05-09,,"Escándalo en el convento","Le monache di Sant'Arcangelo",https://www.imdb.com/title/tt0070404/,Película,5.3,103,1973,"Drama, Terror",796,1973-01-25,"Domenico Paolella",,
1527,tt0110027,2015-05-09,2015-05-09,,"Los inmortales III: El hechicero","Highlander III: The Sorcerer",https://www.imdb.com/title/tt0110027/,Película,4.5,99,1994,"Acción, Fantasía, Romance, Ciencia ficción",23456,1995-01-17,"Andrew Morahan",,
1528,tt0102034,2015-05-09,2015-05-09,,"Los inmortales II: El desafío","Highlander II: The Quickening",https://www.imdb.com/title/tt0102034/,Película,4.2,91,1991,"Acción, Aventura, Drama, Fantasía, Ciencia ficción, Suspense",50889,1991-09-06,"Russell Mulcahy",,
1529,tt0144964,2015-05-09,2015-05-09,,"Los inmortales: Juego final","Highlander: Endgame",https://www.imdb.com/title/tt0144964/,Película,4.6,87,2000,"Acción, Aventura, Fantasía, Ciencia ficción",22560,2001-07-20,"Doug Aarniokoski",,
1530,tt3238176,2015-05-10,2015-05-10,,"Las altas presiones","Las altas presiones",https://www.imdb.com/title/tt3238176/,Película,6.2,85,2014,"Drama",105,2014-11-10,"Ángel Santos",,
1531,tt0066104,2015-05-10,2015-05-10,,"Sie tötete in Ekstase","Sie tötete in Ekstase",https://www.imdb.com/title/tt0066104/,Película,5.6,80,1971,"Drama, Terror",2399,1971-12-10,"Jesús Franco",,
1532,tt1216496,2015-05-10,2015-05-10,,"Mother","Madeo",https://www.imdb.com/title/tt1216496/,Película,7.7,129,2009,"Crimen, Drama, Misterio, Suspense",81614,2009-05-28,"Bong Joon Ho",,
1533,tt0113492,2015-05-10,2015-05-10,,"Juez Dredd","Judge Dredd",https://www.imdb.com/title/tt0113492/,Película,5.6,96,1995,"Acción, Crimen, Ciencia ficción, Suspense",133082,1995-08-29,"Danny Cannon",,
1534,tt1245111,2015-05-10,2015-05-10,,"Psychic Experiment","Psychic Experiment",https://www.imdb.com/title/tt1245111/,Película,2.8,93,2010,"Terror, Ciencia ficción",505,2010-04-15,"Mel House",,
1535,tt0498369,2015-05-10,2015-05-10,,"Mutation","Mutation",https://www.imdb.com/title/tt0498369/,Vídeo,2.2,80,2006,"Acción, Terror",176,2006-08-15,"Brad Sykes",,
1536,tt3687186,2015-05-12,2015-05-12,,"Heaven Knows What","Heaven Knows What",https://www.imdb.com/title/tt3687186/,Película,6.8,97,2014,"Crimen, Drama",10604,2015-05-29,"Benny Safdie, Josh Safdie",,
1537,tt1731701,2015-05-13,2015-05-13,,"Barely Lethal","Barely Lethal",https://www.imdb.com/title/tt1731701/,Película,5.4,96,2015,"Acción, Comedia",24666,2015-04-30,"Kyle Newman",,
1538,tt3230162,2015-05-13,2015-05-13,,"Aguas tranquilas","Futatsume no mado",https://www.imdb.com/title/tt3230162/,Película,6.7,121,2014,"Drama, Romance",3269,2014-07-26,"Naomi Kawase",,
1539,tt0247196,2015-05-13,2015-05-13,,"Antes que anochezca","Before Night Falls",https://www.imdb.com/title/tt0247196/,Película,7.1,133,2000,"Biografía, Drama, Romance",27428,2001-03-16,"Julian Schnabel",,
1540,tt1152836,2015-05-13,2015-05-13,,"Enemigos públicos","Public Enemies",https://www.imdb.com/title/tt1152836/,Película,6.9,140,2009,"Biografía, Crimen, Drama, Historia",336970,2009-08-14,"Michael Mann",,
1541,tt0074621,2015-05-13,2015-05-13,,"Manson, retrato de un asesino","Helter Skelter",https://www.imdb.com/title/tt0074621/,Miniserie de TV,7.4,97,1976,"Crimen, Drama, Suspense",4110,1976-04-01,,,
1542,tt3003800,2015-05-14,2015-05-14,,"Amour fou","Amour fou",https://www.imdb.com/title/tt3003800/,Película,6.3,96,2014,"Comedia, Drama",1883,2014-11-28,"Jessica Hausner",,
1543,tt0053802,2015-05-14,2015-05-14,,"Sangre y rosas","Et mourir de plaisir",https://www.imdb.com/title/tt0053802/,Película,6.4,90,1960,"Drama, Terror, Romance",1680,1960-09-14,"Roger Vadim",,
1544,tt0101025,2015-05-14,2015-05-14,,"¡Ay, Carmela!","¡Ay, Carmela!",https://www.imdb.com/title/tt0101025/,Película,7.1,102,1990,"Comedia, Drama, Bélico",3649,1990-09-13,"Carlos Saura",,
1545,tt0069956,2015-05-14,2015-05-14,,"El país del sexo salvaje","Il paese del sesso selvaggio",https://www.imdb.com/title/tt0069956/,Película,5.3,93,1972,"Aventura, Terror, Romance",2832,1972-08-08,"Umberto Lenzi",,
1546,tt2004432,2015-05-14,2015-05-14,,"Wolf Creek 2","Wolf Creek 2",https://www.imdb.com/title/tt2004432/,Película,6.2,106,2013,"Terror, Suspense",25628,2014-02-20,"Greg McLean",,
1547,tt0420294,2015-05-14,2015-05-14,,"La matanza de Texas: El origen","The Texas Chainsaw Massacre: The Beginning",https://www.imdb.com/title/tt0420294/,Película,5.8,91,2006,"Terror",82688,2006-11-03,"Jonathan Liebesman",,
1548,tt0383393,2015-05-14,2015-05-14,,"Helter Skelter","Helter Skelter",https://www.imdb.com/title/tt0383393/,Película de TV,6.4,136,2004,"Biografía, Crimen, Drama, Historia, Terror, Suspense",3800,2004-05-16,"John Gray",,
1549,tt0090863,2015-05-14,2015-05-14,,"El color del dinero","The Color of Money",https://www.imdb.com/title/tt0090863/,Película,7.0,119,1986,"Drama, Deporte",102576,1987-02-27,"Martin Scorsese",,
1550,tt0324216,2015-05-15,2015-05-15,,"La matanza de Texas","The Texas Chainsaw Massacre",https://www.imdb.com/title/tt0324216/,Película,6.2,98,2003,"Terror",163820,2004-05-21,"Marcus Nispel",,
1551,tt0081112,2015-05-15,2015-05-15,,"Comidos vivos!","Mangiati vivi!",https://www.imdb.com/title/tt0081112/,Película,5.1,92,1980,"Aventura, Terror",5408,1980-03-20,"Umberto Lenzi",,
1552,tt0077945,2015-05-15,2015-05-15,,"La montaña del dios caníbal","La montagna del dio cannibale",https://www.imdb.com/title/tt0077945/,Película,5.2,99,1978,"Aventura, Terror",5311,1978-08-10,"Sergio Martino",,
1553,tt0284034,2015-05-16,2015-05-16,,"Demonlover","Demonlover",https://www.imdb.com/title/tt0284034/,Película,5.9,129,2002,"Drama, Misterio, Suspense",7199,2005-03-04,"Olivier Assayas",,
1554,tt0057280,2015-05-17,2015-05-17,,"La maldición de los Karnstein","La cripta e l'incubo",https://www.imdb.com/title/tt0057280/,Película,5.8,85,1964,"Terror",1543,1966-08-01,"Camillo Mastrocinque",,
1555,tt0404032,2015-05-17,2015-05-17,,"El exorcismo de Emily Rose","The Exorcism of Emily Rose",https://www.imdb.com/title/tt0404032/,Película,6.7,119,2005,"Drama, Terror, Suspense",150539,2005-11-18,"Scott Derrickson",,
1556,tt0101969,2015-05-18,2015-05-18,,"Grand Canyon (El alma de la ciudad)","Grand Canyon",https://www.imdb.com/title/tt0101969/,Película,6.8,134,1991,"Crimen, Drama",17564,1992-03-20,"Lawrence Kasdan",,
1557,tt0067713,2015-05-18,2015-05-18,,"Las cicatrices de Drácula","Scars of Dracula",https://www.imdb.com/title/tt0067713/,Película,6.1,95,1970,"Terror",7392,1972-11-22,"Roy Ward Baker",,
1558,tt1743724,2015-05-18,2015-05-18,,"Guilty of Romance","Koi no tsumi",https://www.imdb.com/title/tt1743724/,Película,6.8,144,2011,"Drama, Terror, Romance, Suspense",6488,2011-11-12,"Sion Sono",,
1559,tt0065073,2015-05-19,2015-05-19,,"El poder de la sangre de Drácula","Taste the Blood of Dracula",https://www.imdb.com/title/tt0065073/,Película,6.3,91,1970,"Drama, Fantasía, Terror, Romance, Suspense",7712,1972-05-15,"Peter Sasdy",,
1560,tt0062909,2015-05-19,2015-05-19,,"Drácula vuelve de la tumba","Dracula Has Risen from the Grave",https://www.imdb.com/title/tt0062909/,Película,6.5,92,1968,"Drama, Fantasía, Terror, Romance",9254,1971-02-25,"Freddie Francis",,
1561,tt3723790,2015-05-19,2015-05-19,,"Lago de Sangre: El ataque de las lampreas asesinas","Blood Lake: Attack of the Killer Lampreys",https://www.imdb.com/title/tt3723790/,Película de TV,3.6,87,2014,"Acción, Comedia, Terror, Ciencia ficción, Suspense",2140,2016-05-25,"James Cullen Bressack",,
1562,tt0395173,2015-05-19,2015-05-19,,"Inconscientes","Inconscientes",https://www.imdb.com/title/tt0395173/,Película,7.1,100,2004,"Comedia, Misterio, Romance",2302,2004-08-27,"Joaquín Oristrell",,
1563,tt0820111,2015-05-20,2015-05-20,,"Meatball Machine","Meatball Machine",https://www.imdb.com/title/tt0820111/,Película,5.7,90,2005,"Acción, Terror, Ciencia ficción",2541,2017-10-11,"Yūdai Yamaguchi, Jun'ichi Yamamoto",,
1564,tt0068505,2015-05-20,2015-05-20,,"Drácula 73","Dracula A.D. 1972",https://www.imdb.com/title/tt0068505/,Película,5.9,96,1972,"Terror",8453,1973,"Alan Gibson",,
1565,tt3379814,2015-05-20,2015-05-20,,"June","June",https://www.imdb.com/title/tt3379814/,Película,4.2,83,2015,"Fantasía, Terror",1908,2015-10-13,"L. Gustavo Cooper",,
1566,tt3993732,2015-05-20,2015-05-20,,"III","III",https://www.imdb.com/title/tt3993732/,Película,4.8,80,2015,"Drama, Terror, Suspense",1844,2015-10-23,"Pavel Khvaleev",,
1567,tt3922350,2015-05-20,2015-05-20,,"Headless","Headless",https://www.imdb.com/title/tt3922350/,Película,4.7,85,2015,"Terror",2111,2015-02-28,"Arthur Cullipher",,
1568,tt2149360,2015-05-20,2015-05-20,,"Found","Found",https://www.imdb.com/title/tt2149360/,Película,5.7,103,2012,"Drama, Terror, Suspense",6494,2017-01-10,"Scott Schirmer",,
1569,tt3397556,2015-05-20,2015-05-20,,"Lost After Dark","Lost After Dark",https://www.imdb.com/title/tt3397556/,Película,4.8,89,2015,"Terror",2466,2015-09-01,"Ian Kessner",,
1570,tt1780798,2015-05-21,2015-05-21,,"The Clown","Clown",https://www.imdb.com/title/tt1780798/,Película,5.7,100,2014,"Fantasía, Terror, Suspense",29828,2016-06-17,"Jon Watts",,
1571,tt0080908,2015-05-22,2015-05-22,,"Hussy","Hussy",https://www.imdb.com/title/tt0080908/,Película,5.1,95,1980,"Drama",808,1980-05,"Matthew Chapman",,
1572,tt3317874,2015-05-22,2015-05-22,,"Charlie's Farm","Charlie's Farm",https://www.imdb.com/title/tt3317874/,Película,4.6,93,2014,"Terror, Suspense",4473,2014-12-04,"Chris Sun",,
1573,tt4054244,2015-05-22,2015-05-22,,"Natalie_Net","Natalie_Net",https://www.imdb.com/title/tt4054244/,Película,5.3,83,2014,"Ciencia ficción, Suspense",49,2014-06-10,"Chico Morera",,
1574,tt2181298,2015-05-22,2015-05-22,,"Don't Speak","Don't Speak",https://www.imdb.com/title/tt2181298/,Película,3.4,82,2015,"Terror, Misterio, Suspense",2411,2020-10-13,"Amadeu Artasona",,
1575,tt3100636,2015-05-23,2015-05-23,,"52 martes","52 Tuesdays",https://www.imdb.com/title/tt3100636/,Película,6.4,114,2013,"Drama, Familiar",1634,2014-05-01,"Sophie Hyde",,
1576,tt3477752,2015-05-23,2015-05-23,,"Sweet Home","Sweet Home",https://www.imdb.com/title/tt3477752/,Película,5.2,80,2015,"Terror",2775,2015-05-08,"Rafa Martínez",,
1577,tt3530456,2015-05-23,2015-05-23,,"A esmorga","A esmorga",https://www.imdb.com/title/tt3530456/,Película,6.4,111,2014,"Drama",320,2014-11-15,"Ignacio Vilar",,
1578,tt1959332,2015-05-23,2015-05-23,,"American Mary","American Mary",https://www.imdb.com/title/tt1959332/,Película,6.2,103,2012,"Drama, Terror",31219,2013-01-11,"Jen Soska, Sylvia Soska",,
1579,tt0303361,2015-05-23,2015-05-23,,"May","May",https://www.imdb.com/title/tt0303361/,Película,6.6,93,2002,"Drama, Terror",43726,2003-07-11,"Lucky McKee",,
1580,tt3387648,2015-05-23,2015-05-23,,"Profecía sangrienta","The Taking",https://www.imdb.com/title/tt3387648/,Película,6.0,90,2014,"Fantasía, Terror, Misterio, Suspense",51295,2014-10-21,"Adam Robitel",,
1581,tt1085862,2015-05-23,2015-05-23,,"El rey de la montaña","El rey de la montaña",https://www.imdb.com/title/tt1085862/,Película,6.1,90,2007,"Suspense",3485,2008-09-12,"Gonzalo López-Gallego",,
1582,tt4082068,2015-05-24,2015-05-24,,"Dheepan","Dheepan",https://www.imdb.com/title/tt4082068/,Película,7.2,115,2015,"Crimen, Drama",18086,2015-11-06,"Jacques Audiard",,
1583,tt0059127,2015-05-24,2015-05-24,,"Drácula, príncipe de las tinieblas","Dracula, Prince of Darkness",https://www.imdb.com/title/tt0059127/,Película,6.6,90,1966,"Terror",12071,1972-06-12,"Terence Fisher",,
1584,tt0053677,2015-05-24,2015-05-24,,"Las novias de Drácula","The Brides of Dracula",https://www.imdb.com/title/tt0053677/,Película,6.6,85,1960,"Terror",10209,1961-05-11,"Terence Fisher",,
1585,tt2091327,2015-05-26,2015-05-26,,"Pleasure or Pain","Pleasure or Pain",https://www.imdb.com/title/tt2091327/,Película,4.2,99,2013,"Drama, Romance, Suspense",3063,2013-09-05,"Zalman King",,
1586,tt0299981,2015-05-26,2015-05-26,,"Los inmortales: el origen","Highlander: The Source",https://www.imdb.com/title/tt0299981/,Película de TV,3.0,86,2007,"Acción, Aventura, Drama, Fantasía, Misterio, Ciencia ficción",10427,2007-08-19,"Brett Leonard",,
1587,tt1318025,2015-05-26,2015-05-26,,"Hierro","Hierro",https://www.imdb.com/title/tt1318025/,Película,5.7,94,2009,"Crimen, Drama, Misterio, Suspense",3477,2010-01-15,"Gabe Ibáñez",,
1588,tt0095889,2015-05-27,2015-05-27,,"Poltergeist III","Poltergeist III",https://www.imdb.com/title/tt0095889/,Película,4.7,98,1988,"Terror, Suspense",22661,1988-08-19,"Gary Sherman",,
1589,tt0091778,2015-05-27,2015-05-27,,"Poltergeist II: El otro lado","Poltergeist II: The Other Side",https://www.imdb.com/title/tt0091778/,Película,5.7,91,1986,"Terror",33132,1986-09-19,"Brian Gibson",,
1590,tt3677412,2015-05-29,2015-05-29,,"Un secreto a voces","An Open Secret",https://www.imdb.com/title/tt3677412/,Película,7.3,99,2014,"Documental, Crimen",2618,2015-06-05,"Amy Berg",,
1591,tt0072354,2015-05-30,2015-05-30,,"Las hijas de Drácula","Vampyres",https://www.imdb.com/title/tt0072354/,Película,6.0,87,1974,"Drama, Fantasía, Terror",4949,1979-10-04,"José Ramón Larraz",,
1592,tt0070869,2015-05-30,2015-05-30,,"Una vela para el diablo","Una vela para el diablo",https://www.imdb.com/title/tt0070869/,Película,5.8,87,1973,"Terror, Suspense",1426,1973-02-01,"Eugenio Martín",,
1593,tt0071465,2015-05-30,2015-05-30,,"La endemoniada","La endemoniada",https://www.imdb.com/title/tt0071465/,Película,5.1,90,1975,"Terror",837,1976-05,"Amando de Ossorio",,
1594,tt0068232,2015-05-30,2015-05-30,,"El ataque de los muertos sin ojos","El ataque de los muertos sin ojos",https://www.imdb.com/title/tt0068232/,Película,5.8,91,1973,"Terror",3257,1973-10-29,"Amando de Ossorio",,
1595,tt0067500,2015-05-30,2015-05-30,,"La noche del terror ciego","La noche del terror ciego",https://www.imdb.com/title/tt0067500/,Película,6.1,101,1972,"Terror",7128,1972-04-10,"Amando de Ossorio",,
1596,tt0087592,2015-05-30,2015-05-30,,"Fanático","The Last Horror Film",https://www.imdb.com/title/tt0087592/,Película,5.6,87,1982,"Comedia, Terror",2977,1982-08-12,"David Winters",,
1597,tt0080379,2015-05-30,2015-05-30,,"Virus","Apocalypse domani",https://www.imdb.com/title/tt0080379/,Película,5.5,96,1980,"Drama, Fantasía, Terror, Suspense",4931,1980-10-27,"Antonio Margheriti",,
1598,tt0076785,2015-05-30,2015-05-30,,"¡Susana quiere perder... eso!","¡Susana quiere perder... eso!",https://www.imdb.com/title/tt0076785/,Película,4.9,91,1977,"Comedia",24,,"Carlos Aured",,
1599,tt0090930,2015-05-30,2015-05-30,,"Demons 2","Dèmoni 2... l'incubo ritorna",https://www.imdb.com/title/tt0090930/,Película,5.9,92,1986,"Terror",13489,1989-04-17,"Lamberto Bava",,
1600,tt0101467,2015-05-30,2015-05-30,,"Demonios negros","Demoni 3",https://www.imdb.com/title/tt0101467/,Película,4.2,88,1991,"Terror",1125,1991-03-25,"Umberto Lenzi",,
1601,tt2768486,2015-05-30,2015-05-30,,"El camino más largo para volver a casa","El camí més llarg per tornar a casa",https://www.imdb.com/title/tt2768486/,Película,6.1,85,2014,"Drama",178,2014-11-12,"Sergi Pérez",,
1602,tt0049265,2015-05-30,2015-05-30,,"Mujeres en prisión","Girls in Prison",https://www.imdb.com/title/tt0049265/,Película,5.4,88,1956,"Crimen, Drama, Cine negro, Suspense",393,1956-07,"Edward L. Cahn",,
1603,tt0082812,2015-05-30,2015-05-30,,"Psicosis II","Night School",https://www.imdb.com/title/tt0082812/,Película,5.7,88,1981,"Terror, Misterio, Suspense",3886,1981-09-11,"Ken Hughes",,
1604,tt0190798,2015-05-31,2015-05-31,,"Solas","Solas",https://www.imdb.com/title/tt0190798/,Película,7.5,101,1999,"Drama",4015,1999-03-05,"Benito Zambrano",,
1605,tt0253366,2015-05-31,2015-05-31,,"Ocaña, Retrato Intermitente","Ocaña, retrat intermitent",https://www.imdb.com/title/tt0253366/,Película,7.1,85,1978,"Documental",185,1978-06-01,"Ventura Pons",,
1606,tt0073461,2015-05-31,2015-05-31,,"La noche de las gaviotas","La noche de las gaviotas",https://www.imdb.com/title/tt0073461/,Película,5.7,89,1975,"Terror",2496,1975-08-11,"Amando de Ossorio",,
1607,tt0071415,2015-05-31,2015-05-31,,"El mariscal del infierno","El mariscal del infierno",https://www.imdb.com/title/tt0071415/,Película,4.6,95,1974,"Aventura, Terror",504,1974-10-24,"León Klimovsky",,
1608,tt0071478,2015-05-31,2015-05-31,,"Exorcismo","Exorcismo",https://www.imdb.com/title/tt0071478/,Película,4.9,90,1975,"Terror",715,1975-03-10,"Juan Bosch",,
1609,tt0071535,2015-05-31,2015-05-31,,"Las garras de Lorelei","Las garras de Lorelei",https://www.imdb.com/title/tt0071535/,Película,5.7,85,1973,"Fantasía, Terror",1174,1973-06-15,"Amando de Ossorio",,
1610,tt0069208,2015-05-31,2015-05-31,,"La saga de los Drácula","La saga de los Drácula",https://www.imdb.com/title/tt0069208/,Película,5.6,92,1973,"Terror",334,1976-03-08,"León Klimovsky",,
1611,tt0065693,2015-05-31,2015-05-31,,"Las endemoniadas","Nelle pieghe della carne",https://www.imdb.com/title/tt0065693/,Película,5.4,92,1970,"Drama, Suspense, Terror",1022,1970-05-02,"Sergio Bergonzelli",,
1612,tt1945044,2015-05-31,2015-05-31,,"Exeter","Exeter",https://www.imdb.com/title/tt1945044/,Película,4.6,91,2015,"Terror, Misterio, Suspense",6582,2015-01,"Marcus Nispel",,
1613,tt0037219,2015-05-31,2015-05-31,,"El retorno del vampiro","The Return of the Vampire",https://www.imdb.com/title/tt0037219/,Película,6.2,69,1943,"Drama, Terror",3283,1943-11-11,"Lew Landers",,
1614,tt0070039,2015-05-31,2015-05-31,,"El espanto surge de la tumba","El espanto surge de la tumba",https://www.imdb.com/title/tt0070039/,Película,5.6,95,1973,"Terror",1775,1973-04-30,"Carlos Aured",,
1615,tt0120613,2015-06-01,2015-06-01,,"La tentación","A Walk on the Moon",https://www.imdb.com/title/tt0120613/,Película,6.6,107,1999,"Drama, Romance",9891,1999-04-23,"Tony Goldwyn",,
1616,tt0120520,2015-06-01,2015-06-01,,"Las alas de la paloma","The Wings of the Dove",https://www.imdb.com/title/tt0120520/,Película,7.1,102,1997,"Drama, Romance",12392,1998-02-12,"Iain Softley",,
1617,tt0082118,2015-06-04,2015-06-04,,"La quema","The Burning",https://www.imdb.com/title/tt0082118/,Película,6.2,91,1981,"Terror",25477,1981-05-08,"Tony Maylam",,
1618,tt1592873,2015-06-04,2015-06-04,,"LOL","LOL",https://www.imdb.com/title/tt1592873/,Película,4.4,97,2012,"Comedia, Drama, Romance",60168,2013-04-12,"Lisa Azuelos",,
1619,tt1984110,2015-06-04,2015-06-04,,"Among Friends","Among Friends",https://www.imdb.com/title/tt1984110/,Película,4.4,80,2012,"Comedia, Terror",1925,2014-01-07,"Danielle Harris",,
1620,tt0119844,2015-06-07,2015-06-07,,"Ossos","Ossos",https://www.imdb.com/title/tt0119844/,Película,6.8,94,1997,"Drama",1949,1997-11-14,"Pedro Costa",,
1621,tt0460480,2015-06-07,2015-06-07,,"Juventud en marcha","Juventude em Marcha",https://www.imdb.com/title/tt0460480/,Película,6.8,156,2006,"Drama",1900,2006-11-23,"Pedro Costa",,
1622,tt4428814,2015-06-07,2015-06-07,,"La ley del mercado","La loi du marché",https://www.imdb.com/title/tt4428814/,Película,6.8,91,2015,"Drama",7193,2016-02-12,"Stéphane Brizé",,
1623,tt3756788,2015-06-07,2015-06-07,,"Nuestra hermana pequeña","Umimachi Diary",https://www.imdb.com/title/tt3756788/,Película,7.6,127,2015,"Drama, Familiar",19270,2016-04-01,"Hirokazu Koreeda",,
1624,tt1798684,2015-06-07,2015-06-07,,"Redención (Southpaw)","Southpaw",https://www.imdb.com/title/tt1798684/,Película,7.3,124,2015,"Acción, Drama, Deporte",282116,2017-03-24,"Antoine Fuqua",,
1625,tt0365748,2015-06-08,2015-06-08,,"Zombies Party (Una noche... de muerte)","Shaun of the Dead",https://www.imdb.com/title/tt0365748/,Película,7.8,99,2004,"Comedia, Terror",644224,2004-10-29,"Edgar Wright",,
1626,tt0067950,2015-06-09,2015-06-09,,"Requiem por un vampiro","Requiem pour un vampire",https://www.imdb.com/title/tt0067950/,Película,5.3,87,1972,"Terror",2696,1972-04-30,"Jean Rollin",,
1627,tt3284178,2015-06-10,2015-06-10,,"Las mil y una noches: volumen 1. El inquieto","As Mil e Uma Noites - Volume 1: O Inquieto",https://www.imdb.com/title/tt3284178/,Película,6.9,125,2015,"Drama",2589,2016-06-03,"Miguel Gomes",,
1628,tt4692234,2015-06-10,2015-06-10,,"Las mil y una noches: volumen 2. El desconsolado","As Mil e Uma Noites - Volume 2: O Desolado",https://www.imdb.com/title/tt4692234/,Película,7.0,131,2015,"Drama, Romance",1726,2016-06-10,"Miguel Gomes",,
1629,tt0065744,2015-06-10,2015-06-10,,"El amanecer de los vampiros","Le frisson des vampires",https://www.imdb.com/title/tt0065744/,Película,5.6,95,1971,"Terror, Misterio",2732,1971-04-21,"Jean Rollin",,
1630,tt1138478,2015-06-10,2015-06-10,,"Como Desenhar um Círculo Perfeito","Como Desenhar um Círculo Perfeito",https://www.imdb.com/title/tt1138478/,Película,5.3,122,2009,"Drama",1020,2010-05-06,"Marco Martins",,
1631,tt0109403,2015-06-11,2015-06-11,,"Misión explosiva","Chasers",https://www.imdb.com/title/tt0109403/,Película,5.2,102,1994,"Acción, Comedia, Drama, Romance",7630,1994-07-15,"Dennis Hopper",,
1632,tt0052631,2015-06-12,2015-06-12,,"Orquídea negra","The Black Orchid",https://www.imdb.com/title/tt0052631/,Película,6.4,96,1958,"Drama, Romance",1338,1959-02-19,"Martin Ritt",,
1633,tt2246924,2015-06-14,2015-06-14,,"Tricked: The Documentary","Tricked: The Documentary",https://www.imdb.com/title/tt2246924/,Película,6.0,73,2013,"Documental, Crimen",1554,2013-12-13,"John Keith Wasson, Jane Bernstein Wells",,
1634,tt0079135,2015-06-15,2015-06-15,,"El castillo de las vampiras","Fascination",https://www.imdb.com/title/tt0079135/,Película,6.0,82,1979,"Terror",4268,1980-01-02,"Jean Rollin",,
1635,tt1209377,2015-06-16,2015-06-16,,"Beautiful Kate","Beautiful Kate",https://www.imdb.com/title/tt1209377/,Película,6.6,100,2009,"Drama, Misterio",4418,2009-08-06,"Rachel Ward",,
1636,tt2377398,2015-06-17,2015-06-17,,"Violet","Violet",https://www.imdb.com/title/tt2377398/,Película,7.0,90,2013,"Drama, Fantasía, Romance",113,2015-03-27,"Luiso Berdejo",,
1637,tt1428538,2015-06-18,2015-06-18,,"Hansel y Gretel: Cazadores de brujas","Hansel & Gretel: Witch Hunters",https://www.imdb.com/title/tt1428538/,Película,6.1,88,2013,"Acción, Fantasía, Terror",228151,2013-03-01,"Tommy Wirkola",,
1638,tt2226519,2015-06-19,2015-06-19,,"Plush","Plush",https://www.imdb.com/title/tt2226519/,Película,5.2,99,2013,"Drama, Terror, Misterio, Suspense",4366,2013-10-15,"Catherine Hardwicke",,
1639,tt0027545,2015-06-20,2015-06-20,,"La hija de Drácula","Dracula's Daughter",https://www.imdb.com/title/tt0027545/,Película,6.3,71,1936,"Drama, Fantasía, Terror",9243,1936-05-11,"Lambert Hillyer",,
1640,tt0073324,2015-06-20,2015-06-20,,"Labios de sangre","Lèvres de sang",https://www.imdb.com/title/tt0073324/,Película,5.9,88,1975,"Terror, Suspense",2679,1975-05-18,"Jean Rollin",,
1641,tt4104022,2015-06-21,2015-06-21,,"Personas, lugares y cosas","People Places Things",https://www.imdb.com/title/tt4104022/,Película,6.8,85,2015,"Comedia, Romance",11639,2015-08-14,"Jim Strouse",,
1642,tt0243991,2015-06-25,2015-06-25,,"Misterios del sexo","Investigating Sex",https://www.imdb.com/title/tt0243991/,Película,4.6,108,2001,"Comedia, Drama",2006,2002-08-09,"Alan Rudolph",,
1643,tt0134983,2015-06-25,2015-06-25,,"Supernova (El fin del universo)","Supernova",https://www.imdb.com/title/tt0134983/,Película,4.9,90,2000,"Terror, Ciencia ficción, Suspense",21192,2000-09-29,"Walter Hill, Francis Ford Coppola, Jack Sholder",,
1644,tt0082528,2015-06-25,2015-06-25,,"Chicle picante","Shifshuf Naim",https://www.imdb.com/title/tt0082528/,Película,5.7,90,1981,"Comedia, Drama, Romance",2204,1983-04-22,"Boaz Davidson",,
1645,tt0079218,2015-06-25,2015-06-25,,"En continuo movimiento","Yotzim Kavua",https://www.imdb.com/title/tt0079218/,Película,5.7,100,1979,"Comedia, Romance",2030,1979,"Boaz Davidson",,
1646,tt0079118,2015-06-25,2015-06-25,,"Polo de limón","Eskimo Limon",https://www.imdb.com/title/tt0079118/,Película,6.4,95,1978,"Comedia, Drama, Romance",4118,1978-10-26,"Boaz Davidson",,
1647,tt0084629,2015-06-25,2015-06-25,,"Polo de limón IV Caramelo de limón","Sapiches",https://www.imdb.com/title/tt0084629/,Película,5.4,107,1982,"Comedia, Drama, Romance",1602,1982,"Boaz Davidson",,
1648,tt0086926,2015-06-25,2015-06-25,,"Polo de limón 5 - Baby love","Roman Za'ir",https://www.imdb.com/title/tt0086926/,Película,5.5,85,1983,"Comedia, Drama, Romance",1333,1983,"Dan Wolman",,
1649,tt0089473,2015-06-25,2015-06-25,,"Polo de limón 6 - Cacao a bordo","Harimu Ogen",https://www.imdb.com/title/tt0089473/,Película,4.5,74,1985,"Comedia",1078,1985,"Dan Wolman",,
1650,tt0061833,2015-06-25,2015-06-25,,"Jag - en oskuld","Jag - en oskuld",https://www.imdb.com/title/tt0061833/,Película,5.2,96,1968,"Drama, Romance",467,1968-04-29,"Joseph W. Sarno",,
1651,tt0065916,2015-06-25,2015-06-25,,"Joe, ciudadano americano","Joe",https://www.imdb.com/title/tt0065916/,Película,6.8,107,1970,"Drama, Suspense",5229,1970-07-15,"John G. Avildsen",,
1652,tt0082527,2015-06-25,2015-06-25,,"Rayos X","Hospital Massacre",https://www.imdb.com/title/tt0082527/,Película,5.0,89,1981,"Terror, Suspense",4028,1982-07-16,"Boaz Davidson",,
1653,tt0073091,2015-06-25,2015-06-25,,"La prostituta feliz","The Happy Hooker",https://www.imdb.com/title/tt0073091/,Película,3.9,96,1975,"Biografía, Comedia",931,1975-10-12,"Nicholas Sgarro",,
1654,tt0076125,2015-06-25,2015-06-25,,"Lío en el senado","The Happy Hooker Goes to Washington",https://www.imdb.com/title/tt0076125/,Película,3.6,89,1977,"Comedia",751,1977-07-15,"William A. Levey",,
1655,tt0080839,2015-06-25,2015-06-25,,"The Happy Hooker Goes Hollywood","The Happy Hooker Goes Hollywood",https://www.imdb.com/title/tt0080839/,Película,4.2,88,1980,"Comedia",789,1980-06-04,"Alan Roberts",,
1656,tt0080380,2015-06-25,2015-06-25,,"La manzana","The Apple",https://www.imdb.com/title/tt0080380/,Película,4.3,90,1980,"Música, Musical, Ciencia ficción",3161,1980-11-21,"Menahem Golan",,
1657,tt0084234,2015-06-25,2015-06-25,,"El último americano virgen","The Last American Virgin",https://www.imdb.com/title/tt0084234/,Película,6.3,92,1982,"Comedia, Drama, Romance",11073,1982-07-30,"Boaz Davidson",,
1658,tt0082250,2015-06-25,2015-06-25,,"Yo soy la justicia","Death Wish II",https://www.imdb.com/title/tt0082250/,Película,6.0,89,1982,"Acción, Crimen, Drama, Suspense",20574,1988-04-08,"Michael Winner",,
1659,tt0071402,2015-06-25,2015-06-25,,"El justiciero de la ciudad","Death Wish",https://www.imdb.com/title/tt0071402/,Película,6.9,93,1974,"Acción, Crimen, Drama, Suspense",48705,1975-04-28,"Michael Winner",,
1660,tt0089003,2015-06-25,2015-06-25,,"El justiciero de la noche","Death Wish 3",https://www.imdb.com/title/tt0089003/,Película,5.8,90,1985,"Acción, Crimen, Drama, Suspense",19418,1986-03-07,"Michael Winner",,
1661,tt0092857,2015-06-25,2015-06-25,,"Yo soy la justicia II","Death Wish 4: The Crackdown",https://www.imdb.com/title/tt0092857/,Película,5.5,99,1987,"Acción, Crimen, Drama, Suspense",12614,1987-11-06,"J. Lee Thompson",,
1662,tt0109578,2015-06-25,2015-06-25,,"Venganza personal","Death Wish V: The Face of Death",https://www.imdb.com/title/tt0109578/,Película,4.9,95,1994,"Acción, Crimen, Drama, Suspense",9968,1994-01-14,"Allan A. Goldstein",,
1663,tt0086582,2015-06-25,2015-06-25,,"La dama perversa","The Wicked Lady",https://www.imdb.com/title/tt0086582/,Película,4.9,98,1983,"Aventura, Drama",1709,1983-04-21,"Michael Winner",,
1664,tt0082332,2015-06-25,2015-06-25,,"La justicia del ninja","Enter the Ninja",https://www.imdb.com/title/tt0082332/,Película,5.3,99,1981,"Acción, Crimen, Drama, Suspense",6313,1981-10-02,"Menahem Golan",,
1665,tt0086192,2015-06-25,2015-06-25,,"La venganza del Ninja","Revenge of the Ninja",https://www.imdb.com/title/tt0086192/,Película,6.0,90,1983,"Acción, Crimen, Drama, Suspense",6695,1983-09-16,"Sam Firstenberg",,
1666,tt0087805,2015-06-25,2015-06-25,,"Ninja III: La dominación","Ninja III: The Domination",https://www.imdb.com/title/tt0087805/,Película,5.4,92,1984,"Acción, Fantasía, Suspense",5935,1984-09-14,"Sam Firstenberg",,
1667,tt0086232,2015-06-25,2015-06-25,,"Aventuras en el Sáhara","Sahara",https://www.imdb.com/title/tt0086232/,Película,4.9,111,1983,"Aventura, Drama",2448,1983-12-16,"Andrew V. McLaglen, John Guillermin",,
1668,tt0099656,2015-06-25,2015-06-25,,"Los fantasmas no pueden... hacerlo","Ghosts Can't Do It",https://www.imdb.com/title/tt0099656/,Película,2.2,95,1989,"Comedia, Crimen, Fantasía, Romance",3112,1990-06-01,"John Derek",,
1669,tt0087727,2015-06-25,2015-06-25,,"Desaparecido en combate","Missing in Action",https://www.imdb.com/title/tt0087727/,Película,5.5,101,1984,"Acción, Aventura, Drama, Suspense, Bélico",18942,1985-04-22,"Joseph Zito",,
1670,tt0089604,2015-06-25,2015-06-25,,"Desaparecido en combate 2","Missing in Action 2: The Beginning",https://www.imdb.com/title/tt0089604/,Película,5.4,96,1985,"Acción, Drama, Suspense, Bélico",10680,1985-03-01,"Lance Hool",,
1671,tt0094792,2015-06-25,2015-06-25,,"Braddock: Desaparecido en combate III","Braddock: Missing in Action III",https://www.imdb.com/title/tt0094792/,Película,5.0,103,1988,"Acción, Bélico",8272,1988-01-22,"Aaron Norris",,
1672,tt0088708,2015-06-25,2015-06-25,,"El guerrero americano","American Ninja",https://www.imdb.com/title/tt0088708/,Película,5.5,95,1985,"Acción, Aventura, Romance",18819,1986-04-14,"Sam Firstenberg",,
1673,tt0092548,2015-06-25,2015-06-25,,"El guerrero americano II","American Ninja 2: The Confrontation",https://www.imdb.com/title/tt0092548/,Película,5.0,90,1987,"Acción, Comedia, Drama",10841,1988-02-29,"Sam Firstenberg",,
1674,tt0096804,2015-06-25,2015-06-25,,"El guerrero americano III","American Ninja 3: Blood Hunt",https://www.imdb.com/title/tt0096804/,Película,3.8,89,1989,"Acción, Drama",6436,1989-02-24,"Cedric Sundstrom",,
1675,tt0101326,2015-06-25,2015-06-25,,"El guerrero americano 4","American Ninja 4: The Annihilation",https://www.imdb.com/title/tt0101326/,Película,4.0,99,1990,"Acción, Crimen, Drama, Suspense",5826,1990-08-31,"Cedric Sundstrom",,
1676,tt0106257,2015-06-25,2015-06-25,,"El guerrero americano V","American Ninja 5",https://www.imdb.com/title/tt0106257/,Película,3.1,102,1993,"Acción, Comedia, Romance",4614,1993-04-22,"Bob Bralver",,
1677,tt0093349,2015-06-25,2015-06-25,,"King Lear","King Lear",https://www.imdb.com/title/tt0093349/,Película,5.5,90,1987,"Comedia, Drama, Ciencia ficción",1773,2002-04-03,"Jean-Luc Godard",,
1678,tt0089271,2015-06-25,2015-06-25,,"La furia del coloso","Le avventure dell'incredibile Ercole",https://www.imdb.com/title/tt0089271/,Película,4.0,88,1985,"Aventura, Fantasía",1854,1985-08-26,"Luigi Cozzi",,
1679,tt3162476,2015-06-26,2015-06-26,,"Cherry Pie","Cherry Pie",https://www.imdb.com/title/tt3162476/,Película,5.7,85,2013,"Drama",92,2015-06-12,"Lorenz Merz",,
1680,tt0092669,2015-06-26,2015-06-26,,"Fonda sangrienta","Blood Diner",https://www.imdb.com/title/tt0092669/,Película,5.3,88,1987,"Comedia, Terror",6145,1987-07-10,"Jackie Kong",,
1681,tt0091276,2015-06-26,2015-06-26,,"Invasores de Marte","Invaders from Mars",https://www.imdb.com/title/tt0091276/,Película,5.6,100,1986,"Terror, Ciencia ficción",12198,1986-06-06,"Tobe Hooper",,
1682,tt0110978,2015-06-26,2015-06-26,,"La matanza de Texas: La nueva generación","The Return of the Texas Chainsaw Massacre",https://www.imdb.com/title/tt0110978/,Película,3.4,87,1994,"Comedia, Terror, Suspense",29143,1995-09-22,"Kim Henkel",,
1683,tt0099994,2015-06-26,2015-06-26,,"La matanza de Texas III","Leatherface: Texas Chainsaw Massacre III",https://www.imdb.com/title/tt0099994/,Película,5.0,85,1990,"Terror, Suspense",22198,1990-01-12,"Jeff Burr",,
1684,tt0094074,2015-06-26,2015-06-26,,"Superman IV: En busca de la paz","Superman IV: The Quest for Peace",https://www.imdb.com/title/tt0094074/,Película,3.8,90,1987,"Acción, Aventura, Ciencia ficción",58132,1987-08-14,"Sidney J. Furie",,
1685,tt0093507,2015-06-26,2015-06-26,,"Masters del universo","Masters of the Universe",https://www.imdb.com/title/tt0093507/,Película,5.4,106,1987,"Acción, Aventura, Fantasía, Ciencia ficción",53394,1987-12-17,"Gary Goddard",,
1686,tt0099969,2015-06-26,2015-06-26,,"Lambada, fuego en el cuerpo","Lambada",https://www.imdb.com/title/tt0099969/,Película,3.6,104,1990,"Drama",1273,1990-03-16,"Joel Silberg",,
1687,tt0099595,2015-06-26,2015-06-26,,"Lambada, el baile prohibido","The Forbidden Dance",https://www.imdb.com/title/tt0099595/,Película,4.0,97,1990,"Drama, Música, Romance",2035,1990-03-16,"Greydon Clark",,
1688,tt3571904,2015-06-26,2015-06-26,,"The Go-Go Boys: The Inside Story of Cannon Films","The Go-Go Boys: The Inside Story of Cannon Films",https://www.imdb.com/title/tt3571904/,Película,6.5,88,2014,"Documental",683,2014-10-22,"Hilla Medalia",,
1689,tt0087864,2015-06-26,2015-06-26,,"Al otro lado de Brooklyn","Over the Brooklyn Bridge",https://www.imdb.com/title/tt0087864/,Película,5.6,108,1984,"Comedia, Romance",1693,1984-03-02,"Menahem Golan",,
1690,tt1660379,2015-06-26,2015-06-26,,"Casa de tolerancia","L'Apollonide (Souvenirs de la maison close)",https://www.imdb.com/title/tt1660379/,Película,6.7,122,2011,"Drama",8729,2012-08-24,"Bertrand Bonello",,
1691,tt0081459,2015-06-26,2015-06-26,,"Psicópata","Schizoid",https://www.imdb.com/title/tt0081459/,Película,5.1,89,1980,"Drama, Terror, Misterio, Suspense",2408,1981-02-12,"David Paulsen",,
1692,tt4801352,2015-06-27,2015-06-27,,"She Kills","She Kills",https://www.imdb.com/title/tt4801352/,Película,4.9,101,2016,"Acción, Comedia, Terror",651,2016-05,"Ron Bonk",,
1693,tt2298394,2015-06-28,2015-06-28,,"Free the Nipple","Free the Nipple",https://www.imdb.com/title/tt2298394/,Película,4.1,78,2013,"Comedia, Drama",1997,2014-12-12,"Lina Esco",,
1694,tt4692242,2015-06-29,2015-06-29,,"Las mil y una noches: volumen 3. El embelesado","As Mil e Uma Noites - Volume 3: O Encantado",https://www.imdb.com/title/tt4692242/,Película,6.4,125,2015,"Drama",1403,2016-06-17,"Miguel Gomes",,
1695,tt0366544,2015-06-29,2015-06-29,,"Géminis","Géminis",https://www.imdb.com/title/tt0366544/,Película,5.6,85,2005,"Drama",1853,2005-06-09,"Albertina Carri",,
1696,tt0083805,2015-07-06,2015-07-06,,"Terror mortal","Death Valley",https://www.imdb.com/title/tt0083805/,Película,5.5,87,1981,"Crimen, Drama, Terror, Suspense",2162,1982-05-07,"Dick Richards",,
1697,tt0104454,2015-07-06,2015-07-06,,"Regreso a Howards End","Howards End",https://www.imdb.com/title/tt0104454/,Película,7.3,142,1992,"Drama, Romance",39027,1993-02-12,"James Ivory",,
1698,tt0416220,2015-07-08,2015-07-08,,"Kamikaze Girls","Shimotsuma monogatari",https://www.imdb.com/title/tt0416220/,Película,7.2,102,2004,"Comedia",9365,2004-05-29,"Tetsuya Nakashima",,
1699,tt1931470,2015-07-14,2015-07-14,,"Declaración de guerra","La guerre est déclarée",https://www.imdb.com/title/tt1931470/,Película,7.0,100,2011,"Drama",5505,2012-02-10,"Valérie Donzelli",,
1700,tt0075018,2015-07-22,2015-07-22,,"Paraíso porno","The Opening of Misty Beethoven",https://www.imdb.com/title/tt0075018/,Película,6.7,85,1976,"X, Comedia, Romance",1529,1976-06-30,"Radley Metzger",,
1701,tt0077415,2015-07-22,2015-07-22,,"Debbie Does Dallas","Debbie Does Dallas",https://www.imdb.com/title/tt0077415/,Película,5.8,84,1978,"X, Comedia",3148,1978-11-19,"David Buckley",,
1702,tt0081593,2015-07-22,2015-07-22,,"Taboo","Taboo",https://www.imdb.com/title/tt0081593/,Película,6.9,86,1980,"X, Drama",2182,1980-03-07,"Kirdy Stevens",,
1703,tt0189799,2015-07-22,2015-07-22,,"Never Sleep Alone","Never Sleep Alone",https://www.imdb.com/title/tt0189799/,Película,5.4,94,1984,"X, Drama",243,1984,"Kemal Horulu",,
1704,tt0092744,2015-07-22,2015-07-22,,"Animadoras asesinas","Cheerleader Camp",https://www.imdb.com/title/tt0092744/,Película,4.7,89,1988,"Comedia, Terror, Suspense",4451,1988-06-21,"John Quinn",,
1705,tt0082802,2015-07-22,2015-07-22,,"Neon Nights","Neon Nights",https://www.imdb.com/title/tt0082802/,Película,6.2,85,1981,"X, Fantasía, Terror, Misterio",244,1982-05-17,"Cecil Howard",,
1706,tt0089066,2015-07-24,2015-07-24,,"Detective","Détective",https://www.imdb.com/title/tt0089066/,Película,5.7,95,1985,"Comedia, Crimen, Drama",2663,1985-08-23,"Jean-Luc Godard",,
1707,tt2996684,2015-07-26,2015-07-26,,"Animal","Animal",https://www.imdb.com/title/tt2996684/,Película,4.7,82,2014,"Acción, Aventura, Drama, Terror, Misterio, Ciencia ficción, Suspense",7945,2015-02-01,"Brett Simmons",,
1708,tt3368814,2015-07-26,2015-07-26,,"Killing Daddy","Killing Daddy",https://www.imdb.com/title/tt3368814/,Película de TV,5.5,85,2014,"Crimen, Misterio, Suspense",1241,2014-07-05,"Curtis Crawford",,
1709,tt3043176,2015-07-31,2015-07-31,,"Meet Me There","Meet Me There",https://www.imdb.com/title/tt3043176/,Película,3.8,93,2014,"Drama, Terror, Suspense",955,2014-04-04,"Phillip Lybrand",,
1710,tt1365050,2015-07-31,2015-07-31,,"Beasts of No Nation","Beasts of No Nation",https://www.imdb.com/title/tt1365050/,Película,7.7,137,2015,"Drama, Bélico",92172,2020-03-21,"Cary Joji Fukunaga",,
1711,tt3799372,2015-07-31,2015-07-31,,"6 Years","6 Years",https://www.imdb.com/title/tt3799372/,Película,5.5,79,2015,"Drama, Romance",13621,2015-08-18,"Hannah Fidell",,
1712,tt2597760,2015-08-02,2015-08-02,,"Marginados","The Outcasts",https://www.imdb.com/title/tt2597760/,Película,5.4,95,2017,"Comedia",5150,2017-04-14,"Peter Hutchings",,
1713,tt3317208,2015-08-02,2015-08-02,,"Anesthesia","Anesthesia",https://www.imdb.com/title/tt3317208/,Película,6.1,90,2015,"Crimen, Drama",5335,2016-01-08,"Tim Blake Nelson",,
1714,tt0089366,2015-08-03,2015-08-03,,"Yo te saludo, María","Je vous salue, Marie",https://www.imdb.com/title/tt0089366/,Película,6.3,72,1985,"Drama",4080,1985-01-23,"Jean-Luc Godard",,
1715,tt3278330,2015-08-06,2015-08-06,,"El cuento de los cuentos","Il racconto dei racconti - Tale of Tales",https://www.imdb.com/title/tt3278330/,Película,6.4,134,2015,"Drama, Fantasía, Terror",33721,2015-12-11,"Matteo Garrone",,
1716,tt3465074,2015-08-06,2015-08-06,,"88","88",https://www.imdb.com/title/tt3465074/,Película,4.9,88,2015,"Acción, Suspense",3745,2015-05-08,"April Mullen",,
1717,tt3727982,2015-08-06,2015-08-06,,"Ava's Possessions","Ava's Possessions",https://www.imdb.com/title/tt3727982/,Película,5.6,89,2015,"Comedia, Terror, Misterio, Suspense",3493,2016-03-04,"Jordan Galland",,
1718,tt3468698,2015-08-06,2015-08-06,,"Excess Flesh","Excess Flesh",https://www.imdb.com/title/tt3468698/,Película,3.7,103,2015,"Drama, Terror, Suspense",1043,2021-09-17,"Patrick Kennelly",,
1719,tt1120945,2015-08-06,2015-08-06,,"Tony","Tony",https://www.imdb.com/title/tt1120945/,Película,6.2,76,2009,"Drama, Terror, Suspense",3907,2009-06-18,"Gerard Johnson",,
1720,tt0116460,2015-08-06,2015-08-06,,"Gwai gek yuen: Ging ching yim lui long","Gwai gek yuen: Ging ching yim lui long",https://www.imdb.com/title/tt0116460/,Película,3.7,90,1996,"Comedia, Terror",53,1996-06-01,"John Hau",,
1721,tt3181776,2015-08-06,2015-08-06,,"Momentum","Momentum",https://www.imdb.com/title/tt3181776/,Película,5.5,96,2015,"Acción, Crimen, Suspense",17914,2015-10-16,"Stephen S. Campanelli",,
1722,tt3975510,2015-08-06,2015-08-06,,"El paraíso perdido","One & Two",https://www.imdb.com/title/tt3975510/,Película,5.2,90,2015,"Drama, Fantasía, Suspense",2590,2015-08-14,"Andrew Droz Palermo",,
1723,tt3300572,2015-08-06,2015-08-06,,"Stung","Stung",https://www.imdb.com/title/tt3300572/,Película,5.1,87,2015,"Acción, Aventura, Comedia, Terror, Ciencia ficción, Suspense",5591,2015-10-29,"Benni Diez",,
1724,tt3675748,2015-08-06,2015-08-06,,"Yakuza Apocalypse","Gokudô daisensô",https://www.imdb.com/title/tt3675748/,Película,5.5,115,2015,"Acción, Comedia, Terror",4829,2015-06-20,"Takashi Miike",,
1725,tt1307861,2015-08-06,2015-08-06,,"American Grindhouse","American Grindhouse",https://www.imdb.com/title/tt1307861/,Película,7.1,80,2010,"Documental",2830,2010-03-13,"Elijah Drenner",,
1726,tt1600196,2015-08-08,2015-08-08,,"La entrega","The Drop",https://www.imdb.com/title/tt1600196/,Película,7.0,106,2014,"Crimen, Drama, Misterio, Suspense",171299,2014-09-26,"Michaël R. Roskam",,
1727,tt0095312,2015-08-08,2015-08-08,,"Hollywood Chainsaw Hookers","Hollywood Chainsaw Hookers",https://www.imdb.com/title/tt0095312/,Película,5.4,75,1988,"Comedia, Terror",4602,1988-03,"Fred Olen Ray",,
1728,tt0069444,2015-08-08,2015-08-08,,"Las violentas del rollerball","The Unholy Rollers",https://www.imdb.com/title/tt0069444/,Película,5.5,88,1972,"Acción, Comedia, Drama, Deporte",879,1972-11-10,"Vernon Zimmerman",,
1729,tt0096142,2015-08-09,2015-08-09,,"Chicas de fraternidad en la bolera","Sorority Babes in the Slimeball Bowl-O-Rama",https://www.imdb.com/title/tt0096142/,Película,4.9,78,1988,"Comedia, Terror",5782,1988-01-29,"David DeCoteau",,
1730,tt3685668,2015-08-11,2015-08-11,,"Recovery","Recovery",https://www.imdb.com/title/tt3685668/,Película,4.4,82,2016,"Terror, Suspense",2083,2016-10-28,"Darrell Wheat",,
1731,tt1987028,2015-08-11,2015-08-11,,"Hombre Lobo: la bestia entre nosotros","Werewolf: The Beast Among Us",https://www.imdb.com/title/tt1987028/,Vídeo,5.1,93,2012,"Acción, Fantasía, Terror, Suspense",7048,2012-10-09,"Louis Morneau",,
1732,tt1291547,2015-08-12,2015-08-12,,"Cuando se acaba el porno","After Porn Ends",https://www.imdb.com/title/tt1291547/,Película,5.7,94,2012,"Documental",8319,2012-05-21,"Bryce Wagoner",,
1733,tt2402101,2015-08-12,2015-08-12,,"Lugares oscuros","Dark Places",https://www.imdb.com/title/tt2402101/,Película,6.2,113,2015,"Crimen, Drama, Misterio, Suspense",50481,2016-09-01,"Gilles Paquet-Brenner",,
1734,tt0086973,2015-08-19,2015-08-19,,"Lío en Río","Blame It on Rio",https://www.imdb.com/title/tt0086973/,Película,5.8,100,1984,"Comedia, Romance",13332,1984-02-17,"Stanley Donen",,
1735,tt0099762,2015-08-19,2015-08-19,,"Henry y June (El diario íntimo de Anaïs Nin)","Henry & June",https://www.imdb.com/title/tt0099762/,Película,6.3,136,1990,"Biografía, Drama",15037,1990-11-09,"Philip Kaufman",,
1736,tt4184252,2015-08-19,2015-08-19,,"The Scandalous Lady W","The Scandalous Lady W",https://www.imdb.com/title/tt4184252/,Película de TV,6.5,87,2015,"Drama, Historia, Romance",3072,2015-08-17,"Sheree Folkson",,
1737,tt0062069,2015-08-19,2015-08-19,,"Okasareta hakui","Okasareta hakui",https://www.imdb.com/title/tt0062069/,Película,6.7,56,1967,"Drama, Terror, Suspense",1783,1967-03,"Kōji Wakamatsu",,
1738,tt0163375,2015-08-19,2015-08-19,,"El planeta del placer","Vicious Lips",https://www.imdb.com/title/tt0163375/,Película,4.4,84,1986,"Terror, Música, Ciencia ficción",2149,1987-02,"Albert Pyun",,
1739,tt2847438,2015-08-19,2015-08-19,,"Der Bunker","Der Bunker",https://www.imdb.com/title/tt2847438/,Película,6.1,85,2015,"Comedia, Drama, Terror, Suspense",2307,2016-01-21,"Nikias Chryssos",,
1740,tt0110173,2015-08-23,2015-08-23,,"JLG/JLG - autoportrait de décembre","JLG/JLG - autoportrait de décembre",https://www.imdb.com/title/tt0110173/,Película,7.1,62,1994,"Documental, Drama",862,1995-03-08,"Jean-Luc Godard",,
1741,tt0996966,2015-08-23,2015-08-23,,"Not Quite Hollywood: The Wild, Untold Story of Ozploitation!","Not Quite Hollywood: The Wild, Untold Story of Ozploitation!",https://www.imdb.com/title/tt0996966/,Película,7.6,103,2008,"Documental, Historia",4867,2008-08-28,"Mark Hartley",,
1742,tt1242618,2015-08-23,2015-08-23,,"Deadline","Deadline",https://www.imdb.com/title/tt1242618/,Película,4.6,85,2009,"Drama, Terror, Suspense",6191,2010-01-29,"Sean McConville",,
1743,tt0100274,2015-08-23,2015-08-23,,"Nueva ola","Nouvelle vague",https://www.imdb.com/title/tt0100274/,Película,6.4,90,1990,"Drama",1793,1990-05-23,"Jean-Luc Godard",,
1744,tt0181912,2015-08-24,2015-08-24,,"Elogio del amor","Éloge de l'amour",https://www.imdb.com/title/tt0181912/,Película,6.3,97,2001,"Drama",3186,2002-10-11,"Jean-Luc Godard",,
1745,tt2207484,2015-08-24,2015-08-24,,"Muck","Muck",https://www.imdb.com/title/tt2207484/,Película,2.7,99,2015,"Terror",3293,2016-02-17,"Steve Wolsh",,
1746,tt1718898,2015-08-24,2015-08-24,,"Snake & Mongoose","Snake & Mongoose",https://www.imdb.com/title/tt1718898/,Película,5.8,102,2013,"Biografía, Deporte",843,2013-09-06,"Wayne Holloway",,
1747,tt1976009,2015-08-30,2015-08-30,,"Victor Frankenstein","Victor Frankenstein",https://www.imdb.com/title/tt1976009/,Película,6.0,110,2015,"Drama, Terror, Ciencia ficción, Suspense",64125,2016-04-15,"Paul McGuigan",,
1748,tt0063275,2015-08-30,2015-08-30,,"La marca del Hombre Lobo","La marca del Hombre Lobo",https://www.imdb.com/title/tt0063275/,Película,5.6,88,1968,"Fantasía, Terror",1074,1968-07-29,"Enrique López Eguiluz",,
1749,tt2488778,2015-09-01,2015-09-01,,"En defensa propia","The Keeping Room",https://www.imdb.com/title/tt2488778/,Película,6.0,95,2014,"Drama, Del oeste",8002,2015-09-25,"Daniel Barber",,
1750,tt2933004,2015-09-02,2015-09-02,,"Panama","Panama",https://www.imdb.com/title/tt2933004/,Película,5.4,97,2015,"Drama, Romance, Suspense",1778,2015-10-21,"Pavle Vuckovic",,
1751,tt0091818,2015-09-03,2015-09-03,,"Sueños radioactivos","Radioactive Dreams",https://www.imdb.com/title/tt0091818/,Película,5.5,98,1984,"Acción, Aventura, Comedia, Música, Ciencia ficción",2189,1986-07-14,"Albert Pyun",,
1752,tt3907102,2015-09-04,2015-09-04,,"Los hongos","Los hongos",https://www.imdb.com/title/tt3907102/,Película,6.5,103,2014,"Drama",471,2014-09-25,"Óscar Ruiz Navia",,
1753,tt2741564,2015-09-04,2015-09-04,,"Angelica","Angelica",https://www.imdb.com/title/tt2741564/,Película,4.9,95,2015,"Drama, Terror, Suspense",1053,2017-12-12,"Mitchell Lichtenstein",,
1754,tt4255110,2015-09-06,2015-09-06,,"Contracted: Phase II","Contracted: Phase II",https://www.imdb.com/title/tt4255110/,Película,5.1,78,2015,"Drama, Terror, Suspense",5761,2015-09-04,"Josh Forbes",,
1755,tt2191765,2015-09-12,2015-09-12,,"Una semana en Córcega","Un moment d'égarement",https://www.imdb.com/title/tt2191765/,Película,6.2,105,2015,"Comedia, Drama, Romance",11618,2015-09-11,"Jean-François Richet",,
1756,tt1863352,2015-09-14,2015-09-14,,"Paradis perdu","Paradis perdu",https://www.imdb.com/title/tt1863352/,Película,5.5,93,2012,"Drama",291,2012-07-04,"Ève Deboise",,
1757,tt1479269,2015-09-14,2015-09-14,,"Black heaven","L'autre monde",https://www.imdb.com/title/tt1479269/,Película,5.5,100,2010,"Drama, Suspense",2250,2011-09-08,"Gilles Marchand",,
1758,tt1663655,2015-09-15,2015-09-15,,"Martyrs","Martyrs",https://www.imdb.com/title/tt1663655/,Película,4.0,86,2015,"Drama, Terror, Suspense",8048,2016-01-22,"Kevin Goetz, Michael Goetz",,
1759,tt4411688,2015-09-15,2015-09-15,,"Ninja-gari","Ninja-gari",https://www.imdb.com/title/tt4411688/,Película,6.5,96,2015,"Acción",38,2015-10-09,"Seiji Chiba",,
1760,tt4343040,2015-09-15,2015-09-15,,"Haruko chôjô genshô kenkyûjo","Haruko chôjô genshô kenkyûjo",https://www.imdb.com/title/tt4343040/,Película,5.6,76,2015,"Comedia",107,2015-01-25,"Lisa Takeba",,
1761,tt3432552,2015-09-15,2015-09-15,,"Goddess of Love","Goddess of Love",https://www.imdb.com/title/tt3432552/,Película,5.2,93,2015,"Drama, Terror, Misterio, Suspense",1622,2017-10-05,"Jon Knautz",,
1762,tt2967008,2015-09-15,2015-09-15,,"El rostro de un ángel","The Face of an Angel",https://www.imdb.com/title/tt2967008/,Película,4.6,101,2014,"Crimen, Drama, Misterio",5446,2015-10-23,"Michael Winterbottom",,
1763,tt4473370,2015-09-16,2015-09-16,,"Eiga: minna! Esupâ da yo!","Eiga: minna! Esupâ da yo!",https://www.imdb.com/title/tt4473370/,Película,5.4,114,2015,"Comedia, Drama, Misterio, Ciencia ficción",1232,2015-09-04,"Sion Sono",,
1764,tt3833746,2015-09-16,2015-09-16,,"The Visit","The Visit",https://www.imdb.com/title/tt3833746/,Película,5.9,83,2015,"Documental",790,2015-10-08,"Michael Madsen",,
1765,tt2443822,2015-09-16,2015-09-16,,"The Boy","The Boy",https://www.imdb.com/title/tt2443822/,Película,5.5,111,2015,"Drama, Terror, Suspense",5970,2022-06-15,"Craig William Macneill",,
1766,tt3791302,2015-09-17,2015-09-17,,"La cabeza alta","La tête haute",https://www.imdb.com/title/tt3791302/,Película,6.9,120,2015,"Drama",4113,2015-05-13,"Emmanuelle Bercot",,
1767,tt0065233,2015-09-17,2015-09-17,,"Go, Go Second Time Virgin","Yuke yuke nidome no shojo",https://www.imdb.com/title/tt0065233/,Película,7.1,65,1969,"Drama, Terror",2889,1969,"Kōji Wakamatsu",,
1768,tt0085382,2015-09-26,2015-09-26,,"Cujo","Cujo",https://www.imdb.com/title/tt0085382/,Película,6.1,93,1983,"Terror, Suspense",55106,1983-08-12,"Lewis Teague",,
1769,tt2385227,2015-09-26,2015-09-26,,"Sunrise","Sunrise",https://www.imdb.com/title/tt2385227/,Película,6.3,85,2014,"Crimen, Drama, Misterio",333,2016-03-02,"Partho Sen-Gupta",,
1770,tt0091823,2015-09-28,2015-09-28,,"Árbol sin hojas","Rakuyôju",https://www.imdb.com/title/tt0091823/,Película,7.7,105,1986,"Drama",1147,1986-11-15,"Kaneto Shindō",,
1771,tt4935372,2015-09-28,2015-09-28,,"The Devil's Candy","The Devil's Candy",https://www.imdb.com/title/tt4935372/,Película,6.3,79,2015,"Drama, Terror, Suspense",24209,2017-03-17,"Sean Byrne",,
1772,tt4425152,2015-10-03,2015-10-03,,"Pojkarna","Pojkarna",https://www.imdb.com/title/tt4425152/,Película,6.1,106,2015,"Crimen, Drama, Fantasía, Suspense",1384,2016-02-19,"Alexandra-Therese Keining",,
1773,tt3155242,2015-10-04,2015-10-04,,"Partisan","Partisan",https://www.imdb.com/title/tt3155242/,Película,5.8,94,2015,"Drama",4281,2015-05-28,"Ariel Kleiman",,
1774,tt0469519,2015-10-07,2015-10-07,,"Park","Park",https://www.imdb.com/title/tt0469519/,Película,5.7,86,2006,"Comedia, Drama",1333,2006-06-12,"Kurt Voelker",,
1775,tt1394211,2015-10-07,2015-10-07,,"Helena from the Wedding","Helena from the Wedding",https://www.imdb.com/title/tt1394211/,Película,4.6,89,2010,"Comedia, Drama",434,2010-03-14,"Joseph Infantolino",,
1776,tt0801526,2015-10-19,2015-10-19,,"The Tracey Fragments","The Tracey Fragments",https://www.imdb.com/title/tt0801526/,Película,6.0,77,2007,"Drama",7796,2008-01-04,"Bruce McDonald",,
1777,tt1407084,2015-10-19,2015-10-19,,"Twelve","Twelve",https://www.imdb.com/title/tt1407084/,Película,5.6,93,2010,"Acción, Drama, Suspense",12996,2011-01-14,"Joel Schumacher",,
1778,tt1129437,2015-10-20,2015-10-20,,"Sisanje","Sisanje",https://www.imdb.com/title/tt1129437/,Película,6.4,102,2010,"Acción, Crimen, Drama",5932,2010-10-06,"Stevan Filipovic",,
1779,tt1570559,2015-10-20,2015-10-20,,"Burning Man","Burning Man",https://www.imdb.com/title/tt1570559/,Película,6.4,110,2011,"Drama, Romance",4198,2011-11-17,"Jonathan Teplitzky",,
1780,tt0384504,2015-10-20,2015-10-20,,"Salvando las apariencias","Saving Face",https://www.imdb.com/title/tt0384504/,Película,7.4,91,2004,"Comedia, Drama, Romance",15530,2005-12-23,"Alice Wu",,
1781,tt1261414,2015-10-20,2015-10-20,,"Penance","Penance",https://www.imdb.com/title/tt1261414/,Película,3.4,85,2009,"Terror, Suspense",1291,2009-05-30,"Jake Kennedy",,
1782,tt1598822,2015-10-20,2015-10-20,,"Noche de fin de año","New Year's Eve",https://www.imdb.com/title/tt1598822/,Película,5.6,118,2011,"Comedia, Romance",93154,2011-12-23,"Garry Marshall",,
1783,tt0410549,2015-10-20,2015-10-20,,"Cuando sube la marea","Quand la mer monte...",https://www.imdb.com/title/tt0410549/,Película,6.7,90,2004,"Comedia, Drama, Romance",759,2006-03-24,"Yolande Moreau, Gilles Porte",,
1784,tt0494969,2015-10-20,2015-10-20,,"De laatste zomer","De laatste zomer",https://www.imdb.com/title/tt0494969/,Película,6.9,95,2007,"Drama",450,2007-07-04,"Joost Wynant",,
1785,tt2486148,2015-10-20,2015-10-20,,"Lac Mystère","Lac Mystère",https://www.imdb.com/title/tt2486148/,Película,5.8,118,2013,"Comedia, Crimen, Drama, Fantasía, Misterio, Romance, Suspense",238,2013-08-23,"Erik Canuel",,
1786,tt2458606,2015-10-20,2015-10-20,,"Le torrent","Le torrent",https://www.imdb.com/title/tt2458606/,Película,6.1,152,2012,"Drama, Familiar, Historia",134,2012-11-09,"Simon Lavoie",,
1787,tt1355217,2015-10-20,2015-10-20,,"Les pieds dans le vide","Les pieds dans le vide",https://www.imdb.com/title/tt1355217/,Película,5.7,105,2009,"Drama, Romance",288,2009-08-14,"Mariloup Wolfe",,
1788,tt4159182,2015-10-20,2015-10-20,,"La dame dans l'auto avec des lunettes et un fusil","La dame dans l'auto avec des lunettes et un fusil",https://www.imdb.com/title/tt4159182/,Película,5.5,93,2015,"Crimen, Drama, Misterio, Suspense",3225,2015-08-05,"Joann Sfar",,
1789,tt3129916,2015-10-20,2015-10-20,,"Le beau monde","Le beau monde",https://www.imdb.com/title/tt3129916/,Película,5.9,95,2014,"Drama",325,2014-08-13,"Julie Lopes-Curval",,
1790,tt4009278,2015-10-20,2015-10-20,,"Intruders","Shut In",https://www.imdb.com/title/tt4009278/,Película,5.7,90,2015,"Drama, Terror, Suspense",15495,2016-01-15,"Adam Schindler",,
1791,tt1382727,2015-10-21,2015-10-21,,"Segundo origen","Segon origen",https://www.imdb.com/title/tt1382727/,Película,4.5,106,2015,"Aventura, Terror, Ciencia ficción",636,2015-10-07,"Sergi Lara, Carles Porta",,
1792,tt3792884,2015-10-21,2015-10-21,,"Alena","Alena",https://www.imdb.com/title/tt3792884/,Película,5.4,83,2015,"Drama, Terror, Suspense",1473,2016-08-19,"Daniel di Grado",,
1793,tt4030442,2015-10-21,2015-10-21,,"From the Dark","From the Dark",https://www.imdb.com/title/tt4030442/,Película,4.9,90,2014,"Terror, Suspense",3806,2015-04-14,"Conor McMahon",,
1794,tt3305844,2015-10-21,2015-10-21,,"Hellions","Hellions",https://www.imdb.com/title/tt3305844/,Película,4.2,80,2015,"Drama, Terror, Suspense",3561,2016-09-22,"Bruce McDonald",,
1795,tt3038142,2015-10-21,2015-10-21,,"Inner Demons","Inner Demons",https://www.imdb.com/title/tt3038142/,Película,5.2,85,2014,"Terror, Misterio, Suspense",2942,2014-10-03,"Seth Grossman",,
1796,tt4935334,2015-10-21,2015-10-21,,"Southbound","Southbound",https://www.imdb.com/title/tt4935334/,Película,5.9,89,2015,"Terror",23282,2016-10-05,"Roxanne Benjamin, Matt Bettinelli-Olpin, David Bruckner, Tyler Gillett, Patrick Horvath, Justin Martinez, Radio Silence, Chad Villella",,
1797,tt0497972,2015-10-21,2015-10-21,,"Sexo a la carta","Sex and Death 101",https://www.imdb.com/title/tt0497972/,Película,5.9,117,2007,"Comedia, Drama, Fantasía, Romance",11982,2008-02-22,"Daniel Waters",,
1798,tt4654606,2015-10-22,2015-10-22,,"Tôkyô Mukokuseki Shôjo","Tôkyô Mukokuseki Shôjo",https://www.imdb.com/title/tt4654606/,Película,5.4,85,2015,"Acción, Suspense",200,2015-07-25,"Mamoru Oshii",,
1799,tt0423455,2015-10-22,2015-10-22,,"Hemingway & Gellhorn","Hemingway & Gellhorn",https://www.imdb.com/title/tt0423455/,Película de TV,6.3,155,2012,"Biografía, Drama, Romance",11346,2012-08-27,"Philip Kaufman",,
1800,tt0422295,2015-10-22,2015-10-22,,"Retrato de una obsesión","Fur: An Imaginary Portrait of Diane Arbus",https://www.imdb.com/title/tt0422295/,Película,6.3,122,2006,"Biografía, Drama, Romance, Suspense",16797,2007-05-04,"Steven Shainberg",,
1801,tt0159365,2015-10-22,2015-10-22,,"Cold Mountain","Cold Mountain",https://www.imdb.com/title/tt0159365/,Película,7.2,154,2003,"Aventura, Drama, Romance, Bélico",165184,2004-02-20,"Anthony Minghella",,
1802,tt0308383,2015-10-22,2015-10-22,,"La mancha humana","The Human Stain",https://www.imdb.com/title/tt0308383/,Película,6.2,106,2003,"Drama, Romance, Suspense",33951,2003-10-31,"Robert Benton",,
1803,tt0107497,2015-10-22,2015-10-22,,"Malicia","Malice",https://www.imdb.com/title/tt0107497/,Película,6.5,107,1993,"Crimen, Misterio, Suspense",31564,1995-08-23,"Harold Becker",,
1804,tt0101453,2015-10-22,2015-10-22,,"Billy Bathgate","Billy Bathgate",https://www.imdb.com/title/tt0101453/,Película,5.9,106,1991,"Crimen, Drama, Suspense",13643,1992-01-24,"Robert Benton",,
1805,tt0092220,2015-10-22,2015-10-22,,"Windrider","Windrider",https://www.imdb.com/title/tt0092220/,Película,5.1,92,1986,"Comedia, Drama, Romance",906,1986-12-26,"Vincent Monton",,
1806,tt2718440,2015-10-22,2015-10-22,,"Moonwalkers","Moonwalkers",https://www.imdb.com/title/tt2718440/,Película,6.1,96,2015,"Acción, Comedia",10382,2016-01-27,"Antoine Bardou-Jacquet",,
1807,tt0071203,2015-10-22,2015-10-22,,"Belladonna of Sadness","Kanashimi no Beradonna",https://www.imdb.com/title/tt0071203/,Película,7.3,86,1973,"Animación, Drama, Fantasía",9664,1977-08-01,"Eiichi Yamamoto",,
1808,tt0061432,2015-10-22,2015-10-22,,"Bésame monstruo","Küss mich, Monster",https://www.imdb.com/title/tt0061432/,Película,4.3,87,1969,"Aventura, Terror, Misterio, Suspense",877,1969-05-31,"Jesús Franco",,
1809,tt0067446,2015-10-22,2015-10-22,,"La muerte camina con tacón alto","La morte cammina con i tacchi alti",https://www.imdb.com/title/tt0067446/,Película,6.5,108,1971,"Crimen, Terror, Misterio, Suspense",2683,1972-04-02,"Luciano Ercoli",,
1810,tt0068971,2015-10-22,2015-10-22,,"La muerte acaricia a medianoche","La morte accarezza a mezzanotte",https://www.imdb.com/title/tt0068971/,Película,6.3,102,1972,"Crimen, Terror, Misterio, Suspense",2462,1973-03-01,"Luciano Ercoli",,
1811,tt0085299,2015-10-22,2015-10-22,,"Carne de tu carne","Carne de tu carne",https://www.imdb.com/title/tt0085299/,Película,6.3,94,1983,"Drama, Terror, Misterio",384,1983-12-25,"Carlos Mayolo",,
1812,tt0830570,2015-10-23,2015-10-23,,"I Can't Think Straight","I Can't Think Straight",https://www.imdb.com/title/tt0830570/,Película,6.4,82,2008,"Drama, Romance",10287,2009-04-03,"Shamim Sarif",,
1813,tt1943014,2015-10-27,2015-10-27,,"The Wicked Within","The Wicked Within",https://www.imdb.com/title/tt1943014/,Película,4.2,84,2015,"Terror",1389,2015-10-27,"Jay Alaimo",,
1814,tt4192830,2015-10-27,2015-10-27,,"A Wonderful Cloud","A Wonderful Cloud",https://www.imdb.com/title/tt4192830/,Película,5.9,81,2015,"Comedia, Drama, Romance",245,2015-10-23,"Eugene Kotlyarenko",,
1815,tt3115712,2015-10-27,2015-10-27,,"The Heart Machine","The Heart Machine",https://www.imdb.com/title/tt3115712/,Película,5.8,85,2014,"Drama, Suspense",727,2014-10-24,"Zachary Wigon",,
1816,tt2014346,2015-10-27,2015-10-27,,"Somebody Up There Likes Me","Somebody Up There Likes Me",https://www.imdb.com/title/tt2014346/,Película,5.7,76,2012,"Comedia, Romance",1726,2013-03-08,"Bob Byington",,
1817,tt1865503,2015-10-27,2015-10-27,,"Silver Bullets","Silver Bullets",https://www.imdb.com/title/tt1865503/,Película,5.2,69,2011,"Drama, Terror",583,2011-10-28,"Joe Swanberg",,
1818,tt4298958,2015-10-28,2015-10-28,,"Una pastelería en Tokio","An",https://www.imdb.com/title/tt4298958/,Película,7.4,113,2015,"Drama",14381,2015-11-13,"Naomi Kawase",,
1819,tt0083019,2015-10-28,2015-10-28,,"Sadomanía (El infierno de la pasión)","Sadomanía (El infierno de la pasión)",https://www.imdb.com/title/tt0083019/,Película,4.7,103,1981,"Acción, Crimen, Drama, Terror, Suspense",1337,1981-06-03,"Jesús Franco",,
1820,tt0070927,2015-10-30,2015-10-30,,"The Working Girls","The Working Girls",https://www.imdb.com/title/tt0070927/,Película,5.4,81,1974,"Comedia, Crimen",556,1974-10,"Stephanie Rothman",,
1821,tt0080550,2015-10-30,2015-10-30,,"Caminos cruzados","Coast to Coast",https://www.imdb.com/title/tt0080550/,Película,5.2,95,1980,"Comedia, Drama, Romance",520,1980-10-03,"Joseph Sargent",,
1822,tt0321319,2015-10-30,2015-10-30,,"Attack of the Killer B-Movies","Attack of the Killer B-Movies",https://www.imdb.com/title/tt0321319/,Película de TV,6.6,92,1995,"Comedia, Terror, Ciencia ficción",71,1995-09-02,,,
1823,tt0265171,2015-10-30,2015-10-30,,"Elvira's Haunted Hills","Elvira's Haunted Hills",https://www.imdb.com/title/tt0265171/,Película,5.6,90,2001,"Comedia, Terror",5760,2002-10-31,"Sam Irvin",,
1824,tt1307858,2015-10-30,2015-10-30,,"All About Evil","All About Evil",https://www.imdb.com/title/tt1307858/,Película,6.1,98,2010,"Comedia, Terror",2179,2014-06-25,"Joshua Grannell",,
1825,tt3202366,2015-11-01,2015-11-01,,"Métamorphoses","Métamorphoses",https://www.imdb.com/title/tt3202366/,Película,5.2,102,2014,"Drama, Fantasía",993,2014-09-03,"Christophe Honoré",,
1826,tt4206218,2015-11-01,2015-11-01,,"The Propaganda Game","The Propaganda Game",https://www.imdb.com/title/tt4206218/,Película,6.8,98,2015,"Documental",4606,2015-10-30,"Álvaro Longoria",,
1827,tt4944620,2015-11-01,2015-11-01,,"Amama","Amama",https://www.imdb.com/title/tt4944620/,Película,6.8,103,2015,"Drama",410,2015-09-20,"Asier Altuna",,
1828,tt4270516,2015-11-01,2015-11-01,,"Grandma","Grandma",https://www.imdb.com/title/tt4270516/,Película,6.7,79,2015,"Comedia, Drama",18119,2015-09-18,"Paul Weitz",,
1829,tt2392385,2015-11-01,2015-11-01,,"Lap Dance","Lap Dance",https://www.imdb.com/title/tt2392385/,Película,4.6,100,2014,"Drama",3334,2014-12-05,"Greg Carter",,
1830,tt3741316,2015-11-05,2015-11-05,,"Bare","Bare",https://www.imdb.com/title/tt3741316/,Película,5.1,90,2015,"Drama, Romance",2736,2015-10-30,"Natalia Leite",,
1831,tt3395582,2015-11-05,2015-11-05,,"Sun Choke","Sun Choke",https://www.imdb.com/title/tt3395582/,Película,5.4,83,2015,"Drama, Terror, Misterio, Suspense",1525,2016-08-05,"Ben Cresciman",,
1832,tt0086136,2015-11-05,2015-11-05,,"Primeros deseos","Premiers désirs",https://www.imdb.com/title/tt0086136/,Película,4.6,93,1983,"Drama, Romance",1414,1983-12-11,"David Hamilton",,
1833,tt4678184,2015-11-09,2015-11-09,,"WTF!","WTF!",https://www.imdb.com/title/tt4678184/,Película,3.8,80,2017,"Terror",880,2017-08-01,"Peter Herro",,
1834,tt3640682,2015-11-09,2015-11-09,,"I Smile Back","I Smile Back",https://www.imdb.com/title/tt3640682/,Película,6.2,85,2015,"Drama, Misterio, Romance",6292,2015-11-06,"Adam Salky",,
1835,tt2689354,2015-11-09,2015-11-09,,"Call Girl of Cthulhu","Call Girl of Cthulhu",https://www.imdb.com/title/tt2689354/,Película,4.7,92,2014,"Comedia, Terror",1291,2015-09-15,"Chris LaMartina",,
1836,tt3526120,2015-11-09,2015-11-09,,"Uncertain Terms","Uncertain Terms",https://www.imdb.com/title/tt3526120/,Película,5.9,75,2014,"Comedia, Drama",406,2015-05-29,"Nathan Silver",,
1837,tt3296658,2015-11-14,2015-11-14,,"Rams (El valle de los carneros)","Hrútar",https://www.imdb.com/title/tt3296658/,Película,7.2,93,2015,"Comedia, Drama",15813,2015-05-28,"Grímur Hákonarson",,
1838,tt0089338,2015-11-14,2015-11-14,,"Infierno en el Amazonas","Inferno in diretta",https://www.imdb.com/title/tt0089338/,Película,5.6,90,1984,"Aventura, Terror, Suspense",3017,1985-08-08,"Ruggero Deodato",,
1839,tt0064789,2015-11-14,2015-11-14,,"Paroxismus","Paroxismus",https://www.imdb.com/title/tt0064789/,Película,5.6,86,1969,"Terror, Suspense",2490,1969-08-19,"Jesús Franco",,
1840,tt4839476,2015-11-14,2015-11-14,,"The Interior","The Interior",https://www.imdb.com/title/tt4839476/,Película,4.7,80,2015,"Aventura, Drama, Suspense",397,2016-07-12,"Trevor Juras",,
1841,tt2773034,2015-11-18,2015-11-18,,"I rec u","I rec u",https://www.imdb.com/title/tt2773034/,Película,6.6,116,2012,"Comedia, Fantasía, Terror",115,2015-09-24,"Federico Sfascia",,
1842,tt3526286,2015-11-19,2015-11-19,,"#Horror","#Horror",https://www.imdb.com/title/tt3526286/,Película,3.1,97,2015,"Crimen, Drama, Terror, Misterio, Suspense",4232,2015-11-20,"Tara Subkoff",,
1843,tt0068772,2015-11-22,2015-11-22,,"El jorobado de la Morgue","El jorobado de la Morgue",https://www.imdb.com/title/tt0068772/,Película,6.1,87,1973,"Terror",1060,1973-07-13,"Javier Aguirre",,
1844,tt1987018,2015-11-23,2015-11-23,,"Un feliz acontecimiento","Un heureux événement",https://www.imdb.com/title/tt1987018/,Película,6.5,107,2011,"Comedia, Drama",4835,2012-05-18,"Rémi Bezançon",,
1845,tt0119347,2015-11-25,2015-11-25,,"I Want You","I Want You",https://www.imdb.com/title/tt0119347/,Película,6.0,87,1998,"Crimen, Drama, Música, Romance, Suspense",3391,1998-11-13,"Michael Winterbottom",,
1846,tt3784222,2015-11-29,2015-11-29,,"Paulina","La patota",https://www.imdb.com/title/tt3784222/,Película,6.5,103,2015,"Drama, Suspense",1766,2015-06-18,"Santiago Mitre",,
1847,tt2735996,2015-11-29,2015-11-29,,"Nadie quiere la noche","Nadie quiere la noche",https://www.imdb.com/title/tt2735996/,Película,6.2,104,2015,"Drama",1713,2015-11-27,"Isabel Coixet",,
1848,tt0064494,2015-11-29,2015-11-29,,"La isla de la muerte","De Sade 70",https://www.imdb.com/title/tt0064494/,Película,5.2,87,1970,"Drama, Terror",2391,1970-03,"Jesús Franco",,
1849,tt3824458,2015-11-29,2015-11-29,,"Tangerine","Tangerine",https://www.imdb.com/title/tt3824458/,Película,7.1,88,2015,"Comedia, Crimen, Drama",43567,2021-02-12,"Sean Baker",,
1850,tt0081614,2015-11-29,2015-11-29,,"Tiernas primas","Tendres cousines",https://www.imdb.com/title/tt0081614/,Película,5.4,92,1980,"Comedia, Drama, Romance",2595,1980-11-19,"David Hamilton",,
1851,tt3448124,2015-11-29,2015-11-29,,"Dorchester's Revenge: The Return of Crinoline Head","Dorchester's Revenge: The Return of Crinoline Head",https://www.imdb.com/title/tt3448124/,Película,3.1,94,2014,"Terror",473,2014-08-02,"Tommy Faircloth",,
1852,tt3407630,2015-11-29,2015-11-29,,"Dismembering Christmas","Dismembering Christmas",https://www.imdb.com/title/tt3407630/,Película,4.1,74,2015,"Terror",245,2015-10-13,"Austin Bosley",,
1853,tt4704918,2015-12-02,2015-12-02,,"Tiburón zombie","Zombie Shark",https://www.imdb.com/title/tt4704918/,Película de TV,2.9,86,2015,"Acción, Aventura, Terror, Ciencia ficción, Suspense",1436,2016-04-25,"Misty Talley",,
1854,tt2215221,2015-12-04,2015-12-04,,"La religiosa","La religieuse",https://www.imdb.com/title/tt2215221/,Película,6.5,112,2013,"Drama",2136,2013-03-20,"Guillaume Nicloux",,
1855,tt0066830,2015-12-04,2015-12-04,,"Cárcel de mujeres","The Big Doll House",https://www.imdb.com/title/tt0066830/,Película,5.8,95,1971,"Acción, Drama, Suspense",3541,1972-02-26,"Jack Hill",,
1856,tt3850214,2015-12-04,2015-12-04,,"Dope","Dope",https://www.imdb.com/title/tt3850214/,Película,7.2,103,2015,"Aventura, Comedia, Crimen, Drama",92287,2015-12-11,"Rick Famuyiwa",,
1857,tt0068416,2015-12-04,2015-12-04,,"¿Qué habéis hecho con Solange?","Cosa avete fatto a Solange?",https://www.imdb.com/title/tt0068416/,Película,6.9,107,1972,"Terror, Misterio, Suspense",6613,1973-06-04,"Massimo Dallamano",,
1858,tt4180576,2015-12-05,2015-12-05,,"Bridgend","Bridgend",https://www.imdb.com/title/tt4180576/,Película,5.4,104,2015,"Drama, Terror",2770,2015-06-25,"Jeppe Rønde",,
1859,tt0067696,2015-12-06,2015-12-06,,"Siete orquídeas manchadas de rojo","Sette orchidee macchiate di rosso",https://www.imdb.com/title/tt0067696/,Película,6.3,92,1972,"Crimen, Terror, Misterio, Suspense",3223,1972-02-24,"Umberto Lenzi",,
1860,tt0068273,2015-12-06,2015-12-06,,"The Big Bird Cage","The Big Bird Cage",https://www.imdb.com/title/tt0068273/,Película,5.8,88,1972,"Acción, Crimen, Drama",3453,1972-06-21,"Jack Hill",,
1861,tt0069718,2015-12-06,2015-12-06,,"Anita","Anita",https://www.imdb.com/title/tt0069718/,Película,5.1,95,1973,"Drama, Romance",2107,1973-12-25,"Torgny Wickman",,
1862,tt0072124,2015-12-06,2015-12-06,,"El sexo que viene","Schulmädchen-Report 7. Teil - Doch das Herz muß dabei sein",https://www.imdb.com/title/tt0072124/,Película,4.4,93,1974,"Comedia, Drama, Romance",341,1974-04-25,"Ernst Hofbauer",,
1863,tt0072285,2015-12-06,2015-12-06,,"Desenlace mortal (Thriller - en grym film)","Thriller - En grym film",https://www.imdb.com/title/tt0072285/,Película,6.4,108,1973,"Acción, Crimen, Drama, Terror, Suspense",9668,1974-06-05,"Bo Arne Vibenius",,
1864,tt0070085,2015-12-06,2015-12-06,,"Furyô anego den: Inoshika Ochô","Furyô anego den: Inoshika Ochô",https://www.imdb.com/title/tt0070085/,Película,6.6,88,1973,"Acción, Crimen, Drama, Suspense",3913,1973-02-17,"Norifumi Suzuki",,
1865,tt0064624,2015-12-06,2015-12-06,,"Maid in Sweden","Maid in Sweden",https://www.imdb.com/title/tt0064624/,Película,4.3,80,1971,"Drama",1717,1972-07-15,"Dan Wolman",,
1866,tt0067076,2015-12-06,2015-12-06,,"Exponerad","Exponerad",https://www.imdb.com/title/tt0067076/,Película,5.0,90,1971,"Drama, Suspense",971,1971-08-23,"Gustav Wiklund",,
1867,tt1859446,2015-12-06,2015-12-06,,"Alps","Alpeis",https://www.imdb.com/title/tt1859446/,Película,6.3,93,2011,"Drama",15970,2012-04-13,"Yorgos Lanthimos",,
1868,tt0142998,2015-12-07,2015-12-07,,"Yasagure anego den: Sôkatsu rinchi","Yasagure anego den: Sôkatsu rinchi",https://www.imdb.com/title/tt0142998/,Película,6.4,86,1973,"Acción, Crimen, Drama, Suspense",1096,1973-06-07,"Teruo Ishii",,
1869,tt1645080,2015-12-10,2015-12-10,,"El arte de pasar de todo","The Art of Getting By",https://www.imdb.com/title/tt1645080/,Película,6.5,83,2011,"Comedia, Drama, Familiar, Romance",62452,2011-09-30,"Gavin Wiesen",,
1870,tt0073668,2015-12-13,2015-12-13,,"Iniciación sexual de las adolescentes","Schulmädchen-Report. 9. Teil: Reifeprüfung vor dem Abitur",https://www.imdb.com/title/tt0073668/,Película,4.0,92,1975,"Comedia, Drama, Romance",271,1975-08-22,"Walter Boos",,
1871,tt0089860,2015-12-13,2015-12-13,,"Péril en la demeure","Péril en la demeure",https://www.imdb.com/title/tt0089860/,Película,6.7,101,1985,"Crimen, Drama, Misterio, Romance, Suspense",1948,1985-02-13,"Michel Deville",,
1872,tt0068282,2015-12-13,2015-12-13,,"Encadenadas","Black Mama White Mama",https://www.imdb.com/title/tt0068282/,Película,5.6,87,1973,"Crimen, Drama, Suspense",4235,1973-01-19,"Eddie Romero",,
1873,tt3304756,2015-12-21,2015-12-21,,"Strange Blood","Strange Blood",https://www.imdb.com/title/tt3304756/,Película,3.1,80,2015,"Terror, Ciencia ficción",1026,2015-01-30,"Chad Michael Ward",,
1874,tt0106926,2015-12-22,2015-12-22,,"Como uña y carne","Flesh and Bone",https://www.imdb.com/title/tt0106926/,Película,6.3,126,1993,"Drama, Misterio, Romance",6604,1993-11-05,"Steve Kloves",,
1875,tt1595588,2015-12-25,2015-12-25,,"Almost Invisible","Almost Invisible",https://www.imdb.com/title/tt1595588/,Vídeo,3.1,95,2010,"Fantasía, Terror, Música, Misterio, Suspense",407,2010-01-01,"David Allingham",,
1876,tt3755362,2015-12-25,2015-12-25,,"Más allá de la tentación","Rendez-Vous",https://www.imdb.com/title/tt3755362/,Película,5.6,100,2015,"Drama, Romance",2696,2015-06-04,"Antoinette Beumer",,
1877,tt3800010,2015-12-26,2015-12-26,,"La odisea de Alice","Fidelio, l'odyssée d'Alice",https://www.imdb.com/title/tt3800010/,Película,6.3,97,2014,"Drama, Romance",994,2015-12-25,"Lucie Borleteau",,
1878,tt2515034,2015-12-27,2015-12-27,,"Caza al asesino","The Gunman",https://www.imdb.com/title/tt2515034/,Película,5.8,115,2015,"Acción, Crimen, Misterio, Suspense",45842,2015-05-22,"Pierre Morel",,
1879,tt0283693,2015-12-30,2015-12-30,,"Zeroka no onna: Akai wappa","Zeroka no onna: Akai wappa",https://www.imdb.com/title/tt0283693/,Película,6.6,88,1974,"Acción, Crimen, Drama, Suspense",1207,1974-05-21,"Yukio Noda",,
1880,tt1691323,2015-12-30,2015-12-30,,"Attenberg","Attenberg",https://www.imdb.com/title/tt1691323/,Película,6.2,97,2010,"Comedia, Drama, Romance",8529,2010-12-09,"Athina Rachel Tsangari",,
1881,tt0119174,2015-12-30,2015-12-30,,"The Game","The Game",https://www.imdb.com/title/tt0119174/,Película,7.7,129,1997,"Drama, Misterio, Suspense",476819,1997-12-05,"David Fincher",,
1882,tt0095511,2016-01-01,2016-01-01,,"La lectora","La lectrice",https://www.imdb.com/title/tt0095511/,Película,7.0,99,1988,"Comedia, Drama",1935,1988-08-17,"Michel Deville",,
1883,tt0073019,2016-01-01,2016-01-01,,"Friday Foster","Friday Foster",https://www.imdb.com/title/tt0073019/,Película,6.0,90,1975,"Acción",3071,1977-03-09,"Arthur Marks",,
1884,tt1276419,2016-01-08,2016-01-08,,"Un asunto real","En kongelig affære",https://www.imdb.com/title/tt1276419/,Película,7.5,137,2012,"Biografía, Drama, Historia, Romance",54448,2013-03-01,"Nikolaj Arcel",,
1885,tt1524575,2016-01-09,2016-01-09,,"Exorcismo en el Vaticano","The Vatican Tapes",https://www.imdb.com/title/tt1524575/,Película,4.7,91,2015,"Terror, Suspense",19480,2015-07-22,"Mark Neveldine",,
1886,tt1235842,2016-01-09,2016-01-09,,"El niño pez","El niño pez",https://www.imdb.com/title/tt1235842/,Película,5.8,96,2009,"Crimen, Drama, Romance, Suspense",2473,2009-04-24,"Lucía Puenzo",,
1887,tt0069234,2016-01-09,2016-01-09,,"Colegialas perversas","Schulmädchen-Report 4. Teil - Was Eltern oft verzweifeln lässt",https://www.imdb.com/title/tt0069234/,Película,4.6,88,1972,"Comedia, Drama, Romance",498,1972-09-28,"Ernst Hofbauer",,
1888,tt0093709,2016-01-10,2016-01-10,,"La pasión de Béatrice","La passion Béatrice",https://www.imdb.com/title/tt0093709/,Película,6.4,131,1987,"Drama",906,1987-11-11,"Bertrand Tavernier",,
1889,tt2094766,2016-01-10,2016-01-10,,"Assassin's Creed","Assassin's Creed",https://www.imdb.com/title/tt2094766/,Película,5.6,115,2016,"Acción, Aventura, Ciencia ficción",220932,2016-12-23,"Justin Kurzel",,
1890,tt0067717,2016-01-16,2016-01-16,,"Las colegialas se confiesan 2","Schulmädchen-Report 2. Teil - Was Eltern den Schlaf raubt",https://www.imdb.com/title/tt0067717/,Película,4.5,91,1971,"Comedia, Drama, Romance",609,1971-08-26,"Ernst Hofbauer",,
1891,tt3908598,2016-01-16,2016-01-16,,"Lamb","Lamb",https://www.imdb.com/title/tt3908598/,Película,6.3,97,2015,"Drama",2498,2016-01-12,"Ross Partridge",,
1892,tt0093624,2016-01-17,2016-01-17,,"La noche de los demonios","Night of the Demons",https://www.imdb.com/title/tt0093624/,Película,6.1,90,1988,"Comedia, Fantasía, Terror",22026,1988-10-14,"Kevin Tenney",,
1893,tt0110667,2016-01-17,2016-01-17,,"La noche de los demonios 2","Night of the Demons 2",https://www.imdb.com/title/tt0110667/,Película,5.9,96,1994,"Comedia, Fantasía, Terror, Romance",7308,1994-10-26,"Brian Trenchard-Smith",,
1894,tt1176251,2016-01-17,2016-01-17,,"Gigantic","Gigantic",https://www.imdb.com/title/tt1176251/,Película,6.0,98,2008,"Comedia, Drama, Romance",10175,2009-06-19,"Matt Aselton",,
1895,tt0116073,2016-01-17,2016-01-17,,"Night of the Demons III","Night of the Demons III",https://www.imdb.com/title/tt0116073/,Vídeo,4.6,85,1997,"Terror",3417,1997-10-07,"Jim Kaufman",,
1896,tt3365778,2016-01-19,2016-01-19,,"Respira","Respire",https://www.imdb.com/title/tt3365778/,Película,7.0,91,2014,"Drama",8269,2014-11-12,"Mélanie Laurent",,
1897,tt3202202,2016-01-19,2016-01-19,,"Palmeras en la nieve","Palmeras en la nieve",https://www.imdb.com/title/tt3202202/,Película,7.3,163,2015,"Drama, Romance",13242,2015-12-25,"Fernando González Molina",,
1898,tt2711898,2016-01-19,2016-01-19,,"Diario de una camarera","Journal d'une femme de chambre",https://www.imdb.com/title/tt2711898/,Película,5.5,96,2015,"Drama",3226,2015-04-01,"Benoît Jacquot",,
1899,tt3731196,2016-01-19,2016-01-19,,"Prueba mortal","Dead on Campus",https://www.imdb.com/title/tt3731196/,Película,4.8,88,2014,"Drama, Suspense",800,2015-03-21,"Curtis Crawford",,
1900,tt3962828,2016-01-24,2016-01-24,,"En el sótano","Im Keller",https://www.imdb.com/title/tt3962828/,Película,6.7,81,2014,"Documental",3445,2014-09-26,"Ulrich Seidl",,
1901,tt0995829,2016-01-24,2016-01-24,,"XXY","XXY",https://www.imdb.com/title/tt0995829/,Película,7.0,86,2007,"Drama, Romance",15556,2008-01-11,"Lucía Puenzo",,
1902,tt1024715,2016-01-24,2016-01-24,,"Asfixia","Choke",https://www.imdb.com/title/tt1024715/,Película,6.4,92,2008,"Comedia, Drama",34993,2008-11-21,"Clark Gregg",,
1903,tt1014801,2016-01-24,2016-01-24,,"A tiro limpio","Pistol Whipped",https://www.imdb.com/title/tt1014801/,Vídeo,5.0,100,2008,"Acción, Crimen, Drama, Suspense",5425,2008-03-04,"Roel Reiné",,
1904,tt0465517,2016-01-24,2016-01-24,,"Last Rites of the Dead","Last Rites of the Dead",https://www.imdb.com/title/tt0465517/,Película,4.6,118,2006,"Comedia, Terror",747,2006-10-22,"Marc Fratto",,
1905,tt4019560,2016-01-24,2016-01-24,,"La hija de Dios","Exposed",https://www.imdb.com/title/tt4019560/,Película,4.4,102,2016,"Crimen, Drama, Misterio, Suspense",18135,2016-01-22,"Gee Malik Linton",,
1906,tt0267816,2016-01-25,2016-01-25,,"El paraíso ya no es lo que era","El paraíso ya no es lo que era",https://www.imdb.com/title/tt0267816/,Película,4.8,95,2001,"Comedia",41,2001-05-11,"Francesc Betriu",,
1907,tt1662500,2016-01-25,2016-01-25,,"Everlasting","Everlasting",https://www.imdb.com/title/tt1662500/,Película,5.0,85,2016,"Crimen, Drama, Misterio, Romance, Suspense",2705,2016-02-13,"Anthony Stabley",,
1908,tt0458229,2016-01-25,2016-01-25,,"Marta's Sex Tape","Marta's Sex Tape",https://www.imdb.com/title/tt0458229/,Película,5.3,78,2006,"Comedia",25,2006-06,"Anthony Stabley",,
1909,tt0074811,2016-01-25,2016-01-25,,"El quimérico inquilino","Le Locataire",https://www.imdb.com/title/tt0074811/,Película,7.5,126,1976,"Drama, Suspense",51900,1977-04-16,"Roman Polanski",,
1910,tt3700594,2016-01-27,2016-01-27,,"Bait","Bait",https://www.imdb.com/title/tt3700594/,Película,5.6,82,2014,"Drama, Suspense",590,2015-09-04,"Dominic Brunt",,
1911,tt3416744,2016-01-28,2016-01-28,,"El final de la gira","The End of the Tour",https://www.imdb.com/title/tt3416744/,Película,7.2,106,2015,"Biografía, Drama",35031,2015-08-14,"James Ponsoldt",,
1912,tt3603808,2016-01-28,2016-01-28,,"The Diabolical","The Diabolical",https://www.imdb.com/title/tt3603808/,Película,4.7,86,2015,"Terror, Ciencia ficción",6041,2015-08-13,"Alistair Legrand",,
1913,tt0091790,2016-01-28,2016-01-28,,"La chica de rosa","Pretty in Pink",https://www.imdb.com/title/tt0091790/,Película,6.7,97,1986,"Comedia, Drama, Romance",96380,1986-02-28,"Howard Deutch",,
1914,tt0960890,2016-01-31,2016-01-31,,"Zombie Strippers","Zombie Strippers!",https://www.imdb.com/title/tt0960890/,Película,4.1,94,2008,"Comedia, Terror, Ciencia ficción",19729,2008-09-19,"Jay Lee",,
1915,tt2243260,2016-02-04,2016-02-04,,"Swung","Swung",https://www.imdb.com/title/tt2243260/,Película,4.7,87,2015,"Comedia, Drama, Romance",1492,2015-12-11,"Colin Kennedy",,
1916,tt1658801,2016-02-05,2016-02-05,,"Freeheld, un amor incondicional","Freeheld",https://www.imdb.com/title/tt1658801/,Película,6.6,103,2015,"Biografía, Drama, Romance",13833,2016-05-06,"Peter Sollett",,
1917,tt0459102,2016-02-05,2016-02-05,,"Import Export","Import Export",https://www.imdb.com/title/tt0459102/,Película,7.0,141,2007,"Drama",6803,2007-10-18,"Ulrich Seidl",,
1918,tt0439860,2016-02-05,2016-02-05,,"Tu vida en 65'","Tu vida en 65'",https://www.imdb.com/title/tt0439860/,Película,6.8,100,2006,"Drama, Romance",767,2006-07-14,"María Ripoll",,
1919,tt1290138,2016-02-07,2016-02-07,,"Frank & Lola","Frank & Lola",https://www.imdb.com/title/tt1290138/,Película,5.9,88,2016,"Crimen, Drama, Romance, Suspense",6735,2016-12-09,"Matthew Ross",,
1920,tt2194826,2016-02-10,2016-02-10,,"The Barber","The Barber",https://www.imdb.com/title/tt2194826/,Película,5.9,95,2014,"Suspense",2674,2015-03-27,"Basel Owies",,
1921,tt0083550,2016-02-11,2016-02-11,,"Amityville II: La posesión","Amityville II: The Possession",https://www.imdb.com/title/tt0083550/,Película,5.6,104,1982,"Terror",14381,1982-09-24,"Damiano Damiani",,
1922,tt4126304,2016-02-17,2016-02-17,,"Tierra de cárteles","Cartel Land",https://www.imdb.com/title/tt4126304/,Película,7.3,100,2015,"Documental",19224,2015-07-03,"Matthew Heineman",,
1923,tt1706593,2016-02-19,2016-02-19,,"Chronicle","Chronicle",https://www.imdb.com/title/tt1706593/,Película,7.0,89,2012,"Drama, Ciencia ficción, Suspense",279851,2012-03-02,"Josh Trank",,
1924,tt0430912,2016-02-19,2016-02-19,,"Instinto básico 2. Adicción al riesgo","Basic Instinct 2",https://www.imdb.com/title/tt0430912/,Película,4.4,114,2006,"Drama, Misterio, Suspense",44034,2006-03-31,"Michael Caton-Jones",,
1925,tt0438488,2016-02-19,2016-02-19,,"Terminator: Salvation","Terminator Salvation",https://www.imdb.com/title/tt0438488/,Película,6.5,115,2009,"Acción, Aventura, Ciencia ficción",395171,2009-06-05,"McG",,
1926,tt0058606,2016-02-19,2016-02-19,,"Spider Baby","Spider Baby or, the Maddest Story Ever Told",https://www.imdb.com/title/tt0058606/,Película,6.7,81,1967,"Comedia, Terror",8985,1967-12-24,"Jack Hill",,
1927,tt2614684,2016-02-19,2016-02-19,,"'71","'71",https://www.imdb.com/title/tt2614684/,Película,7.2,99,2014,"Acción, Crimen, Drama, Suspense, Bélico",65285,2015-01-23,"Yann Demange",,
1928,tt4634422,2016-02-21,2016-02-21,,"La corona partida","La corona partida",https://www.imdb.com/title/tt4634422/,Película,6.6,113,2016,"Biografía, Drama, Historia",997,2016-02-19,"Jordi Frades",,
1929,tt1931533,2016-02-21,2016-02-21,,"Siete psicópatas","Seven Psychopaths",https://www.imdb.com/title/tt1931533/,Película,7.1,110,2012,"Comedia, Crimen, Drama, Suspense",290357,2013-02-22,"Martin McDonagh",,
1930,tt0085159,2016-02-21,2016-02-21,,"El pozo del infierno 3-D","Amityville 3-D",https://www.imdb.com/title/tt0085159/,Película,4.2,105,1983,"Terror",8411,1984-07-24,"Richard Fleischer",,
1931,tt0071517,2016-02-21,2016-02-21,,"Foxy Brown","Foxy Brown",https://www.imdb.com/title/tt0071517/,Película,6.4,92,1974,"Acción, Crimen, Suspense",14394,1974-04-05,"Jack Hill",,
1932,tt0080503,2016-02-21,2016-02-21,,"Trampa para un violador","La casa sperduta nel parco",https://www.imdb.com/title/tt0080503/,Película,5.7,91,1980,"Terror, Suspense",6578,1980-11-06,"Ruggero Deodato",,
1933,tt0382943,2016-02-21,2016-02-21,,"Campamento sangriento. El regreso","Return to Sleepaway Camp",https://www.imdb.com/title/tt0382943/,Vídeo,4.1,86,2008,"Comedia, Terror, Misterio, Suspense",5158,2010-10-10,"Robert Hiltzik",,
1934,tt0303058,2016-02-21,2016-02-21,,"Sleepaway Camp IV: The Survivor","Sleepaway Camp IV: The Survivor",https://www.imdb.com/title/tt0303058/,Vídeo,1.6,70,1992,"Terror",1406,1992,"Jim Markovic",,
1935,tt0218616,2016-02-23,2016-02-23,,"Some Voices","Some Voices",https://www.imdb.com/title/tt0218616/,Película,6.6,101,2000,"Comedia, Drama",1616,2003-04-11,"Simon Cellan Jones",,
1936,tt0113819,2016-02-23,2016-02-23,,"Poderosa Afrodita","Mighty Aphrodite",https://www.imdb.com/title/tt0113819/,Película,7.0,95,1995,"Comedia, Fantasía, Romance",45261,1996-02-22,"Woody Allen",,
1937,tt0134057,2016-02-25,2016-02-25,,"La rifa","La riffa",https://www.imdb.com/title/tt0134057/,Película,5.2,93,1991,"Comedia, Drama, Romance",1838,1991-11-15,"Francesco Laudadio",,
1938,tt0425210,2016-02-28,2016-02-28,,"El caso Slevin","Lucky Number Slevin",https://www.imdb.com/title/tt0425210/,Película,7.7,110,2006,"Crimen, Drama, Suspense",341114,2006-04-07,"Paul McGuigan",,
1939,tt1237926,2016-02-28,2016-02-28,,"Snuff: A Documentary About Killing on Camera","Snuff: A Documentary About Killing on Camera",https://www.imdb.com/title/tt1237926/,Película,5.4,76,2008,"Documental, Terror",1169,2008-06-13,"Paul von Stoetzel",,
1940,tt1596722,2016-02-28,2016-02-28,,"Ciacho","Ciacho",https://www.imdb.com/title/tt1596722/,Película,2.8,115,2010,"Comedia",1296,2010-01-08,"Patryk Vega",,
1941,tt2035630,2016-03-03,2016-03-03,,"Starlet","Starlet",https://www.imdb.com/title/tt2035630/,Película,7.0,103,2012,"Drama",10977,2013-05-09,"Sean Baker",,
1942,tt2277860,2016-03-05,2016-03-05,,"Buscando a Dory","Finding Dory",https://www.imdb.com/title/tt2277860/,Película,7.2,97,2016,"Animación, Aventura, Comedia, Familiar, Fantasía, Misterio",339591,2016-06-22,"Andrew Stanton, Angus MacLane",,
1943,tt4764592,2016-03-05,2016-03-05,,"Un ángel caído","Angel of Decay",https://www.imdb.com/title/tt4764592/,Película,5.3,112,2016,"Crimen, Drama, Suspense",125,2016-05-06,"Jamie Crawford",,
1944,tt0082158,2016-03-05,2016-03-05,,"Carros de fuego","Chariots of Fire",https://www.imdb.com/title/tt0082158/,Película,7.1,125,1981,"Biografía, Drama, Deporte",71621,1982-01-01,"Hugh Hudson",,
1945,tt0059742,2016-03-05,2016-03-05,,"Sonrisas y lágrimas","The Sound of Music",https://www.imdb.com/title/tt0059742/,Película,8.1,174,1965,"Biografía, Drama, Familiar, Musical, Romance",294797,1965-04-01,"Robert Wise",,
1946,tt0061811,2016-03-05,2016-03-05,,"En el calor de la noche","In the Heat of the Night",https://www.imdb.com/title/tt0061811/,Película,7.9,110,1967,"Drama, Misterio, Suspense",92356,1967-08-02,"Norman Jewison",,
1947,tt0081248,2016-03-05,2016-03-05,,"La noche del terror","Le notti del terrore",https://www.imdb.com/title/tt0081248/,Película,5.6,85,1981,"Terror",7325,1983-10-07,"Andrea Bianchi",,
1948,tt0083542,2016-03-05,2016-03-05,,"Solos en la oscuridad","Alone in the Dark",https://www.imdb.com/title/tt0083542/,Película,6.0,92,1982,"Drama, Terror, Suspense",7996,1984,"Jack Sholder",,
1949,tt0091495,2016-03-05,2016-03-05,,"Matador","Matador",https://www.imdb.com/title/tt0091495/,Película,6.9,110,1986,"Drama, Suspense",14260,1986-03-07,"Pedro Almodóvar",,
1950,tt0119809,2016-03-05,2016-03-05,,"Nowhere","Nowhere",https://www.imdb.com/title/tt0119809/,Película,6.6,82,1997,"Comedia, Drama, Ciencia ficción",12634,1997-05-09,"Gregg Araki",,
1951,tt2452386,2016-03-05,2016-03-05,,"Los principios del cuidado","The Fundamentals of Caring",https://www.imdb.com/title/tt2452386/,Película,7.3,97,2016,"Comedia, Drama",88159,2016-06-24,"Rob Burnett",,
1952,tt3743490,2016-03-06,2016-03-06,,"Bloody Wings","Bloody Wings",https://www.imdb.com/title/tt3743490/,Película,,91,2014,"Acción, Comedia, Romance",0,2014-06-12,"Jim Menza",,
1953,tt1560976,2016-03-06,2016-03-06,,"Pelt","Pelt",https://www.imdb.com/title/tt1560976/,Película,3.6,87,2010,"Comedia, Terror",604,,"Richard Swindell",,
1954,tt2543828,2016-03-06,2016-03-06,,"Long Live the Dead","Long Live the Dead",https://www.imdb.com/title/tt2543828/,Película,3.3,92,2013,"Terror",57,2013-01-21,"Richard Poche",,
1955,tt1727252,2016-03-06,2016-03-06,,"Chillerama","Chillerama",https://www.imdb.com/title/tt1727252/,Película,5.5,120,2011,"Acción, Comedia, Terror, Ciencia ficción",5212,2013-08-13,"Adam Green, Joe Lynch, Bear McCreary, Adam Rifkin, Tim Sullivan",,
1956,tt0099740,2016-03-06,2016-03-06,,"Hardware: Programado para matar","Hardware",https://www.imdb.com/title/tt0099740/,Película,6.0,94,1990,"Terror, Ciencia ficción, Suspense",16891,1991-01-25,"Richard Stanley",,
1957,tt3635532,2016-03-06,2016-03-06,,"How I Dumped My Ex-Boyfriend's Body","How I Dumped My Ex-Boyfriend's Body",https://www.imdb.com/title/tt3635532/,Película,7.8,80,2014,"Comedia",14,2014,"Dennis Nadeau",,
1958,tt2076954,2016-03-06,2016-03-06,,"The Muse","The Muse",https://www.imdb.com/title/tt2076954/,Película,5.8,90,2012,"Terror, Música, Suspense",98,2014-11-25,"Rufus Chaffee",,
1959,tt2210587,2016-03-06,2016-03-06,,"Erebus","Erebus",https://www.imdb.com/title/tt2210587/,Película,6.6,91,2014,"Terror, Suspense",45,2014-11-09,"Rick Laprade",,
1960,tt2166500,2016-03-06,2016-03-06,,"Self Storage","Self Storage",https://www.imdb.com/title/tt2166500/,Película,3.1,93,2013,"Acción, Crimen, Terror, Suspense",498,2013-09-17,"Tom DeNucci",,
1961,tt1691452,2016-03-06,2016-03-06,,"You Can't Kill Stephen King","You Can't Kill Stephen King",https://www.imdb.com/title/tt1691452/,Película,3.7,86,2012,"Comedia, Terror",2063,2013-01-19,"Ronnie Khalil, Monroe Mann, Jorge Valdés-Iga",,
1962,tt2306439,2016-03-06,2016-03-06,,"American Jubilee","American Jubilee",https://www.imdb.com/title/tt2306439/,Película,,102,2012,"Drama",0,,"Ryan Casey",,
1963,tt0104155,2016-03-06,2016-03-06,,"El demonio del desierto","Dust Devil",https://www.imdb.com/title/tt0104155/,Película,6.2,115,1992,"Terror, Misterio, Suspense",6627,1993-04-16,"Richard Stanley",,
1964,tt0116654,2016-03-06,2016-03-06,,"La isla del Dr. Moreau","The Island of Dr. Moreau",https://www.imdb.com/title/tt0116654/,Película,4.6,96,1996,"Terror, Ciencia ficción, Suspense",38319,1996-10-04,"John Frankenheimer",,
1965,tt2395305,2016-03-06,2016-03-06,,"L'autre monde","L'autre monde",https://www.imdb.com/title/tt2395305/,Película,5.7,105,2013,"Documental, Misterio",211,2013-07-27,"Richard Stanley",,
1966,tt1763316,2016-03-06,2016-03-06,,"The Theatre Bizarre","The Theatre Bizarre",https://www.imdb.com/title/tt1763316/,Película,5.2,114,2011,"Crimen, Drama, Fantasía, Terror, Misterio, Suspense",4703,2012-05-09,"Douglas Buck, Buddy Giovinazzo, David Gregory, Karim Hussain, Jeremy Kasten, Tom Savini, Richard Stanley",,
1967,tt0082592,2016-03-06,2016-03-06,,"Pánico antes del amanecer","Just Before Dawn",https://www.imdb.com/title/tt0082592/,Película,6.0,90,1981,"Terror, Suspense",7991,1981-11-27,"Jeff Lieberman",,
1968,tt0091990,2016-03-06,2016-03-06,,"El internado","Sorority House Massacre",https://www.imdb.com/title/tt0091990/,Película,4.4,74,1986,"Terror",4730,1986-10-10,"Carol Frank",,
1969,tt0079788,2016-03-06,2016-03-06,,"Zombi Holocausto","Zombi Holocaust",https://www.imdb.com/title/tt0079788/,Película,5.2,84,1980,"Aventura, Terror, Misterio, Ciencia ficción, Suspense",6639,1980-03-28,"Marino Girolami",,
1970,tt1686902,2016-03-06,2016-03-06,,"Monsters in the Woods","Monsters in the Woods",https://www.imdb.com/title/tt1686902/,Película,2.6,96,2012,"Terror",1522,2012-02-11,"J. Horton",,
1971,tt0100663,2016-03-07,2016-03-07,,"Sorority House Massacre II","Sorority House Massacre II",https://www.imdb.com/title/tt0100663/,Película,4.8,77,1990,"Comedia, Crimen, Terror, Suspense",2604,1990-10-05,"Jim Wynorski",,
1972,tt0111222,2016-03-07,2016-03-07,,"Espiando a Marina","Spiando Marina",https://www.imdb.com/title/tt0111222/,Película,4.4,82,1992,"Suspense",834,1992-05-23,"Sergio Martino",,
1973,tt0103111,2016-03-08,2016-03-08,,"Hard to Die","Hard to Die",https://www.imdb.com/title/tt0103111/,Película,4.8,77,1990,"Acción, Comedia, Fantasía, Terror, Suspense",1677,1993-03-10,"Jim Wynorski",,
1974,tt0082559,2016-03-08,2016-03-08,,"Apocalipsis caníbal","Virus",https://www.imdb.com/title/tt0082559/,Película,4.8,99,1980,"Terror, Ciencia ficción, Suspense",6655,1980-11-10,"Bruno Mattei, Claudio Fragasso",,
1975,tt0221803,2016-03-08,2016-03-08,,"Arcana","Arcana",https://www.imdb.com/title/tt0221803/,Película,6.0,102,1972,"Drama, Terror, Misterio",408,1972-04-06,"Giulio Questi",,
1976,tt2364997,2016-03-08,2016-03-08,,"Zombies Vs. Strippers","Zombies Vs. Strippers",https://www.imdb.com/title/tt2364997/,Película,3.5,75,2012,"Comedia, Terror",971,2012-07-09,"Alex Nicolaou",,
1977,tt0073290,2016-03-08,2016-03-08,,"La colegiala","La liceale",https://www.imdb.com/title/tt0073290/,Película,4.6,90,1975,"Comedia",949,1975-10-31,"Michele Massimo Tarantini",,
1978,tt1220634,2016-03-08,2016-03-08,,"Resident Evil: Ultratumba","Resident Evil: Afterlife",https://www.imdb.com/title/tt1220634/,Película,5.8,96,2010,"Acción, Terror, Ciencia ficción",189483,2010-09-10,"Paul W.S. Anderson",,
1979,tt0073836,2016-03-08,2016-03-08,,"Violación en el último tren de la noche","L'ultimo treno della notte",https://www.imdb.com/title/tt0073836/,Película,6.1,94,1975,"Terror, Suspense",4042,1975-04-08,"Aldo Lado",,
1980,tt0072196,2016-03-08,2016-03-08,,"Spasmo","Spasmo",https://www.imdb.com/title/tt0072196/,Película,6.0,94,1974,"Terror, Misterio, Suspense",2511,1974-02-16,"Umberto Lenzi",,
1981,tt0083624,2016-03-08,2016-03-08,,"¿Dónde te escondes, hermano?","Basket Case",https://www.imdb.com/title/tt0083624/,Película,6.2,91,1981,"Comedia, Terror",24393,1983-09-01,"Frank Henenlotter",,
1982,tt1475400,2016-03-08,2016-03-08,,"Que se mueran los feos","Que se mueran los feos",https://www.imdb.com/title/tt1475400/,Película,5.8,104,2010,"Comedia, Romance",2035,2010-04-23,"Nacho G. Velilla",,
1983,tt2246549,2016-03-08,2016-03-08,,"Abraham Lincoln vs. Zombies","Abraham Lincoln vs. Zombies",https://www.imdb.com/title/tt2246549/,Vídeo,3.2,96,2012,"Acción, Comedia, Terror",4439,2012-05-29,"Richard Schenkman",,
1984,tt0099423,2016-03-08,2016-03-08,,"La jungla 2 (Alerta roja)","Die Hard 2",https://www.imdb.com/title/tt0099423/,Película,7.2,124,1990,"Acción, Suspense",409746,1990-09-14,"Renny Harlin",,
1985,tt1712261,2016-03-08,2016-03-08,,"Triple 9","Triple 9",https://www.imdb.com/title/tt1712261/,Película,6.3,115,2016,"Acción, Crimen, Drama, Suspense",82283,2016-05-06,"John Hillcoat",,
1986,tt0115535,2016-03-08,2016-03-08,,"Amitvyille 8: La casa de las muñecas","Amityville: Dollhouse",https://www.imdb.com/title/tt0115535/,Vídeo,4.4,97,1996,"Terror",3530,1997-02-18,"Steve White",,
1987,tt0054099,2016-03-08,2016-03-08,,"El molino de las mujeres de piedra","Il mulino delle donne di pietra",https://www.imdb.com/title/tt0054099/,Película,6.5,96,1960,"Terror, Ciencia ficción",2494,1962-09-05,"Giorgio Ferroni",,
1988,tt0073778,2016-03-08,2016-03-08,,"The Warriors II: Las Navajeras","Switchblade Sisters",https://www.imdb.com/title/tt0073778/,Película,6.5,91,1975,"Acción, Crimen, Drama",4889,1976-11-24,"Jack Hill",,
1989,tt2027136,2016-03-08,2016-03-08,,"Kristy","Kristy",https://www.imdb.com/title/tt2027136/,Película,5.9,86,2014,"Terror, Suspense",10852,2015-11-05,"Olly Blackburn",,
1990,tt1235830,2016-03-08,2016-03-08,,"Chico & Rita","Chico & Rita",https://www.imdb.com/title/tt1235830/,Película,7.2,94,2009,"Animación, Crimen, Drama, Música, Romance",10116,2011-02-25,"Tono Errando, Javier Mariscal, Fernando Trueba",,
1991,tt0046876,2016-03-08,2016-03-08,,"La mujer y el monstruo","Creature from the Black Lagoon",https://www.imdb.com/title/tt0046876/,Película,6.9,79,1954,"Terror, Ciencia ficción",38810,1954-03-05,"Jack Arnold",,
1992,tt0106471,2016-03-10,2016-03-10,,"Mi obsesión por Helena","Boxing Helena",https://www.imdb.com/title/tt0106471/,Película,4.8,107,1993,"Drama, Misterio, Romance, Suspense",14098,1994-04-15,"Jennifer Lynch",,
1993,tt0100139,2016-03-10,2016-03-10,,"Meridian. El beso de la bestia","Meridian",https://www.imdb.com/title/tt0100139/,Vídeo,4.9,85,1990,"Drama, Fantasía, Terror",2165,1990-11-22,"Charles Band",,
1994,tt0070707,2016-03-11,2016-03-11,,"El dormilón","Sleeper",https://www.imdb.com/title/tt0070707/,Película,7.1,89,1973,"Comedia, Ciencia ficción",45661,1973-12-17,"Woody Allen",,
1995,tt0076210,2016-03-11,2016-03-11,,"La isla del Dr. Moreau","The Island of Dr. Moreau",https://www.imdb.com/title/tt0076210/,Película,5.9,99,1977,"Aventura, Fantasía, Terror, Romance, Ciencia ficción, Suspense",8064,1977-07-13,"Don Taylor",,
1996,tt0049429,2016-03-11,2016-03-11,,"Los vampiros","I vampiri",https://www.imdb.com/title/tt0049429/,Película,6.5,82,1957,"Terror, Misterio",2346,1958-11-28,"Riccardo Freda, Mario Bava",,
1997,tt0432021,2016-03-11,2016-03-11,,"Resident Evil: Extinción","Resident Evil: Extinction",https://www.imdb.com/title/tt0432021/,Película,6.2,94,2007,"Acción, Terror, Ciencia ficción",217829,2007-10-31,"Russell Mulcahy",,
1998,tt0337978,2016-03-11,2016-03-11,,"La jungla 4.0","Live Free or Die Hard",https://www.imdb.com/title/tt0337978/,Película,7.1,128,2007,"Acción, Suspense",437666,2007-09-07,"Len Wiseman",,
1999,tt3655414,2016-03-12,2016-03-12,,"Cien años de perdón","Cien años de perdón",https://www.imdb.com/title/tt3655414/,Película,6.2,96,2016,"Aventura, Crimen, Drama, Suspense",7809,2016-03-04,"Daniel Calparsoro",,
2000,tt3707114,2016-03-12,2016-03-12,,"Janis","Janis: Little Girl Blue",https://www.imdb.com/title/tt3707114/,Película,7.4,103,2015,"Documental, Biografía, Música",5873,2016-03-04,"Amy Berg",,
2001,tt0098253,2016-03-12,2016-03-12,,"Santa Sangre","Santa Sangre",https://www.imdb.com/title/tt0098253/,Película,7.4,123,1989,"Drama, Terror, Suspense",25879,1991-06-28,"Alejandro Jodorowsky",,
2002,tt4288636,2016-03-14,2016-03-14,,"James White","James White",https://www.imdb.com/title/tt4288636/,Película,7.1,85,2015,"Drama",7569,2015-11-13,"Josh Mond",,
2003,tt1189374,2016-03-14,2016-03-14,,"Contagion","Contagion",https://www.imdb.com/title/tt1189374/,Vídeo,4.0,87,2010,"Terror",328,2010-03-29,"John Lechago",,
2004,tt0096808,2016-03-18,2016-03-18,,"Amityville IV: La fuga del diablo","Amityville Horror: The Evil Escapes",https://www.imdb.com/title/tt0096808/,Película de TV,4.4,95,1989,"Terror",4181,1989-05-12,"Sandor Stern",,
2005,tt3662066,2016-03-21,2016-03-21,,"Paul y Jude","One More Time",https://www.imdb.com/title/tt3662066/,Película,5.0,98,2015,"Comedia, Drama, Música",3698,2016-04-08,"Robert Edwards",,
2006,tt4866712,2016-03-21,2016-03-21,,"El pregón","El pregón",https://www.imdb.com/title/tt4866712/,Película,5.2,75,2016,"Comedia, Musical",1507,2016-03-18,"Dani de la Orden",,
2007,tt1060256,2016-03-21,2016-03-21,,"Ichi","Ichi",https://www.imdb.com/title/tt1060256/,Película,6.5,120,2008,"Acción, Crimen, Drama, Suspense",4132,2008-10-25,"Fumihiko Sori",,
2008,tt1298760,2016-03-21,2016-03-21,,"Geisha vs ninja","Geisha vs ninja",https://www.imdb.com/title/tt1298760/,Película,4.8,78,2008,"Acción, Drama",646,2008-09-27,"Gô Ohara",,
2009,tt4028134,2016-03-22,2016-03-22,,"Cypress Creek","Cypress Creek",https://www.imdb.com/title/tt4028134/,Película,3.0,81,2014,"Comedia, Terror",2155,2014-12-01,"Michael Crum",,
2010,tt2098781,2016-03-22,2016-03-22,,"Pieces of Talent","Pieces of Talent",https://www.imdb.com/title/tt2098781/,Película,5.7,95,2012,"Terror, Suspense",784,2012,"Joe Stauffer",,
2011,tt4419364,2016-03-22,2016-03-22,,"Holidays","Holidays",https://www.imdb.com/title/tt4419364/,Película,5.1,105,2016,"Comedia, Fantasía, Terror, Misterio",12409,2016-04-15,"Anthony Scott Burns, Kevin Kölsch, Nicholas McCarthy, Adam Egypt Mortimer, Gary Shore, Kevin Smith, Sarah Adina Smith, Scott Stewart, Dennis Widmyer",,
2012,tt3225318,2016-03-22,2016-03-22,,"Wolf Mother","Wolf Mother",https://www.imdb.com/title/tt3225318/,Película,4.3,117,2016,"Crimen, Suspense",1483,2016-06-02,"Erik Peter Carlson",,
2013,tt1817771,2016-03-22,2016-03-22,,"Éramos pocos y llegaron los aliens","Freaks of Nature",https://www.imdb.com/title/tt1817771/,Película,5.9,92,2015,"Comedia, Terror, Ciencia ficción",14829,2015-10-30,"Robbie Pickering",,
2014,tt3323588,2016-03-22,2016-03-22,,"Bunni","Bunni",https://www.imdb.com/title/tt3323588/,Película,3.0,60,2013,"Terror",333,2013-09-14,"Daniel Benedict",,
2015,tt4392454,2016-03-22,2016-03-22,,"Slumlord","Slumlord",https://www.imdb.com/title/tt4392454/,Película,5.2,87,2015,"Crimen, Terror, Suspense",6865,2016-04-15,"Victor Zarcoff",,
2016,tt2364673,2016-03-22,2016-03-22,,"Frankenstein Created Bikers","Frankenstein Created Bikers",https://www.imdb.com/title/tt2364673/,Película,5.0,125,2016,"Acción, Crimen, Terror, Ciencia ficción, Suspense",918,2016-04-02,"James Bickert",,
2017,tt0061683,2016-03-22,2016-03-22,,"Frankenstein creó a la mujer","Frankenstein Created Woman",https://www.imdb.com/title/tt0061683/,Película,6.5,86,1967,"Terror, Ciencia ficción",6132,1967-06-18,"Terence Fisher",,
2018,tt4052882,2016-03-24,2016-03-24,,"Infierno azul","The Shallows",https://www.imdb.com/title/tt4052882/,Película,6.3,86,2016,"Drama, Terror, Suspense",155357,2016-07-15,"Jaume Collet-Serra",,
2019,tt0310149,2016-03-24,2016-03-24,,"The Princess Blade","Shurayuki-hime",https://www.imdb.com/title/tt0310149/,Película,5.6,92,2001,"Acción, Ciencia ficción",3141,2001-12-15,"Shinsuke Satô",,
2020,tt4603150,2016-03-24,2016-03-24,,"LiveJustine","LiveJustine",https://www.imdb.com/title/tt4603150/,Película,5.8,80,2015,"Suspense",1105,2015-08-01,"Samuel Victor",,
2021,tt0106262,2016-03-24,2016-03-24,,"Amityville: Una nueva generación","Amityville: A New Generation",https://www.imdb.com/title/tt0106262/,Vídeo,4.0,91,1993,"Terror",2902,1993-09-29,"John Murlowski",,
2022,tt0103678,2016-03-24,2016-03-24,,"Amityville 1992: Es cuestión de tiempo","Amityville 1992: It's About Time",https://www.imdb.com/title/tt0103678/,Vídeo,4.7,95,1992,"Terror",4044,1992-07-16,"Tony Randel",,
2023,tt0086352,2016-03-30,2016-03-30,,"Movida de verano","Spring Break",https://www.imdb.com/title/tt0086352/,Película,4.9,102,1983,"Comedia, Romance",3874,1983-03-25,"Sean S. Cunningham",,
2024,tt2375574,2016-03-31,2016-03-31,,"A field in England","A Field in England",https://www.imdb.com/title/tt2375574/,Película,6.2,90,2013,"Drama, Historia, Terror, Misterio",15206,2013-07-05,"Ben Wheatley",,
2025,tt0164882,2016-04-01,2016-04-01,,"Shinobi no mono","Shinobi no mono",https://www.imdb.com/title/tt0164882/,Película,7.1,104,1962,"Acción, Drama",1151,1962-12-01,"Satsuo Yamamoto",,
2026,tt1172049,2016-04-03,2016-04-03,,"Demolición","Demolition",https://www.imdb.com/title/tt1172049/,Película,7.0,101,2015,"Comedia, Drama",139052,2016-07-01,"Jean-Marc Vallée",,
2027,tt3702652,2016-04-03,2016-04-03,,"El otro lado de la puerta","The Other Side of the Door",https://www.imdb.com/title/tt3702652/,Película,5.3,96,2016,"Terror, Suspense",20700,2016-05-06,"Johannes Roberts",,
2028,tt0242193,2016-04-03,2016-04-03,,"Bully","Bully",https://www.imdb.com/title/tt0242193/,Película,6.9,108,2001,"Biografía, Crimen, Drama",42457,2003-05-16,"Larry Clark",,
2029,tt0165643,2016-04-03,2016-04-03,,"Black and White","Black and White",https://www.imdb.com/title/tt0165643/,Película,5.0,98,1999,"Crimen, Drama, Música",6205,2000-11-17,"James Toback",,
2030,tt0385057,2016-04-03,2016-04-03,,"El weekend","The Long Weekend",https://www.imdb.com/title/tt0385057/,Película,5.2,90,2005,"Comedia",8563,2005-08-05,"Pat Holden",,
2031,tt0081807,2016-04-03,2016-04-03,,"Azúcar y miel","Zucchero, miele e peperoncino",https://www.imdb.com/title/tt0081807/,Película,5.7,110,1980,"Comedia",538,1980-10-03,"Sergio Martino",,
2032,tt0068290,2016-04-04,2016-04-04,,"Sangre en la tumba de la momia","Blood from the Mummy's Tomb",https://www.imdb.com/title/tt0068290/,Película,5.6,94,1971,"Terror",4622,1971-10-14,"Seth Holt, Michael Carreras",,
2033,tt0175526,2016-04-04,2016-04-04,,"Cherry Falls","Cherry Falls",https://www.imdb.com/title/tt0175526/,Película,5.3,92,1999,"Terror, Misterio, Suspense",16240,2001-01-05,"Geoffrey Wright",,
2034,tt3619102,2016-04-04,2016-04-04,,"Condemned","Condemned",https://www.imdb.com/title/tt3619102/,Película,3.6,83,2015,"Terror",1187,2015-11-13,"Eli Morgan Gesner",,
2035,tt0100152,2016-04-04,2016-04-04,,"Odisea en el tiempo","Mindwarp",https://www.imdb.com/title/tt0100152/,Película,5.2,96,1991,"Terror, Ciencia ficción, Suspense",3285,1991-09-28,"Steve Barnett",,
2036,tt0099030,2016-04-06,2016-04-06,,"Amityville 5: La maldición de Amityville","The Amityville Curse",https://www.imdb.com/title/tt0099030/,Vídeo,3.1,91,1990,"Terror",2848,1990-05,"Tom Berry",,
2037,tt4158876,2016-04-08,2016-04-08,,"Other People","Other People",https://www.imdb.com/title/tt4158876/,Película,6.8,97,2016,"Comedia, Drama",13092,2016-09-09,"Chris Kelly",,
2038,tt0116934,2016-04-08,2016-04-08,,"Enredos de amor","Lover's Knot",https://www.imdb.com/title/tt0116934/,Película,4.8,82,1995,"Comedia, Romance",292,1996-07-12,"Peter Shaner",,
2039,tt2790000,2016-04-08,2016-04-08,,"La mante religieuse","La mante religieuse",https://www.imdb.com/title/tt2790000/,Película,5.6,85,2012,"Drama",202,2014-06-04,"Natalie Saracco",,
2040,tt4030600,2016-04-10,2016-04-10,,"Nunca digas su nombre","The Bye Bye Man",https://www.imdb.com/title/tt4030600/,Película,4.3,96,2017,"Drama, Fantasía, Terror, Misterio, Suspense",27926,2017-05-05,"Stacy Title",,
2041,tt2331143,2016-04-10,2016-04-10,,"De tal padre, tal hijo","Soshite chichi ni naru",https://www.imdb.com/title/tt2331143/,Película,7.8,121,2013,"Drama",31326,2013-09-28,"Hirokazu Koreeda",,
2042,tt0073485,2016-04-11,2016-04-11,,"Oleada de placer","Ondata di piacere",https://www.imdb.com/title/tt0073485/,Película,5.5,88,1975,"Drama, Suspense",685,1975-08-04,"Ruggero Deodato",,
2043,tt3697398,2016-04-12,2016-04-12,,"The Possession Experiment","The Possession Experiment",https://www.imdb.com/title/tt3697398/,Película,3.5,84,2016,"Terror, Suspense",1106,2016-11-17,"Scott B. Hansen",,
2044,tt1235170,2016-04-12,2016-04-12,,"El futuro","The Future",https://www.imdb.com/title/tt1235170/,Película,6.1,91,2011,"Drama, Fantasía, Romance",9461,2012-12-16,"Miranda July",,
2045,tt0362511,2016-04-12,2016-04-12,,"Escuela de novatos","Dorm Daze",https://www.imdb.com/title/tt0362511/,Película,4.7,96,2003,"Comedia, Crimen, Misterio, Romance",8655,2004-08-20,"David Hillenbrand, Scott Hillenbrand",,
2046,tt0082431,2016-04-15,2016-04-15,,"La galaxia del terror","Galaxy of Terror",https://www.imdb.com/title/tt0082431/,Película,5.0,81,1981,"Acción, Aventura, Terror, Ciencia ficción",10741,1982-01-01,"Bruce D. Clark",,
2047,tt0063803,2016-04-15,2016-04-15,,"¿Quién llama a mi puerta?","Who's That Knocking at My Door",https://www.imdb.com/title/tt0063803/,Película,6.5,90,1967,"Drama",11129,1968-09-13,"Martin Scorsese",,
2048,tt2469200,2016-04-16,2016-04-16,,"The Conduit","The Conduit",https://www.imdb.com/title/tt2469200/,Película,3.6,101,2016,"Terror, Suspense",278,2016-04-12,"Sixto Melendez",,
2049,tt2171875,2016-04-16,2016-04-16,,"Steekspel","Steekspel",https://www.imdb.com/title/tt2171875/,Película,6.1,55,2012,"Comedia, Drama, Romance",1829,2014-01-18,"Paul Verhoeven",,
2050,tt0116650,2016-04-16,2016-04-16,,"Irma Vep","Irma Vep",https://www.imdb.com/title/tt0116650/,Película,7.0,99,1996,"Comedia, Drama",10852,2022-06-05,"Olivier Assayas",,
2051,tt1257562,2016-04-16,2016-04-16,,"Hadewijch","Hadewijch",https://www.imdb.com/title/tt1257562/,Película,6.7,105,2009,"Drama",2236,2009-11-25,"Bruno Dumont",,
2052,tt0458438,2016-04-16,2016-04-16,,"Escuela de novatos 2: Desparrame a babor","Dorm Daze 2",https://www.imdb.com/title/tt0458438/,Vídeo,4.1,100,2006,"Comedia",5721,2006-12-14,"David Hillenbrand, Scott Hillenbrand",,
2053,tt3130776,2016-04-17,2016-04-17,,"She's Lost Control","She's Lost Control",https://www.imdb.com/title/tt3130776/,Película,5.2,90,2014,"Drama",1147,2015-03-20,"Anja Marquardt",,
2054,tt4106306,2016-04-17,2016-04-17,,"Sky","Sky",https://www.imdb.com/title/tt4106306/,Película,5.8,100,2015,"Drama, Romance",2564,2016-04-06,"Fabienne Berthaud",,
2055,tt2890572,2016-04-17,2016-04-17,,"Tabloid Vivant","Tabloid Vivant",https://www.imdb.com/title/tt2890572/,Película,6.8,105,2016,"Drama, Terror, Misterio, Suspense",106,2016-07-09,"Kyle Broom",,
2056,tt2172554,2016-04-17,2016-04-17,,"Vonarstræti","Vonarstræti",https://www.imdb.com/title/tt2172554/,Película,7.2,129,2014,"Drama",1949,2014-08-10,"Baldvin Zophoníasson",,
2057,tt2954474,2016-04-19,2016-04-19,,"Visiones","Visions",https://www.imdb.com/title/tt2954474/,Película,5.3,82,2015,"Terror, Misterio",11746,2018-05-26,"Kevin Greutert",,
2058,tt3877718,2016-04-22,2016-04-22,,"Romance en Tokio","Tokyo Fiancée",https://www.imdb.com/title/tt3877718/,Película,6.4,100,2014,"Comedia, Drama, Romance",2329,2016-04-22,"Stefan Liberski",,
2059,tt0064816,2016-04-24,2016-04-24,,"La piscina","La Piscine",https://www.imdb.com/title/tt0064816/,Película,7.1,122,1969,"Crimen, Drama, Romance",17381,1969-01-31,"Jacques Deray",,
2060,tt1865567,2016-04-25,2016-04-25,,"Camino sangriento 4: El origen","Wrong Turn 4: Bloody Beginnings",https://www.imdb.com/title/tt1865567/,Vídeo,4.5,93,2011,"Aventura, Terror",31727,2012-10-10,"Declan O'Brien",,
2061,tt2375779,2016-04-25,2016-04-25,,"Camino sangriento 5: Linaje Caníbal","Wrong Turn 5",https://www.imdb.com/title/tt2375779/,Vídeo,4.1,91,2012,"Aventura, Crimen, Terror",26051,2013-10-02,"Declan O'Brien",,
2062,tt3612032,2016-04-25,2016-04-25,,"Camino sangriento 6","Wrong Turn VI",https://www.imdb.com/title/tt3612032/,Vídeo,4.1,91,2014,"Aventura, Terror",20339,2014-10-13,"Valeri Milev",,
2063,tt5278928,2016-04-28,2016-04-28,,"Sonita","Sonita",https://www.imdb.com/title/tt5278928/,Película,7.5,90,2015,"Documental, Biografía, Música",919,2016-05-26,"Rokhsareh Ghaemmaghami",,
2064,tt5275828,2016-04-28,2016-04-28,,"Lo and Behold. El inicio de Internet","Lo and Behold: Reveries of the Connected World",https://www.imdb.com/title/tt5275828/,Película,7.0,98,2016,"Documental",13932,2016-08-19,"Werner Herzog",,
2065,tt2338774,2016-04-29,2016-04-29,,"The Land of the Enlightened","The Land of the Enlightened",https://www.imdb.com/title/tt2338774/,Película,7.0,87,2016,"Documental, Drama, Bélico",660,2016-03-16,"Pieter-Jan De Pue",,
2066,tt3833822,2016-04-29,2016-04-29,,"Daft Punk Unchained","Daft Punk Unchained",https://www.imdb.com/title/tt3833822/,Película,7.3,85,2015,"Documental, Música",3642,2015-06-24,"Hervé Martin-Delpierre",,
2067,tt1389139,2016-04-30,2016-04-30,,"Obsesión fatal","When the Bough Breaks",https://www.imdb.com/title/tt1389139/,Película,5.2,107,2016,"Drama, Suspense",8860,2016-09-09,"Jon Cassar",,
2068,tt1618447,2016-04-30,2016-04-30,,"Un amour de jeunesse","Un amour de jeunesse",https://www.imdb.com/title/tt1618447/,Película,6.7,110,2011,"Drama, Romance",5995,2012-05-11,"Mia Hansen-Løve",,
2069,tt0368667,2016-04-30,2016-04-30,,"Interstella 5555","Interstella 5555",https://www.imdb.com/title/tt0368667/,Película,7.8,68,2003,"Animación, Aventura, Música, Ciencia ficción",17958,2003-05-28,"Daisuke Nishio, Hirotoshi Rissen, Kazuhisa Takenouchi",,
2070,tt5371266,2016-04-30,2016-04-30,,"Callback","Callback",https://www.imdb.com/title/tt5371266/,Película,6.2,80,2016,"Drama, Suspense",230,2017-01-20,"Carles Torras",,
2071,tt2481276,2016-05-01,2016-05-01,,"Thou Wast Mild and Lovely","Thou Wast Mild and Lovely",https://www.imdb.com/title/tt2481276/,Película,6.0,78,2014,"Comedia, Misterio, Romance, Suspense",840,2014-11-13,"Josephine Decker",,
2072,tt3277624,2016-05-01,2016-05-01,,"Creative Control","Creative Control",https://www.imdb.com/title/tt3277624/,Película,5.4,97,2015,"Drama, Ciencia ficción",2359,2016-03-11,"Benjamin Dickinson",,
2073,tt1801026,2016-05-01,2016-05-01,,"6 Days Dark","6 Days Dark",https://www.imdb.com/title/tt1801026/,Película,3.9,90,2014,"Terror",139,2015-11-20,"Miona Bogovic",,
2074,tt0302297,2016-05-01,2016-05-01,,"Casi legal","After School Special",https://www.imdb.com/title/tt0302297/,Película,4.7,90,2003,"Comedia",6676,2006-05-25,"David Mickey Evans",,
2075,tt1788391,2016-05-02,2016-05-02,,"Kill List","Kill List",https://www.imdb.com/title/tt1788391/,Película,6.3,95,2011,"Crimen, Drama, Terror, Misterio, Suspense",50549,2011-09-02,"Ben Wheatley",,
2076,tt3468352,2016-05-04,2016-05-04,,"La punta del iceberg","La punta del iceberg",https://www.imdb.com/title/tt3468352/,Película,5.8,91,2016,"Suspense",1011,2016-04-29,"David Cánovas",,
2077,tt0082203,2016-05-06,2016-05-06,,"La amante bajo la cama","Cornetti alla crema",https://www.imdb.com/title/tt0082203/,Película,5.9,109,1981,"Comedia",695,1981-09-11,"Sergio Martino",,
2078,tt1636826,2016-05-06,2016-05-06,,"Project X","Project X",https://www.imdb.com/title/tt1636826/,Película,6.7,88,2012,"Comedia, Suspense",261554,2012-06-08,"Nima Nourizadeh",,
2079,tt3587064,2016-05-06,2016-05-06,,"The Dorm","The Dorm",https://www.imdb.com/title/tt3587064/,Película de TV,4.1,79,2014,"Terror, Misterio",952,2015-11-02,"Rachel Talalay",,
2080,tt4139124,2016-05-07,2016-05-07,,"Keanu","Keanu",https://www.imdb.com/title/tt4139124/,Película,6.2,100,2016,"Acción, Comedia, Crimen",55858,2016-04-29,"Peter Atencio",,
2081,tt2306342,2016-05-10,2016-05-10,,"Alice D","Alice D",https://www.imdb.com/title/tt2306342/,Película,2.9,80,2014,"Terror, Suspense",521,2016-05-03,"Jessica Sonneborn",,
2082,tt0432402,2016-05-11,2016-05-11,,"Factory Girl","Factory Girl",https://www.imdb.com/title/tt0432402/,Película,6.4,100,2006,"Biografía, Drama",23058,2007-02-02,"George Hickenlooper",,
2083,tt0484881,2016-05-11,2016-05-11,,"Puffball","Puffball",https://www.imdb.com/title/tt0484881/,Película,4.3,120,2007,"Drama, Fantasía, Terror, Misterio, Suspense",1265,2007-10-28,"Nicolas Roeg",,
2084,tt4118606,2016-05-12,2016-05-12,,"The Curse of Sleeping Beauty","The Curse of Sleeping Beauty",https://www.imdb.com/title/tt4118606/,Película,4.3,89,2016,"Fantasía, Terror, Misterio, Suspense",4242,2016-06-02,"Pearry Reginald Teo",,
2085,tt4901756,2016-05-12,2016-05-12,,"Pikovaya dama. Chyornyy obryad","Pikovaya dama. Chyornyy obryad",https://www.imdb.com/title/tt4901756/,Película,5.2,92,2015,"Terror, Misterio, Suspense",1775,2015-09-10,"Svyatoslav Podgaevskiy",,
2086,tt4991652,2016-05-12,2016-05-12,,"Camino","Camino",https://www.imdb.com/title/tt4991652/,Película,4.9,103,2015,"Acción, Aventura, Suspense",1184,2016-03-04,"Josh C. Waller",,
2087,tt4779026,2016-05-12,2016-05-12,,"Pasándolo de coña en la Casa Harker","I Had a Bloody Good Time at House Harker",https://www.imdb.com/title/tt4779026/,Película,5.6,80,2016,"Acción, Comedia, Terror",1013,2017-10-13,"Clayton Cogswell",,
2088,tt3503460,2016-05-12,2016-05-12,,"Embers","Embers",https://www.imdb.com/title/tt3503460/,Película,5.4,85,2015,"Drama, Misterio, Ciencia ficción",2375,2017,"Claire Carré",,
2089,tt3952108,2016-05-12,2016-05-12,,"The Dead Room","The Dead Room",https://www.imdb.com/title/tt3952108/,Película,4.8,80,2015,"Terror, Suspense",4829,2023-05-24,"Jason Stutter",,
2090,tt2112293,2016-05-15,2016-05-15,,"The Comedy","The Comedy",https://www.imdb.com/title/tt2112293/,Película,6.3,95,2012,"Drama",5645,2012-01-21,"Rick Alverson",,
2091,tt0112945,2016-05-16,2016-05-16,,"Elisa, de Jean Becker","Élisa",https://www.imdb.com/title/tt0112945/,Película,6.5,115,1995,"Drama",2331,1995-07-06,"Jean Becker",,
2092,tt0231192,2016-05-17,2016-05-17,,"Ataque verbal","Ataque verbal",https://www.imdb.com/title/tt0231192/,Película,6.4,81,1999,"Comedia",226,2000-03-31,"Miguel Albaladejo",,
2093,tt0083903,2016-05-17,2016-05-17,,"Estoy en crisis","Estoy en crisis",https://www.imdb.com/title/tt0083903/,Película,5.5,90,1982,"Comedia",77,1982-11-15,"Fernando Colomo",,
2094,tt5231812,2016-05-17,2016-05-17,,"Rester vertical","Rester vertical",https://www.imdb.com/title/tt5231812/,Película,5.9,98,2016,"Comedia, Drama",2723,2016-08-24,"Alain Guiraudie",,
2095,tt0935086,2016-05-20,2016-05-20,,"Tout est pardonné","Tout est pardonné",https://www.imdb.com/title/tt0935086/,Película,6.7,105,2007,"Drama",1058,2007-09-26,"Mia Hansen-Løve",,
2096,tt0043697,2016-05-23,2016-05-23,,"Kanketsu Sasaki Kojirô: Ganryû-jima kettô","Kanketsu Sasaki Kojirô: Ganryû-jima kettô",https://www.imdb.com/title/tt0043697/,Película,7.3,98,1951,"Acción, Aventura, Drama",55,1951-10-26,"Hiroshi Inagaki",,
2097,tt0066031,2016-05-23,2016-05-23,,"Machibuse","Machibuse",https://www.imdb.com/title/tt0066031/,Película,7.1,117,1970,"Acción, Drama",956,1970-03-21,"Hiroshi Inagaki",,
2098,tt0066603,2016-05-23,2016-05-23,,"Zatôichi to yôjinbô","Zatôichi to yôjinbô",https://www.imdb.com/title/tt0066603/,Película,7.0,115,1970,"Acción, Aventura, Drama",3158,1970-01-15,"Kihachi Okamoto",,
2099,tt1307873,2016-05-23,2016-05-23,,"La partícula de Dios","The Big Bang",https://www.imdb.com/title/tt1307873/,Película,5.4,101,2010,"Acción, Crimen, Misterio, Suspense",7667,2011-02-03,"Tony Krantz",,
2100,tt0164982,2016-05-23,2016-05-23,,"Zatôichi abare-himatsuri","Zatôichi abare-himatsuri",https://www.imdb.com/title/tt0164982/,Película,7.3,96,1970,"Drama, Aventura, Acción",1772,1970-08-12,"Kenji Misumi",,
2101,tt0066602,2016-05-23,2016-05-23,,"Shin Zatôichi: Yabure! Tôjin-ken","Shin Zatôichi: Yabure! Tôjin-ken",https://www.imdb.com/title/tt0066602/,Película,7.1,94,1971,"Acción, Aventura, Drama",1929,1971-01-13,"Kimiyoshi Yasuda",,
2102,tt0059673,2016-05-23,2016-05-23,,"Samurai","Samurai",https://www.imdb.com/title/tt0059673/,Película,7.4,122,1965,"Acción, Aventura, Drama, Historia",2758,1965-01-03,"Kihachi Okamoto",,
2103,tt0202153,2016-05-23,2016-05-23,,"Zatôichi goyô-tabi","Zatôichi goyô-tabi",https://www.imdb.com/title/tt0202153/,Película,6.8,90,1972,"Drama, Acción, Aventura",1260,1972-01-15,"Kazuo Mori",,
2104,tt0164983,2016-05-23,2016-05-23,,"Zatôichi kenka-daiko","Zatôichi kenka-daiko",https://www.imdb.com/title/tt0164983/,Película,7.2,84,1968,"Drama, Acción, Aventura",1472,1968-12-28,"Kenji Misumi",,
2105,tt0072439,2016-05-23,2016-05-23,,"Shin Zatôichi monogatari: Kasama no chimatsuri","Shin Zatôichi monogatari: Kasama no chimatsuri",https://www.imdb.com/title/tt0072439/,Película,7.0,88,1973,"Acción, Drama",1251,1973-04-21,"Kimiyoshi Yasuda",,
2106,tt0201922,2016-05-24,2016-05-24,,"Shin Zatôichi monogatari: Oreta tsue","Shin Zatôichi monogatari: Oreta tsue",https://www.imdb.com/title/tt0201922/,Película,6.8,95,1972,"Acción, Aventura, Drama",1315,1972-09-02,"Shintarō Katsu",,
2107,tt0063835,2016-05-24,2016-05-24,,"Zatôichi hatashi-jô","Zatôichi hatashi-jô",https://www.imdb.com/title/tt0063835/,Película,7.3,82,1968,"Drama, Acción, Aventura",1460,1968-08-10,"Kimiyoshi Yasuda",,
2108,tt0063834,2016-05-24,2016-05-24,,"Zatôichi chikemuri kaidô","Zatôichi chikemuri kaidô",https://www.imdb.com/title/tt0063834/,Película,7.4,87,1967,"Drama, Aventura, Acción",1696,1967-12-30,"Kenji Misumi",,
2109,tt0062518,2016-05-24,2016-05-24,,"Zatôichi rôyaburi","Zatôichi rôyaburi",https://www.imdb.com/title/tt0062518/,Película,7.0,96,1967,"Acción, Aventura, Drama",1531,1967-08-12,"Satsuo Yamamoto",,
2110,tt3844956,2016-05-24,2016-05-24,,"Mania","Mania",https://www.imdb.com/title/tt3844956/,Película,4.5,88,2015,"Terror",127,2015-09-18,"Jessica Cameron",,
2111,tt3486826,2016-05-24,2016-05-24,,"The Girl Who Played with the Dead","The Girl Who Played with the Dead",https://www.imdb.com/title/tt3486826/,Película,4.4,64,2014,"Terror",59,2014-06-06,"Cory Udler",,
2112,tt0199905,2016-05-24,2016-05-24,,"Zatôichi umi o wataru","Zatôichi umi o wataru",https://www.imdb.com/title/tt0199905/,Película,7.2,82,1966,"Acción, Aventura, Drama",1374,1966-08-13,"Kazuo Ikehiro",,
2113,tt0059942,2016-05-25,2016-05-25,,"Zatôichi jigoku-tabi","Zatôichi jigoku-tabi",https://www.imdb.com/title/tt0059942/,Película,7.3,87,1965,"Acción, Aventura, Drama",1764,1965-12-24,"Kenji Misumi",,
2114,tt0186725,2016-05-26,2016-05-26,,"Zatôichi tekka-tabi","Zatôichi tekka-tabi",https://www.imdb.com/title/tt0186725/,Película,7.4,93,1967,"Acción, Aventura, Drama",1553,1967-01-03,"Kimiyoshi Yasuda",,
2115,tt0143012,2016-05-26,2016-05-26,,"Zatôichi no uta ga kikoeru","Zatôichi no uta ga kikoeru",https://www.imdb.com/title/tt0143012/,Película,7.2,83,1966,"Acción, Aventura, Drama",1459,1966-05-03,"Tokuzō Tanaka",,
2116,tt0191664,2016-05-28,2016-05-28,,"Zatôichi abare tako","Zatôichi abare tako",https://www.imdb.com/title/tt0191664/,Película,7.2,82,1964,"Acción, Aventura, Drama",1878,1964-07-11,"Kazuo Ikehiro",,
2117,tt0202154,2016-05-28,2016-05-28,,"Zatôichi sakate-giri","Zatôichi sakate-giri",https://www.imdb.com/title/tt0202154/,Película,6.8,88,1965,"Acción, Aventura, Drama",1528,1965-09-18,"Kazuo Mori",,
2118,tt0116353,2016-05-30,2016-05-30,,"Jóvenes incomprendidas","Foxfire",https://www.imdb.com/title/tt0116353/,Película,6.2,102,1996,"Drama, Romance",10450,1996-08-23,"Annette Haywood-Carter",,
2119,tt0123335,2016-05-30,2016-05-30,,"Zatôichi nidan-kiri","Zatôichi nidan-kiri",https://www.imdb.com/title/tt0123335/,Película,7.3,84,1965,"Acción, Aventura, Drama",1693,1965-04-03,"Akira Inoue",,
2120,tt0164984,2016-05-30,2016-05-30,,"Zatôichi sekisho-yaburi","Zatôichi sekisho-yaburi",https://www.imdb.com/title/tt0164984/,Película,7.1,86,1964,"Acción, Aventura, Drama",1695,1964-12-30,"Kimiyoshi Yasuda",,
2121,tt0075666,2016-05-30,2016-05-30,,"Alucarda, la hija de las tinieblas","Alucarda, la hija de las tinieblas",https://www.imdb.com/title/tt0075666/,Película,6.2,78,1977,"Terror",5116,1978-01-26,"Juan López Moctezuma",,
2122,tt0070636,2016-06-01,2016-06-01,,"Satanico Pandemonium: La Sexorcista","Satanico Pandemonium: La Sexorcista",https://www.imdb.com/title/tt0070636/,Película,6.0,88,1975,"Terror, Misterio, Suspense",1840,1975-10-17,"Gilberto Martínez Solares",,
2123,tt0123334,2016-06-01,2016-06-01,,"Zatôichi kesshô-tabi","Zatôichi kesshô-tabi",https://www.imdb.com/title/tt0123334/,Película,7.4,87,1964,"Acción, Aventura, Drama",2093,1964-10-17,"Kenji Misumi",,
2124,tt3955618,2016-06-01,2016-06-01,,"Stinking Heaven","Stinking Heaven",https://www.imdb.com/title/tt3955618/,Película,5.8,70,2015,"Comedia, Drama",388,2015-12-09,"Nathan Silver",,
2125,tt0130377,2016-06-01,2016-06-01,,"Zatôichi senryô-kubi","Zatôichi senryô-kubi",https://www.imdb.com/title/tt0130377/,Película,7.3,83,1964,"Acción, Aventura, Drama",2035,1964-03-14,"Kazuo Ikehiro",,
2126,tt0057503,2016-06-04,2016-06-04,,"Shin Zatôichi monogatari","Shin Zatôichi monogatari",https://www.imdb.com/title/tt0057503/,Película,7.3,91,1963,"Acción, Aventura, Drama",2647,1963-03-15,"Tokuzō Tanaka",,
2127,tt4121640,2016-06-06,2016-06-06,,"Lobos sucios","Lobos sucios",https://www.imdb.com/title/tt4121640/,Película,5.7,105,2015,"Drama, Suspense",254,2016-04-08,"Simón Casal",,
2128,tt5152640,2016-06-06,2016-06-06,,"Shortwave","Shortwave",https://www.imdb.com/title/tt5152640/,Película,3.9,85,2016,"Ciencia ficción, Suspense",2494,2017-10-24,"Ryan Gregory Phillips",,
2129,tt0057714,2016-06-09,2016-06-09,,"Zatôichi kenka-tabi","Zatôichi kenka-tabi",https://www.imdb.com/title/tt0057714/,Película,7.2,85,1963,"Acción, Aventura, Drama",2180,1963-11-30,"Kimiyoshi Yasuda",,
2130,tt0057715,2016-06-09,2016-06-09,,"Zatôichi kyôjô-tabi","Zatôichi kyôjô-tabi",https://www.imdb.com/title/tt0057715/,Película,7.2,86,1963,"Drama, Aventura, Acción",2251,1963-08-10,"Tokuzō Tanaka",,
2131,tt0172493,2016-06-10,2016-06-10,,"Inocencia interrumpida","Girl, Interrupted",https://www.imdb.com/title/tt0172493/,Película,7.3,127,1999,"Biografía, Drama",236626,2000-03-10,"James Mangold",,
2132,tt4857878,2016-06-10,2016-06-10,,"Rumbos","Rumbos",https://www.imdb.com/title/tt4857878/,Película,6.4,93,2016,"Comedia, Drama, Romance",719,2016-06-10,"Manuela Burló Moreno",,
2133,tt0200309,2016-06-10,2016-06-10,,"Zoku Zatôichi monogatari","Zoku Zatôichi monogatari",https://www.imdb.com/title/tt0200309/,Película,7.2,72,1962,"Acción, Aventura, Drama",3096,1962-10-12,"Kazuo Mori",,
2134,tt5372620,2016-06-11,2016-06-11,,"The Bad Man","The Bad Man",https://www.imdb.com/title/tt5372620/,Película,4.0,106,2018,"Drama, Terror",388,2019-04-26,"Scott Schirmer",,
2135,tt0398563,2016-06-14,2016-06-14,,"Sky High","Sky High",https://www.imdb.com/title/tt0398563/,Película,6.0,122,2002,"Acción, Aventura, Drama, Fantasía, Terror, Misterio, Romance, Ciencia ficción, Suspense",1547,2003-11-08,"Ryūhei Kitamura",,
2136,tt0106627,2016-06-19,2016-06-19,,"Veneno en la piel","The Crush",https://www.imdb.com/title/tt0106627/,Película,5.9,89,1993,"Crimen, Drama, Romance, Suspense",23774,1994-06-10,"Alan Shapiro",,
2137,tt2554842,2016-06-20,2016-06-20,,"Girl in Woods","Girl in Woods",https://www.imdb.com/title/tt2554842/,Película,3.3,87,2016,"Drama, Terror, Suspense",591,2016-06-03,"Jeremy Benson",,
2138,tt3963466,2016-06-20,2016-06-20,,"El eslabón podrido","El eslabón podrido",https://www.imdb.com/title/tt3963466/,Película,5.1,75,2015,"Crimen, Drama, Terror, Suspense",186,2015-10-12,"Valentín Javier Diment",,
2139,tt5344876,2016-06-20,2016-06-20,,"Valley of Ditches","Valley of Ditches",https://www.imdb.com/title/tt5344876/,Película,3.9,79,2017,"Crimen, Drama, Terror, Misterio, Suspense",370,2017-03-21,"Christopher James Lang",,
2140,tt0085156,2016-06-20,2016-06-20,,"Pesadilla americana","American Nightmare",https://www.imdb.com/title/tt0085156/,Película,5.3,88,1983,"Terror, Crimen, Suspense",650,1983-03-18,"Don McBrearty",,
2141,tt0102445,2016-06-20,2016-06-20,,"Miliardi","Miliardi",https://www.imdb.com/title/tt0102445/,Película,3.6,110,1991,"Drama",331,1991-01-25,"Carlo Vanzina",,
2142,tt0090568,2016-06-20,2016-06-20,,"8 millones de maneras de morir","8 Million Ways to Die.",https://www.imdb.com/title/tt0090568/,Película,5.8,115,1986,"Acción, Crimen, Drama, Suspense",6994,1986-11-07,"Hal Ashby",,
2143,tt0088707,2016-06-20,2016-06-20,,"La carrera de la vida","American Flyers",https://www.imdb.com/title/tt0088707/,Película,6.5,113,1985,"Drama, Deporte",7385,1985-08-16,"John Badham",,
2144,tt4126394,2016-06-23,2016-06-23,,"Darling","Darling",https://www.imdb.com/title/tt4126394/,Película,5.5,78,2015,"Terror, Suspense",3538,2016-04-01,"Mickey Keating",,
2145,tt4698584,2016-06-25,2016-06-25,,"Neruda","Neruda",https://www.imdb.com/title/tt4698584/,Película,6.8,107,2016,"Biografía, Crimen, Drama, Historia, Suspense",11540,2016-09-23,"Pablo Larraín",,
2146,tt1727261,2016-06-30,2016-06-30,,"El día del padre","Father's Day",https://www.imdb.com/title/tt1727261/,Película,5.7,99,2011,"Comedia, Terror",3703,2014-01-11,"Adam Brooks, Jeremy Gillespie, Matthew Kennedy, Steven Kostanski, Conor Sweeney",,
2147,tt1224373,2016-07-07,2016-07-07,,"Slovenka","Slovenka",https://www.imdb.com/title/tt1224373/,Película,6.2,90,2009,"Drama",3451,2012-06-29,"Damjan Kozole",,
2148,tt4146132,2016-07-07,2016-07-07,,"Fan Girl","Fan Girl",https://www.imdb.com/title/tt4146132/,Película de TV,4.5,100,2015,"Comedia, Familiar, Música",751,2015-10-03,"Paul Jarrett",,
2149,tt4197642,2016-07-10,2016-07-10,,"A Date for Mad Mary","A Date for Mad Mary",https://www.imdb.com/title/tt4197642/,Película,7.0,82,2016,"Comedia, Drama, Romance",2554,2016-09-02,"Darren Thornton",,
2150,tt4190530,2016-07-10,2016-07-10,,"Operación Anthropoid","Anthropoid",https://www.imdb.com/title/tt4190530/,Película,7.2,120,2016,"Acción, Drama, Historia, Romance, Suspense, Bélico",60613,2016-09-09,"Sean Ellis",,
2151,tt1167611,2016-07-10,2016-07-10,,"No seas malo","Non essere cattivo",https://www.imdb.com/title/tt1167611/,Película,7.1,103,2015,"Crimen, Drama",5800,2015-09-08,"Claudio Caligari",,
2152,tt5022872,2016-07-10,2016-07-10,,"Barash","Barash",https://www.imdb.com/title/tt5022872/,Película,5.9,84,2015,"Comedia, Drama, Romance",968,2016-06-16,"Michal Vinik",,
2153,tt4123876,2016-07-10,2016-07-10,,"Oscuro animal","Oscuro animal",https://www.imdb.com/title/tt4123876/,Película,6.4,107,2016,"Drama",272,2016-09-29,"Felipe Guerrero",,
2154,tt3141498,2016-07-10,2016-07-10,,"Der Nachtmahr","Der Nachtmahr",https://www.imdb.com/title/tt3141498/,Película,6.4,92,2015,"Drama, Terror, Misterio",3452,2016-05-26,"Akiz",,
2155,tt2414046,2016-07-10,2016-07-10,,"Los insólitos peces gato","Los insólitos peces gato",https://www.imdb.com/title/tt2414046/,Película,7.0,89,2013,"Comedia, Drama",2307,2014-04-04,"Claudia Sainte-Luce",,
2156,tt1391481,2016-07-10,2016-07-10,,"Corre, si puedes","Renn, wenn du kannst",https://www.imdb.com/title/tt1391481/,Película,7.2,112,2010,"Drama",886,2010-07-29,"Dietrich Brüggemann",,
2157,tt0071587,2016-07-10,2016-07-10,,"La boca abierta","La gueule ouverte",https://www.imdb.com/title/tt0071587/,Película,7.3,82,1974,"Drama",1518,1974-05-08,"Maurice Pialat",,
2158,tt4195368,2016-07-10,2016-07-10,,"Birigyaru","Birigyaru",https://www.imdb.com/title/tt4195368/,Película,7.3,117,2015,"Comedia, Drama",4690,2015-05-01,"Nobuhiro Doi",,
2159,tt0408306,2016-07-10,2016-07-10,,"Múnich","Munich",https://www.imdb.com/title/tt0408306/,Película,7.5,164,2005,"Drama, Historia, Suspense",255475,2006-01-27,"Steven Spielberg",,
2160,tt3828796,2016-07-10,2016-07-10,,"2 yötä aamuun","2 yötä aamuun",https://www.imdb.com/title/tt3828796/,Película,6.0,84,2015,"Drama, Romance",961,2016-04-15,"Mikko Kuparinen",,
2161,tt1977037,2016-07-10,2016-07-10,,"La certosa di Parma","La certosa di Parma",https://www.imdb.com/title/tt1977037/,Película de TV,6.4,,2012,"Drama, Historia",97,2012-03-04,"Cinzia TH Torrini",,
2162,tt0362225,2016-07-10,2016-07-10,,"No se lo digas a nadie","Ne le dis à personne",https://www.imdb.com/title/tt0362225/,Película,7.5,131,2006,"Crimen, Drama, Misterio, Romance, Suspense",61938,2006-11-01,"Guillaume Canet",,
2163,tt0220627,2016-07-10,2016-07-10,,"Maelström","Maelström",https://www.imdb.com/title/tt0220627/,Película,6.7,87,2000,"Drama",8142,2000-09-15,"Denis Villeneuve",,
2164,tt1113739,2016-07-10,2016-07-10,,"Návrat bocianov","Návrat bocianov",https://www.imdb.com/title/tt1113739/,Película,6.9,96,2007,"Drama, Romance",102,2007-09-20,"Martin Repka",,
2165,tt1895466,2016-07-10,2016-07-10,,"Loverboy","Loverboy",https://www.imdb.com/title/tt1895466/,Película,6.0,99,2011,"Drama, Suspense",1950,2011-10-07,"Cãtãlin Mitulescu",,
2166,tt1233467,2016-07-10,2016-07-10,,"Ddeu-geo-woon-geot-e-jo-a","Ddeu-geo-woon-geot-e-jo-a",https://www.imdb.com/title/tt1233467/,Película,5.9,114,2008,"Comedia",283,2008-01-17,"Kwon Chil-in",,
2167,tt0383222,2016-07-10,2016-07-10,,"BloodRayne","BloodRayne",https://www.imdb.com/title/tt0383222/,Película,3.0,95,2005,"Acción, Fantasía, Terror",38839,2006-01-06,"Uwe Boll",,
2168,tt1646221,2016-07-10,2016-07-10,,"Periferic","Periferic",https://www.imdb.com/title/tt1646221/,Película,6.6,87,2010,"Acción, Drama, Suspense",935,2010-08-14,"Bogdan George Apetri",,
2169,tt1230206,2016-07-10,2016-07-10,,"Slaughter","Slaughter",https://www.imdb.com/title/tt1230206/,Película,4.5,96,2009,"Terror, Suspense",2376,2009-01-09,"Stewart Hopewell",,
2170,tt1225290,2016-07-10,2016-07-10,,"Cztery noce z Anna","Cztery noce z Anna",https://www.imdb.com/title/tt1225290/,Película,6.8,87,2008,"Crimen, Drama",1949,2008-09-12,"Jerzy Skolimowski",,
2171,tt1417075,2016-07-10,2016-07-10,,"W ciemnosci","W ciemnosci",https://www.imdb.com/title/tt1417075/,Película,7.3,145,2011,"Drama, Bélico",11573,2013-04-05,"Agnieszka Holland",,
2172,tt5062524,2016-07-10,2016-07-10,,"Anatomia zla","Anatomia zla",https://www.imdb.com/title/tt5062524/,Película,5.9,117,2015,"Acción, Suspense",691,2015-09-18,"Jacek Bromski",,
2173,tt3685218,2016-07-10,2016-07-10,,"Félix et Meira","Félix et Meira",https://www.imdb.com/title/tt3685218/,Película,6.7,105,2014,"Drama, Romance",1691,2015-02-04,"Maxime Giroux",,
2174,tt1242845,2016-07-10,2016-07-10,,"Dédé, à travers les brumes","Dédé, à travers les brumes",https://www.imdb.com/title/tt1242845/,Película,7.7,139,2009,"Biografía, Música",956,2009-03-13,"Jean-Philippe Duval",,
2175,tt1330606,2016-07-10,2016-07-10,,"En plein coeur","En plein coeur",https://www.imdb.com/title/tt1330606/,Película,6.8,109,2008,"Drama",86,2008-08-27,"Stéphane Géhami",,
2176,tt2374965,2016-07-10,2016-07-10,,"Draussen ist Sommer","Draussen ist Sommer",https://www.imdb.com/title/tt2374965/,Película,6.1,96,2012,"Drama",124,2013-10-24,"Friederike Jehn",,
2177,tt4071086,2016-07-10,2016-07-10,,"Wild","Wild",https://www.imdb.com/title/tt4071086/,Película,6.4,97,2016,"Drama, Misterio",1714,2016-04-14,"Nicolette Krebitz",,
2178,tt0896036,2016-07-10,2016-07-10,,"BloodRayne II: Deliverance","BloodRayne II: Deliverance",https://www.imdb.com/title/tt0896036/,Vídeo,2.7,99,2007,"Acción, Fantasía, Terror, Del oeste",10476,2008-07-24,"Uwe Boll",,
2179,tt1153546,2016-07-10,2016-07-10,,"BloodRayne: El tercer Reich","BloodRayne: The Third Reich",https://www.imdb.com/title/tt1153546/,Vídeo,3.1,79,2011,"Acción, Aventura, Fantasía, Terror",7293,2012-03-17,"Uwe Boll",,
2180,tt0091554,2016-07-10,2016-07-10,,"A la mañana siguiente","The Morning After",https://www.imdb.com/title/tt0091554/,Película,5.9,103,1986,"Crimen, Misterio, Romance, Suspense",7989,1986-12-25,"Sidney Lumet",,
2181,tt0086425,2016-07-10,2016-07-10,,"La fuerza del cariño","Terms of Endearment",https://www.imdb.com/title/tt0086425/,Película,7.4,132,1983,"Comedia, Drama",71341,1984-03-01,"James L. Brooks",,
2182,tt4428762,2016-07-10,2016-07-10,,"Perdidamente enamorado","Éperdument",https://www.imdb.com/title/tt4428762/,Película,5.9,110,2016,"Biografía, Drama, Romance",2835,2016-03-02,"Pierre Godeau",,
2183,tt4730706,2016-07-11,2016-07-11,,"Bed of the Dead","Bed of the Dead",https://www.imdb.com/title/tt4730706/,Película,4.6,88,2016,"Terror, Misterio",1486,2019-05-14,"Jeff Maher",,
2184,tt0112403,2016-07-11,2016-07-11,,"Así en el cielo como en la tierra","Así en el cielo como en la tierra",https://www.imdb.com/title/tt0112403/,Película,6.7,95,1995,"Comedia, Fantasía",968,1995-11-03,"José Luis Cuerda",,
2185,tt0086650,2016-07-11,2016-07-11,,"A nuestros amores","À nos amours",https://www.imdb.com/title/tt0086650/,Película,7.1,99,1983,"Drama, Romance",7863,2025-07-04,"Maurice Pialat",,
2186,tt0328538,2016-07-12,2016-07-12,,"Thirteen","Thirteen",https://www.imdb.com/title/tt0328538/,Película,6.8,100,2003,"Drama",107921,2004-01-16,"Catherine Hardwicke",,
2187,tt1470024,2016-07-12,2016-07-12,,"Martes, después de Navidad","Marti, dupa Craciun",https://www.imdb.com/title/tt1470024/,Película,6.9,99,2010,"Drama, Romance",5217,2012-09-21,"Radu Muntean",,
2188,tt3952900,2016-07-12,2016-07-12,,"Embarazados","Embarazados",https://www.imdb.com/title/tt3952900/,Película,5.4,100,2016,"Comedia, Romance",1747,2016-01-29,"Juana Macías",,
2189,tt0975720,2016-07-12,2016-07-12,,"RSO: Registered Sex Offender","RSO: Registered Sex Offender",https://www.imdb.com/title/tt0975720/,Película,5.6,74,2008,"Comedia",545,2008-03-01,"Bob Byington",,
2190,tt0303120,2016-07-14,2016-07-14,,"Sólo mía","Sólo mía",https://www.imdb.com/title/tt0303120/,Película,6.0,100,2001,"Drama",704,2001-10-31,"Javier Balaguer",,
2191,tt2417554,2016-07-15,2016-07-15,,"Young Turks","Young Turks",https://www.imdb.com/title/tt2417554/,Película,4.3,95,2013,"Documental, Biografía, Historia",41,2013-02-08,"Stephen Seemayer",,
2192,tt2241351,2016-07-15,2016-07-15,,"Money Monster","Money Monster",https://www.imdb.com/title/tt2241351/,Película,6.5,98,2016,"Acción, Crimen, Drama, Misterio, Suspense",112774,2016-07-06,"Jodie Foster",,
2193,tt0093437,2016-07-17,2016-07-17,,"Jóvenes ocultos","The Lost Boys",https://www.imdb.com/title/tt0093437/,Película,7.2,97,1987,"Comedia, Terror",180010,1989-01-01,"Joel Schumacher",,
2194,tt4262174,2016-07-17,2016-07-17,,"First Girl I Loved","First Girl I Loved",https://www.imdb.com/title/tt4262174/,Película,6.1,90,2016,"Drama, Romance",4389,2016-10-18,"Kerem Sanga",,
2195,tt5278462,2016-07-19,2016-07-19,,"Author: La mentira de JT LeRoy","Author: The JT LeRoy Story",https://www.imdb.com/title/tt5278462/,Película,7.0,110,2016,"Documental, Biografía",1335,2016-07-29,"Jeff Feuerzeig",,
2196,tt4382872,2016-07-20,2016-07-20,,"Extraction","Extraction",https://www.imdb.com/title/tt4382872/,Película,4.1,92,2015,"Acción, Suspense",12510,2015-12-18,"Steven C. Miller",,
2197,tt0044837,2016-07-20,2016-07-20,,"Candilejas","Limelight",https://www.imdb.com/title/tt0044837/,Película,8.0,137,1952,"Comedia, Drama, Música, Romance",24226,1955-04-18,"Charles Chaplin",,
2198,tt1781827,2016-07-22,2016-07-22,,"Manos de Piedra","Hands of Stone",https://www.imdb.com/title/tt1781827/,Película,6.6,111,2016,"Biografía, Drama, Deporte",18808,2020-05-01,"Jonathan Jakubowicz",,
2199,tt5278592,2016-07-22,2016-07-22,,"Kate Plays Christine","Kate Plays Christine",https://www.imdb.com/title/tt5278592/,Película,6.2,112,2016,"Documental, Biografía, Drama, Suspense",1277,2016-10-14,"Robert Greene",,
2200,tt0462295,2016-07-22,2016-07-22,,"Flakes","Flakes",https://www.imdb.com/title/tt0462295/,Película,5.9,84,2007,"Comedia",3589,2007-03-10,"Michael Lehmann",,
2201,tt5223328,2016-07-24,2016-07-24,,"Rendezvous","Rendezvous",https://www.imdb.com/title/tt5223328/,Película,4.9,91,2016,"Drama, Ciencia ficción",26,2016-05,"Guillermo Julián, Román Santiago Pidre",,
2202,tt3779574,2016-07-24,2016-07-24,,"Pozoamargo","Pozoamargo",https://www.imdb.com/title/tt3779574/,Película,5.6,99,2015,"Drama",48,2015-11-12,"Enrique Rivero",,
2203,tt1946121,2016-07-26,2016-07-26,,"Abe Sada: Saigo no nanokakan","Abe Sada: Saigo no nanokakan",https://www.imdb.com/title/tt1946121/,Película,6.5,70,2011,"Drama",57,2011-06-18,"Kyōko Aizome",,
2204,tt1861334,2016-07-28,2016-07-28,,"Fuga de cerebros 2","Fuga de cerebros 2",https://www.imdb.com/title/tt1861334/,Película,4.6,106,2011,"Comedia, Romance",1245,2011-12-02,"Carlos Therón",,
2205,tt0790770,2016-07-29,2016-07-29,,"Miles Ahead","Miles Ahead",https://www.imdb.com/title/tt0790770/,Película,6.4,100,2015,"Biografía, Drama, Música, Romance",11083,2016-04-22,"Don Cheadle",,
2206,tt4482938,2016-07-29,2016-07-29,,"Tonio","Tonio",https://www.imdb.com/title/tt4482938/,Película,6.9,100,2016,"Drama",1434,2016-10-13,"Paula van der Oest",,
2207,tt2567038,2016-07-29,2016-07-29,,"The Frame","The Frame",https://www.imdb.com/title/tt2567038/,Película,6.5,127,2014,"Crimen, Drama, Fantasía, Romance, Suspense",4222,2014-10-17,"Jamin Winans",,
2208,tt2076926,2016-07-29,2016-07-29,,"Rows","Rows",https://www.imdb.com/title/tt2076926/,Película,4.0,84,2015,"Fantasía, Terror, Misterio",294,2015-09-29,"David W. Warfield",,
2209,tt1878870,2016-07-29,2016-07-29,,"Al filo de los diecisiete","The Edge of Seventeen",https://www.imdb.com/title/tt1878870/,Película,7.3,104,2016,"Comedia, Drama, Romance",153044,2017-01-13,"Kelly Fremon Craig",,
2210,tt1639084,2016-07-30,2016-07-30,,"Tallulah","Tallulah",https://www.imdb.com/title/tt1639084/,Película,6.7,111,2016,"Comedia, Drama, Romance",22541,2016-07-29,"Sian Heder",,
2211,tt3399484,2016-07-31,2016-07-31,,"The Sand","The Sand",https://www.imdb.com/title/tt3399484/,Película,3.8,84,2015,"Comedia, Terror, Ciencia ficción, Suspense",7045,2018-05-11,"Isaac Gabaeff",,
2212,tt4627224,2016-08-03,2016-08-03,,"2 Jennifer","2 Jennifer",https://www.imdb.com/title/tt4627224/,Película,2.8,84,2016,"Terror",483,2016-06-03,"Hunter Johnson",,
2213,tt2630300,2016-08-03,2016-08-03,,"To Jennifer","To Jennifer",https://www.imdb.com/title/tt2630300/,Película,4.3,76,2013,"Terror, Suspense",876,2013-10-03,"James Cullen Bressack",,
2214,tt2093991,2016-08-17,2016-08-17,,"Elvis & Nixon","Elvis & Nixon",https://www.imdb.com/title/tt2093991/,Película,6.3,86,2016,"Comedia, Historia",15651,2016-08-26,"Liza Johnson",,
2215,tt1666700,2016-08-20,2016-08-20,,"Gothic & Lolita Psycho","Gosurori shokeinin",https://www.imdb.com/title/tt1666700/,Película,5.4,88,2010,"Acción, Terror",1107,2010-09-04,"Gô Ohara",,
2216,tt0175621,2016-08-21,2016-08-21,,"Lady Frankenstein","Lust for Frankenstein",https://www.imdb.com/title/tt0175621/,Vídeo,2.9,82,1998,"Terror",404,,"Jesús Franco",,
2217,tt1945228,2016-08-25,2016-08-25,,"Voyage of Time: Life's Journey","Voyage of Time: Life's Journey",https://www.imdb.com/title/tt1945228/,Película,6.5,90,2016,"Documental, Drama",5828,2017-05-04,"Terrence Malick",,
2218,tt0498381,2016-08-25,2016-08-25,,"Rings","Rings",https://www.imdb.com/title/tt0498381/,Película,4.5,102,2017,"Drama, Terror, Misterio, Romance",46288,2017-02-10,"F. Javier Gutiérrez",,
2219,tt4701660,2016-08-29,2016-08-29,,"Mei ren yu","Mei ren yu",https://www.imdb.com/title/tt4701660/,Película,6.2,94,2016,"Comedia, Drama, Fantasía, Romance",11113,2016-02-08,"Stephen Chow",,
2220,tt5454492,2016-08-29,2016-08-29,,"Colonel Panics","Colonel Panics",https://www.imdb.com/title/tt5454492/,Película,5.1,89,2016,"Suspense",163,2016-10-29,"Cho Jinseok",,
2221,tt2556114,2016-08-29,2016-08-29,,"Gernika","Gernika",https://www.imdb.com/title/tt2556114/,Película,5.8,110,2016,"Drama, Historia, Romance, Bélico",2650,2016-09-09,"Koldo Serra",,
2222,tt1506999,2016-09-01,2016-09-01,,"Indomable (Haywire)","Haywire",https://www.imdb.com/title/tt1506999/,Película,5.8,93,2011,"Acción, Drama, Suspense",93506,2012-03-02,"Steven Soderbergh",,
2223,tt0074991,2016-09-03,2016-09-03,,"Fascinación","Obsession",https://www.imdb.com/title/tt0074991/,Película,6.7,98,1976,"Drama, Misterio, Suspense",13639,1976-12-20,"Brian De Palma",,
2224,tt0800069,2016-09-03,2016-09-03,,"El retorno de los malditos","The Hills Have Eyes II",https://www.imdb.com/title/tt0800069/,Película,5.1,89,2007,"Terror, Suspense",71867,2007-05-11,"Martin Weisz",,
2225,tt0253754,2016-09-03,2016-09-03,,"Star Trek: Némesis","Star Trek: Nemesis",https://www.imdb.com/title/tt0253754/,Película,6.4,116,2002,"Acción, Aventura, Ciencia ficción, Suspense",88483,2003-03-14,"Stuart Baird",,
2226,tt0780565,2016-09-03,2016-09-03,,"Mataharis","Mataharis",https://www.imdb.com/title/tt0780565/,Película,6.5,100,2007,"Comedia, Drama",1097,2007-09-28,"Icíar Bollaín",,
2227,tt0878695,2016-09-05,2016-09-05,,"Murder Party","Murder Party",https://www.imdb.com/title/tt0878695/,Película,5.8,79,2007,"Comedia, Terror",13048,2007-01-21,"Jeremy Saulnier",,
2228,tt5309954,2016-09-11,2016-09-11,,"Sadako vs. Kayako","Sadako vs Kayako",https://www.imdb.com/title/tt5309954/,Película,5.1,98,2016,"Comedia, Terror",4467,2016-06-18,"Kôji Shiraishi",,
2229,tt4957538,2016-09-11,2016-09-11,,"The Whispering Star","Hisohiso boshi",https://www.imdb.com/title/tt4957538/,Película,6.5,100,2015,"Ciencia ficción",1482,2016-05-14,"Sion Sono",,
2230,tt5973032,2016-09-11,2016-09-11,,"Antiporno","Anchiporuno",https://www.imdb.com/title/tt5973032/,Película,6.3,76,2016,"Drama, Terror",5900,2020-10-16,"Sion Sono",,
2231,tt4628882,2016-09-11,2016-09-11,,"Le secret de la chambre noire","Le secret de la chambre noire",https://www.imdb.com/title/tt4628882/,Película,5.7,131,2016,"Drama, Fantasía, Terror, Romance",1098,2016-10-15,"Kiyoshi Kurosawa",,
2232,tt4378066,2016-09-12,2016-09-12,,"Cerca de tu casa","Cerca de tu casa",https://www.imdb.com/title/tt4378066/,Película,6.1,93,2016,"Drama, Musical",370,2016-09-02,"Eduard Cortés",,
2233,tt2458412,2016-09-19,2016-09-19,,"NSFW: Not Safe for Work","NSFW: Not Safe for Work",https://www.imdb.com/title/tt2458412/,Película,4.5,70,2014,"Comedia, Drama, Romance",153,2014-03-24,"Ryan Balas",,
2234,tt0087019,2016-09-19,2016-09-19,,"Cal","Cal",https://www.imdb.com/title/tt0087019/,Película,6.5,102,1984,"Drama, Suspense, Romance",1835,1984-09-14,"Pat O'Connor",,
2235,tt0104400,2016-09-19,2016-09-19,,"Venganza escrita","The Heart of Justice",https://www.imdb.com/title/tt0104400/,Película de TV,5.3,88,1992,"Crimen, Drama, Misterio, Suspense",936,1993-02-20,"Bruno Barreto",,
2236,tt4795546,2016-09-19,2016-09-19,,"Nocturama","Nocturama",https://www.imdb.com/title/tt4795546/,Película,6.4,130,2016,"Drama, Suspense",5673,2016-08-31,"Bertrand Bonello",,
2237,tt0110823,2016-09-22,2016-09-22,,"Phantasma: El pasaje del terror","Phantasm III: Lord of the Dead",https://www.imdb.com/title/tt0110823/,Película,6.0,91,1994,"Acción, Fantasía, Terror, Ciencia ficción",11703,1994-12-08,"Don Coscarelli",,
2238,tt0138703,2016-09-22,2016-09-22,,"Phantasma IV: Apocalipsis","Phantasm IV: Oblivion",https://www.imdb.com/title/tt0138703/,Película,5.5,90,1998,"Fantasía, Terror, Ciencia ficción",9252,2003-05-21,"Don Coscarelli",,
2239,tt4814760,2016-09-22,2016-09-22,,"Here Alone","Here Alone",https://www.imdb.com/title/tt4814760/,Película,5.6,98,2016,"Drama, Terror, Ciencia ficción, Suspense",8592,2017-05-18,"Rod Blackhurst",,
2240,tt0109306,2016-09-23,2016-09-23,,"Las cosas que nunca mueren","Blue Sky",https://www.imdb.com/title/tt0109306/,Película,6.4,101,1994,"Drama, Romance",9087,1995-03-24,"Tony Richardson",,
2241,tt2217777,2016-09-23,2016-09-23,,"Deep Powder","Deep Powder",https://www.imdb.com/title/tt2217777/,Película,5.6,91,2013,"Drama, Suspense",480,2013-04-19,"Mo Ogrodnik",,
2242,tt5215952,2016-09-26,2016-09-26,,"El extraño","Gokseong",https://www.imdb.com/title/tt5215952/,Película,7.4,156,2016,"Drama, Terror",101970,2016-11-23,"Na Hong-jin",,
2243,tt0844991,2016-10-02,2016-10-02,,"Her Morbid Desires","Her Morbid Desires",https://www.imdb.com/title/tt0844991/,Vídeo,4.3,,2008,"Comedia, Suspense",256,2008-01,"Edward L. Plumb",,
2244,tt1564777,2016-10-15,2016-10-15,,"Fallen","Fallen",https://www.imdb.com/title/tt1564777/,Película,5.2,91,2016,"Drama, Fantasía, Romance, Suspense",18409,2017-03-10,"Scott Hicks",,
2245,tt5460416,2016-10-15,2016-10-15,,"Active Adults","Active Adults",https://www.imdb.com/title/tt5460416/,Película,5.6,80,2017,"Comedia, Drama",127,2017-11-21,"Aaron Fisher-Cohen",,
2246,tt1864292,2016-10-15,2016-10-15,,"Damn!","Damn!",https://www.imdb.com/title/tt1864292/,Película,7.4,72,2011,"Documental, Biografía, Comedia, Noticias",24,2011-08-12,"Aaron Fisher-Cohen",,
2247,tt1980929,2016-10-15,2016-10-15,,"Begin Again","Can a Song Save Your Life?",https://www.imdb.com/title/tt1980929/,Película,7.4,104,2013,"Comedia, Drama, Música, Romance",178078,2014-08-01,"John Carney",,
2248,tt4120176,2016-10-15,2016-10-15,,"El porvenir","L'avenir",https://www.imdb.com/title/tt4120176/,Película,6.9,102,2016,"Drama",15477,2016-09-23,"Mia Hansen-Løve",,
2249,tt4919484,2016-10-15,2016-10-15,,"Verano en Brooklyn","Little Men",https://www.imdb.com/title/tt4919484/,Película,6.7,85,2016,"Drama",8212,2016-10-21,"Ira Sachs",,
2250,tt0074559,2016-10-15,2016-10-15,,"Mundo futuro","Futureworld",https://www.imdb.com/title/tt0074559/,Película,5.7,108,1976,"Ciencia ficción, Suspense",13209,1976-07-14,"Richard T. Heffron",,
2251,tt0063186,2016-10-22,2016-10-22,,"Kiru","Kiru",https://www.imdb.com/title/tt0063186/,Película,7.4,115,1968,"Acción, Comedia, Drama",3475,1968-06-22,"Kihachi Okamoto",,
2252,tt0200768,2016-10-22,2016-10-22,,"Kedamono no ken","Kedamono no ken",https://www.imdb.com/title/tt0200768/,Película,7.5,85,1965,"Acción, Drama",3418,1965-09-18,"Hideo Gosha",,
2253,tt4686862,2016-10-22,2016-10-22,,"Almost Adults","Almost Adults",https://www.imdb.com/title/tt4686862/,Película,5.6,90,2016,"Comedia, Drama",3268,2017-02-07,"Sarah Rotella",,
2254,tt1002974,2016-10-29,2016-10-29,,"Dead Country","Dead Country",https://www.imdb.com/title/tt1002974/,Película,2.5,75,2008,"Terror",161,2008,"Andrew Merkelbach",,
2255,tt5901212,2016-10-30,2016-10-30,,"Safari","Safari",https://www.imdb.com/title/tt5901212/,Película,7.0,91,2016,"Documental",1448,2017-03-17,"Ulrich Seidl",,
2256,tt0058652,2016-11-01,2016-11-01,,"Sanbiki no samurai","Sanbiki no samurai",https://www.imdb.com/title/tt0058652/,Película,7.6,94,1964,"Acción, Drama",4506,1964-05-13,"Hideo Gosha",,
2257,tt4135218,2016-11-01,2016-11-01,,"Cyberbully","Cyberbully",https://www.imdb.com/title/tt4135218/,Película de TV,6.7,62,2015,"Crimen, Drama, Misterio, Suspense",8206,2015-01-15,"Ben Chanan",,
2258,tt0234890,2016-11-02,2016-11-02,,"Thy Neighbor's Wife","Thy Neighbor's Wife",https://www.imdb.com/title/tt0234890/,Vídeo,4.6,92,2001,"Crimen, Drama, Suspense",1117,2001-09-18,"Jim Wynorski",,
2259,tt0091336,2016-11-02,2016-11-02,,"Venganza final","Kidnapped",https://www.imdb.com/title/tt0091336/,Película,4.7,100,1987,"Suspense",263,1988-06-09,"Howard Avedis",,
2260,tt6128970,2016-11-09,2016-11-09,,"Fallen Angels","Fallen Angels",https://www.imdb.com/title/tt6128970/,Película,6.0,,2016,"Ciencia ficción, Suspense",20,2018,"Milos Twilight",,
2261,tt4465564,2016-11-13,2016-11-13,,"Cincuenta sombras más oscuras","Fifty Shades Darker",https://www.imdb.com/title/tt4465564/,Película,4.6,118,2017,"Drama, Misterio, Romance, Suspense",122969,2017-02-10,"James Foley",,
2262,tt3014078,2016-11-17,2016-11-17,,"Shangri-La Suite","Shangri-La Suite",https://www.imdb.com/title/tt3014078/,Película,5.2,90,2016,"Acción, Crimen, Drama, Romance",1104,2016-10-28,"Eddie O'Keefe",,
2263,tt4811564,2016-11-27,2016-11-27,,"Las furias","Las furias",https://www.imdb.com/title/tt4811564/,Película,5.9,125,2016,"Drama",446,2016-11-11,"Miguel del Arco",,
2264,tt0074512,2016-12-03,2016-12-03,,"La trama","Family Plot",https://www.imdb.com/title/tt0074512/,Película,6.8,120,1976,"Comedia, Crimen, Drama, Misterio, Suspense",27107,1976-04-09,"Alfred Hitchcock",,
2265,tt0970468,2016-12-04,2016-12-04,,"Un gran día para ellas","Miss Pettigrew Lives for a Day",https://www.imdb.com/title/tt0970468/,Película,7.0,92,2008,"Comedia, Romance",30833,2008-12-05,"Bharat Nalluri",,
2266,tt2190367,2016-12-07,2016-12-07,,"Sonidos de barrio","O Som ao Redor",https://www.imdb.com/title/tt2190367/,Película,7.1,131,2012,"Drama, Suspense",9839,2013-01-04,"Kleber Mendonça Filho",,
2267,tt5606268,2016-12-18,2016-12-18,,"Mimosas","Mimosas",https://www.imdb.com/title/tt5606268/,Película,6.2,96,2016,"Aventura, Drama, Del oeste",1222,2016-05-22,"Oliver Laxe",,
2268,tt4129870,2016-12-18,2016-12-18,,"White Girl","White Girl",https://www.imdb.com/title/tt4129870/,Película,5.7,88,2016,"Crimen, Drama",12545,2020-03-21,"Elizabeth Wood",,
2269,tt2042544,2016-12-18,2016-12-18,,"Gothic Assassins","Gothic Assassins",https://www.imdb.com/title/tt2042544/,Película,5.8,116,2012,"Acción, Drama, Ciencia ficción",51,2012-10-13,"Milos Twilight",,
2270,tt6090642,2016-12-18,2016-12-18,,"Gothic Assassins Redux","Gothic Assassins Redux",https://www.imdb.com/title/tt6090642/,Película,7.1,121,2016,"Ciencia ficción",15,2020-04-20,"Milos Twilight",,
2271,tt5900208,2016-12-18,2016-12-18,,"La reconquista","La reconquista",https://www.imdb.com/title/tt5900208/,Película,6.6,108,2016,"Drama",1096,2016-09-30,"Jonás Trueba",,
2272,tt0393956,2016-12-18,2016-12-18,,"Viva","Viva",https://www.imdb.com/title/tt0393956/,Película,5.8,120,2007,"Comedia, Drama, Musical, Romance",1684,2008-05-02,"Anna Biller",,
2273,tt0086129,2016-12-25,2016-12-25,,"Porky's II: Al día siguiente","Porky's II: The Next Day",https://www.imdb.com/title/tt0086129/,Película,5.0,98,1983,"Comedia",13637,1983-08-01,"Bob Clark",,
2274,tt0089826,2016-12-25,2016-12-25,,"Porky's contraataca","Porky's Revenge",https://www.imdb.com/title/tt0089826/,Película,4.8,92,1985,"Comedia",9881,1985-06-20,"James Komack",,
2275,tt1346302,2016-12-25,2016-12-25,,"Porky's IV: Pimpin' Pee Wee","Porky's IV: Pimpin' Pee Wee",https://www.imdb.com/title/tt1346302/,Película,3.8,78,2009,"Comedia",480,2009,"Brian Trenchard-Smith",,
2276,tt0082951,2016-12-27,2016-12-27,,"El asesino de Rosemary","The Prowler",https://www.imdb.com/title/tt0082951/,Película,5.9,89,1981,"Terror, Misterio, Suspense",14526,1981-11-10,"Joseph Zito",,
2277,tt5029608,2017-01-11,2017-01-11,,"Frantz","Frantz",https://www.imdb.com/title/tt5029608/,Película,7.5,113,2016,"Drama, Historia, Romance, Bélico",18928,2016-12-30,"François Ozon",,
2278,tt0058379,2017-01-18,2017-01-18,,"Godzilla contra los monstruos","Mosura tai Gojira",https://www.imdb.com/title/tt0058379/,Película,6.5,89,1964,"Aventura, Fantasía, Ciencia ficción",12046,1967-07-10,"Ishirō Honda",,
2279,tt0058544,2017-01-18,2017-01-18,,"Godzilla contra Ghidorah, el dragón de tres cabezas","San Daikaijû Chikyû Saidai no Kessen",https://www.imdb.com/title/tt0058544/,Película,6.5,93,1964,"Acción, Fantasía, Ciencia ficción, Suspense",9284,1964-12-20,"Ishirō Honda",,
2280,tt1135989,2017-01-22,2017-01-22,,"Una historia de amor y oscuridad","A Tale of Love and Darkness",https://www.imdb.com/title/tt1135989/,Película,6.0,95,2015,"Biografía, Drama, Historia, Misterio, Romance, Bélico",4608,2015-09-03,"Natalie Portman",,
2281,tt0073373,2017-01-28,2017-01-28,,"Godzilla contra Mechagodzilla","Mekagojira no gyakushû",https://www.imdb.com/title/tt0073373/,Película,6.1,83,1975,"Acción, Aventura, Familiar, Fantasía, Ciencia ficción",6755,1975-03-15,"Ishirō Honda, Jun Fukuda",,
2282,tt1103192,2017-01-28,2017-01-28,,"Los girasoles ciegos","Los girasoles ciegos",https://www.imdb.com/title/tt1103192/,Película,6.4,98,2008,"Drama, Historia",2434,2008-08-29,"José Luis Cuerda",,
2283,tt0064387,2017-01-28,2017-01-28,,"Tiranía","Goyôkin",https://www.imdb.com/title/tt0064387/,Película,7.6,124,1969,"Acción, Aventura, Drama",2929,1970-02-14,"Hideo Gosha",,
2284,tt5305262,2017-01-28,2017-01-28,,"Las Plantas","Las Plantas",https://www.imdb.com/title/tt5305262/,Película,5.4,94,2015,"Drama",294,2017-01-27,"Roberto Doveris",,
2285,tt4914580,2017-01-28,2017-01-28,,"El imperio de las sombras","Mil-jeong",https://www.imdb.com/title/tt4914580/,Película,7.1,140,2016,"Acción, Historia, Suspense",12158,2016-09-07,"Kim Jee-woon",,
2286,tt0092962,2017-01-31,2017-01-31,,"Emmanuelle 5","Emmanuelle 5",https://www.imdb.com/title/tt0092962/,Película,3.2,85,1987,"Acción, Drama",1290,1987-01-07,"Walerian Borowczyk",,
2287,tt0095094,2017-01-31,2017-01-31,,"Emmanuelle 6","Emmanuelle 6",https://www.imdb.com/title/tt0095094/,Película,3.2,90,1988,"Drama",1083,1988-07-06,"Bruno Zincone, Jean Rollin",,
2288,tt0160245,2017-01-31,2017-01-31,,"Emmanuelle 7","Emmanuelle au 7ème ciel",https://www.imdb.com/title/tt0160245/,Película,3.6,90,1993,"Drama, Fantasía, Romance",649,1993-07-28,"Francis Leroi",,
2289,tt0072930,2017-01-31,2017-01-31,,"Emanuelle negra","Emanuelle nera",https://www.imdb.com/title/tt0072930/,Película,4.6,96,1975,"Drama",2079,1978-02-04,"Bitto Albertini",,
2290,tt0104184,2017-01-31,2017-01-31,,"La venganza de Emmanuelle","La revanche d'Emmanuelle",https://www.imdb.com/title/tt0104184/,Película de TV,3.9,89,1993,"Drama, Romance",297,1993-02-14,"Francis Leroi",,
2291,tt0206713,2017-01-31,2017-01-31,,"Eternamente Emmanuelle","Éternelle Emmanuelle",https://www.imdb.com/title/tt0206713/,Película de TV,3.8,86,1993,"Drama, Romance",352,1993-02-07,"Francis Leroi",,
2292,tt0338002,2017-01-31,2017-01-31,,"Emmanuelle en Venecia","Emmanuelle à Venise",https://www.imdb.com/title/tt0338002/,Película de TV,3.9,83,1993,"Drama, Fantasía, Romance",279,1993-03-07,"Francis Leroi",,
2293,tt0132938,2017-01-31,2017-01-31,,"Emmanuelle, Reina de la Galaxia","Emmanuelle in Space",https://www.imdb.com/title/tt0132938/,Película de TV,4.7,80,1994,"Comedia, Romance, Ciencia ficción",1325,1994-06-20,"Lev L. Spiro",,
2294,tt0059346,2017-02-01,2017-02-01,,"Los monstruos invaden la Tierra","Kaijû daisensô",https://www.imdb.com/title/tt0059346/,Película,6.2,94,1965,"Acción, Aventura, Ciencia ficción",8752,1965-12-19,"Ishirō Honda",,
2295,tt0071565,2017-02-01,2017-02-01,,"Godzilla contra Cibergodzilla, máquina de destrucción","Gojira tai Mekagojira",https://www.imdb.com/title/tt0071565/,Película,6.2,84,1974,"Acción, Familiar, Fantasía, Ciencia ficción",9182,1974-03-21,"Jun Fukuda",,
2296,tt0063172,2017-02-01,2017-02-01,,"Invasión extraterrestre","Kaijû sôshingeki",https://www.imdb.com/title/tt0063172/,Película,6.4,89,1968,"Acción, Ciencia ficción, Suspense",8981,1978-06-30,"Ishirō Honda, Jun Fukuda",,
2297,tt0107027,2017-02-03,2017-02-03,,"Godzilla vs. Mechagodzilla II","Gojira vs. Mekagojira",https://www.imdb.com/title/tt0107027/,Película,6.5,108,1993,"Acción, Aventura, Drama, Ciencia ficción",6849,1993-12-11,"Takao Okawara, Kazuki Ōmori",,
2298,tt0097444,2017-02-06,2017-02-06,,"Godzilla contra Biollante","Gojira vs. Biorante",https://www.imdb.com/title/tt0097444/,Película,6.5,104,1989,"Acción, Drama, Fantasía, Terror, Ciencia ficción, Suspense",8596,1989-12-16,"Kazuki Ōmori, Kōji Hashimoto, Kenjirô Ohmori",,
2299,tt0104352,2017-02-12,2017-02-12,,"Godzilla contra Mothra","Gojira vs. Mosura",https://www.imdb.com/title/tt0104352/,Película,6.2,102,1992,"Aventura, Fantasía, Ciencia ficción",6416,1992-12-12,"Takao Okawara",,
2300,tt0200710,2017-02-12,2017-02-12,,"Hitokiri","Hitokiri",https://www.imdb.com/title/tt0200710/,Película,7.4,140,1969,"Acción, Biografía, Drama, Historia",1389,1969-08-09,"Hideo Gosha",,
2301,tt0113187,2017-02-12,2017-02-12,,"Gojira vs. Desutoroiâ","Gojira vs. Desutoroiâ",https://www.imdb.com/title/tt0113187/,Película,6.9,103,1995,"Acción, Drama, Terror, Ciencia ficción",8759,1995-12-09,"Takao Okawara, Ishirō Honda, Kōji Hashimoto, Shūe Matsubayashi, Kenshô Yamashita, Kazuki Ōmori",,
2302,tt0109916,2017-02-12,2017-02-12,,"Godzilla vs. SpaceGodzilla","Gojira vs. Supesugojira",https://www.imdb.com/title/tt0109916/,Película,5.8,108,1994,"Acción, Aventura, Ciencia ficción",6593,1994-12-10,"Kenshô Yamashita, Takao Okawara, Kazuki Ōmori",,
2303,tt0366526,2017-02-12,2017-02-12,,"Godzilla: Tokio en Peligro","Gojira tai Mosura tai Mekagojira: Tôkyô S.O.S.",https://www.imdb.com/title/tt0366526/,Película,6.4,91,2003,"Acción, Aventura, Fantasía, Ciencia ficción, Suspense",5915,2003-12-13,"Masaaki Tezuka, Kōji Hashimoto, Takao Okawara, Kazuki Ōmori",,
2304,tt0101962,2017-02-12,2017-02-12,,"Godzilla contra King Ghidorah","Gojira vs. Kingu Gidorâ",https://www.imdb.com/title/tt0101962/,Película,6.5,103,1991,"Acción, Aventura, Drama, Ciencia ficción, Suspense",8366,1993-04-17,"Kazuki Ōmori, Kōji Hashimoto",,
2305,tt0279112,2017-02-12,2017-02-12,,"Godzilla, Mothra and King Ghidorah: Giant Monsters All-Out Attack","Gojira Mosura Kingu Gidora Daikaijû sôkôgeki",https://www.imdb.com/title/tt0279112/,Película,7.0,105,2001,"Acción, Aventura, Drama, Fantasía, Ciencia ficción, Suspense",8257,2001-12-15,"Shūsuke Kaneko",,
2306,tt0314111,2017-02-12,2017-02-12,,"Gojira × Mekagojira","Gojira × Mekagojira",https://www.imdb.com/title/tt0314111/,Película,6.6,88,2002,"Acción, Ciencia ficción, Suspense",6341,2002-12-14,"Masaaki Tezuka, Kazuki Ōmori",,
2307,tt0067148,2017-02-12,2017-02-12,,"Hedora, la burbuja tóxica","Gojira tai Hedora",https://www.imdb.com/title/tt0067148/,Película,6.1,85,1971,"Animación, Drama, Familiar, Ciencia ficción, Suspense",7838,1971-07-24,"Yoshimitsu Banno, Ishirō Honda",,
2308,tt0255198,2017-02-25,2017-02-25,,"Godzilla vs. Megaguirus","Gojira tai Megagirasu: Jî shômetsu sakusen",https://www.imdb.com/title/tt0255198/,Película,6.0,105,2000,"Acción, Ciencia ficción, Suspense",5440,2000-12-16,"Masaaki Tezuka, Ishirō Honda",,
2309,tt0056142,2017-02-25,2017-02-25,,"King Kong contra Godzilla","King Kong vs. Godzilla",https://www.imdb.com/title/tt0056142/,Película,5.7,97,1963,"Acción, Aventura, Comedia, Fantasía, Ciencia ficción",12243,1978-12-25,"Ishirō Honda",,
2310,tt0060464,2017-02-25,2017-02-25,,"Los monstruos del mar","Gojira · Ebira · Mosura Nankai no daikettô",https://www.imdb.com/title/tt0060464/,Película,5.6,87,1966,"Aventura, Fantasía, Ciencia ficción",7480,1975-08,"Jun Fukuda",,
2311,tt3922818,2017-02-25,2017-02-25,,"Un espacio entre nosotros","The Space Between Us",https://www.imdb.com/title/tt3922818/,Película,6.4,120,2017,"Drama, Romance, Ciencia ficción",59131,2017-04-21,"Peter Chelsom",,
2312,tt5804038,2017-02-25,2017-02-25,,"I am not your negro","I Am Not Your Negro",https://www.imdb.com/title/tt5804038/,Película,7.9,93,2016,"Documental, Historia",24959,2017-04-07,"Raoul Peck",,
2313,tt0872230,2017-03-20,2017-03-20,,"Almas condenadas","My Soul to Take",https://www.imdb.com/title/tt0872230/,Película,4.8,107,2010,"Terror, Misterio, Suspense",22765,2010-10-08,"Wes Craven",,
2314,tt0074478,2018-03-02,2018-03-02,,"Emanuelle negra se va al Oriente","Emanuelle nera: Orient reportage",https://www.imdb.com/title/tt0074478/,Película,4.4,92,1976,"Drama",1501,1978-01-18,"Joe D'Amato",,
2315,tt0188640,2018-03-02,2018-03-02,,"Godzilla 2000: Millennium","Gojira ni-sen mireniamu",https://www.imdb.com/title/tt0188640/,Película,6.0,99,1999,"Acción, Aventura, Drama, Ciencia ficción, Suspense",10442,1999-12-11,"Takao Okawara",,
2316,tt0075987,2018-03-02,2018-03-02,,"Emanuelle alrededor del mundo","Emanuelle - Perché violenza alle donne?",https://www.imdb.com/title/tt0075987/,Película,4.8,97,1977,"Aventura, Drama, Terror, Suspense",1351,1978-04-28,"Joe D'Amato",,
2317,tt0068371,2018-03-02,2018-03-02,,"Galien, el monstruo de las galaxias ataca la Tierra","Chikyû kôgeki meirei Gojira tai Gaigan",https://www.imdb.com/title/tt0068371/,Película,5.6,89,1972,"Acción, Familiar, Ciencia ficción",6713,1980-04,"Jun Fukuda, Yoshimitsu Banno, Ishirō Honda, Shūe Matsubayashi",,
2318,tt0070122,2018-03-02,2018-03-02,,"Gorgo y Superman se citan en Tokio","Gojira tai Megaro",https://www.imdb.com/title/tt0070122/,Película,4.9,81,1973,"Acción, Aventura, Familiar, Ciencia ficción",7985,1974-12,"Jun Fukuda, Yoshimitsu Banno, Ishirō Honda",,
2319,tt0061856,2018-03-02,2018-03-02,,"El hijo de Godzilla","Kaijûtô no kessen: Gojira no musuko",https://www.imdb.com/title/tt0061856/,Película,5.2,86,1967,"Aventura, Comedia, Fantasía, Ciencia ficción",6974,1979,"Jun Fukuda",,
2320,tt0087344,2018-03-02,2018-03-02,,"Godzilla 1985","Godzilla 1985",https://www.imdb.com/title/tt0087344/,Película,6.1,87,1985,"Acción, Drama, Ciencia ficción",7374,1985-08-23,"Kōji Hashimoto, R.J. Kizer, Ishirō Honda, Toshio Masuda, Shūe Matsubayashi, Shirō Moritani",,
2321,tt5715874,2018-03-02,2018-03-02,,"El sacrificio de un ciervo sagrado","The Killing of a Sacred Deer",https://www.imdb.com/title/tt5715874/,Película,7.0,121,2017,"Drama, Terror, Misterio, Suspense",218457,2017-12-01,"Yorgos Lanthimos",,
2322,tt5222918,2018-03-04,2018-03-04,,"El otro lado de la esperanza","Toivon tuolla puolen",https://www.imdb.com/title/tt5222918/,Película,7.2,100,2017,"Comedia, Drama",14938,2017-04-07,"Aki Kaurismäki",,
2323,tt0399102,2018-03-04,2018-03-04,,"Godzilla: Final Wars","Godzilla: Final Wars",https://www.imdb.com/title/tt0399102/,Película,6.3,125,2004,"Acción, Aventura, Fantasía, Ciencia ficción, Suspense",10945,2004-12-04,"Ryūhei Kitamura, Kōji Hashimoto, Shūsuke Kaneko, Toshio Masuda, Takao Okawara, Masaaki Tezuka, Kenshô Yamashita, Kazuki Ōmori",,
2324,tt0075889,2018-03-04,2018-03-04,,"La criatura","La criatura",https://www.imdb.com/title/tt0075889/,Película,5.9,100,1977,"Drama",382,1977-11-30,"Eloy de la Iglesia",,
2325,tt0094012,2018-03-04,2018-03-04,,"La loca historia de las galaxias","Spaceballs",https://www.imdb.com/title/tt0094012/,Película,7.1,96,1987,"Aventura, Comedia, Ciencia ficción",228631,1987-06-24,"Mel Brooks",,
2326,tt5962210,2018-03-04,2018-03-04,,"Ingrid Goes West","Ingrid Goes West",https://www.imdb.com/title/tt5962210/,Película,6.6,98,2017,"Comedia, Drama, Terror, Suspense",52601,2020-03-21,"Matt Spicer",,
2327,tt6304162,2018-03-05,2018-03-05,,"Sin amor","Nelyubov",https://www.imdb.com/title/tt6304162/,Película,7.6,127,2017,"Drama",37997,2017-06-01,"Andrey Zvyagintsev",,
2328,tt6644286,2018-03-05,2018-03-05,,"Space Babes from Outer Space","Space Babes from Outer Space",https://www.imdb.com/title/tt6644286/,Película,4.3,81,2017,"Comedia, Ciencia ficción",906,2017-05-20,"Brian K. Williams",,
2329,tt0220827,2018-03-05,2018-03-05,,"Insomnio","Nonhosonno",https://www.imdb.com/title/tt0220827/,Película,6.2,117,2001,"Terror, Misterio, Suspense",8235,2001-01-05,"Dario Argento",,
2330,tt5451244,2018-03-05,2018-03-05,,"El autor","El autor",https://www.imdb.com/title/tt5451244/,Película,6.5,112,2017,"Comedia, Crimen, Drama",7087,2017-11-17,"Manuel Martín Cuenca",,
2331,tt0048127,2018-03-05,2018-03-05,,"El rey de los monstruos","Gojira no gyakushû",https://www.imdb.com/title/tt0048127/,Película,5.7,82,1955,"Acción, Terror, Ciencia ficción",9996,1958,"Motoyoshi Oda, Ishirō Honda",,
2332,tt1107816,2018-03-05,2018-03-05,,"Amarillo","Giallo",https://www.imdb.com/title/tt1107816/,Película,4.5,92,2009,"Crimen, Terror, Misterio, Suspense",6513,2011-07-01,"Dario Argento",,
2333,tt5304464,2018-03-05,2018-03-05,,"Happy End","Happy End",https://www.imdb.com/title/tt5304464/,Película,6.6,107,2017,"Drama",18165,2018-07-20,"Michael Haneke",,
2334,tt0095990,2018-03-05,2018-03-05,,"La divertida noche de los zombies","Return of the Living Dead: Part II",https://www.imdb.com/title/tt0095990/,Película,5.7,89,1988,"Comedia, Terror, Ciencia ficción",23724,1989-07-14,"Ken Wiederhorn",,
2335,tt0064373,2018-03-05,2018-03-05,,"La isla de los monstruos","Gojira Minira Gabara Ôru kaijû daishingeki",https://www.imdb.com/title/tt0064373/,Película,3.9,69,1969,"Aventura, Familiar, Fantasía",6450,1969-12-20,"Ishirō Honda, Jun Fukuda, Kengo Furusawa",,
2336,tt3127022,2018-03-05,2018-03-05,,"The Bookshop (La librería)","The Bookshop",https://www.imdb.com/title/tt3127022/,Película,6.5,113,2017,"Drama",19061,2017-11-10,"Isabel Coixet",,
2337,tt6069668,2018-03-05,2018-03-05,,"Morir","Morir",https://www.imdb.com/title/tt6069668/,Película,6.2,104,2017,"Drama",570,2017-09-26,"Fernando Franco",,
2338,tt0217679,2018-03-05,2018-03-05,,"Nekeddo burâddo: Megyaku","Nekeddo burâddo: Megyaku",https://www.imdb.com/title/tt0217679/,Película,6.1,76,1996,"Drama, Terror, Ciencia ficción",2518,1996-02-20,"Hisayasu Satō",,
2339,tt1179927,2018-03-05,2018-03-05,,"Todas las canciones hablan de mí","Todas las canciones hablan de mí",https://www.imdb.com/title/tt1179927/,Película,6.3,107,2010,"Comedia",754,2010-12-10,"Jonás Trueba",,
2340,tt1206546,2018-03-06,2018-03-06,,"Spawn","King Spawn",https://www.imdb.com/title/tt1206546/,Película,,,,"Acción, Aventura, Drama, Fantasía, Terror, Ciencia ficción, Suspense",0,,,,
2341,tt5839426,2018-03-06,2018-03-06,,"Plank Face","Plank Face",https://www.imdb.com/title/tt5839426/,Película,4.8,91,2016,"Terror",961,2016-08-27,"Scott Schirmer",,
2342,tt2591814,2018-03-07,2018-03-07,,"El jardín de las palabras","Kotonoha no niwa",https://www.imdb.com/title/tt2591814/,Película,7.4,46,2013,"Animación, Drama, Romance",61425,2013-05-31,"Makoto Shinkai",,
2343,tt0448134,2018-03-07,2018-03-07,,"Sunshine de Danny Boyle","Sunshine",https://www.imdb.com/title/tt0448134/,Película,7.2,107,2007,"Ciencia ficción, Suspense",290311,2007-04-20,"Danny Boyle",,
2344,tt0076878,2018-03-07,2018-03-07,,"Emanuelle y el imperio de las pasiones","La via della prostituzione",https://www.imdb.com/title/tt0076878/,Película,4.4,88,1978,"Drama, Terror",1030,1978-04-20,"Joe D'Amato",,
2345,tt0184503,2018-03-07,2018-03-07,,"Gamera 3 - La venganza de Iris","Gamera 3: Jashin kakusei",https://www.imdb.com/title/tt0184503/,Película,7.1,108,1999,"Acción, Drama, Fantasía, Terror, Ciencia ficción",3731,1999-03-06,"Shūsuke Kaneko",,
2346,tt0061695,2018-03-07,2018-03-07,,"Gamera contra Gaos, el terror de la noche","Daikaijû kûchûsen: Gamera tai Gyaosu",https://www.imdb.com/title/tt0061695/,Película,5.2,86,1967,"Familiar, Fantasía, Ciencia ficción",2863,1967-03-15,"Noriaki Yuasa, Shigeo Tanaka",,
2347,tt6053948,2018-03-07,2018-03-07,,"La enfermedad del domingo","La enfermedad del domingo",https://www.imdb.com/title/tt6053948/,Película,6.9,113,2018,"Drama",4282,2018-02-23,"Ramón Salazar",,
2348,tt0087332,2018-03-07,2018-03-07,,"Los Cazafantasmas","Ghostbusters",https://www.imdb.com/title/tt0087332/,Película,7.8,105,1984,"Acción, Comedia, Fantasía, Ciencia ficción",490321,1984-12-05,"Ivan Reitman",,
2349,tt1464763,2018-03-07,2018-03-07,,"Mute","Mute",https://www.imdb.com/title/tt1464763/,Película,5.5,126,2018,"Misterio, Ciencia ficción, Suspense",39814,2018-02-23,"Duncan Jones",,
2350,tt0078344,2018-03-07,2018-03-07,,"Sor Emanuelle","Suor Emanuelle",https://www.imdb.com/title/tt0078344/,Película,5.1,90,1977,"Drama",993,1978-07-28,"Giuseppe Vari",,
2351,tt5598102,2018-03-08,2018-03-08,,"Caras y lugares","Visages villages",https://www.imdb.com/title/tt5598102/,Película,7.8,94,2017,"Documental, Aventura",14519,2018-05-25,"JR, Agnès Varda",,
2352,tt0079320,2018-03-08,2018-03-08,,"Tres mujeres inmorales","Les héroïnes du mal",https://www.imdb.com/title/tt0079320/,Película,5.1,114,1979,"Drama",1029,1979-03-07,"Walerian Borowczyk",,
2353,tt6599742,2018-03-08,2018-03-08,,"El cuaderno de Sara","El cuaderno de Sara",https://www.imdb.com/title/tt6599742/,Película,5.9,115,2018,"Aventura, Drama, Misterio, Suspense",2957,2018-02-02,"Norberto López Amado",,
2354,tt0467923,2018-03-08,2018-03-08,,"Chiisaki yûsha-tachi: Gamera","Chiisaki yûsha-tachi: Gamera",https://www.imdb.com/title/tt0467923/,Película,6.5,96,2005,"Aventura, Drama, Familiar, Fantasía, Ciencia ficción, Suspense",1708,2006-04-29,"Ryuta Tasaki",,
2355,tt4958448,2018-03-09,2018-03-09,,"Museo","Museo",https://www.imdb.com/title/tt4958448/,Película,6.9,128,2018,"Crimen, Drama",6580,2018-11-23,"Alonso Ruizpalacios",,
2356,tt0083530,2018-03-09,2018-03-09,,"Aterriza como puedas II","Airplane II: The Sequel",https://www.imdb.com/title/tt0083530/,Película,6.2,85,1982,"Comedia, Ciencia ficción",61463,1983-03-01,"Ken Finkleman",,
2357,tt0097428,2018-03-09,2018-03-09,,"Los Cazafantasmas II","Ghostbusters II",https://www.imdb.com/title/tt0097428/,Película,6.6,108,1989,"Acción, Comedia, Fantasía, Ciencia ficción",241489,1989-12-01,"Ivan Reitman",,
2358,tt0095705,2018-03-09,2018-03-09,,"Agárralo como puedas","The Naked Gun: From the Files of Police Squad!",https://www.imdb.com/title/tt0095705/,Película,7.6,85,1988,"Comedia, Crimen",225348,1989-06-23,"David Zucker",,
2359,tt6135348,2018-03-09,2018-03-09,,"120 pulsaciones por minuto","120 battements par minute",https://www.imdb.com/title/tt6135348/,Película,7.4,143,2017,"Drama",17791,2018-01-19,"Robin Campillo",,
2360,tt0064360,2018-03-09,2018-03-09,,"Gamera contra Guiron, guardián del planeta fantasma","Gamera tai daiakuju Giron",https://www.imdb.com/title/tt0064360/,Película,4.3,82,1969,"Aventura, Familiar, Ciencia ficción",3400,1969-03-21,"Noriaki Yuasa",,
2361,tt0065755,2018-03-09,2018-03-09,,"Gamera contra Jiger, el señor del caos","Gamera tai Daimaju Jaiga",https://www.imdb.com/title/tt0065755/,Película,5.2,83,1970,"Aventura, Familiar, Ciencia ficción",1842,1970-03-21,"Noriaki Yuasa, Shigeo Tanaka",,
2362,tt4949112,2018-03-09,2018-03-09,,"Touch Me Not (No me toques)","Touch Me Not",https://www.imdb.com/title/tt4949112/,Película,5.5,123,2018,"Drama",3200,2019-06-07,"Adina Pintilie",,
2363,tt6222286,2018-03-10,2018-03-10,,"Perfect","Perfect",https://www.imdb.com/title/tt6222286/,Película,3.9,88,2018,"Terror, Misterio, Ciencia ficción, Suspense",1362,2019-05-17,"Eddie Alcazar",,
2364,tt6641528,2018-03-10,2018-03-10,,"Jinn","Jinn",https://www.imdb.com/title/tt6641528/,Película,6.0,92,2018,"Drama",500,2018-11-15,"Nijla Mumin",,
2365,tt0079104,2018-03-10,2018-03-10,,"Hembra erótica","I mavri Emmanouella",https://www.imdb.com/title/tt0079104/,Película,4.4,91,1980,"Crimen, Drama",900,1980-02,"Ilias Mylonakos",,
2366,tt0430676,2018-03-10,2018-03-10,,"¿Te gusta Hitchcock?","Ti piace Hitchcock?",https://www.imdb.com/title/tt0430676/,Película de TV,5.6,93,2005,"Misterio, Suspense",3091,2005-07-01,"Dario Argento",,
2367,tt0102510,2018-03-10,2018-03-10,,"Agárralo como puedas 2 1/2: El aroma del miedo","The Naked Gun 2½: The Smell of Fear",https://www.imdb.com/title/tt0102510/,Película,6.9,85,1991,"Comedia, Crimen",143040,1991-08-01,"David Zucker",,
2368,tt0330691,2018-03-10,2018-03-10,,"El jugador","Il cartaio",https://www.imdb.com/title/tt0330691/,Película,4.9,103,2003,"Terror, Misterio, Suspense",6067,2004-01-02,"Dario Argento",,
2369,tt0110622,2018-03-11,2018-03-11,,"Agárralo como puedas 33 1/3: El insulto final","Naked Gun 33 1/3: The Final Insult",https://www.imdb.com/title/tt0110622/,Película,6.5,83,1994,"Comedia, Crimen",129662,1994-05-13,"Peter Segal",,
2370,tt5674698,2018-03-11,2018-03-11,,"Algo muy gordo","Algo muy gordo",https://www.imdb.com/title/tt5674698/,Película,4.3,87,2017,"Comedia",536,2018-03-01,"Carlo Padial",,
2371,tt0066841,2018-03-11,2018-03-11,,"Blanche","Blanche",https://www.imdb.com/title/tt0066841/,Película,6.5,93,1971,"Drama, Historia",1175,1972-01-26,"Walerian Borowczyk",,
2372,tt0089822,2018-03-11,2018-03-11,,"Loca academia de policía 2: Su primera misión","Police Academy 2: Their First Assignment",https://www.imdb.com/title/tt0089822/,Película,5.8,87,1985,"Comedia",64037,1985-07-01,"Jerry Paris, James Signorelli",,
2373,tt0102522,2018-03-11,2018-03-11,,"NEKRomantik 2","Nekromantik 2",https://www.imdb.com/title/tt0102522/,Película,5.2,104,1991,"Terror",4750,1991-06,"Jörg Buttgereit",,
2374,tt6130310,2018-03-11,2018-03-11,,"Bajo la Rosa","Bajo la Rosa",https://www.imdb.com/title/tt6130310/,Película,6.3,99,2017,"Crimen, Drama, Misterio, Suspense",1197,2018-03-16,"Josué Ramos",,
2375,tt0091777,2018-03-11,2018-03-11,,"Loca academia de policía 3: De vuelta a la escuela","Police Academy 3: Back in Training",https://www.imdb.com/title/tt0091777/,Película,5.4,83,1986,"Comedia",52465,1986-07-04,"Jerry Paris",,
2376,tt0087928,2018-03-11,2018-03-11,,"Loca academia de policía","Police Academy",https://www.imdb.com/title/tt0087928/,Película,6.7,96,1984,"Comedia",150517,1984-07-02,"Hugh Wilson",,
2377,tt0093756,2018-03-11,2018-03-11,,"Loca academia de policía 4: Los ciudadanos se defienden","Police Academy 4: Citizens on Patrol",https://www.imdb.com/title/tt0093756/,Película,5.0,88,1987,"Comedia, Crimen",49070,1987-07-03,"Jim Drake",,
2378,tt3100678,2018-03-12,2018-03-12,,"House of Manson","House of Manson",https://www.imdb.com/title/tt3100678/,Película,4.3,98,2014,"Crimen, Drama, Suspense",2099,2016-08-05,"Brandon Slagle",,
2379,tt0095882,2018-03-12,2018-03-12,,"Loca academia de policía 5: Operación Miami Beach","Police Academy 5: Assignment: Miami Beach",https://www.imdb.com/title/tt0095882/,Película,4.7,90,1988,"Comedia, Crimen",39897,1988-06-24,"Alan Myerson",,
2380,tt6598072,2018-03-13,2018-03-13,,"The Ranger","The Ranger",https://www.imdb.com/title/tt6598072/,Película,5.1,77,2018,"Terror",2942,2018-03-12,"Jenn Wexler",,
2381,tt6288124,2018-03-13,2018-03-13,,"No te preocupes, no llegará lejos a pie","Don't Worry, He Won't Get Far on Foot",https://www.imdb.com/title/tt6288124/,Película,6.8,114,2018,"Biografía, Comedia, Drama",33527,2018-07-06,"Gus Van Sant",,
2382,tt0117658,2018-03-14,2018-03-14,,"El síndrome de Stendhal","La sindrome di Stendhal",https://www.imdb.com/title/tt0117658/,Película,6.0,120,1996,"Terror, Misterio, Suspense",10047,1998-03-25,"Dario Argento",,
2383,tt0098105,2018-03-15,2018-03-15,,"Loca academia de policía 6: Ciudad sitiada","Police Academy 6: City Under Siege",https://www.imdb.com/title/tt0098105/,Película,4.4,84,1989,"Comedia, Crimen",34201,1989-06-30,"Peter Bonerz",,
2384,tt0110857,2018-03-15,2018-03-15,,"Loca academia de policía: Misión en Moscú","Police Academy: Mission to Moscow",https://www.imdb.com/title/tt0110857/,Película,3.5,83,1994,"Comedia, Crimen",38431,1994-07-08,"Alan Metter",,
2385,tt0093608,2018-03-16,2018-03-16,,"NEKRomantik","Nekromantik",https://www.imdb.com/title/tt0093608/,Película,4.8,71,1988,"Terror",12379,2014-11-25,"Jörg Buttgereit",,
2386,tt1365519,2018-03-20,2018-03-20,,"Tomb Raider","Tomb Raider",https://www.imdb.com/title/tt1365519/,Película,6.3,119,2018,"Acción, Aventura, Fantasía, Suspense",243989,2018-03-16,"Roar Uthaug",,
2387,tt5085924,2018-03-21,2018-03-21,,"Wildling","Wildling",https://www.imdb.com/title/tt5085924/,Película,5.5,92,2018,"Drama, Fantasía, Terror, Suspense",14930,2018-04-13,"Fritz Böhm",,
2388,tt0099700,2018-03-21,2018-03-21,,"Gremlins 2: La nueva generación","Gremlins 2: The New Batch",https://www.imdb.com/title/tt0099700/,Película,6.5,106,1990,"Comedia, Fantasía, Terror",120245,1990-07-27,"Joe Dante",,
2389,tt5085522,2018-03-23,2018-03-23,,"Hostile","Hostile",https://www.imdb.com/title/tt5085522/,Película,5.3,83,2017,"Drama, Terror, Romance, Ciencia ficción",8501,2018-09-07,"Mathieu Turi",,
2390,tt6958014,2018-03-26,2018-03-26,,"Duck Butter","Duck Butter",https://www.imdb.com/title/tt6958014/,Película,5.2,93,2018,"Comedia, Drama, Romance",5170,2018-04-27,"Miguel Arteta",,
2391,tt0076749,2018-03-29,2018-03-29,,"Maladolescencia","Maladolescenza",https://www.imdb.com/title/tt0076749/,Película,5.5,94,1977,"Drama, Romance",2891,1980-06-25,"Pier Giuseppe Murgia",,
2392,tt6411984,2018-03-30,2018-03-30,,"Barbara","Barbara",https://www.imdb.com/title/tt6411984/,Película,6.0,98,2017,"Biografía, Drama, Música",1248,2017-09-06,"Mathieu Amalric",,
2393,tt4463816,2018-04-02,2018-04-02,,"Terminal","Terminal",https://www.imdb.com/title/tt4463816/,Película,5.4,95,2018,"Acción, Comedia, Crimen, Drama, Misterio, Suspense",27615,2019-08,"Vaughn Stein",,
2394,tt5294550,2018-04-02,2018-04-02,,"Todo el dinero del mundo","All the Money in the World",https://www.imdb.com/title/tt5294550/,Película,6.8,132,2017,"Biografía, Crimen, Drama, Historia, Misterio, Suspense",97157,2018-02-23,"Ridley Scott",,
2395,tt1354003,2018-04-02,2018-04-02,,"La fonte des neiges","La fonte des neiges",https://www.imdb.com/title/tt1354003/,Corto,6.1,28,2009,"Corto, Comedia, Drama",1347,2009-01-30,"Jean-Julien Chervier",,
2396,tt0082054,2018-04-03,2018-04-03,,"Tú me hiciste mujer","Beau-père",https://www.imdb.com/title/tt0082054/,Película,6.9,123,1981,"Comedia, Drama, Romance",4408,1982-03-11,"Bertrand Blier",,
2397,tt0074111,2018-04-06,2018-04-06,,"Las alegres chicas de 'El Molino'","Las alegres chicas de 'El Molino'",https://www.imdb.com/title/tt0074111/,Película,4.8,98,1977,"Comedia, Musical",35,1977-03-05,"José Antonio de la Loma",,
2398,tt4961380,2018-04-06,2018-04-06,,"From a House on Willow Street","From a House on Willow Street",https://www.imdb.com/title/tt4961380/,Película,4.6,90,2016,"Acción, Crimen, Terror, Suspense",9363,2017-03-24,"Alastair Orr",,
2399,tt4477536,2018-04-06,2018-04-06,,"Cincuenta sombras liberadas","Fifty Shades Freed",https://www.imdb.com/title/tt4477536/,Película,4.6,105,2018,"Drama, Misterio, Romance, Suspense",84532,2018-02-09,"James Foley",,
2400,tt5723272,2018-04-06,2018-04-06,,"En la sombra","Aus dem Nichts",https://www.imdb.com/title/tt5723272/,Película,7.1,106,2017,"Crimen, Drama, Misterio, Suspense",38072,2018-02-23,"Fatih Akin",,
2401,tt0072919,2018-04-08,2018-04-08,,"Historia de un pecado","Dzieje grzechu",https://www.imdb.com/title/tt0072919/,Película,6.1,130,1975,"Drama",986,1975-06-03,"Walerian Borowczyk",,
2402,tt2543202,2018-04-08,2018-04-08,,"The Impaler","The Impaler",https://www.imdb.com/title/tt2543202/,Película,3.1,86,2013,"Acción, Terror, Suspense",1201,2013-10-31,"Derek Hockenbrough",,
2403,tt0074250,2018-04-08,2018-04-08,,"¡Bruja, más que bruja!","¡Bruja, más que bruja!",https://www.imdb.com/title/tt0074250/,Película,6.1,88,1977,"Comedia, Drama, Musical",167,1977-03-28,"Fernando Fernán Gómez",,
2404,tt6133466,2018-04-09,2018-04-09,,"La primera purga: La noche de las bestias","The First Purge",https://www.imdb.com/title/tt6133466/,Película,5.2,97,2018,"Acción, Terror, Ciencia ficción, Suspense",79102,2018-07-06,"Gerard McMurray",,
2405,tt3416536,2018-04-13,2018-04-13,,"Hot Summer Nights","Hot Summer Nights",https://www.imdb.com/title/tt3416536/,Película,6.4,107,2017,"Crimen, Drama, Romance",28706,2018-07-27,"Elijah Bynum",,
2406,tt4613254,2018-04-14,2018-04-14,,"Heartstone. Corazones de piedra","Hjartasteinn",https://www.imdb.com/title/tt4613254/,Película,7.4,129,2016,"Drama, Romance",6975,2016-12-28,"Guðmundur Arnar Guðmundsson",,
2407,tt3865850,2018-04-15,2018-04-15,,"El mal que hacen los hombres","The Evil That Men Do",https://www.imdb.com/title/tt3865850/,Película,4.8,94,2015,"Suspense",386,2016-02-19,"Ramon Térmens",,
2408,tt5397194,2018-04-23,2018-04-23,,"Anon","Anon",https://www.imdb.com/title/tt5397194/,Película,6.1,100,2018,"Crimen, Misterio, Ciencia ficción, Suspense",52403,2018-05-04,"Andrew Niccol",,
2409,tt6450042,2018-04-23,2018-04-23,,"Aus dem Nichts","Aus dem Nichts",https://www.imdb.com/title/tt6450042/,Película,7.1,90,2016,"Drama",313,2016-03-13,"Angela Summereder",,
2410,tt2140203,2018-04-23,2018-04-23,,"Wolf Children (Los niños lobo)","Ôkami kodomo no Ame to Yuki",https://www.imdb.com/title/tt2140203/,Película,8.1,117,2012,"Animación, Drama, Familiar, Fantasía",55691,2012-07-21,"Mamoru Hosoda",,
2411,tt1474276,2018-04-25,2018-04-25,,"Summer Wars","Samâ wôzu",https://www.imdb.com/title/tt1474276/,Película,7.4,114,2009,"Animación, Acción, Aventura, Comedia, Drama, Romance, Ciencia ficción",34485,2015-12-12,"Mamoru Hosoda",,
2412,tt6108178,2018-04-26,2018-04-26,,"Disobedience","Disobedience",https://www.imdb.com/title/tt6108178/,Película,6.6,114,2017,"Drama",40571,2017-11-08,"Sebastián Lelio",,
2413,tt7363066,2018-04-27,2018-04-27,,"Reipu zonbi gaiden: Hâdokoa obu za deddo","Reipu zonbi gaiden: Hâdokoa obu za deddo",https://www.imdb.com/title/tt7363066/,Película,5.0,81,2017,"Terror",69,2017-08-13,"Naoyuki Tomomatsu",,
2414,tt3707106,2018-06-12,2018-06-12,,"Frente al mar","By the Sea",https://www.imdb.com/title/tt3707106/,Película,5.3,122,2015,"Drama, Romance",23855,2016-03-11,"Angelina Jolie",,
2415,tt0074524,2018-06-16,2018-06-16,,"Calmos","Calmos",https://www.imdb.com/title/tt0074524/,Película,6.4,102,1976,"Comedia",1783,1976-02-11,"Bertrand Blier",,
2416,tt5749596,2018-06-16,2018-06-16,,"El libro de imágenes","Le Livre d'image",https://www.imdb.com/title/tt5749596/,Película,6.2,88,2018,"Documental, Drama, Terror",3265,2018-11-15,"Jean-Luc Godard",,
2417,tt6451260,2018-06-18,2018-06-18,,"L'amour est une fête","L'amour est une fête",https://www.imdb.com/title/tt6451260/,Película,5.2,118,2018,"Comedia",876,2018-09-19,"Cédric Anger",,
2418,tt5327922,2018-06-19,2018-06-19,,"Mythica: The Godslayer","Mythica: The Godslayer",https://www.imdb.com/title/tt5327922/,Película,5.6,118,2016,"Acción, Aventura, Drama, Ciencia ficción",1784,2016-11-19,"John Lyde",,
2419,tt0090561,2018-06-25,2018-06-25,,"27 horas","27 horas",https://www.imdb.com/title/tt0090561/,Película,6.3,81,1986,"Drama",1004,1987-02-04,"Montxo Armendáriz",,
2420,tt7888070,2018-06-26,2018-06-26,,"Joueurs","Joueurs",https://www.imdb.com/title/tt7888070/,Película,5.6,105,2018,"Crimen, Drama",748,2018-07-04,"Marie Monge",,
2421,tt0067896,2018-06-28,2018-06-28,,"La audiencia","L'udienza",https://www.imdb.com/title/tt0067896/,Película,6.8,112,1972,"Drama, Misterio",846,1972-03-31,"Marco Ferreri",,
2422,tt7428944,2018-06-29,2018-06-29,,"Wild Thing","Wild Thing",https://www.imdb.com/title/tt7428944/,Película,,,,"Drama, Terror",0,,,,
2423,tt2582784,2018-07-05,2018-07-05,,"Flower","Flower",https://www.imdb.com/title/tt2582784/,Película,6.0,90,2017,"Comedia, Drama, Romance",11879,2018-03-16,"Max Winkler",,
2424,tt7342838,2018-07-05,2018-07-05,,"Leto","Leto",https://www.imdb.com/title/tt7342838/,Película,7.2,126,2018,"Biografía, Drama, Historia, Música, Romance",8599,2019-04-26,"Kirill Serebrennikov",,
2425,tt3906082,2018-07-06,2018-07-06,,"Mary Shelley","Mary Shelley",https://www.imdb.com/title/tt3906082/,Película,6.5,120,2017,"Biografía, Drama, Historia, Romance",19895,2018-07-13,"Haifaa Al-Mansour",,
2426,tt1930428,2018-07-07,2018-07-07,,"Olympia","Olympia",https://www.imdb.com/title/tt1930428/,Película,5.7,78,2011,"Comedia, Drama",94,2011-05,"Leonardo Damario",,
2427,tt7681824,2018-07-09,2018-07-09,,"We the Animals","We the Animals",https://www.imdb.com/title/tt7681824/,Película,6.9,94,2018,"Drama",4816,2018-08-17,"Jeremiah Zagar",,
2428,tt6832388,2018-07-09,2018-07-09,,"The dark","The Dark",https://www.imdb.com/title/tt6832388/,Película,5.6,95,2018,"Drama, Fantasía, Terror",6774,2018-10-12,"Justin P. Lange",,
2429,tt1221141,2018-07-10,2018-07-10,,"La mujer rubia","La mujer sin cabeza",https://www.imdb.com/title/tt1221141/,Película,6.5,87,2008,"Drama, Misterio, Suspense",6278,2008-11-28,"Lucrecia Martel",,
2430,tt3175438,2018-07-10,2018-07-10,,"Asmodexia","Asmodexia",https://www.imdb.com/title/tt3175438/,Película,4.6,81,2014,"Terror",1297,2014-11-28,"Marc Carreté",,
2431,tt3654794,2018-07-11,2018-07-11,,"Creep 3","Creep 3",https://www.imdb.com/title/tt3654794/,Película,,,,"Terror",0,,,,
2432,tt1695388,2018-07-11,2018-07-11,,"Luna","Luna",https://www.imdb.com/title/tt1695388/,Película,6.6,106,2014,"Drama, Fantasía",345,2014-10-11,"Dave McKean",,
2433,tt2196844,2018-07-11,2018-07-11,,"American Burger","American Burger",https://www.imdb.com/title/tt2196844/,Película,4.6,78,2014,"Comedia, Terror",585,2014-10-17,"Johan Bromander, Bonita Drake",,
2434,tt7547158,2018-07-11,2018-07-11,,"Gôsuto sukuwaddo","Gôsuto sukuwaddo",https://www.imdb.com/title/tt7547158/,Película,4.7,106,2018,"Acción, Comedia, Terror",559,2018-03-03,"Noboru Iguchi",,
2435,tt8356008,2018-07-11,2018-07-11,,"Corazón","Corazón",https://www.imdb.com/title/tt8356008/,Película,6.8,49,2018,"Biografía, Drama",565,2018-04-04,"John Hillcoat",,
2436,tt3759432,2018-07-11,2018-07-11,,"Villorrio del Caudillo","Villorrio del Caudillo",https://www.imdb.com/title/tt3759432/,Película,4.5,,2014,"Acción",14,2014-03-25,"Alan Arias, Alberto Vivó",,
2437,tt0094077,2018-07-11,2018-07-11,,"Los surfistas nazis deben morir","Surf Nazis Must Die",https://www.imdb.com/title/tt0094077/,Película,3.8,83,1987,"Acción, Comedia, Drama, Terror, Ciencia ficción",6509,1987-07-03,"Peter George",,
2438,tt3201640,2018-07-12,2018-07-12,,"Extinción","Extinction",https://www.imdb.com/title/tt3201640/,Película,5.8,95,2018,"Acción, Drama, Ciencia ficción, Suspense",62905,2018-07-27,"Ben Young",,
2439,tt0107664,2018-07-14,2018-07-14,,"Necronomicon","Necronomicon",https://www.imdb.com/title/tt0107664/,Película,5.9,96,1993,"Terror",7714,1994-07-29,"Christophe Gans, Shūsuke Kaneko, Brian Yuzna",,
2440,tt0116075,2018-07-14,2018-07-14,,"El dentista","The Dentist",https://www.imdb.com/title/tt0116075/,Película,5.4,92,1996,"Terror, Suspense",11645,1996-10-18,"Brian Yuzna",,
2441,tt0161492,2018-07-14,2018-07-14,,"El dentista 2","The Dentist 2",https://www.imdb.com/title/tt0161492/,Película,4.8,100,1998,"Terror, Suspense",4784,1999-01,"Brian Yuzna",,
2442,tt6518270,2018-07-18,2018-07-18,,"An Evening with Beverly Luff Linn","An Evening with Beverly Luff Linn",https://www.imdb.com/title/tt6518270/,Película,5.8,108,2018,"Comedia, Crimen",7260,2018-10-19,"Jim Hosking",,
2443,tt0353489,2018-07-19,2018-07-19,,"Ginger Snaps II: Los malditos","Ginger Snaps: Unleashed",https://www.imdb.com/title/tt0353489/,Película,6.3,94,2004,"Terror, Suspense",16818,2004-01-30,"Brett Sullivan",,
2444,tt0365265,2018-07-19,2018-07-19,,"Ginger Snaps III: El origen","Ginger Snaps Back: The Beginning",https://www.imdb.com/title/tt0365265/,Película,5.8,94,2004,"Drama, Terror, Suspense",12659,2004-08-27,"Grant Harvey",,
2445,tt0437086,2018-07-24,2018-07-24,,"Alita: Ángel de combate","Alita: Battle Angel",https://www.imdb.com/title/tt0437086/,Película,7.3,122,2019,"Acción, Aventura, Ciencia ficción, Suspense",327020,2019-02-15,"Robert Rodriguez",,
2446,tt0060701,2018-07-28,2018-07-28,,"Miss Muerte","Miss Muerte",https://www.imdb.com/title/tt0060701/,Película,6.6,86,1966,"Terror, Ciencia ficción",1411,1967-11-22,"Jesús Franco",,
2447,tt0058563,2018-07-28,2018-07-28,,"El secreto del Dr. Orloff","El secreto del Dr. Orloff",https://www.imdb.com/title/tt0058563/,Película,5.4,99,1964,"Terror, Ciencia ficción",714,1964-01-01,"Jesús Franco",,
2448,tt0062032,2018-07-28,2018-07-28,,"Necronomicón","Necronomicon - Geträumte Sünden",https://www.imdb.com/title/tt0062032/,Película,5.2,84,1968,"Terror, Misterio, Suspense",1446,1968-04-19,"Jesús Franco",,
2449,tt1948190,2018-07-31,2018-07-31,,"The Red Virgin","The Red Virgin",https://www.imdb.com/title/tt1948190/,Corto,6.9,17,2011,"Corto, Drama",225,2012-04-22,"Sheila Pye",,
2450,tt5160938,2018-08-06,2018-08-06,,"El asesinato de la familia Borden (Lizzie)","Lizzie",https://www.imdb.com/title/tt5160938/,Película,5.9,105,2018,"Biografía, Crimen, Drama, Misterio, Suspense",10564,2018-09-14,"Craig William Macneill",,
2451,tt0080139,2018-08-06,2018-08-06,,"Muertes de invierno","Winter Kills",https://www.imdb.com/title/tt0080139/,Película,6.2,97,1979,"Comedia, Drama, Misterio, Suspense",4430,1979-05-11,"William Richert",,
2452,tt7298400,2018-08-07,2018-08-07,,"La ceniza es el blanco más puro","Jiang hu er nü",https://www.imdb.com/title/tt7298400/,Película,7.0,136,2018,"Crimen, Drama, Romance",11676,2018-09-21,"Zhangke Jia",,
2453,tt6169694,2018-08-08,2018-08-08,,"¿Estamos solos?","I Think We're Alone Now",https://www.imdb.com/title/tt6169694/,Película,5.8,99,2018,"Drama, Misterio, Ciencia ficción",14750,2021-05-11,"Reed Morano",,
2454,tt0078330,2018-08-08,2018-08-08,,"Las dos caras de Julia","Stranger in Our House",https://www.imdb.com/title/tt0078330/,Película de TV,5.5,98,1978,"Terror, Suspense",3679,1978-10-31,"Wes Craven",,
2455,tt0090917,2018-08-08,2018-08-08,,"Amiga mortal","Deadly Friend",https://www.imdb.com/title/tt0090917/,Película,5.6,91,1986,"Drama, Terror, Ciencia ficción, Suspense",9985,1987-11-27,"Wes Craven",,
2456,tt0079946,2018-08-09,2018-08-09,,"Star Crash, choque de galaxias","Starcrash",https://www.imdb.com/title/tt0079946/,Película,4.0,92,1978,"Acción, Aventura, Ciencia ficción",8965,1979-03-30,"Luigi Cozzi",,
2457,tt8201714,2018-08-10,2018-08-10,,"Casandra","Casandra",https://www.imdb.com/title/tt8201714/,Película,,90,,"Suspense",0,,"Lucio A. Rojas",,
2458,tt0085416,2018-08-14,2018-08-14,,"The Dark Side to Love","The Dark Side to Love",https://www.imdb.com/title/tt0085416/,Película,5.6,90,1984,"Aventura, Comedia, Romance, Suspense",312,1984,"John Carr",,
2459,tt0080040,2018-08-14,2018-08-14,,"Trampa para turistas","Tourist Trap",https://www.imdb.com/title/tt0080040/,Película,6.0,90,1979,"Terror",15275,1979-03-16,"David Schmoeller",,
2460,tt0072869,2018-08-14,2018-08-14,,"La lluvia del diablo","The Devil's Rain",https://www.imdb.com/title/tt0072869/,Película,5.1,86,1975,"Terror",5735,1979-12-05,"Robert Fuest",,
2461,tt0100827,2018-08-16,2018-08-16,,"Los ojos del diablo","Due occhi diabolici",https://www.imdb.com/title/tt0100827/,Película,6.1,120,1990,"Terror",9228,1990-11-09,"Dario Argento, George A. Romero",,
2462,tt5314450,2018-08-16,2018-08-16,,"Burden","Burden",https://www.imdb.com/title/tt5314450/,Película,6.7,117,2018,"Biografía, Drama, Historia",4491,2021-05-01,"Andrew Heckler",,
2463,tt0067958,2018-08-21,2018-08-21,,"Los misterios del organismo","W.R. - Misterije organizma",https://www.imdb.com/title/tt0067958/,Película,6.6,84,1971,"Comedia, Drama, Fantasía",5849,1971-05-10,"Dušan Makavejev",,
2464,tt0064576,2018-08-22,2018-08-22,,"Risa en la oscuridad","Laughter in the Dark",https://www.imdb.com/title/tt0064576/,Película,6.0,104,1969,"Drama",282,1969-08-28,"Tony Richardson",,
2465,tt0055506,2018-08-22,2018-08-22,,"Un sabor a miel","A Taste of Honey",https://www.imdb.com/title/tt0055506/,Película,7.4,101,1961,"Drama",7046,1961-10-01,"Tony Richardson",,
2466,tt0063026,2018-08-23,2018-08-23,,"Goto, isla del amor","Goto, l'île d'amour",https://www.imdb.com/title/tt0063026/,Película,6.5,93,1969,"Drama",1088,1969-01-29,"Walerian Borowczyk",,
2467,tt1226837,2018-08-27,2018-08-27,,"Beautiful boy, siempre serás mi hijo","Beautiful Boy",https://www.imdb.com/title/tt1226837/,Película,7.4,120,2018,"Biografía, Drama",132411,2019-03-15,"Felix van Groeningen",,
2468,tt0368774,2018-08-27,2018-08-27,,"El corazón es mentiroso","The Heart Is Deceitful Above All Things",https://www.imdb.com/title/tt0368774/,Película,6.2,98,2004,"Drama",7605,2005-01-19,"Asia Argento",,
2469,tt0062113,2018-09-03,2018-09-03,,"Peppermint frappé","Peppermint Frappé",https://www.imdb.com/title/tt0062113/,Película,7.1,94,1967,"Drama, Suspense",2228,1968-07-01,"Carlos Saura",,
2470,tt0060223,2018-09-03,2018-09-03,,"La caza","La caza",https://www.imdb.com/title/tt0060223/,Película,7.5,83,1966,"Drama, Suspense",2724,1970-09-23,"Carlos Saura",,
2471,tt0068207,2018-09-03,2018-09-03,,"Ana y los lobos","Ana y los lobos",https://www.imdb.com/title/tt0068207/,Película,7.2,100,1973,"Drama",2224,1973-05-20,"Carlos Saura",,
2472,tt7074886,2018-09-04,2018-09-04,,"El candidato","The Front Runner",https://www.imdb.com/title/tt7074886/,Película,6.1,113,2018,"Biografía, Drama, Historia, Misterio",15144,2018-11-21,"Jason Reitman",,
2473,tt6186696,2018-09-04,2018-09-04,,"La mujer más asesinada del mundo","La Femme la plus assassinée du monde",https://www.imdb.com/title/tt6186696/,Película,5.4,102,2018,"Biografía, Drama, Misterio, Suspense",1261,2018-09-07,"Franck Ribière",,
2474,tt6412452,2018-09-04,2018-09-04,,"La balada de Buster Scruggs","The Ballad of Buster Scruggs",https://www.imdb.com/title/tt6412452/,Película,7.2,133,2018,"Comedia, Drama, Musical, Misterio, Del oeste",186758,2018-11-16,"Ethan Coen, Joel Coen",,
2475,tt0060049,2018-09-06,2018-09-06,,"Cinco tumbas para un medium","5 tombe per un medium",https://www.imdb.com/title/tt0060049/,Película,5.5,87,1965,"Terror",1448,1965-06-23,"Massimo Pupillo",,
2476,tt0058333,2018-09-07,2018-09-07,,"La máscara de la muerte roja","The Masque of the Red Death",https://www.imdb.com/title/tt0058333/,Película,6.9,89,1964,"Drama, Terror",18593,1964-10-30,"Roger Corman",,
2477,tt0053041,2018-09-07,2018-09-07,,"El hombre que podía engañar a la muerte","The Man Who Could Cheat Death",https://www.imdb.com/title/tt0053041/,Película,6.3,83,1959,"Drama, Terror, Ciencia ficción",2954,1960-05,"Terence Fisher",,
2478,tt0053085,2018-09-07,2018-09-07,,"La momia","The Mummy",https://www.imdb.com/title/tt0053085/,Película,6.6,86,1959,"Aventura, Terror",12956,1959-09-25,"Terence Fisher",,
2479,tt0065738,2018-09-07,2018-09-07,,"El cerebro de Frankenstein","Frankenstein Must Be Destroyed",https://www.imdb.com/title/tt0065738/,Película,6.7,97,1969,"Drama, Terror, Ciencia ficción",6026,1970-09-14,"Terence Fisher",,
2480,tt0073233,2018-09-07,2018-09-07,,"Una novia llamada Katy Tippel","Keetje Tippel",https://www.imdb.com/title/tt0073233/,Película,6.7,100,1975,"Drama",2959,1975-03-06,"Paul Verhoeven",,
2481,tt0071519,2018-09-10,2018-09-10,,"Frankenstein y el monstruo del infierno","Frankenstein and the Monster from Hell",https://www.imdb.com/title/tt0071519/,Película,6.2,95,1974,"Terror, Ciencia ficción",5158,1974-05-12,"Terence Fisher",,
2482,tt2250234,2018-09-10,2018-09-10,,"SAGA - Curse of the Shadow","SAGA - Curse of the Shadow",https://www.imdb.com/title/tt2250234/,Película,4.9,111,2013,"Acción, Aventura, Fantasía",3816,2013-12-12,"John Lyde",,
2483,tt1734582,2018-09-10,2018-09-10,,"Dawn of the Dragonslayer","Dawn of the Dragonslayer",https://www.imdb.com/title/tt1734582/,Película,4.3,97,2011,"Acción, Aventura, Fantasía",2112,2011-09-25,"Anne K. Black",,
2484,tt0105618,2018-09-10,2018-09-10,,"Le tombeau d'Alexandre","Le tombeau d'Alexandre",https://www.imdb.com/title/tt0105618/,Película,7.8,120,1993,"Documental, Biografía, Historia",783,1994-10-21,"Chris Marker",,
2485,tt0057993,2018-09-10,2018-09-10,,"Danza macabra","Danza macabra",https://www.imdb.com/title/tt0057993/,Película,6.8,87,1964,"Terror",3530,1964-02-27,"Antonio Margheriti, Sergio Corbucci",,
2486,tt0060097,2018-09-12,2018-09-12,,"Amantes de ultratumba","Amanti d'oltretomba",https://www.imdb.com/title/tt0060097/,Película,5.7,105,1965,"Terror",3053,1966-06-05,"Mario Caiano",,
2487,tt4411234,2018-09-13,2018-09-13,,"La última porción","Slice",https://www.imdb.com/title/tt4411234/,Película,4.6,83,2018,"Comedia, Crimen, Fantasía, Terror",4361,2018-09-11,"Austin Vesely",,
2488,tt0018526,2018-09-13,2018-09-13,,"La ley del hampa","Underworld",https://www.imdb.com/title/tt0018526/,Película,7.5,80,1927,"Crimen, Drama, Cine negro, Romance",3951,1927-10-29,"Josef von Sternberg, Arthur Rosson",,
2489,tt0021576,2018-09-14,2018-09-14,,"A propósito de Niza","À propos de Nice",https://www.imdb.com/title/tt0021576/,Corto,7.3,24,1930,"Documental, Corto, Comedia",5024,1930-05-28,"Boris Kaufman, Jean Vigo",,
2490,tt3348730,2018-09-17,2018-09-17,,"Saw VIII","Jigsaw",https://www.imdb.com/title/tt3348730/,Película,5.7,92,2017,"Crimen, Drama, Terror, Misterio, Suspense",104270,2017-11-23,"Michael Spierig, Peter Spierig",,
2491,tt6521776,2018-09-17,2018-09-17,,"Open 24 Hours","Open 24 Hours",https://www.imdb.com/title/tt6521776/,Película,5.5,102,2018,"Terror",6258,2020-11-16,"Padraig Reynolds",,
2492,tt4288674,2018-09-17,2018-09-17,,"It Came from the Desert","It Came from the Desert",https://www.imdb.com/title/tt4288674/,Película,4.3,90,2017,"Acción, Aventura, Comedia, Terror, Ciencia ficción, Suspense",2082,2018-09-07,"Marko Mäkilaakso",,
2493,tt3624446,2018-09-19,2018-09-19,,"Carnívoros","Carnívoros",https://www.imdb.com/title/tt3624446/,Película,4.3,70,2013,"Comedia, Terror",96,2013-09-15,"Manolito Motosierra",,
2494,tt0058307,2018-09-19,2018-09-19,,"Los largos cabellos de la muerte","I lunghi capelli della morte",https://www.imdb.com/title/tt0058307/,Película,6.2,96,1964,"Fantasía, Terror",2228,1964-12-30,"Antonio Margheriti",,
2495,tt1999890,2018-09-28,2018-09-28,,"Hell Fest","Hell Fest",https://www.imdb.com/title/tt1999890/,Película,5.5,89,2018,"Terror, Misterio, Suspense",21785,2018-09-28,"Gregory Plotkin",,
2496,tt0098486,2018-10-01,2018-10-01,,"El rey de la muerte","Der Todesking",https://www.imdb.com/title/tt0098486/,Película,6.3,75,1990,"Drama, Terror",3237,1990-01-25,"Jörg Buttgereit",,
2497,tt0119237,2018-10-01,2018-10-01,,"Gummo","Gummo",https://www.imdb.com/title/tt0119237/,Película,6.6,89,1997,"Comedia, Drama",42361,1998-01-19,"Harmony Korine",,
2498,tt1488163,2018-10-01,2018-10-01,,"Trash Humpers","Trash Humpers",https://www.imdb.com/title/tt1488163/,Película,4.9,78,2009,"Comedia, Drama, Terror",6026,2011-04-14,"Harmony Korine",,
2499,tt4218572,2018-10-01,2018-10-01,,"Viudas","Widows",https://www.imdb.com/title/tt4218572/,Película,6.8,129,2018,"Crimen, Drama, Suspense",109762,2018-11-30,"Steve McQueen",,
2500,tt0104518,2018-10-04,2018-10-04,,"Obsesión íntima","Intimate Obsession",https://www.imdb.com/title/tt0104518/,Película,3.9,91,1992,"Romance, Suspense",298,1992,"Lawrence Lanoff",,
2501,tt0074650,2018-10-04,2018-10-04,,"How much Wood would a Woodchuck chuck... - Beobachtungen zu einer neuen Sprache","How much Wood would a Woodchuck chuck... - Beobachtungen zu einer neuen Sprache",https://www.imdb.com/title/tt0074650/,Película de TV,6.3,44,1976,"Documental",1531,1976-09,"Werner Herzog",,
2502,tt4677924,2018-10-04,2018-10-04,,"Woodshock","Woodshock",https://www.imdb.com/title/tt4677924/,Película,4.2,100,2017,"Drama, Fantasía, Misterio, Suspense",2605,2017-11-08,"Kate Mulleavy, Laura Mulleavy",,
2503,tt6852872,2018-10-06,2018-10-06,,"Elizabeth Harvest","Elizabeth Harvest",https://www.imdb.com/title/tt6852872/,Película,5.8,108,2018,"Terror, Ciencia ficción, Suspense",10616,2018-08-10,"Sebastian Gutierrez",,
2504,tt6623390,2018-10-16,2018-10-16,,"The House of Violent Desire","The House of Violent Desire",https://www.imdb.com/title/tt6623390/,Película,3.3,117,2018,"Terror, Misterio, Suspense",369,2018-10-05,"Charlie Steeds",,
2505,tt0022462,2018-10-16,2018-10-16,,"Taris","Taris, roi de l'eau",https://www.imdb.com/title/tt0022462/,Corto,6.7,10,1931,"Documental, Corto, Deporte",2715,1931-01-01,"Jean Vigo",,
2506,tt7137380,2018-10-18,2018-10-18,,"Destroyer. Una mujer herida","Destroyer",https://www.imdb.com/title/tt7137380/,Película,6.2,121,2018,"Acción, Crimen, Drama, Misterio, Suspense",34062,2019-02-22,"Karyn Kusama",,
2507,tt0077711,2018-10-19,2018-10-19,,"Sonata de otoño","Höstsonaten",https://www.imdb.com/title/tt0077711/,Película,8.1,99,1978,"Drama, Música",43278,1979-03-05,"Ingmar Bergman",,
2508,tt0080554,2018-10-20,2018-10-20,,"Colegas","Colegas",https://www.imdb.com/title/tt0080554/,Película,6.5,98,1982,"Comedia, Crimen, Drama",919,1982-10-25,"Eloy de la Iglesia",,
2509,tt0048937,2018-10-21,2018-10-21,,"Alejandro el Magno","Alexander the Great",https://www.imdb.com/title/tt0048937/,Película,5.8,143,1956,"Biografía, Drama, Historia, Bélico",4715,1956-03-23,"Robert Rossen",,
2510,tt3725284,2018-10-22,2018-10-22,,"Mientras no estás","Sitter Cam",https://www.imdb.com/title/tt3725284/,Película de TV,5.4,100,2014,"Drama, Misterio, Suspense",2159,2014-12-28,"Nancy Leopardi",,
2511,tt0081547,2018-10-22,2018-10-22,,"Vivir a tope","Spetters",https://www.imdb.com/title/tt0081547/,Película,6.7,120,1980,"Drama, Romance, Deporte",6431,1980-02-28,"Paul Verhoeven",,
2512,tt1610996,2018-10-27,2018-10-27,,"Absentia","Absentia",https://www.imdb.com/title/tt1610996/,Película,5.8,87,2011,"Drama, Terror, Misterio",21971,2013-04-11,"Mike Flanagan",,
2513,tt7082742,2018-10-27,2018-10-27,,"Muscle","Muscle",https://www.imdb.com/title/tt7082742/,Película,6.1,110,2019,"Suspense",1053,2020-12-04,"Gerard Johnson",,
2514,tt0098320,2018-10-27,2018-10-27,,"Shocker, 100.000 voltios de terror","Shocker",https://www.imdb.com/title/tt0098320/,Película,5.5,109,1989,"Comedia, Terror, Suspense",19497,1990-10-24,"Wes Craven",,
2515,tt0082422,2018-11-11,2018-11-11,,"Los frutos de la pasión","Les fruits de la passion",https://www.imdb.com/title/tt0082422/,Película,5.3,79,1981,"Drama",2295,1981-06-03,"Shūji Terayama",,
2516,tt0087472,2018-11-12,2018-11-12,,"La iniciación","The Initiation",https://www.imdb.com/title/tt0087472/,Película,5.6,97,1984,"Terror, Misterio, Suspense",5184,1984-12-07,"Larry Stewart, Peter Crane",,
2517,tt6917210,2018-11-15,2018-11-15,,"Buffalo Boys","Buffalo Boys",https://www.imdb.com/title/tt6917210/,Película,5.7,102,2018,"Acción, Drama, Historia, Suspense",1394,2018-07-19,"Mike Wiluan",,
2518,tt7076834,2018-11-16,2018-11-16,,"Los hijos de Satán (Satan's slaves)","Pengabdi Setan",https://www.imdb.com/title/tt7076834/,Película,6.5,107,2017,"Drama, Terror, Misterio",13916,2018-11-13,"Joko Anwar",,
2519,tt6116856,2018-11-19,2018-11-19,,"The Night Comes for Us","The Night Comes for Us",https://www.imdb.com/title/tt6116856/,Película,6.9,121,2018,"Acción, Crimen, Suspense",33562,2018-10-19,"Timo Tjahjanto",,
2520,tt0192194,2018-11-20,2018-11-20,,"Julien Donkey-Boy","Julien Donkey-Boy",https://www.imdb.com/title/tt0192194/,Película,6.7,94,1999,"Comedia, Drama",8314,2002-02-15,"Harmony Korine",,
2521,tt3089630,2018-11-28,2018-11-28,,"Artemis Fowl","Artemis Fowl",https://www.imdb.com/title/tt3089630/,Película,4.3,95,2020,"Aventura, Familiar, Fantasía, Ciencia ficción",31935,2020-06-12,"Kenneth Branagh",,
2522,tt5960374,2018-11-29,2018-11-29,,"Vox Lux: el precio de la fama","Vox Lux",https://www.imdb.com/title/tt5960374/,Película,5.9,114,2018,"Drama, Música",21586,2018-12-20,"Brady Corbet",,
2523,tt0069792,2018-11-29,2018-11-29,,"El padrino de Harlem","Black Caesar",https://www.imdb.com/title/tt0069792/,Película,6.4,87,1973,"Acción, Crimen, Drama, Suspense",4555,1973-02-07,"Larry Cohen",,
2524,tt0072747,2018-11-29,2018-11-29,,"Bucktown","Bucktown",https://www.imdb.com/title/tt0072747/,Película,6.2,94,1975,"Acción, Crimen, Drama",1985,1975-07-02,"Arthur Marks",,
2525,tt0065579,2018-11-29,2018-11-29,,"Algodón en Harlem","Cotton Comes to Harlem",https://www.imdb.com/title/tt0065579/,Película,6.5,97,1970,"Acción, Comedia, Crimen",3269,1970-05-27,"Ossie Davis",,
2526,tt0061065,2018-11-29,2018-11-29,,"La cara de otro","Tanin no kao",https://www.imdb.com/title/tt0061065/,Película,7.8,122,1966,"Drama, Ciencia ficción, Suspense",12298,1966-07-15,"Hiroshi Teshigahara",,
2527,tt5734576,2018-11-30,2018-11-30,,"Cadáver","The Possession of Hannah Grace",https://www.imdb.com/title/tt5734576/,Película,5.3,86,2018,"Terror, Misterio, Suspense",29786,2018-11-30,"Diederik Van Rooijen",,
2528,tt7476438,2018-12-03,2018-12-03,,"14 Cameras","14 Cameras",https://www.imdb.com/title/tt7476438/,Película,4.7,90,2018,"Crimen, Terror, Suspense",3854,2018-07-27,"Seth Fuller, Scott Hussion",,
2529,tt2395271,2018-12-03,2018-12-03,,"Juan y Vanesa","Juan y Vanesa",https://www.imdb.com/title/tt2395271/,Película,4.0,97,2018,"Drama",55,2019-01-25,"Ianis Guerrero",,
2530,tt0063611,2018-12-03,2018-12-03,,"La vergüenza","Skammen",https://www.imdb.com/title/tt0063611/,Película,8.0,103,1968,"Drama",16664,1968-09-29,"Ingmar Bergman",,
2531,tt0020475,2018-12-11,2018-12-11,,"Tres páginas de un diario","Tagebuch einer Verlorenen",https://www.imdb.com/title/tt0020475/,Película,7.8,104,1929,"Drama",5246,1930-04-11,"Georg Wilhelm Pabst",,
2532,tt0061912,2018-12-13,2018-12-13,,"La tragedia de una empleada de teléfonos","Ljubavni slucaj ili tragedija sluzbenice P.T.T.",https://www.imdb.com/title/tt0061912/,Película,7.3,79,1967,"Comedia, Drama, Romance",2173,1967-11-08,"Dušan Makavejev",,
2533,tt8075192,2018-12-14,2018-12-14,,"Un asunto de familia","Manbiki kazoku",https://www.imdb.com/title/tt8075192/,Película,7.9,121,2018,"Crimen, Drama, Suspense",96527,2018-12-21,"Hirokazu Koreeda",,
2534,tt1389098,2018-12-17,2018-12-17,,"Mapplethorpe","Mapplethorpe",https://www.imdb.com/title/tt1389098/,Película,6.2,102,2018,"Biografía, Drama",2235,2020-02-01,"Ondi Timoner",,
2535,tt2274648,2018-12-20,2018-12-20,,"Hellboy","Hellboy",https://www.imdb.com/title/tt2274648/,Película,5.3,120,2019,"Acción, Aventura, Fantasía, Terror, Ciencia ficción, Suspense",108375,2019-05-17,"Neil Marshall",,
2536,tt0067361,2018-12-20,2018-12-20,,"Una lagartija con piel de mujer","Una lucertola con la pelle di donna",https://www.imdb.com/title/tt0067361/,Película,6.8,89,1971,"Drama, Misterio, Suspense",6690,1971-10-15,"Lucio Fulci",,
2537,tt3720788,2018-12-26,2018-12-26,,"La desaparición de Eleanor Rigby: Ella","The Disappearance of Eleanor Rigby: Her",https://www.imdb.com/title/tt3720788/,Película,6.8,100,2013,"Drama, Romance",10167,2015-03-18,"Ned Benson",,
2538,tt0079517,2018-12-26,2018-12-26,,"Mamá cumple 100 años","Mamá cumple 100 años",https://www.imdb.com/title/tt0079517/,Película,7.1,98,1979,"Comedia, Drama, Fantasía",1494,1979-11-07,"Carlos Saura",,
2539,tt0063032,2018-12-28,2018-12-28,,"El gran silencio","Il grande silenzio",https://www.imdb.com/title/tt0063032/,Película,7.7,105,1968,"Drama, Del oeste",20801,1969-01-27,"Sergio Corbucci",,
2540,tt0093113,2018-12-28,2018-12-28,,"El regreso de un héroe","Django 2 - Il grande ritorno",https://www.imdb.com/title/tt0093113/,Película,5.3,88,1987,"Acción, Drama, Del oeste",1489,1987-12-08,"Nello Rossati",,
2541,tt0062151,2018-12-28,2018-12-28,,"El clan de los ahorcados","Preparati la bara!",https://www.imdb.com/title/tt0062151/,Película,6.3,92,1968,"Acción, Drama, Del oeste",3585,1968-01-27,"Ferdinando Baldi",,
2542,tt0066516,2019-01-03,2019-01-03,,"Valerie y su Semana de las Maravillas","Valerie a týden divu",https://www.imdb.com/title/tt0066516/,Película,7.0,77,1970,"Aventura, Drama, Fantasía, Terror",13763,1970-10-16,"Jaromil Jireš",,
2543,tt0081677,2019-01-04,2019-01-04,,"Tiburón 3","L'ultimo squalo",https://www.imdb.com/title/tt0081677/,Película,4.3,82,1981,"Terror",3574,1981-04-02,"Enzo G. Castellari",,
2544,tt6748466,2019-01-04,2019-01-04,,"Silvio (y los otros)","Loro 1",https://www.imdb.com/title/tt6748466/,Película,6.7,104,2018,"Biografía, Drama",5619,2019-01-04,"Paolo Sorrentino",,
2545,tt8335880,2019-01-04,2019-01-04,,"Silvio (y los otros)","Loro 2",https://www.imdb.com/title/tt8335880/,Película,7.0,100,2018,"Biografía",3216,2018-05-10,"Paolo Sorrentino",,
2546,tt4669296,2019-01-08,2019-01-08,,"Señores del caos","Lords of Chaos",https://www.imdb.com/title/tt4669296/,Película,6.6,118,2018,"Biografía, Drama, Terror, Música, Suspense",22860,2019-06-12,"Jonas Åkerlund",,
2547,tt5886046,2019-01-09,2019-01-09,,"Escape Room","Escape Room",https://www.imdb.com/title/tt5886046/,Película,6.4,99,2019,"Acción, Aventura, Terror, Misterio, Ciencia ficción, Suspense",162073,2019-03-15,"Adam Robitel",,
2548,tt7254808,2019-01-10,2019-01-10,,"Alien Crystal Palace","Alien Crystal Palace",https://www.imdb.com/title/tt7254808/,Película,2.7,97,2018,"Fantasía, Música, Misterio, Suspense",270,2019-01-23,"Arielle Dombasle",,
2549,tt0080440,2019-01-16,2019-01-16,,"El gato negro","Gatto nero",https://www.imdb.com/title/tt0080440/,Película,5.8,92,1981,"Terror",4870,1981-04-04,"Lucio Fulci",,
2550,tt0077236,2019-01-23,2019-01-23,,"Bilbao","Bilbao",https://www.imdb.com/title/tt0077236/,Película,6.2,89,1978,"Drama, Suspense",742,1981-07-31,"Bigas Luna",,
2551,tt0076734,2019-01-24,2019-01-24,,"Eric, oficial de la reina","Soldaat van Oranje",https://www.imdb.com/title/tt0076734/,Película,7.6,103,1977,"Drama, Romance, Suspense, Bélico",13629,1977-09-22,"Paul Verhoeven",,
2552,tt0083630,2019-01-25,2019-01-25,,"El señor de las bestias","The Beastmaster",https://www.imdb.com/title/tt0083630/,Película,6.2,118,1982,"Acción, Aventura, Fantasía",27611,1982-12-03,"Don Coscarelli",,
2553,tt0085811,2019-01-25,2019-01-25,,"Krull","Krull",https://www.imdb.com/title/tt0085811/,Película,6.1,116,1983,"Acción, Aventura, Fantasía, Ciencia ficción",39795,1984-04-09,"Peter Yates",,
2554,tt0036506,2019-01-25,2019-01-25,,"Dies irae","Vredens dag",https://www.imdb.com/title/tt0036506/,Película,8.0,97,1943,"Drama, Historia",12181,1943-11-13,"Carl Theodor Dreyer",,
2555,tt0084298,2019-01-28,2019-01-28,,"Manhattan Baby","Manhattan Baby",https://www.imdb.com/title/tt0084298/,Película,4.9,89,1982,"Terror",3782,1983-05-09,"Lucio Fulci",,
2556,tt5147214,2019-01-31,2019-01-31,,"Headshot","Headshot",https://www.imdb.com/title/tt5147214/,Película,6.3,118,2016,"Acción, Crimen, Drama, Suspense",17630,2016-12-08,"Kimo Stamboel, Timo Tjahjanto",,
2557,tt0092516,2019-02-01,2019-02-01,,"Internado diabólico (Aenigma)","Aenigma",https://www.imdb.com/title/tt0092516/,Película,5.1,90,1987,"Terror, Misterio, Romance, Suspense",3894,1988-09-01,"Lucio Fulci",,
2558,tt0062741,2019-02-06,2019-02-06,,"Fu Manchú y el beso de la muerte","The Blood of Fu Manchu",https://www.imdb.com/title/tt0062741/,Película,4.3,92,1968,"Aventura, Crimen",1707,1970-03-16,"Jesús Franco",,
2559,tt0060188,2019-02-06,2019-02-06,,"Las novias de Fu-Manchú","The Brides of Fu Manchu",https://www.imdb.com/title/tt0060188/,Película,5.5,94,1966,"Aventura, Crimen",1540,1966-12-16,"Don Sharp",,
2560,tt0065569,2019-02-06,2019-02-06,,"El conde Drácula","Nachts, wenn Dracula erwacht",https://www.imdb.com/title/tt0065569/,Película,5.6,98,1970,"Drama, Terror",4678,1973-07,"Jesús Franco",,
2561,tt0099701,2019-02-07,2019-02-07,,"La grieta","The Rift",https://www.imdb.com/title/tt0099701/,Película,4.7,83,1990,"Acción, Aventura, Terror, Misterio, Ciencia ficción, Suspense",3517,1990-07-26,"Juan Piquer Simón",,
2562,tt0094794,2019-02-07,2019-02-07,,"El cerebro","The Brain",https://www.imdb.com/title/tt0094794/,Película,5.2,94,1988,"Terror, Ciencia ficción",4217,1988-11-04,"Ed Hunt",,
2563,tt5628302,2019-02-08,2019-02-08,,"Beast","Beast",https://www.imdb.com/title/tt5628302/,Película,6.8,107,2017,"Crimen, Drama, Misterio, Romance, Suspense",18814,2018-04-27,"Michael Pearce",,
2564,tt0176185,2019-02-08,2019-02-08,,"The Story of O: Untold Pleasures","The Story of O: Untold Pleasures",https://www.imdb.com/title/tt0176185/,Película,4.3,98,2002,"Drama",362,2002-10-11,"Phil Leirness",,
2565,tt0093843,2019-02-11,2019-02-11,,"Control remoto","Remote Control",https://www.imdb.com/title/tt0093843/,Película,5.6,88,1988,"Comedia, Romance, Ciencia ficción, Suspense",1475,1988-04-07,"Jeff Lieberman",,
2566,tt0110632,2019-02-11,2019-02-11,,"Asesinos natos","Natural Born Killers",https://www.imdb.com/title/tt0110632/,Película,7.2,119,1994,"Crimen, Romance",269929,1994-10-21,"Oliver Stone",,
2567,tt0077474,2019-02-11,2019-02-11,,"Driver","The Driver",https://www.imdb.com/title/tt0077474/,Película,7.1,91,1978,"Acción, Crimen, Suspense",21983,1979-03-23,"Walter Hill",,
2568,tt8306938,2019-02-11,2019-02-11,,"Ultra pulpe","Ultra pulpe",https://www.imdb.com/title/tt8306938/,Corto,6.0,37,2018,"Corto, Fantasía, Terror",801,2018-08-15,"Bertrand Mandico",,
2569,tt6483364,2019-02-12,2019-02-12,,"Alcanzando tu sueño (Teen Spirit)","Teen Spirit",https://www.imdb.com/title/tt6483364/,Película,6.1,93,2018,"Drama, Música",10492,2019-04-19,"Max Minghella",,
2570,tt8998472,2019-02-12,2019-02-12,,"Igual eres el asesino","You Might Be the Killer",https://www.imdb.com/title/tt8998472/,Película,5.9,92,2018,"Comedia, Terror, Misterio, Suspense",7124,2018-12-04,"Brett Simmons",,
2571,tt0130905,2019-02-13,2019-02-13,,"Night of Fear","Night of Fear",https://www.imdb.com/title/tt0130905/,Película,5.5,54,1973,"Crimen, Terror, Suspense",930,1973-03-16,"Terry Bourke",,
2572,tt0089122,2019-02-13,2019-02-13,,"Acoso implacable","Fair Game",https://www.imdb.com/title/tt0089122/,Película,5.9,86,1986,"Acción, Aventura, Suspense",2201,1986-07-24,"Mario Andreacchio",,
2573,tt3361792,2019-02-13,2019-02-13,,"Tolkien","Tolkien",https://www.imdb.com/title/tt3361792/,Película,6.8,112,2019,"Biografía, Drama, Romance, Bélico",51891,2019-06-14,"Dome Karukoski",,
2574,tt5822712,2019-02-14,2019-02-14,,"La Matanza: El Final","Escape from Cannibal Farm",https://www.imdb.com/title/tt5822712/,Película,3.7,100,2017,"Terror",798,2018-09-24,"Charlie Steeds",,
2575,tt6408226,2019-02-14,2019-02-14,,"Newness","Newness",https://www.imdb.com/title/tt6408226/,Película,6.3,117,2017,"Drama, Romance",18694,2020-03-21,"Drake Doremus",,
2576,tt4351548,2019-02-15,2019-02-15,,"Bomb City","Bomb City",https://www.imdb.com/title/tt4351548/,Película,6.8,98,2017,"Crimen, Drama",9031,2019-02-15,"Jameson Brooks",,
2577,tt0076162,2019-02-18,2019-02-18,,"House","Hausu",https://www.imdb.com/title/tt0076162/,Película,7.2,88,1977,"Comedia, Terror",40369,1977-07-30,"Nobuhiko Ōbayashi",,
2578,tt0112288,2019-02-18,2019-02-18,,"The Addiction","The Addiction",https://www.imdb.com/title/tt0112288/,Película,6.5,82,1995,"Drama, Terror",13161,1997-03-31,"Abel Ferrara",,
2579,tt0393329,2019-02-18,2019-02-18,,"Go Go Tales","Go Go Tales",https://www.imdb.com/title/tt0393329/,Película,5.8,96,2007,"Comedia, Drama",1684,2008-06-20,"Abel Ferrara",,
2580,tt0115438,2019-02-18,2019-02-18,,"Dos días en el valle","2 Days in the Valley",https://www.imdb.com/title/tt0115438/,Película,6.5,104,1996,"Comedia, Crimen, Suspense",23076,1997-07-02,"John Herzfeld",,
2581,tt7603636,2019-02-18,2019-02-18,,"O Beautiful Night","O Beautiful Night",https://www.imdb.com/title/tt7603636/,Película,6.4,89,2019,"Comedia, Crimen, Drama",419,2019-06-20,"Xaver Böhm",,
2582,tt0063152,2019-02-18,2019-02-18,,"Te amo, te amo","Je t'aime, je t'aime",https://www.imdb.com/title/tt0063152/,Película,7.1,94,1968,"Drama, Ciencia ficción",3808,1968-04-24,"Alain Resnais",,
2583,tt2639336,2019-02-19,2019-02-19,,"La viuda","Greta",https://www.imdb.com/title/tt2639336/,Película,6.1,98,2018,"Drama, Misterio, Suspense",42370,2019-05-24,"Neil Jordan",,
2584,tt0091707,2019-02-22,2019-02-22,,"La lámpara","The Outing",https://www.imdb.com/title/tt0091707/,Película,5.1,87,1987,"Terror",2755,1987-11-21,"Tom Daley",,
2585,tt0082498,2019-02-26,2019-02-26,,"Cumpleaños mortal","Happy Birthday to Me",https://www.imdb.com/title/tt0082498/,Película,6.0,111,1981,"Terror, Misterio, Suspense",12652,1981-05-15,"J. Lee Thompson",,
2586,tt0081617,2019-02-26,2019-02-26,,"El tren del terror","Terror Train",https://www.imdb.com/title/tt0081617/,Película,5.8,97,1980,"Terror, Misterio, Suspense",15667,1980-10-10,"Roger Spottiswoode",,
2587,tt0059727,2019-02-26,2019-02-26,,"La maldición de la calavera","The Skull",https://www.imdb.com/title/tt0059727/,Película,6.2,83,1965,"Terror, Suspense",4287,1966-11-04,"Freddie Francis",,
2588,tt0062384,2019-02-26,2019-02-26,,"El jardín de las torturas","Torture Garden",https://www.imdb.com/title/tt0062384/,Película,6.2,93,1967,"Fantasía, Terror",3964,1967-11-10,"Freddie Francis",,
2589,tt0065854,2019-02-26,2019-02-26,,"La mansión de los crímenes","The House That Dripped Blood",https://www.imdb.com/title/tt0065854/,Película,6.5,102,1971,"Drama, Fantasía, Terror, Misterio, Suspense",8927,1971-02-21,"Peter Duffell",,
2590,tt0070078,2019-02-26,2019-02-26,,"Más allá de la tumba","From Beyond the Grave",https://www.imdb.com/title/tt0070078/,Película,6.6,94,1974,"Drama, Fantasía, Terror",6130,1974-02-23,"Kevin Connor",,
2591,tt2358836,2019-02-26,2019-02-26,,"¡Zarpazos! Un viaje por el Spanish Horror","¡Zarpazos! Un viaje por el Spanish Horror",https://www.imdb.com/title/tt2358836/,Película,6.1,63,2013,"Documental",131,2013-12-20,"Víctor Matellano",,
2592,tt8155288,2019-02-26,2019-02-26,,"Feliz día de tu muerte 2","Happy Death Day 2U",https://www.imdb.com/title/tt8155288/,Película,6.2,100,2019,"Comedia, Terror, Misterio, Ciencia ficción, Suspense",97299,2019-02-15,"Christopher Landon",,
2593,tt0338097,2019-03-04,2019-03-04,,"Juegos de mujer","Head in the Clouds",https://www.imdb.com/title/tt0338097/,Película,6.5,132,2004,"Drama, Romance, Bélico",16527,2005-10-12,"John Duigan",,
2594,tt0094850,2019-03-04,2019-03-04,,"Criaturas al acecho","Cellar Dweller",https://www.imdb.com/title/tt0094850/,Película,5.1,77,1987,"Fantasía, Terror",3882,1988-09-30,"John Carl Buechler",,
2595,tt0060903,2019-03-06,2019-03-06,,"El retorno de Ringo","Il ritorno di Ringo",https://www.imdb.com/title/tt0060903/,Película,6.7,104,1965,"Romance, Del oeste",2346,1965-12-08,"Duccio Tessari",,
2596,tt4058836,2019-03-07,2019-03-07,,"I Spit on Your Grave: Deja Vu","I Spit on Your Grave: Deja Vu",https://www.imdb.com/title/tt4058836/,Película,2.4,148,2019,"Terror, Suspense",4347,2019-04-23,"Meir Zarchi",,
2597,tt5069012,2019-03-08,2019-03-08,,"People that are not me","Anashim Shehem Lo Ani",https://www.imdb.com/title/tt5069012/,Película,6.3,80,2016,"Drama, Romance",449,2016-12-29,"Hadas Ben Aroya",,
2598,tt5630030,2019-03-18,2019-03-18,,"Shanda's River","Shanda's River",https://www.imdb.com/title/tt5630030/,Película,4.2,90,2018,"Terror, Suspense",484,2018-03-10,"Marco Rosson",,
2599,tt6920356,2019-03-19,2019-03-19,,"The Souvenir","The Souvenir",https://www.imdb.com/title/tt6920356/,Película,6.4,120,2019,"Drama, Romance",15780,2019-06-07,"Joanna Hogg",,
2600,tt5968394,2019-03-25,2019-03-25,,"Nación cautiva","Captive State",https://www.imdb.com/title/tt5968394/,Película,6.0,109,2019,"Ciencia ficción, Suspense",60780,2020-10-09,"Rupert Wyatt",,
2601,tt0122037,2019-03-25,2019-03-25,,"El foso de la muerte","The Dead Pit",https://www.imdb.com/title/tt0122037/,Película,5.3,95,1989,"Terror",3299,1991-01-18,"Brett Leonard",,
2602,tt0067511,2019-04-01,2019-04-01,,"Los fríos ojos del miedo","Gli occhi freddi della paura",https://www.imdb.com/title/tt0067511/,Película,5.4,81,1971,"Crimen, Drama, Terror, Misterio, Suspense",1175,1971-04-06,"Enzo G. Castellari",,
2603,tt0071508,2019-04-01,2019-04-01,,"Carne para Frankenstein","Flesh for Frankenstein",https://www.imdb.com/title/tt0071508/,Película,5.8,95,1973,"Terror, Ciencia ficción",7915,1976-12-07,"Paul Morrissey, Antonio Margheriti",,
2604,tt0066491,2019-04-01,2019-04-01,,"Tristana","Tristana",https://www.imdb.com/title/tt0066491/,Película,7.4,105,1970,"Drama",13967,1970-03-29,"Luis Buñuel",,
2605,tt0071233,2019-04-03,2019-04-03,,"Andy Warhol's Dracula (Sangre para Drácula)","Sangue per Dracula",https://www.imdb.com/title/tt0071233/,Película,6.1,103,1974,"Terror",7679,1974-11-06,"Paul Morrissey",,
2606,tt7374968,2019-04-10,2019-04-10,,"Likemeback","Likemeback",https://www.imdb.com/title/tt7374968/,Película,5.2,80,2018,"Drama",922,2019-03-28,"Leonardo Guerra Seràgnoli",,
2607,tt0062885,2019-04-25,2019-04-25,,"La novia del diablo","The Devil Rides Out",https://www.imdb.com/title/tt0062885/,Película,6.9,96,1968,"Terror",11744,1968-08,"Terence Fisher",,
2608,tt8805374,2019-04-28,2019-04-28,,"Las hijas del fuego","Las hijas del fuego",https://www.imdb.com/title/tt8805374/,Película,4.8,115,2018,"Drama",925,2019-02,"Albertina Carri",,
2609,tt5836316,2019-04-28,2019-04-28,,"La última gran estrella","Dog Years",https://www.imdb.com/title/tt5836316/,Película,7.0,94,2017,"Drama",5395,2018-03-30,"Adam Rifkin",,
2610,tt3106120,2019-04-30,2019-04-30,,"Los ojos del mal 2","See No Evil 2",https://www.imdb.com/title/tt3106120/,Vídeo,4.7,90,2014,"Acción, Terror, Suspense",8600,2014-10-21,"Jen Soska, Sylvia Soska",,
2611,tt0437179,2019-04-30,2019-04-30,,"Los ojos del mal","See No Evil",https://www.imdb.com/title/tt0437179/,Película,5.1,84,2006,"Acción, Terror, Suspense",31050,2007-09-07,"Gregory Dark",,
2612,tt0126527,2019-04-30,2019-04-30,,"Una noche para descuartizar","A Night to Dismember",https://www.imdb.com/title/tt0126527/,Película,3.5,69,1983,"Terror",941,1983,"Doris Wishman",,
2613,tt0061561,2019-04-30,2019-04-30,,"Indecent Desires","Indecent Desires",https://www.imdb.com/title/tt0061561/,Película,4.9,75,1968,"Drama, Fantasía",653,1968-04-17,"Doris Wishman",,
2614,tt9033304,2019-05-01,2019-05-01,,"MS Slavic 7","MS Slavic 7",https://www.imdb.com/title/tt9033304/,Película,5.4,64,2019,"Drama",370,2020-06-04,"Sofia Bohdanowicz, Deragh Campbell",,
2615,tt8287690,2019-05-01,2019-05-01,,"Génesis","Genèse",https://www.imdb.com/title/tt8287690/,Película,6.8,129,2018,"Drama",1562,2019-07-19,"Philippe Lesage",,
2616,tt0052016,2019-05-03,2019-05-03,,"Deseo desvanecido","Nusumareta yokujô",https://www.imdb.com/title/tt0052016/,Película,6.8,92,1958,"Comedia",745,1958-05-20,"Shōhei Imamura",,
2617,tt7807026,2019-05-06,2019-05-06,,"Tu hijo","Tu hijo",https://www.imdb.com/title/tt7807026/,Película,6.1,103,2018,"Drama",6186,2018-11-09,"Miguel Ángel Vivas",,
2618,tt0202114,2019-05-22,2019-05-22,,"Urufu gai: Moero ôkami-otoko","Urufu gai: Moero ôkami-otoko",https://www.imdb.com/title/tt0202114/,Película,6.3,86,1975,"Acción, Terror",1309,1975-04-05,"Kazuhiko Yamaguchi",,
2619,tt4068576,2019-05-23,2019-05-23,,"The Nightingale","The Nightingale",https://www.imdb.com/title/tt4068576/,Película,7.3,136,2018,"Aventura, Drama, Suspense, Del oeste",41431,2019-08-29,"Jennifer Kent",,
2620,tt2415458,2019-05-24,2019-05-24,,"The Wolfpack","The Wolfpack",https://www.imdb.com/title/tt2415458/,Película,7.0,90,2015,"Documental, Biografía",13926,2015-07-10,"Crystal Moselle",,
2621,tt5822564,2019-06-04,2019-06-04,,"La cocina del infierno","The Kitchen",https://www.imdb.com/title/tt5822564/,Película,5.6,102,2019,"Acción, Crimen, Drama",24358,2019-10-25,"Andrea Berloff",,
2622,tt2900496,2019-06-15,2019-06-15,,"Polly Perverse Strikes Again!","Polly Perverse Strikes Again!",https://www.imdb.com/title/tt2900496/,Vídeo,6.2,98,1986,"Comedia",21,2019-06-15,"Dan Sallitt",,
2623,tt1032889,2019-06-15,2019-06-15,,"Honeymoon","Honeymoon",https://www.imdb.com/title/tt1032889/,Película,7.3,90,1998,"Drama",84,2013-11-23,"Dan Sallitt",,
2624,tt0459175,2019-06-15,2019-06-15,,"All the Ships at Sea","All the Ships at Sea",https://www.imdb.com/title/tt0459175/,Película,7.2,64,2004,"Drama",108,2013-11-25,"Dan Sallitt",,
2625,tt2023765,2019-06-15,2019-06-15,,"The Unspeakable Act","The Unspeakable Act",https://www.imdb.com/title/tt2023765/,Película,5.8,91,2012,"Drama",704,2013-03-01,"Dan Sallitt",,
2626,tt6088456,2019-06-30,2019-06-30,,"Luna","Luna",https://www.imdb.com/title/tt6088456/,Película,6.4,93,2017,"Drama, Romance",334,2018-04-11,"Elsa Diringer",,
2627,tt7752126,2019-07-01,2019-07-01,,"El hijo","Brightburn",https://www.imdb.com/title/tt7752126/,Película,6.1,90,2019,"Drama, Fantasía, Terror, Misterio, Ciencia ficción",122689,2019-05-24,"David Yarovesky",,
2628,tt8663516,2019-07-01,2019-07-01,,"Muñeco diabólico (Child's Play)","Child's Play",https://www.imdb.com/title/tt8663516/,Película,5.7,90,2019,"Drama, Terror, Ciencia ficción, Suspense",61055,2019-06-28,"Lars Klevberg",,
2629,tt5827916,2019-07-01,2019-07-01,,"Vida oculta","A Hidden Life",https://www.imdb.com/title/tt5827916/,Película,7.4,174,2019,"Biografía, Drama, Romance, Bélico",32703,2020-02-07,"Terrence Malick",,
2630,tt3156654,2019-07-04,2019-07-04,,"Andelé vsedního dne","Andelé vsedního dne",https://www.imdb.com/title/tt3156654/,Película,5.5,97,2014,"Comedia, Drama, Fantasía",127,2014-09-25,"Alice Nellis",,
2631,tt0059601,2019-07-09,2019-07-09,,"Una pistola para Ringo","Una pistola per Ringo",https://www.imdb.com/title/tt0059601/,Película,6.5,98,1965,"Comedia, Drama, Del oeste",2642,1965-05-12,"Duccio Tessari",,
2632,tt0066019,2019-07-10,2019-07-10,,"Lucifer Rising","Lucifer Rising",https://www.imdb.com/title/tt0066019/,Corto,7.0,29,1972,"Animación, Corto, Fantasía, Terror",3714,1983-09,"Kenneth Anger",,
2633,tt0064493,2019-07-15,2019-07-15,,"Invocation of My Demon Brother","Invocation of My Demon Brother",https://www.imdb.com/title/tt0064493/,Corto,6.5,12,1969,"Corto, Terror",2187,1969-10-10,"Kenneth Anger",,
2634,tt8364368,2019-07-15,2019-07-15,,"Infierno bajo el agua","Crawl",https://www.imdb.com/title/tt8364368/,Película,6.1,87,2019,"Acción, Terror, Suspense",104190,2019-08-23,"Alexandre Aja",,
2635,tt8461958,2019-07-16,2019-07-16,,"A Colony","Une colonie",https://www.imdb.com/title/tt8461958/,Película,7.1,102,2018,"Drama",1118,2019-02-01,"Geneviève Dulude-De Celles",,
2636,tt0047114,2019-07-17,2019-07-17,,"Inauguration of the Pleasure Dome","Inauguration of the Pleasure Dome",https://www.imdb.com/title/tt0047114/,Corto,7.0,38,1954,"Corto, Fantasía, Terror",2640,1954,"Kenneth Anger",,
2637,tt6198946,2019-07-19,2019-07-19,,"Bosque maldito","The Hole in the Ground",https://www.imdb.com/title/tt6198946/,Película,5.7,90,2019,"Drama, Terror, Misterio, Suspense",25334,2019-03-01,"Lee Cronin",,
2638,tt0068230,2019-07-19,2019-07-19,,"Refugio macabro","Asylum",https://www.imdb.com/title/tt0068230/,Película,6.5,88,1972,"Terror",9347,1972-07-06,"Roy Ward Baker",,
2639,tt0074569,2019-07-25,2019-07-25,,"La última orgía de la Gestapo","L'ultima orgia del III Reich",https://www.imdb.com/title/tt0074569/,Película,4.4,96,1977,"Terror, Bélico",1834,1977-01-31,"Cesare Canevari",,
2640,tt0099637,2019-08-01,2019-08-01,,"Un gatto nel cervello","Un gatto nel cervello",https://www.imdb.com/title/tt0099637/,Película,5.5,93,1990,"Comedia, Fantasía, Terror",4299,1990-08-08,"Lucio Fulci",,
2641,tt0226873,2019-08-04,2019-08-04,,"Joshû sasori: 701-gô urami-bushi","Joshû sasori: 701-gô urami-bushi",https://www.imdb.com/title/tt0226873/,Película,6.3,89,1973,"Crimen, Drama, Suspense",1943,1973-12-29,"Yasuharu Hasebe",,
2642,tt0226872,2019-08-04,2019-08-04,,"Joshû 701-gô: Sasori","Joshû 701-gô: Sasori",https://www.imdb.com/title/tt0226872/,Película,7.2,87,1972,"Crimen, Drama, Suspense",5756,1972-08-25,"Shunya Itō",,
2643,tt0226874,2019-08-04,2019-08-04,,"Joshû sasori: Dai-41 zakkyo-bô","Joshû sasori: Dai-41 zakkyo-bô",https://www.imdb.com/title/tt0226874/,Película,7.1,90,1972,"Crimen, Drama, Suspense",3868,1972-12-30,"Shunya Itō",,
2644,tt0142773,2019-08-04,2019-08-04,,"Poruno jidaigeki: Bôhachi bushidô","Poruno jidaigeki: Bôhachi bushidô",https://www.imdb.com/title/tt0142773/,Película,6.8,81,1973,"Acción, Drama, Suspense",855,1973-02-03,"Teruo Ishii",,
2645,tt0063170,2019-08-04,2019-08-04,,"Kaidan hebi-onna","Kaidan hebi-onna",https://www.imdb.com/title/tt0063170/,Película,6.3,85,1968,"Terror",355,1968-07-12,"Nobuo Nakagawa",,
2646,tt0065932,2019-08-04,2019-08-04,,"Kaidan nobori ryû","Kaidan nobori ryû",https://www.imdb.com/title/tt0065932/,Película,6.5,85,1970,"Acción, Crimen, Terror",1830,1970-06-20,"Teruo Ishii",,
2647,tt0200740,2019-08-04,2019-08-04,,"Tatuaje","Irezumi",https://www.imdb.com/title/tt0200740/,Película,7.1,86,1966,"Crimen, Drama",1686,1966-01-15,"Yasuzō Masumura",,
2648,tt6127004,2019-08-04,2019-08-04,,"Paradise Hills","Paradise Hills",https://www.imdb.com/title/tt6127004/,Película,5.3,95,2019,"Fantasía, Misterio, Ciencia ficción, Suspense",18825,2019-10-11,"Alice Waddington",,
2649,tt0226875,2019-08-05,2019-08-05,,"Joshuu sasori: Kemono-beya","Joshuu sasori: Kemono-beya",https://www.imdb.com/title/tt0226875/,Película,6.9,87,1973,"Crimen, Drama, Suspense",2524,1973-07-29,"Shunya Itō",,
2650,tt0140542,2019-08-07,2019-08-07,,"La esposa de Seisaku","Seisaku no tsuma",https://www.imdb.com/title/tt0140542/,Película,7.7,93,1965,"Drama, Romance",853,1965-06-25,"Yasuzō Masumura",,
2651,tt7358598,2019-08-09,2019-08-09,,"Déjame caer","Lof mér að falla",https://www.imdb.com/title/tt7358598/,Película,7.6,136,2018,"Biografía, Crimen, Drama",1161,2018-09-07,"Baldvin Zophoníasson",,
2652,tt0058326,2019-08-19,2019-08-19,,"Manji","Manji",https://www.imdb.com/title/tt0058326/,Película,6.8,91,1964,"Drama, Romance",1321,1964-07-25,"Yasuzō Masumura",,
2653,tt7200370,2019-09-09,2019-09-09,,"Ang panahon ng halimaw","Ang panahon ng halimaw",https://www.imdb.com/title/tt7200370/,Película,6.8,234,2018,"Drama, Musical",472,2018-05-22,"Lav Diaz",,
2654,tt0067927,2019-09-13,2019-09-13,,"Punto límite: cero","Vanishing Point",https://www.imdb.com/title/tt0067927/,Película,7.2,99,1971,"Acción, Crimen, Suspense",32506,1971-03-13,"Richard C. Sarafian",,
2655,tt8510350,2019-09-21,2019-09-21,,"Satanic Panic","Satanic Panic",https://www.imdb.com/title/tt8510350/,Película,5.6,85,2019,"Comedia, Terror",7578,2019-09-06,"Chelsea Stardust",,
2656,tt6450804,2019-09-21,2019-09-21,,"Terminator: Destino oscuro","Terminator: Dark Fate",https://www.imdb.com/title/tt6450804/,Película,6.2,128,2019,"Acción, Aventura, Ciencia ficción, Suspense",214741,2019-10-31,"Tim Miller",,
2657,tt0064787,2019-09-22,2019-09-22,,"Una droga llamada Helen","Paranoia",https://www.imdb.com/title/tt0064787/,Película,6.3,88,1970,"Crimen, Drama, Terror, Misterio, Suspense",1712,1970-03-02,"Umberto Lenzi",,
2658,tt0154683,2019-09-22,2019-09-22,,"Jigoku","Jigoku",https://www.imdb.com/title/tt0154683/,Película,6.7,101,1960,"Crimen, Drama, Terror, Suspense",5105,1960-07-30,"Nobuo Nakagawa",,
2659,tt0069141,2019-09-22,2019-09-22,,"Ocurrió Aquella Noche","Quante volte... quella notte",https://www.imdb.com/title/tt0069141/,Película,5.7,83,1971,"Comedia, Romance",1163,1972-07-15,"Mario Bava",,
2660,tt0090057,2019-09-22,2019-09-22,,"Spookies","Spookies",https://www.imdb.com/title/tt0090057/,Película,4.8,85,1986,"Comedia, Terror",5185,1988-01-22,"Genie Joseph, Thomas Doran, Brendan Faulkner",,
2661,tt0124621,2019-09-22,2019-09-22,,"Femina ridens","Femina ridens",https://www.imdb.com/title/tt0124621/,Película,6.7,90,1969,"Suspense",1886,1969-12-04,"Piero Schivazappa",,
2662,tt0204504,2019-09-22,2019-09-22,,"Nora-neko rokku: Onna banchô","Nora-neko rokku: Onna banchô",https://www.imdb.com/title/tt0204504/,Película,6.1,80,1970,"Acción, Crimen, Drama, Suspense",984,1970-05-02,"Yasuharu Hasebe",,
2663,tt0081415,2019-09-22,2019-09-22,,"El retorno del hombre lobo","El retorno del hombre lobo",https://www.imdb.com/title/tt0081415/,Película,5.8,92,1981,"Terror",1319,1984-03,"Paul Naschy",,
2664,tt0223783,2019-09-22,2019-09-22,,"Nora-neko rokku: Sekkusu hantaa","Nora-neko rokku: Sekkusu hantaa",https://www.imdb.com/title/tt0223783/,Película,6.3,85,1970,"Crimen, Suspense",973,1970-09-01,"Yasuharu Hasebe",,
2665,tt0155278,2019-09-22,2019-09-22,,"Tôkaidô Yotsuya kaidan","Tôkaidô Yotsuya kaidan",https://www.imdb.com/title/tt0155278/,Película,7.0,76,1959,"Terror",2258,1959-07-11,"Nobuo Nakagawa",,
2666,tt0129852,2019-09-22,2019-09-22,,"La rebelión de los monstruos","The Creeps",https://www.imdb.com/title/tt0129852/,Película,4.3,75,1997,"Comedia, Fantasía, Terror, Ciencia ficción",966,2005-11,"Charles Band",,
2667,tt0147651,2019-09-25,2019-09-25,,"L'uomo, la donna e la bestia - Spell (Dolce mattatoio)","L'uomo, la donna e la bestia - Spell (Dolce mattatoio)",https://www.imdb.com/title/tt0147651/,Película,5.9,104,1977,"Drama",430,1977-05-20,"Alberto Cavallone",,
2668,tt9355200,2019-09-28,2019-09-28,,"Koko-di koko-da","Koko-di koko-da",https://www.imdb.com/title/tt9355200/,Película,5.7,89,2019,"Drama, Fantasía, Terror, Misterio",3085,2021-04-29,"Johannes Nyholm",,
2669,tt1979376,2019-09-28,2019-09-28,,"Toy Story 4","Toy Story 4",https://www.imdb.com/title/tt1979376/,Película,7.6,100,2019,"Animación, Aventura, Comedia, Familiar, Fantasía",328913,2019-06-21,"Josh Cooley",,
2670,tt9016974,2019-10-06,2019-10-06,,"Synchronic: Los límites del tiempo","Synchronic",https://www.imdb.com/title/tt9016974/,Película,6.2,102,2019,"Drama, Terror, Misterio, Ciencia ficción, Suspense",46906,2021-04-16,"Justin Benson, Aaron Moorhead",,
2671,tt0065677,2019-10-06,2019-10-06,,"Días de angustia","Le foto proibite di una signora per bene",https://www.imdb.com/title/tt0065677/,Película,6.2,96,1970,"Terror, Misterio, Suspense",2476,1971-04-15,"Luciano Ercoli",,
2672,tt10524364,2019-10-13,2019-10-13,,"Amigo","Amigo",https://www.imdb.com/title/tt10524364/,Película,5.9,83,2019,"Comedia, Drama, Terror, Suspense",616,2020-11-30,"Óscar Martín",,
2673,tt9311062,2019-10-13,2019-10-13,,"Samurai Marathon","Samurai Marathon",https://www.imdb.com/title/tt9311062/,Película,6.2,103,2019,"Acción, Aventura, Historia",1422,2019-02-22,"Bernard Rose",,
2674,tt4638148,2019-10-13,2019-10-13,,"Juegos perversos","Braid",https://www.imdb.com/title/tt4638148/,Película,5.3,82,2018,"Crimen, Terror, Misterio, Suspense",4640,2019-01-10,"Mitzi Peirone",,
2675,tt7280218,2019-10-13,2019-10-13,,"Carmilla","Carmilla",https://www.imdb.com/title/tt7280218/,Película,5.3,94,2019,"Drama, Fantasía, Terror, Romance",1256,2020-10-16,"Emily Harris",,
2676,tt5700182,2019-10-13,2019-10-13,,"Starfish","Starfish",https://www.imdb.com/title/tt5700182/,Película,5.2,101,2018,"Drama, Terror, Ciencia ficción, Suspense",4015,2019-03-15,"A.T. White",,
2677,tt8987922,2019-10-13,2019-10-13,,"Dachra","Dachra",https://www.imdb.com/title/tt8987922/,Película,6.1,114,2018,"Terror",2011,2019-01-23,"Abdelhamid Bouchnak",,
2678,tt9425078,2019-10-13,2019-10-13,,"Verotika","Verotika",https://www.imdb.com/title/tt9425078/,Película,2.0,90,2019,"Terror",2191,2020-09-24,"Glenn Danzig",,
2679,tt8485772,2019-10-13,2019-10-13,,"Porno","Porno",https://www.imdb.com/title/tt8485772/,Película,5.1,98,2019,"Comedia, Terror",3287,2020-05-08,"Keola Racela",,
2680,tt10765896,2019-10-13,2019-10-13,,"Shigunaru 100","Shigunaru 100",https://www.imdb.com/title/tt10765896/,Película,5.6,88,2019,"Drama, Terror, Suspense",482,2020-01-24,"Lisa Takeba",,
2681,tt9828802,2019-10-13,2019-10-13,,"Vaya luna de miel","Vaya luna de miel",https://www.imdb.com/title/tt9828802/,Película,5.8,94,1980,"Aventura, Comedia",90,1980,"Jesús Franco",,
2682,tt0064130,2019-10-13,2019-10-13,,"Carne","Carne",https://www.imdb.com/title/tt0064130/,Película,5.4,90,1968,"Drama",439,1968-10-24,"Armando Bo",,
2683,tt0062993,2019-10-13,2019-10-13,,"Fuego","Fuego",https://www.imdb.com/title/tt0062993/,Película,5.7,81,1969,"Drama",447,1971-09-23,"Armando Bo",,
2684,tt0065719,2019-10-13,2019-10-13,,"Fiebre","Fiebre",https://www.imdb.com/title/tt0065719/,Película,5.2,90,1971,"Drama",142,1972-06-22,"Armando Bo",,
2685,tt0122329,2019-10-13,2019-10-13,,"Éxtasis tropical","Éxtasis tropical",https://www.imdb.com/title/tt0122329/,Película,4.3,90,1970,"Drama",86,1978-10-19,"Armando Bo",,
2686,tt0059790,2019-10-13,2019-10-13,,"La tentación desnuda","La tentación desnuda",https://www.imdb.com/title/tt0059790/,Película,6.4,95,1966,"Drama",84,1966-11-17,"Armando Bo",,
2687,tt0062957,2019-10-13,2019-10-13,,"Malenka, la sobrina del vampiro","Malenka",https://www.imdb.com/title/tt0062957/,Película,4.5,90,1969,"Comedia, Drama, Terror, Romance",1422,1969-08-07,"Amando de Ossorio",,
2688,tt0090009,2019-10-13,2019-10-13,,"She","She",https://www.imdb.com/title/tt0090009/,Película,4.8,102,1984,"Acción, Aventura, Fantasía, Ciencia ficción",2366,1984-07-09,"Avi Nesher",,
2689,tt0175663,2019-10-13,2019-10-13,,"Huida de la tercera galaxia","Giochi erotici nella terza galassia",https://www.imdb.com/title/tt0175663/,Película,3.1,92,1981,"Aventura, Fantasía, Romance, Ciencia ficción",685,1981-02-12,"Bitto Albertini, Luigi Cozzi",,
2690,tt0069047,2019-10-16,2019-10-16,,"La orgía nocturna de los vampiros","La orgía nocturna de los vampiros",https://www.imdb.com/title/tt0069047/,Película,4.9,84,1973,"Terror",1195,1973-06-30,"León Klimovsky",,
2691,tt0068973,2019-10-16,2019-10-16,,"La muerte desciende ligera","La morte scende leggera",https://www.imdb.com/title/tt0068973/,Película,5.2,89,1972,"Terror, Misterio, Suspense",310,,"Leopoldo Savona",,
2692,tt9081470,2019-10-21,2019-10-21,,"Peri: Agzi Olmayan Kiz","Peri: Agzi Olmayan Kiz",https://www.imdb.com/title/tt9081470/,Película,5.5,97,2019,"Acción, Aventura, Biografía, Drama, Suspense",494,2020-02-07,"Can Evrenol",,
2693,tt0042369,2019-10-27,2019-10-27,,"Con las horas contadas","D.O.A.",https://www.imdb.com/title/tt0042369/,Película,7.2,83,1949,"Crimen, Drama, Cine negro, Misterio",14320,1950-04-21,"Rudolph Maté",,
2694,tt3612126,2019-10-30,2019-10-30,,"La maldición","The Grudge",https://www.imdb.com/title/tt3612126/,Película,4.4,94,2019,"Fantasía, Terror",32692,2020-01-01,"Nicolas Pesce",,
2695,tt0223782,2019-11-04,2019-11-04,,"Nora-neko rokku: Mashin animaru","Nora-neko rokku: Mashin animaru",https://www.imdb.com/title/tt0223782/,Película,6.3,82,1970,"Acción, Crimen, Drama, Suspense",501,1970-11-22,"Yasuharu Hasebe",,
2696,tt8196026,2019-11-04,2019-11-04,,"522. Un gato, un chino y mi padre","522. Un gato, un chino y mi padre",https://www.imdb.com/title/tt8196026/,Película,5.1,94,2019,"Drama",228,2019-03-19,"Ernesto Chao, Bruno Martins, Paco R. Baños",,
2697,tt0202269,2019-11-04,2019-11-04,,"Nora-neko rokku: Bôsô shûdan '71","Nora-neko rokku: Bôsô shûdan '71",https://www.imdb.com/title/tt0202269/,Película,5.9,86,1971,"Acción, Crimen, Drama, Suspense",446,1971-01-03,"Toshiya Fujita",,
2698,tt0223784,2019-11-10,2019-11-10,,"Nora-neko rokku: Wairudo janbo","Nora-neko rokku: Wairudo janbo",https://www.imdb.com/title/tt0223784/,Película,6.0,84,1970,"Acción, Crimen, Drama, Suspense",605,1970-08-01,"Toshiya Fujita",,
2699,tt0122136,2019-11-10,2019-11-10,,"El gato negro","Yabu no naka no kuroneko",https://www.imdb.com/title/tt0122136/,Película,7.7,99,1968,"Drama, Fantasía, Terror",10042,1968-02-24,"Kaneto Shindō",,
2700,tt0089807,2019-11-10,2019-11-10,,"El despertar del placer","Il piacere",https://www.imdb.com/title/tt0089807/,Película,4.7,93,1985,"Drama",372,1985-07-31,"Joe D'Amato",,
2701,tt0047445,2019-11-10,2019-11-10,,"El intendente Sansho","Sanshô dayû",https://www.imdb.com/title/tt0047445/,Película,8.3,124,1954,"Drama",20125,1954-03-31,"Kenji Mizoguchi",,
2702,tt0064904,2019-11-10,2019-11-10,,"Un hacha para la luna de miel","Il rosso segno della follia",https://www.imdb.com/title/tt0064904/,Película,6.3,83,1970,"Terror, Misterio, Suspense",4951,1970-09-14,"Mario Bava",,
2703,tt0358717,2019-11-10,2019-11-10,,"Sukeban","Sukeban",https://www.imdb.com/title/tt0358717/,Película,6.4,86,1973,"Acción, Crimen, Suspense",358,1973-01-13,"Norifumi Suzuki",,
2704,tt0414290,2019-11-16,2019-11-16,,"Muertos comunes","Muertos comunes",https://www.imdb.com/title/tt0414290/,Película,5.4,99,2004,"Suspense",153,2004-05-28,"Norberto Ramos del Val",,
2705,tt2635944,2019-11-16,2019-11-16,,"Pepón es guay (El documental entre paréntesis)","Pepón es guay",https://www.imdb.com/title/tt2635944/,Película,5.9,,2013,"Documental, Comedia",27,2013-01-18,"Norberto Ramos del Val",,
2706,tt3235812,2019-11-16,2019-11-16,,"La lava en los labios","La lava en los labios",https://www.imdb.com/title/tt3235812/,Película,4.9,73,2013,"Drama",36,2013-10-26,"Jordi Costa",,
2707,tt6779312,2019-11-16,2019-11-16,,"Loca Olivia","Loca Olivia",https://www.imdb.com/title/tt6779312/,Película,5.9,73,2018,"Suspense",22,2018-04-27,"Mariu Bárcena",,
2708,tt4042818,2019-11-20,2019-11-20,,"Mi vida con John F. Donovan","The Death & Life of John F. Donovan",https://www.imdb.com/title/tt4042818/,Película,6.1,123,2018,"Drama",8394,2019-12-13,"Xavier Dolan",,
2709,tt0198708,2019-11-21,2019-11-21,,"Mania","Mania",https://www.imdb.com/title/tt0198708/,Película,5.1,85,1974,"Terror, Misterio, Ciencia ficción, Suspense",229,1974-08-25,"Renato Polselli",,
2710,tt2435174,2019-11-22,2019-11-22,,"Hontô wa eroi Gurimu dôwa: Reddo suwôdo","Hontô wa eroi Gurimu dôwa: Reddo suwôdo",https://www.imdb.com/title/tt2435174/,Película,6.5,76,2012,"Terror",85,2012-03-03,"Naoyuki Tomomatsu",,
2711,tt7321246,2019-11-26,2019-11-26,,"Double Dutchess: Seeing Double","Double Dutchess: Seeing Double",https://www.imdb.com/title/tt7321246/,Película,5.0,63,2017,"Animación, Drama, Fantasía, Música",725,2017-09-08,"Bruno Ilogti, Alek Keshishian, Rich Lee, Nina McNeely, Ben Mor, Chris Marrs Piliero, Fatima Robinson, Colin Tilley, Chris Ullens, Jonas Åkerlund",,
2712,tt9449332,2019-11-27,2019-11-27,,"El Bosque de los Perros","El Bosque de los Perros",https://www.imdb.com/title/tt9449332/,Película,6.9,82,2019,"Suspense",40,2019-03-15,"Gonzalo Zapico",,
2713,tt5329226,2019-11-30,2019-11-30,,"Twin Blades of the Ninja","Twin Blades of the Ninja",https://www.imdb.com/title/tt5329226/,Vídeo,4.4,77,2007,"Acción",21,2007-10-25,"Yoshikazu Katô",,
2714,tt0063413,2019-12-03,2019-12-03,,"Orgasmo","Orgasmo",https://www.imdb.com/title/tt0063413/,Película,6.0,91,1969,"Drama, Romance, Suspense",2129,1969-02-07,"Umberto Lenzi",,
2715,tt1950186,2019-12-03,2019-12-03,,"Le Mans '66","Ford v Ferrari",https://www.imdb.com/title/tt1950186/,Película,8.1,152,2019,"Acción, Biografía, Drama, Deporte",585577,2019-11-15,"James Mangold",,
2716,tt3886454,2019-12-04,2019-12-04,,"Trinta Lumes","Trinta Lumes",https://www.imdb.com/title/tt3886454/,Película,6.5,80,2017,"Documental, Misterio",111,2017-10-20,"Diana Toucedo",,
2717,tt0089902,2019-12-07,2019-12-07,,"La cita","Rendez-vous",https://www.imdb.com/title/tt0089902/,Película,6.4,82,1985,"Drama, Romance",3424,1985-05-15,"André Téchiné",5,2018-09-19
2718,tt0089577,2019-12-07,2019-12-07,,"Le meilleur de la vie","Le meilleur de la vie",https://www.imdb.com/title/tt0089577/,Película,5.4,96,1985,"Drama",76,1985-05-22,"Renaud Victor",,
2719,tt7243006,2019-12-10,2019-12-10,,"Meteorlar","Meteorlar",https://www.imdb.com/title/tt7243006/,Película,7.0,84,2017,"Drama, Misterio, Ciencia ficción",338,2018-12-07,"Gürcan Keltek",,
2720,tt8241872,2019-12-12,2019-12-12,,"Vitalina Varela","Vitalina Varela",https://www.imdb.com/title/tt8241872/,Película,6.7,124,2019,"Drama",2665,2020-10-16,"Pedro Costa",,
2721,tt0449308,2019-12-19,2019-12-19,,"La casa encantada","La maison ensorcelée",https://www.imdb.com/title/tt0449308/,Corto,7.0,6,1906,"Animación, Corto, Comedia, Fantasía, Terror",1919,1907-12-21,"Segundo de Chomón",,
2722,tt0142257,2019-12-20,2019-12-20,,"Kyôfu kikei ningen: Edogawa Rampo zenshû","Kyôfu kikei ningen: Edogawa Rampo zenshû",https://www.imdb.com/title/tt0142257/,Película,6.4,99,1969,"Terror",2273,1969-10-31,"Teruo Ishii",,
2723,tt9356952,2019-12-21,2019-12-21,,"La muerte de Dick Long","The Death of Dick Long",https://www.imdb.com/title/tt9356952/,Película,6.4,100,2019,"Comedia, Crimen, Drama",8559,2022-09-16,"Daniel Scheinert",,
2724,tt0000614,2019-12-27,2019-12-27,,"Satanás se divierte","Le spectre rouge",https://www.imdb.com/title/tt0000614/,Corto,6.5,9,1907,"Corto, Fantasía, Terror",1405,1907-09,"Segundo de Chomón, Ferdinand Zecca",,
2725,tt0086346,2020-01-08,2020-01-08,,"Cazador del espacio: Aventuras en la zona prohibida","Spacehunter: Adventures in the Forbidden Zone",https://www.imdb.com/title/tt0086346/,Película,5.5,90,1983,"Acción, Aventura, Ciencia ficción",7378,1984-08-01,"Lamont Johnson",,
2726,tt5843990,2020-01-14,2020-01-14,,"Ang babaeng humayo","Ang babaeng humayo",https://www.imdb.com/title/tt5843990/,Película,7.1,226,2016,"Drama",1823,2016-09-28,"Lav Diaz",,
2727,tt1269566,2020-01-14,2020-01-14,,"Melancholia","Melancholia",https://www.imdb.com/title/tt1269566/,Película,7.3,450,2008,"Drama",650,2008-08-29,"Lav Diaz",,
2728,tt0432623,2020-01-14,2020-01-14,,"Une excursion incohérente","Une excursion incohérente",https://www.imdb.com/title/tt0432623/,Corto,6.3,8,1909,"Animación, Corto, Comedia, Fantasía, Terror",452,1909-11-20,"Segundo de Chomón",,
2729,tt8988748,2020-01-14,2020-01-14,,"Diecisiete","Diecisiete",https://www.imdb.com/title/tt8988748/,Película,7.2,99,2019,"Drama",4905,2019-10-18,"Daniel Sánchez Arévalo",,
2730,tt0069048,2020-01-17,2020-01-17,,"Orgía de sangre","Gli orrori del castello di Norimberga",https://www.imdb.com/title/tt0069048/,Película,5.9,98,1972,"Terror",4808,1972-10-27,"Mario Bava",,
2731,tt6817944,2020-01-24,2020-01-24,,"Sobre lo infinito","Om det oändliga",https://www.imdb.com/title/tt6817944/,Película,6.8,78,2019,"Comedia, Drama, Fantasía",8874,2019-11-15,"Roy Andersson",,
2732,tt8652728,2020-02-04,2020-02-04,,"Un momento en el tiempo - Waves","Waves",https://www.imdb.com/title/tt8652728/,Película,7.5,135,2019,"Drama, Romance, Deporte",39139,2019-12-06,"Trey Edward Shults",,
2733,tt5439812,2020-02-04,2020-02-04,,"Zola","@zola",https://www.imdb.com/title/tt5439812/,Película,6.4,86,2020,"Comedia, Crimen, Drama",20834,2021-06-30,"Janicza Bravo",,
2734,tt8637428,2020-02-04,2020-02-04,,"The Farewell","The Farewell",https://www.imdb.com/title/tt8637428/,Película,7.5,100,2019,"Comedia, Drama",76084,2019-11-08,"Lulu Wang",,
2735,tt4827558,2020-02-04,2020-02-04,,"High life","High Life",https://www.imdb.com/title/tt4827558/,Película,5.7,113,2018,"Drama, Ciencia ficción, Suspense",45915,2018-11-07,"Claire Denis",,
2736,tt6902696,2020-02-04,2020-02-04,,"Gloria Bell","Gloria Bell",https://www.imdb.com/title/tt6902696/,Película,6.3,102,2018,"Comedia, Drama, Música, Romance",14051,2019-04-26,"Sebastián Lelio",,
2737,tt7336012,2020-02-04,2020-02-04,,"El viaje a Takara","Takara - La nuit où j'ai nagé",https://www.imdb.com/title/tt7336012/,Película,6.4,78,2017,"Drama",615,2018-04-14,"Kohei Igarashi, Damien Manivel",,
2738,tt11421246,2020-02-09,2020-02-09,,"Saria","Saria",https://www.imdb.com/title/tt11421246/,Corto,7.2,22,2019,"Corto, Drama",1100,2019-09-20,"Bryan Buckley",,
2739,tt5433138,2020-02-18,2020-02-18,,"Fast & Furious 9","F9",https://www.imdb.com/title/tt5433138/,Película,5.2,143,2021,"Acción, Crimen, Suspense",183733,2021-07-02,"Justin Lin",,
2740,tt8520448,2020-03-01,2020-03-01,,"Gintama Tsû Yonimokimyôna Gintama-chan","Gintama Tsû Yonimokimyôna Gintama-chan",https://www.imdb.com/title/tt8520448/,Miniserie de TV,6.8,25,2018,"Acción, Comedia, Drama",417,2018-08-18,,,
2741,tt5805470,2020-03-01,2020-03-01,,"Gintama","Gintama",https://www.imdb.com/title/tt5805470/,Película,6.1,131,2017,"Acción, Aventura, Comedia, Fantasía, Historia, Ciencia ficción",2992,2017-07-14,"Yūichi Fukuda",,
2742,tt7754222,2020-03-01,2020-03-01,,"Hibiki: Shôsetsuka ni naru hôhô","Hibiki: Shôsetsuka ni naru hôhô",https://www.imdb.com/title/tt7754222/,Película,6.5,105,2018,"Drama",533,2018-09-14,"Sho Tsukikawa",,
2743,tt8306022,2020-03-01,2020-03-01,,"Panku-zamurai, kirarete sôrô","Panku-zamurai, kirarete sôrô",https://www.imdb.com/title/tt8306022/,Película,6.0,130,2018,"Acción, Drama",274,2018-06-30,"Gakuryū Ishii",,
2744,tt7639528,2020-03-03,2020-03-03,,"Gintama Tsû Okite wa Yaburu Tame ni Koso Aru","Gintama Tsû Okite wa Yaburu Tame ni Koso Aru",https://www.imdb.com/title/tt7639528/,Película,6.4,134,2018,"Acción, Aventura, Comedia, Historia, Ciencia ficción",1333,2018-08-17,"Yūichi Fukuda",,
2745,tt9591742,2020-03-14,2020-03-14,,"Xiao Xian","Xiao Xian",https://www.imdb.com/title/tt9591742/,Corto,6.4,17,2019,"Corto, Drama",106,2019-11-10,"Jiajie Yu Yan",,
2746,tt0079077,2020-03-21,2020-03-21,,"Un drama burgués","Un dramma borghese",https://www.imdb.com/title/tt0079077/,Película,5.2,110,1979,"Drama",352,1979-08-31,"Florestano Vancini",,
2747,tt0451930,2020-03-26,2020-03-26,,"Sukeban gerira","Sukeban gerira",https://www.imdb.com/title/tt0451930/,Película,6.5,84,1972,"Acción, Crimen",683,1972-08-12,"Norifumi Suzuki",,
2748,tt0069165,2020-03-30,2020-03-30,,"La rebelión de las muertas","La rebelión de las muertas",https://www.imdb.com/title/tt0069165/,Película,4.9,89,1973,"Terror",1063,1973-06-27,"León Klimovsky",,
2749,tt10107222,2020-04-01,2020-04-01,,"El despertar de Nora","Kokon",https://www.imdb.com/title/tt10107222/,Película,6.6,99,2020,"Drama, Romance",1522,2020-08-13,"Leonie Krippendorff",,
2750,tt0077123,2020-04-04,2020-04-04,,"La adolescente","L'adolescente",https://www.imdb.com/title/tt0077123/,Película,6.1,90,1979,"Drama",551,1979-01-24,"Jeanne Moreau",,
2751,tt0060794,2020-04-08,2020-04-08,,"Operación miedo","Operazione paura",https://www.imdb.com/title/tt0060794/,Película,6.8,85,1966,"Drama, Terror, Misterio",8744,1966,"Mario Bava",,
2752,tt0814685,2020-04-20,2020-04-20,,"Frontera(s)","Frontière(s)",https://www.imdb.com/title/tt0814685/,Película,6.2,108,2007,"Terror",31216,2008-01-23,"Xavier Gens",,
2753,tt6197070,2020-04-20,2020-04-20,,"Blood Machines","Blood Machines",https://www.imdb.com/title/tt6197070/,Película,6.1,50,2019,"Aventura, Música, Ciencia ficción",4427,2020-09-01,"Raphaël Hernandez, Seth Ickerman, Savitri Joly-Gonfard",,
2754,tt0074093,2020-04-27,2020-04-27,,"Hilda, la adolescente","L'adolescente",https://www.imdb.com/title/tt0074093/,Película,5.0,92,1976,"Comedia",147,1976-02-19,"Alfonso Brescia",,
2755,tt0190374,2020-05-02,2020-05-02,,"Dungeons & Dragons (Dragones y mazmorras)","Dungeons & Dragons",https://www.imdb.com/title/tt0190374/,Película,3.7,107,2000,"Acción, Aventura, Fantasía",38175,2001-04-06,"Courtney Solomon",,
2756,tt0143010,2020-05-06,2020-05-06,,"Zankoku ijô gyakutai monogatari: Genroku onna keizu","Zankoku ijô gyakutai monogatari: Genroku onna keizu",https://www.imdb.com/title/tt0143010/,Película,6.1,94,1969,"Drama, Terror",673,1969-01-09,"Teruo Ishii",,
2757,tt0451788,2020-05-08,2020-05-08,,"Kyôfu joshikôkô: Bôkô rinchi kyôshitsu","Kyôfu joshikôkô: Bôkô rinchi kyôshitsu",https://www.imdb.com/title/tt0451788/,Película,6.7,88,1973,"Acción, Crimen, Terror",905,1973-03-31,"Norifumi Suzuki",,
2758,tt3344686,2020-06-04,2020-06-04,,"Viena and the Fantomes","Viena and the Fantomes",https://www.imdb.com/title/tt3344686/,Película,4.3,96,2020,"Drama, Música, Romance",968,2020-06-30,"Gerardo Naranjo",,
2759,tt5186066,2020-07-13,2020-07-13,,"Sanada kunoichi ninpo Den Kasumi hattori hanzo no gyakushu!","Sanada kunoichi ninpo Den Kasumi hattori hanzo no gyakushu!",https://www.imdb.com/title/tt5186066/,Película,7.2,80,2008,"Acción, Historia",37,2008-03-24,"Hiroyuki Kawasaki",,
2760,tt5184608,2020-07-13,2020-07-13,,"Sanada Kunoichi Ninpo-den Kasumi Tanjo! Sarutobisasuke","Sanada Kunoichi Ninpo-den Kasumi Tanjo! Sarutobisasuke",https://www.imdb.com/title/tt5184608/,Película,6.0,75,2007,"Acción, Historia",30,2007-09-21,"Hiroyuki Kawasaki",,
2761,tt4072032,2020-07-13,2020-07-13,,"Sanada Kunoichi ninpo-den Kasumi ai to uragiri no kizuna","Sanada Kunoichi ninpo-den Kasumi ai to uragiri no kizuna",https://www.imdb.com/title/tt4072032/,Vídeo,5.6,70,2006,"Acción, Historia",46,2006,"Hiroyuki Kawasaki",,
2762,tt5184592,2020-07-13,2020-07-13,,"Sanada Kunoichi ninpoden Kasumi: Musashi! Ougi kaigan","Sanada Kunoichi ninpoden Kasumi: Musashi! Ougi kaigan",https://www.imdb.com/title/tt5184592/,Película,6.3,75,2006,"Acción, Historia",59,2006,"Hiroyuki Kawasaki",,
2763,tt1107377,2020-07-13,2020-07-13,,"Sanada kunoichi ninpô-den: Kasumi","Sanada kunoichi ninpô-den: Kasumi",https://www.imdb.com/title/tt1107377/,Vídeo,5.5,72,2005,"Acción, Drama",108,2005-09-22,"Hiroyuki Kawasaki",,
2764,tt0227028,2020-07-20,2020-07-20,,"Manji","Manji",https://www.imdb.com/title/tt0227028/,Película,5.9,95,1983,"Drama, Romance",155,1983-02-12,"Hiroto Yokoyama",,
2765,tt0062443,2020-08-02,2020-08-02,,"La reina vikinga","The Viking Queen",https://www.imdb.com/title/tt0062443/,Película,5.1,91,1967,"Aventura",1062,1967-03-25,"Don Chaffey",,
2766,tt0058279,2020-08-07,2020-08-07,,"El más allá","Kaidan",https://www.imdb.com/title/tt0058279/,Película,7.9,183,1964,"Drama, Fantasía, Terror",23264,1965-02-27,"Masaki Kobayashi",,
2767,tt0061847,2020-08-07,2020-08-07,,"Rebelión","Jôi-uchi: Hairyô tsuma shimatsu",https://www.imdb.com/title/tt0061847/,Película,8.3,128,1967,"Drama",15838,1967-06-03,"Masaki Kobayashi",,
2768,tt0057565,2020-08-08,2020-08-08,,"El infierno del odio","Tengoku to jigoku",https://www.imdb.com/title/tt0057565/,Película,8.4,143,1963,"Crimen, Drama, Misterio, Suspense",73376,1963-03-01,"Akira Kurosawa",,
2769,tt0365479,2020-08-15,2020-08-15,,"Las mantenidas sin sueños","Las mantenidas sin sueños",https://www.imdb.com/title/tt0365479/,Película,6.8,97,2005,"Comedia, Drama",567,2005-10-15,"Martín De Salvo, Vera Fogwill",,
2770,tt0920462,2020-08-15,2020-08-15,,"Lost Girls and Love Hotels","Lost Girls and Love Hotels",https://www.imdb.com/title/tt0920462/,Película,4.8,97,2020,"Drama, Suspense",6437,2020-09-18,"William Olsson",,
2771,tt10438520,2020-08-15,2020-08-15,,"Eastern","Eastern",https://www.imdb.com/title/tt10438520/,Película,5.3,78,2019,"Drama, Suspense",383,2020-06-26,"Piotr Adamski",,
2772,tt0424062,2020-08-15,2020-08-15,,"Ebolusyon ng isang pamilyang Pilipino","Ebolusyon ng isang pamilyang Pilipino",https://www.imdb.com/title/tt0424062/,Película,7.5,625,2004,"Drama",609,2004-09-17,"Lav Diaz",,
2773,tt5664196,2020-08-17,2020-08-17,,"Nocturnal","Nocturnal",https://www.imdb.com/title/tt5664196/,Película,6.2,84,2019,"Drama",688,2020-09-18,"Nathalie Biancheri",,
2774,tt3521254,2020-08-17,2020-08-17,,"Letters to Paul Morrissey","Letters to Paul Morrissey",https://www.imdb.com/title/tt3521254/,Película,6.9,78,2018,"Drama",98,2019-11-29,"Armand Rovira, Saida Benzal",,
2775,tt0153000,2020-08-25,2020-08-25,,"That Tender Touch","That Tender Touch",https://www.imdb.com/title/tt0153000/,Película,4.7,88,1969,"Drama",147,1969-11,"Russel Vincent",,
2776,tt0070270,2020-08-25,2020-08-25,,"Instinto criminal","The Killing Kind",https://www.imdb.com/title/tt0070270/,Película,6.1,95,1973,"Crimen, Drama, Terror, Suspense",1511,1976,"Curtis Harrington",,
2777,tt0174264,2020-08-25,2020-08-25,,"Teenager","Teenager",https://www.imdb.com/title/tt0174264/,Película,5.2,87,1974,"Drama, Acción",123,,"Gerald Seth Sindell",,
2778,tt0068994,2020-08-25,2020-08-25,,"The witching (El hechicero)","Necromancy",https://www.imdb.com/title/tt0068994/,Película,4.6,83,1972,"Terror",1208,1973-08-02,"Bert I. Gordon",,
2779,tt0065217,2020-08-25,2020-08-25,,"La hechicera de la muerte","The Witchmaker",https://www.imdb.com/title/tt0065217/,Película,5.1,99,1969,"Terror, Misterio",715,1969-05,"William O. Brown",,
2780,tt0086931,2020-08-26,2020-08-26,,"Bahía blanca","Bahía blanca",https://www.imdb.com/title/tt0086931/,Película,5.5,95,1985,"Drama, Suspense",256,1985,"Jesús Franco",,
2781,tt0071256,2020-08-26,2020-08-26,,"El buque maldito","El buque maldito",https://www.imdb.com/title/tt0071256/,Película,4.6,89,1974,"Terror",3382,1974-06-28,"Amando de Ossorio",,
2782,tt0181549,2020-08-27,2020-08-27,,"Furia","Furia",https://www.imdb.com/title/tt0181549/,Película,5.3,90,1999,"Drama, Romance, Ciencia ficción",768,2000-08-09,"Alexandre Aja",,
2783,tt0085356,2020-08-27,2020-08-27,,"La conquista de la tierra perdida (Conquest)","Conquest",https://www.imdb.com/title/tt0085356/,Película,5.2,88,1983,"Acción, Aventura, Fantasía, Terror",3382,1983-08-08,"Lucio Fulci",,
2784,tt1094643,2020-08-28,2020-08-28,,"Kagadanan sa banwaan ning mga engkanto","Kagadanan sa banwaan ning mga engkanto",https://www.imdb.com/title/tt1094643/,Película,7.7,540,2007,"Drama",302,2015-12-30,"Lav Diaz",,
2785,tt0089808,2020-08-29,2020-08-29,,"Piccoli fuochi","Piccoli fuochi",https://www.imdb.com/title/tt0089808/,Película,5.5,95,1985,"Drama",521,1985-09-13,"Peter Del Monte",,
2786,tt0059816,2020-09-04,2020-09-04,,"El placer de la tortura","Tokugawa onna keibatsu-shi",https://www.imdb.com/title/tt0059816/,Película,6.1,96,1968,"Drama, Terror",898,1968-09-28,"Teruo Ishii",,
2787,tt2194569,2020-09-05,2020-09-05,,"Florentina Hubaldo, CTE","Florentina Hubaldo, CTE",https://www.imdb.com/title/tt2194569/,Película,7.4,360,2012,"Drama",334,2012-01-29,"Lav Diaz",,
2788,tt0084316,2020-09-06,2020-09-06,,"Megaforce","Megaforce",https://www.imdb.com/title/tt0084316/,Película,3.7,99,1982,"Acción, Ciencia ficción",4638,1982-08-23,"Hal Needham",,
2789,tt0073043,2020-09-06,2020-09-06,,"La invasión de las arañas gigantes","The Giant Spider Invasion",https://www.imdb.com/title/tt0073043/,Película,3.4,80,1975,"Terror, Ciencia ficción",5107,1976-08-14,"Bill Rebane",,
2790,tt0094201,2020-09-11,2020-09-11,,"El túnel","El túnel",https://www.imdb.com/title/tt0094201/,Película,5.2,107,1988,"Drama, Suspense",352,1988-04-29,"Antonio Drove",,
2791,tt11024272,2020-09-13,2020-09-13,,"The Babysitter: Killer Queen","The Babysitter: Killer Queen",https://www.imdb.com/title/tt11024272/,Película,5.8,101,2020,"Comedia, Terror",61364,2020-09-10,"McG",,
2792,tt0287397,2020-09-13,2020-09-13,,"Dan Oniroku: Nawa-geshô","Dan Oniroku: Nawa-geshô",https://www.imdb.com/title/tt0287397/,Película,5.9,67,1978,"Drama",237,1978-12-02,"Shōgorō Nishimura",,
2793,tt11140488,2020-09-18,2020-09-18,,"El lobo de Snow Hollow","The Wolf of Snow Hollow",https://www.imdb.com/title/tt11140488/,Película,6.2,85,2020,"Comedia, Terror, Misterio, Suspense",29831,2021-07-10,"Jim Cummings",,
2794,tt0057078,2020-09-19,2020-09-19,,"El cuerpo y el látigo","La frusta e il corpo",https://www.imdb.com/title/tt0057078/,Película,6.6,92,1963,"Terror, Romance",5378,1963-08-29,"Mario Bava",,
2795,tt0067479,2020-09-20,2020-09-20,,"'Necromania': A Tale of Weird Love!","'Necromania': A Tale of Weird Love!",https://www.imdb.com/title/tt0067479/,Película,3.5,54,1971,"Terror, X",611,1971-10-06,"Edward D. Wood Jr.",,
2796,tt0086864,2020-09-21,2020-09-21,,"Akelarre","Akelarre",https://www.imdb.com/title/tt0086864/,Película,6.1,102,1984,"Drama, Historia",249,1984-02-27,"Pedro Olea",,
2797,tt9552162,2020-09-24,2020-09-24,,"Eiga: Kakegurui","Eiga: Kakegurui",https://www.imdb.com/title/tt9552162/,Película,6.1,119,2019,"Drama, Misterio, Suspense",860,2019-05-03,"Tsutomu Hanabusa",,
2798,tt0069041,2020-09-24,2020-09-24,,"Los ojos azules de la muñeca rota","Los ojos azules de la muñeca rota",https://www.imdb.com/title/tt0069041/,Película,6.0,89,1974,"Crimen, Terror, Misterio, Suspense",1426,1974-08-05,"Carlos Aured",,
2799,tt9204204,2020-09-25,2020-09-25,,"Little Joe","Little Joe",https://www.imdb.com/title/tt9204204/,Película,5.8,105,2019,"Drama, Terror, Misterio, Ciencia ficción",10114,2019-11-01,"Jessica Hausner",,
2800,tt0087182,2020-09-26,2020-09-26,,"Dune","Dune",https://www.imdb.com/title/tt0087182/,Película,6.2,137,1984,"Acción, Aventura, Ciencia ficción",193983,1985-03-04,"David Lynch",,
2801,tt0079271,2020-10-01,2020-10-01,,"Hardcore: un mundo oculto","Hardcore",https://www.imdb.com/title/tt0079271/,Película,7.1,108,1979,"Crimen, Drama",17175,1979-02-09,"Paul Schrader",,
2802,tt8593904,2020-10-01,2020-10-01,,"Rifkin's Festival","Rifkin's Festival",https://www.imdb.com/title/tt8593904/,Película,6.1,88,2020,"Comedia, Romance",10950,2020-10-02,"Woody Allen",,
2803,tt0073028,2020-10-02,2020-10-02,,"Furtivos","Furtivos",https://www.imdb.com/title/tt0073028/,Película,7.4,83,1975,"Drama",1059,1977-09-21,"José Luis Borau",,
2804,tt10481954,2020-10-04,2020-10-04,,"Buio","Buio",https://www.imdb.com/title/tt10481954/,Película,5.7,96,2019,"Drama, Misterio",201,2020-05-07,"Emanuela Rossi",,
2805,tt0303021,2020-10-04,2020-10-04,,"El segundo nombre","El segundo nombre",https://www.imdb.com/title/tt0303021/,Película,5.4,98,2002,"Terror, Suspense",1588,2002-11-15,"Paco Plaza",,
2806,tt0374180,2020-10-04,2020-10-04,,"Romasanta: La caza de la bestia","Romasanta",https://www.imdb.com/title/tt0374180/,Película,5.2,90,2004,"Drama, Terror",3858,2004-05-14,"Paco Plaza",,
2807,tt11058930,2020-10-06,2020-10-06,,"Kandisha","Kandisha",https://www.imdb.com/title/tt11058930/,Película,5.4,85,2020,"Terror",1775,2021-07-29,"Alexandre Bustillo, Julien Maury",,
2808,tt12443726,2020-10-06,2020-10-06,,"Last Words","Last Words",https://www.imdb.com/title/tt12443726/,Película,4.7,126,2020,"Drama, Ciencia ficción",426,2020-10-21,"Jonathan Nossiter",,
2809,tt12901944,2020-10-06,2020-10-06,,"Les Animaux Anonymes (Anonymous Animals)","Les animaux anonymes",https://www.imdb.com/title/tt12901944/,Película,4.6,64,2020,"Fantasía, Suspense",809,2021-09-23,"Baptiste Rouveure",,
2810,tt10776270,2020-10-06,2020-10-06,,"Sebelum Iblis Menjemput: Ayat Dua","Sebelum Iblis Menjemput: Ayat Dua",https://www.imdb.com/title/tt10776270/,Película,6.0,110,2020,"Fantasía, Terror, Misterio, Suspense",1900,2020-02-27,"Timo Tjahjanto",,
2811,tt12829958,2020-10-06,2020-10-06,,"The old ways","The Old Ways",https://www.imdb.com/title/tt12829958/,Película,5.4,90,2020,"Drama, Fantasía, Terror, Suspense",9547,2021-08-25,"Christopher Alender",,
2812,tt9178402,2020-10-06,2020-10-06,,"The Pale Door","The Pale Door",https://www.imdb.com/title/tt9178402/,Película,4.4,96,2020,"Drama, Terror, Del oeste",3858,2020-08-21,"Aaron B. Koontz",,
2813,tt11020466,2020-10-06,2020-10-06,,"Vanamehe film","Vanamehe film",https://www.imdb.com/title/tt11020466/,Película,6.2,88,2019,"Animación, Comedia",750,2019-09-27,"Oskar Lehemaa, Mikk Mägi",,
2814,tt12768840,2020-10-06,2020-10-06,,"Get the Hell Out","Tao chu li fa yuan",https://www.imdb.com/title/tt12768840/,Película,5.3,95,2020,"Comedia, Terror",673,2020-08-14,"I.-Fan Wang",,
2815,tt11394332,2020-10-06,2020-10-06,,"Spree","Spree",https://www.imdb.com/title/tt11394332/,Película,5.9,93,2020,"Comedia, Crimen, Terror",22425,2020-08-14,"Eugene Kotlyarenko",,
2816,tt11548850,2020-10-06,2020-10-06,,"The Deep Ones","The Deep Ones",https://www.imdb.com/title/tt11548850/,Película,4.1,83,2020,"Terror, Ciencia ficción",1105,2020-10-10,"Chad Ferrin",,
2817,tt12943128,2020-10-06,2020-10-06,,"Cuidado con lo que deseas","Cuidado con lo que deseas",https://www.imdb.com/title/tt12943128/,Película,4.4,91,2020,"Fantasía, Terror, Suspense",440,2020-08-20,"Agustín Tapia",,
2818,tt11197444,2020-10-09,2020-10-09,,"The Fall","The Fall",https://www.imdb.com/title/tt11197444/,Corto,6.9,7,2019,"Corto, Terror",3251,2020-05-10,"Jonathan Glazer",,
2819,tt8332802,2020-10-10,2020-10-10,,"Amulet","Amulet",https://www.imdb.com/title/tt8332802/,Película,4.9,99,2020,"Terror, Misterio",5217,2022-01-28,"Romola Garai",,
2820,tt10003008,2020-10-10,2020-10-10,,"Vigilados","The Rental",https://www.imdb.com/title/tt10003008/,Película,5.7,88,2020,"Drama, Terror, Misterio, Suspense",43967,2021-04-15,"Dave Franco",,
2821,tt11054164,2020-10-11,2020-10-11,,"Yummy","Yummy",https://www.imdb.com/title/tt11054164/,Película,5.9,88,2019,"Comedia, Terror",7294,2019-12-18,"Lars Damoiseaux",,
2822,tt10127708,2020-10-11,2020-10-11,,"Malnazidos","Malnazidos",https://www.imdb.com/title/tt10127708/,Película,5.8,101,2020,"Acción, Comedia, Terror, Bélico",6666,2022-03-11,"Alberto de Toro, Javier Ruiz Caldera",,
2823,tt10229558,2020-10-11,2020-10-11,,"The Dark and the Wicked","The Dark and the Wicked",https://www.imdb.com/title/tt10229558/,Película,6.1,95,2020,"Terror",30349,2020-11-21,"Bryan Bertino",,
2824,tt9182964,2020-10-12,2020-10-12,,"The Reckoning","The Reckoning",https://www.imdb.com/title/tt9182964/,Película,4.9,110,2020,"Aventura, Drama, Terror",4298,2021-02-05,"Neil Marshall",,
2825,tt7969836,2020-10-12,2020-10-12,,"The 20th Century","The 20th Century",https://www.imdb.com/title/tt7969836/,Película,6.9,90,2019,"Biografía, Comedia, Drama, Fantasía",1633,2020-11-20,"Matthew Rankin",,
2826,tt4911656,2020-10-16,2020-10-16,,"A Copy of My Mind","A Copy of My Mind",https://www.imdb.com/title/tt4911656/,Película,7.2,116,2015,"Drama",1068,2016-02-11,"Joko Anwar",,
2827,tt10843306,2020-10-16,2020-10-16,,"The Beach House","The Beach House",https://www.imdb.com/title/tt10843306/,Película,5.3,88,2019,"Drama, Terror, Misterio, Ciencia ficción",9924,2020-07-09,"Jeffrey A. Brown",,
2828,tt0122055,2020-10-24,2020-10-24,,"Embrujada","Embrujada",https://www.imdb.com/title/tt0122055/,Película,5.2,79,1976,"Drama, Terror, Suspense",228,1976,"Armando Bo",,
2829,tt10516086,2020-11-04,2020-11-04,,"Vernost","Vernost",https://www.imdb.com/title/tt10516086/,Película,5.7,82,2019,"Drama",3774,2019-10-31,"Nigina Sayfullaeva",,
2830,tt0451984,2020-11-06,2020-11-06,,"Zenka onna: Koroshi-bushi","Zenka onna: Koroshi-bushi",https://www.imdb.com/title/tt0451984/,Película,6.9,86,1973,"Acción, Crimen, Suspense",582,1973-10-27,"Atsushi Mihori",,
2831,tt0451987,2020-11-06,2020-11-06,,"Zubekô banchô: Zange no neuchi mo nai","Zubekô banchô: Zange no neuchi mo nai",https://www.imdb.com/title/tt0451987/,Película,6.7,86,1971,"Acción, Crimen, Drama",445,1971-04-28,"Kazuhiko Yamaguchi",,
2832,tt3649102,2020-11-06,2020-11-06,,"Hai kikku enjerusu","Hai kikku enjerusu",https://www.imdb.com/title/tt3649102/,Película,6.1,90,2014,"Acción",248,2014-06-14,"Kazuhiro Yokoyama",,
2833,tt10626534,2020-11-07,2020-11-07,,"Transgression","Transgresia",https://www.imdb.com/title/tt10626534/,Película,4.3,99,2017,"Drama",198,2017-10-31,"Val Todorov",,
2834,tt0104850,2020-11-12,2020-11-12,,"Memorias de un hombre invisible","Memoirs of an Invisible Man",https://www.imdb.com/title/tt0104850/,Película,6.0,99,1992,"Comedia, Romance, Ciencia ficción, Suspense",29835,1993-08-20,"John Carpenter",,
2835,tt0078295,2020-11-12,2020-11-12,,"Alguien me espía","Someone's Watching Me!",https://www.imdb.com/title/tt0078295/,Película de TV,6.5,97,1978,"Terror, Misterio, Suspense",6558,1978-11-29,"John Carpenter",,
2836,tt0069945,2020-11-12,2020-11-12,,"Estrella oscura","Dark Star",https://www.imdb.com/title/tt0069945/,Película,6.1,83,1974,"Comedia, Ciencia ficción",30697,1975-01-17,"John Carpenter",,
2837,tt9203832,2020-11-13,2020-11-13,,"Fireball: visitantes de mundos oscuros","Fireball: Visitors from Darker Worlds",https://www.imdb.com/title/tt9203832/,Película,6.9,97,2020,"Documental",4245,2020-11-13,"Werner Herzog, Clive Oppenheimer",,
2838,tt0069704,2020-11-14,2020-11-14,,"American Graffiti","American Graffiti",https://www.imdb.com/title/tt0069704/,Película,7.4,110,1973,"Comedia, Drama",106558,1974-06-03,"George Lucas",,
2839,tt0070628,2020-11-14,2020-11-14,,"El Sanatorio de la Clepsidra","Sanatorium pod Klepsydra",https://www.imdb.com/title/tt0070628/,Película,7.4,124,1973,"Drama, Fantasía, Terror",6318,1973-12-12,"Wojciech Has",,
2840,tt0115988,2020-11-15,2020-11-15,,"El crisol","The Crucible",https://www.imdb.com/title/tt0115988/,Película,6.8,124,1996,"Drama, Historia",43059,1997-02-21,"Nicholas Hytner",,
2841,tt0062292,2020-11-15,2020-11-15,,"Los brujos","The Sorcerers",https://www.imdb.com/title/tt0062292/,Película,6.2,86,1967,"Terror, Ciencia ficción",2746,1967-11,"Michael Reeves",,
2842,tt0064546,2020-11-15,2020-11-15,,"Martillo para las brujas","Kladivo na carodejnice",https://www.imdb.com/title/tt0064546/,Película,7.7,107,1970,"Drama, Historia, Terror",3436,1970-01-23,"Otakar Vávra",,
2843,tt0084739,2020-11-15,2020-11-15,,"Superstición","Superstition",https://www.imdb.com/title/tt0084739/,Película,5.7,86,1982,"Terror",3805,1982-03-12,"James W. Roberson",,
2844,tt0138545,2020-11-15,2020-11-15,,"Cuando fuimos brujas","The Juniper Tree",https://www.imdb.com/title/tt0138545/,Película,6.8,78,1990,"Drama, Fantasía",3031,1993-02-12,"Nietzchka Keene",,
2845,tt0066577,2020-11-15,2020-11-15,,"Angeli bianchi... angeli neri","Angeli bianchi... angeli neri",https://www.imdb.com/title/tt0066577/,Película,5.2,95,1969,"Documental",192,1970-02-07,"Luigi Scattini, Lee Frost",,
2846,tt0135033,2020-11-15,2020-11-15,,"Veneno para las hadas","Veneno para las hadas",https://www.imdb.com/title/tt0135033/,Película,7.2,90,1986,"Drama, Fantasía, Terror",3412,1986-10-02,"Carlos Enrique Taboada",,
2847,tt0068966,2020-11-16,2020-11-16,,"El monte de las brujas","El monte de las brujas",https://www.imdb.com/title/tt0068966/,Película,4.3,86,1973,"Terror",627,1973-10-01,"Raúl Artigot",,
2848,tt0120579,2020-11-16,2020-11-16,,"99.9","99.9",https://www.imdb.com/title/tt0120579/,Película,5.6,110,1997,"Terror, Misterio, Suspense",623,1997-11-07,"Agustí Villaronga",,
2849,tt0094332,2020-11-16,2020-11-16,,"Las brujas de Eastwick","The Witches of Eastwick",https://www.imdb.com/title/tt0094332/,Película,6.6,118,1987,"Comedia, Fantasía, Terror",85119,1987-10-30,"George Miller",,
2850,tt8567342,2020-11-17,2020-11-17,,"Take Me Somewhere Nice","Take Me Somewhere Nice",https://www.imdb.com/title/tt8567342/,Película,6.3,91,2019,"Drama",1820,2019-05-23,"Ena Sendijarevic",,
2851,tt0081461,2020-11-17,2020-11-17,,"Sexualidad peligrosa","Vergiss beim Sex die Liebe nicht - Der neue Schulmädchenreport 13. Teil",https://www.imdb.com/title/tt0081461/,Película,4.2,86,1980,"Comedia, Drama",302,1980-08-14,"Walter Boos",,
2852,tt0078343,2020-11-17,2020-11-17,,"La monja homicida","Suor Omicidi",https://www.imdb.com/title/tt0078343/,Película,5.1,88,1979,"Terror, Misterio, Suspense",2727,1979-05-10,"Giulio Berruti",,
2853,tt0084927,2020-11-17,2020-11-17,,"Ya no soy virgen, olé, ya no soy virgen","Ya no soy virgen, olé, ya no soy virgen",https://www.imdb.com/title/tt0084927/,Película,3.9,75,1982,"Drama",20,1982-09-04,"Justo Pastor",,
2854,tt0066341,2020-11-17,2020-11-17,,"Las colegialas se confiesan","Schulmädchen-Report - Was Eltern nicht für möglich halten",https://www.imdb.com/title/tt0066341/,Película,4.7,90,1970,"Comedia, Drama, Romance",867,1970-10-23,"Ernst Hofbauer",,
2855,tt0228419,2020-11-19,2020-11-19,,"Ikenie fujin","Ikenie fujin",https://www.imdb.com/title/tt0228419/,Película,5.7,71,1974,"Drama, Romance",723,1974-10-26,"Masaru Konuma",,
2856,tt0079086,2020-11-21,2020-11-21,,"La golfilla","La drôlesse",https://www.imdb.com/title/tt0079086/,Película,6.7,90,1979,"Drama",765,1979-05-23,"Jacques Doillon",,
2857,tt0064327,2020-11-21,2020-11-21,,"La novia del pirata","La fiancée du pirate",https://www.imdb.com/title/tt0064327/,Película,6.9,107,1969,"Comedia, Drama",1163,1969-12-03,"Nelly Kaplan",,
2858,tt8415728,2020-11-21,2020-11-21,,"One of These Days","One of These Days",https://www.imdb.com/title/tt8415728/,Película,6.0,119,2020,"Drama",718,2022-05-19,"Bastian Günther",,
2859,tt0062946,2020-11-22,2020-11-22,,"Jungla 2000","Eva, la Venere selvaggia",https://www.imdb.com/title/tt0062946/,Película,2.7,92,1968,"Acción, Aventura, Terror, Ciencia ficción",1049,1968-09-29,"Roberto Mauri",,
2860,tt0131542,2020-11-22,2020-11-22,,"Las adorables pornokillers","Le porno killers",https://www.imdb.com/title/tt0131542/,Película,5.0,82,1980,"Acción, Comedia, Crimen",128,1980-04-20,"Roberto Mauri",,
2861,tt0069089,2020-11-22,2020-11-22,,"Pink Flamingos","Pink Flamingos",https://www.imdb.com/title/tt0069089/,Película,6.0,93,1972,"Comedia, Crimen",31423,1976-03-31,"John Waters",,
2862,tt0225458,2020-11-23,2020-11-23,,"Dabide no hoshi: Bishôjo-gari","Dabide no hoshi: Bishôjo-gari",https://www.imdb.com/title/tt0225458/,Película,5.9,100,1979,"Drama, Terror, Suspense",1215,1979-10-27,"Norifumi Suzuki",,
2863,tt0285591,2020-11-25,2020-11-25,,"Hakkinbon bijin ranbu yori: Semeru!","Hakkinbon bijin ranbu yori: Semeru!",https://www.imdb.com/title/tt0285591/,Película,6.3,83,1977,"Drama",187,1977-02-23,"Noboru Tanaka",,
2864,tt0155830,2020-12-07,2020-12-07,,"Padre putativo","Le farò da padre",https://www.imdb.com/title/tt0155830/,Película,5.4,107,1974,"Comedia, Drama, Romance",624,1974-09-17,"Alberto Lattuada",,
2865,tt0093441,2020-12-09,2020-12-09,,"Prostituzione","Prostituzione",https://www.imdb.com/title/tt0093441/,Película,4.4,70,1974,"Comedia, Drama, Terror, Misterio, Suspense",137,1974-09-07,"Rino Di Silvestro",,
2866,tt0058377,2020-12-09,2020-12-09,,"Il mostro dell'opera","Il mostro dell'opera",https://www.imdb.com/title/tt0058377/,Película,5.3,84,1964,"Terror",361,1964-06-30,"Renato Polselli",,
2867,tt11747286,2020-12-18,2020-12-18,,"Las Mil y Una","Las mil y una",https://www.imdb.com/title/tt11747286/,Película,6.2,120,2020,"Drama, Romance",570,2020-12-03,"Clarisa Navas",,
2868,tt5433140,2020-12-22,2020-12-22,,"Fast & Furious X","Fast X",https://www.imdb.com/title/tt5433140/,Película,5.7,141,2023,"Acción, Aventura, Crimen, Misterio, Suspense",149792,2023-05-19,"Louis Leterrier",,
2869,tt0061493,2020-12-23,2020-12-23,,"Con el corazón en la garganta","Col cuore in gola",https://www.imdb.com/title/tt0061493/,Película,5.5,104,1967,"Drama, Misterio, Suspense",1034,1968-02-01,"Tinto Brass",,
2870,tt0073871,2020-12-23,2020-12-23,,"El vicio tiene medias negras","Il vizio ha le calze nere",https://www.imdb.com/title/tt0073871/,Película,5.2,93,1975,"Terror, Misterio, Suspense",327,1975-10-04,"Tano Cimarosa",,
2871,tt0204759,2020-12-27,2020-12-27,,"Zubekô banchô: Yume wa yoru hiraku","Zubekô banchô: Yume wa yoru hiraku",https://www.imdb.com/title/tt0204759/,Película,6.2,89,1970,"Acción, Crimen, Drama",164,1970-09-22,"Kazuhiko Yamaguchi",,
2872,tt0211580,2020-12-28,2020-12-28,,"La puce","La puce",https://www.imdb.com/title/tt0211580/,Corto,6.1,40,1999,"Drama, Corto",209,1999-11-17,"Emmanuelle Bercot",,
2873,tt0058753,2021-01-06,2021-01-06,,"Brujería","Witchcraft",https://www.imdb.com/title/tt0058753/,Película,6.1,79,1964,"Terror",1897,1964-03,"Don Sharp",,
2874,tt1642252,2021-01-12,2021-01-12,,"Kyonyû doragon: Onsen zonbi vs sutorippâ 5","Kyonyû doragon: Onsen zonbi vs sutorippâ 5",https://www.imdb.com/title/tt1642252/,Película,4.4,73,2010,"Acción, Comedia, Terror, Suspense",1551,2010-05-15,"Takao Nakano",,
2875,tt0074473,2021-01-21,2021-01-21,,"Emanuelle en América","Emanuelle in America",https://www.imdb.com/title/tt0074473/,Película,5.2,100,1977,"X, Drama, Terror, Misterio",2213,1978-05-11,"Joe D'Amato",,
2876,tt11398346,2021-01-28,2021-01-28,,"Strawberry Mansion","Strawberry Mansion",https://www.imdb.com/title/tt11398346/,Película,6.5,91,2021,"Aventura, Fantasía, Romance, Ciencia ficción",3610,2021-07-22,"Kentucker Audley, Albert Birney",,
2877,tt13648232,2021-01-28,2021-01-28,,"Mother Schmuckers","Fils de plouc",https://www.imdb.com/title/tt13648232/,Película,4.8,70,2021,"Comedia",373,2022-03-15,"Harpo Guit, Lenny Guit",,
2878,tt8710506,2021-01-28,2021-01-28,,"Cusp","Cusp",https://www.imdb.com/title/tt8710506/,Película,5.7,92,2021,"Documental",462,2021-11-26,"Isabel Bethencourt, Parker Hill",,
2879,tt0077852,2021-01-28,2021-01-28,,"La colegiala seduce a los profesores","La liceale seduce i professori",https://www.imdb.com/title/tt0077852/,Película,4.6,93,1979,"Comedia",452,1980-06-01,"Mariano Laurenti",,
2880,tt0077851,2021-01-28,2021-01-28,,"La estudiante en la clase de los suspensos","La liceale nella classe dei ripetenti",https://www.imdb.com/title/tt0077851/,Película,4.5,90,1978,"Comedia",589,1978-08-10,"Mariano Laurenti",,
2881,tt9738716,2021-01-29,2021-01-29,,"El mundo que viene","The World to Come",https://www.imdb.com/title/tt9738716/,Película,6.4,105,2020,"Drama, Historia, Romance, Del oeste",13291,2021-03-02,"Mona Fastvold",,
2882,tt0077191,2021-01-31,2021-01-31,,"Las veinteañeras","Avere vent'anni",https://www.imdb.com/title/tt0077191/,Película,5.8,94,1978,"Comedia, Crimen, Drama, Terror, Suspense",1436,1978-07-14,"Fernando Di Leo",,
2883,tt0171078,2021-02-02,2021-02-02,,"Seguro de virginidad","Assicurasi vergine",https://www.imdb.com/title/tt0171078/,Película,4.3,100,1967,"Comedia",26,1967-04-03,"Giorgio Bianchi",,
2884,tt0165285,2021-02-02,2021-02-02,,"Corrupción insaciable","Gli Insaziabili",https://www.imdb.com/title/tt0165285/,Película,5.6,99,1969,"Crimen, Misterio, Suspense",223,1969-08-14,"Alberto De Martino",,
2885,tt0064802,2021-02-02,2021-02-02,,"Las trompetas del apocalipsis","Las trompetas del apocalipsis",https://www.imdb.com/title/tt0064802/,Película,5.5,91,1969,"Crimen, Misterio, Suspense",144,1969-08-22,"Julio Buchs",,
2886,tt12552912,2021-02-05,2021-02-05,,"Severnyy veter","Severnyy veter",https://www.imdb.com/title/tt12552912/,Película,5.7,122,2021,"Drama, Fantasía, Romance",565,2021-02-11,"Renata Litvinova",,
2887,tt0075893,2021-02-06,2021-02-06,,"Cruel pasión","Cruel Passion",https://www.imdb.com/title/tt0075893/,Película,4.4,99,1977,"Drama",675,1977,"Chris Boger",,
2888,tt6095072,2021-02-06,2021-02-06,,"Justine","Justine",https://www.imdb.com/title/tt6095072/,Película,6.3,93,2016,"Drama",65,2016-10-31,"Jac Avila",,
2889,tt13648212,2021-02-06,2021-02-06,,"Colmena","Zgjoi",https://www.imdb.com/title/tt13648212/,Película,7.1,84,2021,"Drama",4627,2022-03-04,"Blerta Basholli",,
2890,tt0067100,2021-02-07,2021-02-07,,"Puño desnudo","Firecracker",https://www.imdb.com/title/tt0067100/,Película,5.6,77,1981,"Acción, Crimen, Suspense",1102,1981-05,"Cirio H. Santiago",,
2891,tt0091604,2021-02-07,2021-02-07,,"Venganza desnuda","Naked Vengeance",https://www.imdb.com/title/tt0091604/,Película,5.8,97,1985,"Acción, Crimen, Drama",1136,1986-10-16,"Cirio H. Santiago",,
2892,tt0077666,2021-02-07,2021-02-07,,"Hell Hole","Hell Hole",https://www.imdb.com/title/tt0077666/,Película,4.6,82,1978,"Acción, Crimen, Drama, Suspense",118,1982-11-15,"Cirio H. Santiago",,
2893,tt0098332,2021-02-07,2021-02-07,,"Imposible de matar","Silk 2",https://www.imdb.com/title/tt0098332/,Película,4.4,85,1989,"Acción, Suspense",302,1990-08-22,"Cirio H. Santiago",,
2894,tt0113720,2021-02-09,2021-02-09,,"La belleza de las cosas","Lust och fägring stor",https://www.imdb.com/title/tt0113720/,Película,6.8,130,1995,"Drama, Romance, Bélico",8875,1997-04-30,"Bo Widerberg",,
2895,tt0093628,2021-02-10,2021-02-10,,"Nightmare Sisters","Nightmare Sisters",https://www.imdb.com/title/tt0093628/,Vídeo,5.0,83,1988,"Comedia, Fantasía, Terror",2293,1988-06-15,"David DeCoteau",,
2896,tt8962346,2021-02-13,2021-02-13,,"A Black Rift Begins to Yawn","A Black Rift Begins to Yawn",https://www.imdb.com/title/tt8962346/,Película,5.2,101,2021,"Drama, Misterio",22,2021-02-12,"Matthew Wade",,
2897,tt13557918,2021-02-13,2021-02-13,,"Teenage Emotions","Teenage Emotions",https://www.imdb.com/title/tt13557918/,Película,5.4,72,2021,"Drama",131,2022-09-15,"Frédéric Da",,
2898,tt0071537,2021-02-13,2021-02-13,,"El ojo en la oscuridad","Gatti rossi in un labirinto di vetro",https://www.imdb.com/title/tt0071537/,Película,5.9,97,1975,"Crimen, Terror, Misterio, Suspense",2406,1975-08-13,"Umberto Lenzi",,
2899,tt0069343,2021-02-13,2021-02-13,,"La tarántula del vientre negro","La tarantola dal ventre nero",https://www.imdb.com/title/tt0069343/,Película,6.3,98,1971,"Terror, Misterio, Suspense",4074,1972-07-19,"Paolo Cavara",,
2900,tt0093043,2021-02-13,2021-02-13,,"Crimenes en portada","Le foto di Gioia",https://www.imdb.com/title/tt0093043/,Película,5.7,94,1987,"Terror, Misterio, Suspense",3089,1987-04-10,"Lamberto Bava",,
2901,tt0069186,2021-02-13,2021-02-13,,"Revelaciones de un maníaco sexual","Rivelazioni di un maniaco sessuale al capo della squadra mobile",https://www.imdb.com/title/tt0069186/,Película,5.9,101,1972,"Crimen, Drama, Terror, Misterio, Suspense",1431,1972-08-11,"Roberto Bianchi Montero",,
2902,tt0078288,2021-02-13,2021-02-13,,"Sombra sangrienta","Solamente nero",https://www.imdb.com/title/tt0078288/,Película,6.3,109,1978,"Crimen, Misterio, Suspense",2310,1978-07-29,"Antonio Bido",,
2903,tt12748350,2021-02-13,2021-02-13,,"Mia isi rateaza razbunarea","Mia isi rateaza razbunarea",https://www.imdb.com/title/tt12748350/,Película,5.5,81,2020,"Drama",377,2021-01-01,"Bogdan Theodor Olteanu",,
2904,tt0145484,2021-02-14,2021-02-14,,"Cuernos con salsa picante","Spaghetti a mezzanotte",https://www.imdb.com/title/tt0145484/,Película,6.2,88,1981,"Comedia",708,1981-02-26,"Sergio Martino",,
2905,tt0073406,2021-02-16,2021-02-16,,"Extraña muerte de una menor","Morte sospetta di una minorenne",https://www.imdb.com/title/tt0073406/,Película,6.5,100,1975,"Acción, Comedia, Crimen, Terror, Suspense",2075,1975-08-12,"Sergio Martino",,
2906,tt10520754,2021-02-16,2021-02-16,,"The Sleeping Negro","The Sleeping Negro",https://www.imdb.com/title/tt10520754/,Película,5.8,73,2021,"Drama",218,2023-02-02,"Skinner Myers",,
2907,tt12059228,2021-02-16,2021-02-16,,"Nulle trace","Nulle trace",https://www.imdb.com/title/tt12059228/,Película,6.1,105,2021,"Drama",60,2021-05-07,"Simon Lavoie",,
2908,tt0070656,2021-02-16,2021-02-16,,"Grita Blácula grita (Drácula negro 2)","Scream Blacula Scream",https://www.imdb.com/title/tt0070656/,Película,5.7,96,1973,"Fantasía, Terror",3646,1973-06-27,"Bob Kelljan",,
2909,tt0065669,2021-02-16,2021-02-16,,"Terror en Dunwich","The Dunwich Horror",https://www.imdb.com/title/tt0065669/,Película,5.4,90,1970,"Terror",6096,1970-01-14,"Daniel Haller",,
2910,tt0478988,2021-02-17,2021-02-17,,"La llamada de Cthulhu","The Call of Cthulhu",https://www.imdb.com/title/tt0478988/,Película,7.1,47,2005,"Terror, Misterio",9778,2025-03-29,"Andrew Leman",,
2911,tt0070297,2021-02-19,2021-02-19,,"Kung Fu contra los siete vampiros de oro","The Legend of the 7 Golden Vampires",https://www.imdb.com/title/tt0070297/,Película,5.8,89,1974,"Acción, Terror",5630,1976-02-09,"Roy Ward Baker, Cheh Chang",,
2912,tt0076884,2021-02-23,2021-02-23,,"La violación de la señorita Julia","Pensione paura",https://www.imdb.com/title/tt0076884/,Película,6.1,99,1978,"Drama, Terror, Misterio, Romance, Suspense",1176,1978-02-16,"Francesco Barilli",,
2913,tt0477991,2021-02-23,2021-02-23,,"Kinetta","Kinetta",https://www.imdb.com/title/tt0477991/,Película,4.6,95,2005,"Drama",3365,2007-03-22,"Yorgos Lanthimos",,
2914,tt0072225,2021-02-24,2021-02-24,,"La venganza de los zombies","Sugar Hill",https://www.imdb.com/title/tt0072225/,Película,5.8,91,1974,"Acción, Crimen, Terror",2772,1974-02,"Paul Maslansky",,
2915,tt0069795,2021-02-24,2021-02-24,,"Blackenstein: The Black Frankenstein","Blackenstein: The Black Frankenstein",https://www.imdb.com/title/tt0069795/,Película,3.5,78,1973,"Terror, Ciencia ficción",1656,1973-08,"William A. Levey",,
2916,tt11160650,2021-03-01,2021-03-01,,"A la de tres","On the Count of Three",https://www.imdb.com/title/tt11160650/,Película,7.0,86,2021,"Comedia, Crimen, Drama",10605,2023-03-17,"Jerrod Carmichael",,
2917,tt7112154,2021-03-01,2021-03-01,,"Nete mo samete mo","Nete mo samete mo",https://www.imdb.com/title/tt7112154/,Película,7.1,119,2018,"Drama, Romance",6268,2018-09-01,"Ryūsuke Hamaguchi",,
2918,tt14038552,2021-03-02,2021-03-02,,"Hygiène sociale","Hygiène sociale",https://www.imdb.com/title/tt14038552/,Película,5.3,75,2021,"Comedia, Drama",191,2021-05-27,"Denis Côté",,
2919,tt10783504,2021-03-02,2021-03-02,,"Selini, 66 erotiseis","Selini, 66 erotiseis",https://www.imdb.com/title/tt10783504/,Película,6.2,108,2021,"Drama",845,2022-06-02,"Jacqueline Lentzou",,
2920,tt0076001,2021-03-02,2021-03-02,,"La escopeta nacional","La escopeta nacional",https://www.imdb.com/title/tt0076001/,Película,7.3,95,1978,"Comedia",2551,1981-02-19,"Luis García Berlanga",,
2921,tt0073209,2021-03-02,2021-03-02,,"¡Jo, papá!","¡Jo, papá!",https://www.imdb.com/title/tt0073209/,Película,6.0,97,1975,"Comedia, Drama",66,1975-12-18,"Jaime de Armiñán",,
2922,tt0075969,2021-03-02,2021-03-02,,"Los días del pasado","Los días del pasado",https://www.imdb.com/title/tt0075969/,Película,6.7,109,1977,"Drama",140,1977-05-13,"Mario Camus",,
2923,tt0067434,2021-03-12,2021-03-12,,"Sumario sangriento de la pequeña Estefania","Mio caro assassino",https://www.imdb.com/title/tt0067434/,Película,6.4,100,1972,"Crimen, Misterio, Suspense",2056,1972-02-24,"Tonino Valerii",,
2924,tt0065009,2021-03-14,2021-03-14,,"Más peligrosas todavía","Some Girls Do",https://www.imdb.com/title/tt0065009/,Película,5.5,91,1969,"Acción, Aventura, Comedia, Ciencia ficción",966,1969-01-23,"Ralph Thomas",,
2925,tt0082034,2021-03-14,2021-03-14,,"El as","Asso",https://www.imdb.com/title/tt0082034/,Película,6.4,90,1981,"Comedia, Crimen, Fantasía",2553,1981-04-16,"Franco Castellano, Giuseppe Moccia",,
2926,tt3420392,2021-03-14,2021-03-14,,"La casa del exorcismo","The House of Exorcism",https://www.imdb.com/title/tt3420392/,Película,4.6,92,1975,"Terror, Misterio",999,1975-04-02,"Lamberto Bava, Mario Bava, Alfredo Leone",,
2927,tt0069253,2021-03-14,2021-03-14,,"Sette scialli di seta gialla","Sette scialli di seta gialla",https://www.imdb.com/title/tt0069253/,Película,6.1,99,1972,"Crimen, Terror, Misterio, Suspense",1222,1972-08-12,"Sergio Pastore",,
2928,tt0067212,2021-03-14,2021-03-14,,"Homo Eroticus","Homo Eroticus",https://www.imdb.com/title/tt0067212/,Película,5.2,112,1971,"Comedia",275,1971-09-15,"Marco Vicario",,
2929,tt0067879,2021-03-14,2021-03-14,,"Il sesso del diavolo","Il sesso del diavolo",https://www.imdb.com/title/tt0067879/,Película,5.0,93,1971,"Drama, Terror, Suspense",109,1971-01-26,"Oscar Brazzi",,
2930,tt0063285,2021-03-18,2021-03-18,,"El inquisidor","Matthew Hopkins: Witchfinder General",https://www.imdb.com/title/tt0063285/,Película,6.7,86,1968,"Drama, Terror",14014,1968-05-19,"Michael Reeves",,
2931,tt0062693,2021-03-18,2021-03-18,,"Piel joven","Baby Love",https://www.imdb.com/title/tt0062693/,Película,5.7,93,1969,"Drama",837,1969-04-20,"Alastair Reid",,
2932,tt10702148,2021-03-19,2021-03-19,,"El asesinato de dos amantes","The Killing of Two Lovers",https://www.imdb.com/title/tt10702148/,Película,6.8,85,2020,"Drama",5970,2021-05-14,"Robert Machoian",,
2933,tt9784798,2021-03-19,2021-03-19,,"Judas y el mesías negro","Judas and the Black Messiah",https://www.imdb.com/title/tt9784798/,Película,7.4,126,2021,"Biografía, Crimen, Drama, Historia",116121,2021-03-26,"Shaka King",,
2934,tt10706602,2021-03-19,2021-03-19,,"Collective","Colectiv",https://www.imdb.com/title/tt10706602/,Película,8.1,109,2019,"Documental, Crimen",14342,2020-06-04,"Alexander Nanau",,
2935,tt5011888,2021-03-21,2021-03-21,,"Kids Love Toys","Kids Love Toys",https://www.imdb.com/title/tt5011888/,Corto,,,2014,"Corto, Drama",0,2014-03-03,"J. Prada, Kiko Prada",,
2936,tt0066600,2021-03-26,2021-03-26,,"Yûrei yashiki no kyôfu: Chi wo sû ningyô","Yûrei yashiki no kyôfu: Chi wo sû ningyô",https://www.imdb.com/title/tt0066600/,Película,6.6,85,1970,"Terror",1585,1970-07-04,"Michio Yamamoto",,
2937,tt0071308,2021-03-26,2021-03-26,,"Chi o suu bara","Chi o suu bara",https://www.imdb.com/title/tt0071308/,Película,6.3,83,1974,"Drama, Terror",1016,1974-07-20,"Michio Yamamoto",,
2938,tt6803046,2021-03-31,2021-03-31,,"The Vast of Night","The Vast of Night",https://www.imdb.com/title/tt6803046/,Película,6.7,91,2019,"Drama, Misterio, Ciencia ficción, Suspense",51049,2020-06-12,"Andrew Patterson",,
2939,tt12444572,2021-04-01,2021-04-01,,"Beginning","Dasatskisi",https://www.imdb.com/title/tt12444572/,Película,6.6,130,2020,"Drama",2763,2021-06-24,"Dea Kulumbegashvili",,
2940,tt0068732,2021-04-07,2021-04-07,,"Imágenes","Images",https://www.imdb.com/title/tt0068732/,Película,7.0,104,1972,"Drama, Terror, Misterio",8807,1972-11,"Robert Altman",,
2941,tt0075704,2021-04-07,2021-04-07,,"Las dos vidas de Audrey Rose","Audrey Rose",https://www.imdb.com/title/tt0075704/,Película,5.8,113,1977,"Drama, Fantasía, Terror, Suspense",7493,1977-09-09,"Robert Wise",,
2942,tt1666168,2021-04-07,2021-04-07,,"Hors Satan","Hors Satan",https://www.imdb.com/title/tt1666168/,Película,6.4,110,2011,"Crimen, Drama, Fantasía",2234,2011-10-19,"Bruno Dumont",,
2943,tt0074611,2021-04-24,2021-04-24,,"Escalofrío","Full Circle",https://www.imdb.com/title/tt0074611/,Película,6.2,98,1977,"Drama, Fantasía, Terror, Misterio",3655,1978-04,"Richard Loncraine",,
2944,tt0079514,2021-04-28,2021-04-28,,"La pícara estudiante","Malibu High",https://www.imdb.com/title/tt0079514/,Película,5.0,90,1979,"Crimen, Drama, Suspense",1551,1979-05,"Irvin Berwick",,
2945,tt5563862,2021-05-03,2021-05-03,,"Replace","Replace",https://www.imdb.com/title/tt5563862/,Película,4.8,101,2017,"Terror, Ciencia ficción, Suspense",1563,2017-09-02,"Norbert Keil",,
2946,tt0086154,2021-05-09,2021-05-09,,"Psicosis II: El regreso de Norman","Psycho II",https://www.imdb.com/title/tt0086154/,Película,6.6,113,1983,"Crimen, Terror, Misterio, Suspense",35620,1983-08-29,"Richard Franklin",,
2947,tt0099528,2021-05-13,2021-05-13,,"El exorcista III","The Exorcist III",https://www.imdb.com/title/tt0099528/,Película,6.5,110,1990,"Drama, Terror, Misterio",42658,1990-11-07,"William Peter Blatty",,
2948,tt10045260,2021-05-14,2021-05-14,,"The Exorcist III: Legion","The Exorcist III: Legion",https://www.imdb.com/title/tt10045260/,Película,7.2,105,1990,"Terror, Misterio, Suspense",1924,2016-10-25,"William Peter Blatty",,
2949,tt6823148,2021-05-14,2021-05-14,,"Benedetta","Benedetta",https://www.imdb.com/title/tt6823148/,Película,6.7,131,2021,"Biografía, Drama, Romance",30609,2021-10-01,"Paul Verhoeven",,
2950,tt5952138,2021-05-16,2021-05-16,,"Siempre hemos vivido en un castillo","We Have Always Lived in the Castle",https://www.imdb.com/title/tt5952138/,Película,5.6,95,2018,"Drama, Terror, Misterio, Suspense",11291,2023-05,"Stacie Passon",,
2951,tt8123608,2021-05-21,2021-05-21,,"La estrella errante","La estrella errante",https://www.imdb.com/title/tt8123608/,Película,6.1,67,2018,"Misterio",12,2018-11-14,"Alberto Gracia",,
2952,tt14475890,2021-05-21,2021-05-21,,"Obake","Obake",https://www.imdb.com/title/tt14475890/,Película,,62,2019,"Drama",0,2020-07-11,"Hiromichi Nakao",,
2953,tt0024184,2021-05-21,2021-05-21,,"El hombre invisible","The Invisible Man",https://www.imdb.com/title/tt0024184/,Película,7.6,71,1933,"Terror, Ciencia ficción",44604,1934-03-15,"James Whale",,
2954,tt0076683,2021-05-24,2021-05-24,,"La centinela","The Sentinel",https://www.imdb.com/title/tt0076683/,Película,6.3,92,1977,"Terror",13739,1979-11-13,"Michael Winner",,
2955,tt0371920,2021-05-24,2021-05-24,,"Rottweiler","Rottweiler",https://www.imdb.com/title/tt0371920/,Película,3.2,95,2004,"Terror, Ciencia ficción, Suspense",2584,2005-06-10,"Brian Yuzna",,
2956,tt10342730,2021-05-24,2021-05-24,,"Spiral. Saw","Spiral: From the Book of Saw",https://www.imdb.com/title/tt10342730/,Película,5.2,93,2021,"Crimen, Drama, Terror, Misterio, Suspense",78612,2021-05-21,"Darren Lynn Bousman",,
2957,tt0104070,2021-05-24,2021-05-24,,"La muerte os sienta tan bien","Death Becomes Her",https://www.imdb.com/title/tt0104070/,Película,6.7,104,1992,"Comedia, Fantasía, Terror",151684,1992-12-11,"Robert Zemeckis",,
2958,tt0114194,2021-05-24,2021-05-24,,"Ángeles y demonios","The Prophecy",https://www.imdb.com/title/tt0114194/,Película,6.4,98,1995,"Acción, Crimen, Drama, Fantasía, Terror, Misterio, Suspense",35938,1995-08-05,"Gregory Widen",,
2959,tt0164663,2021-05-27,2021-05-27,,"Ice Cream","Ice Cream",https://www.imdb.com/title/tt0164663/,Corto,6.0,10,1970,"Corto",29,,"Antoni Padrós",,
2960,tt0167941,2021-05-27,2021-05-27,,"Folle... folle... fólleme Tim!","Folle... folle... fólleme Tim!",https://www.imdb.com/title/tt0167941/,Película,4.2,90,1978,"Comedia",177,,"Pedro Almodóvar",,
2961,tt6341832,2021-05-28,2021-05-28,,"Oxígeno","Oxygène",https://www.imdb.com/title/tt6341832/,Película,6.5,100,2021,"Drama, Fantasía, Ciencia ficción, Suspense",48956,2021-05-12,"Alexandre Aja",,
2962,tt0051418,2021-06-01,2021-06-01,,"La masa devoradora","The Blob",https://www.imdb.com/title/tt0051418/,Película,6.3,86,1958,"Terror, Ciencia ficción",32717,1958-09-10,"Irvin S. Yeaworth Jr., Russell S. Doughten Jr.",,
2963,tt0071275,2021-06-01,2021-06-01,,"Semáforo rojo","Cani arrabbiati",https://www.imdb.com/title/tt0071275/,Película,7.4,96,1974,"Crimen, Drama, Suspense",5982,1998-02-25,"Mario Bava",,
2964,tt0112643,2021-06-01,2021-06-01,,"Un castillo alucinante","Castle Freak",https://www.imdb.com/title/tt0112643/,Vídeo,5.9,90,1995,"Drama, Terror, Misterio, Suspense",11878,1995-11-14,"Stuart Gordon",,
2965,tt9526784,2021-06-01,2021-06-01,,"Nunca volverá a nevar","Sniegu juz nigdy nie bedzie",https://www.imdb.com/title/tt9526784/,Película,6.4,116,2020,"Comedia, Drama, Misterio",3014,2021-06-04,"Malgorzata Szumowska, Michal Englert",,
2966,tt0161635,2021-06-03,2021-06-03,,"Ginî piggu 2: Chiniku no hana","Ginî piggu 2: Chiniku no hana",https://www.imdb.com/title/tt0161635/,Vídeo,4.8,42,1985,"Corto, Terror",5087,1985-11-30,"Hideshi Hino",,
2967,tt0161634,2021-06-03,2021-06-03,,"Guinea Pig: Devil's Experiment","Guinea Pig: Ginî piggu - Akuma no jikken",https://www.imdb.com/title/tt0161634/,Vídeo,3.6,43,1985,"Corto, Terror",4734,1985-09-05,"Satoru Ogura",,
2968,tt0161641,2021-06-03,2021-06-03,,"Mêkingu obu 'Ginî piggu'","Mêkingu obu 'Ginî piggu'",https://www.imdb.com/title/tt0161641/,Vídeo,5.4,44,1986,"Documental, Corto",268,1986,"Jyunko Okamoto",,
2969,tt1433537,2021-06-03,2021-06-03,,"Mêkingu obu 'Ginî piggu 4'","Mêkingu obu 'Ginî piggu 4'",https://www.imdb.com/title/tt1433537/,Vídeo,4.8,50,1986,"Documental",67,1986,,,
2970,tt0161636,2021-06-03,2021-06-03,,"Ginî piggu 3: Senritsu! Shinanai otoko","Ginî piggu 3: Senritsu! Shinanai otoko",https://www.imdb.com/title/tt0161636/,Vídeo,4.6,39,1986,"Corto, Comedia, Terror",2061,1986-04-10,"Masayuki Kusumi",,
2971,tt0161639,2021-06-03,2021-06-03,,"Ginî piggu 4: Pîtâ no akuma no joi-san","Ginî piggu 4: Pîtâ no akuma no joi-san",https://www.imdb.com/title/tt0161639/,Vídeo,4.0,48,1986,"Comedia, Terror",1295,1986-09-10,"Hajime Tabe",,
2972,tt0161638,2021-06-03,2021-06-03,,"Ginî piggu: Manhôru no naka no ningyo","Ginî piggu: Manhôru no naka no ningyo",https://www.imdb.com/title/tt0161638/,Vídeo,5.5,63,1988,"Terror",2829,1988-07-25,"Hideshi Hino",,
2973,tt0161640,2021-06-03,2021-06-03,,"Ginî piggu: Zansatsu supesharu","Ginî piggu: Zansatsu supesharu",https://www.imdb.com/title/tt0161640/,Vídeo,3.2,73,1988,"Terror",142,1988-10-10,,,
2974,tt0161633,2021-06-03,2021-06-03,,"The guinea pig 2: Nôtoru Damu no andoroido","The guinea pig 2: Nôtoru Damu no andoroido",https://www.imdb.com/title/tt0161633/,Vídeo,3.8,51,1989,"Terror",1452,1989-03-21,"Kazuhito Kuramoto",,
2975,tt0099611,2021-06-03,2021-06-03,,"Vicios diabólicos","Frankenhooker",https://www.imdb.com/title/tt0099611/,Película,6.2,85,1990,"Comedia, Terror, Ciencia ficción",17283,1990-06-01,"Frank Henenlotter",,
2976,tt8110004,2021-06-05,2021-06-05,,"Pvt Chat","Pvt Chat",https://www.imdb.com/title/tt8110004/,Película,5.8,86,2020,"Drama",2220,2021-02-09,"Ben Hozie",,
2977,tt0089562,2021-06-07,2021-06-07,,"Perdidos en el valle de los dinosaurios","Nudo e selvaggio",https://www.imdb.com/title/tt0089562/,Película,5.2,88,1985,"Acción, Aventura, Terror",2794,1985-08-13,"Michele Massimo Tarantini",,
2978,tt1422032,2021-06-08,2021-06-08,,"También la lluvia","También la lluvia",https://www.imdb.com/title/tt1422032/,Película,7.4,103,2010,"Drama, Historia",15594,2011-01-05,"Icíar Bollaín",,
2979,tt5859882,2021-06-09,2021-06-09,,"Vita & Virginia","Vita & Virginia",https://www.imdb.com/title/tt5859882/,Película,5.9,110,2018,"Biografía, Drama, Romance",5508,2019-07-05,"Chanya Button",,
2980,tt4746516,2021-06-09,2021-06-09,,"Huérfana","Orpheline",https://www.imdb.com/title/tt4746516/,Película,6.0,111,2016,"Crimen, Drama, Suspense",1643,2023-08,"Arnaud des Pallières",,
2981,tt12358104,2021-06-09,2021-06-09,,"Dos","Dos",https://www.imdb.com/title/tt12358104/,Película,4.3,70,2021,"Drama, Misterio, Suspense",5827,2021-12-10,"Mar Targarona",,
2982,tt5326364,2021-06-10,2021-06-10,,"Nelly","Nelly",https://www.imdb.com/title/tt5326364/,Película,5.7,100,2016,"Biografía, Drama",668,2017-01-20,"Anne Émond",,
2983,tt8738964,2021-06-10,2021-06-10,,"Kler","Kler",https://www.imdb.com/title/tt8738964/,Película,7.3,133,2018,"Drama",7214,2018-09-28,"Wojciech Smarzowski",,
2984,tt1912398,2021-06-11,2021-06-11,,"Armados y cabreados","God Bless America",https://www.imdb.com/title/tt1912398/,Película,7.1,105,2011,"Comedia, Crimen, Drama",74781,2012-05-31,"Bobcat Goldthwait",,
2985,tt0415127,2021-06-11,2021-06-11,,"El hombre de Londres","A londoni férfi",https://www.imdb.com/title/tt0415127/,Película,7.0,139,2007,"Crimen, Drama, Misterio",4991,2008-01-31,"Béla Tarr, Ágnes Hranitzky",,
2986,tt0080431,2021-06-13,2021-06-13,,"Beyond Evil","Beyond Evil",https://www.imdb.com/title/tt0080431/,Película,4.2,94,1980,"Terror",1283,1980-05-09,"Herb Freed",,
2987,tt0084869,2021-06-16,2021-06-16,,"Violencia en una cárcel de mujeres","Violenza in un carcere femminile",https://www.imdb.com/title/tt0084869/,Película,4.6,99,1982,"Acción, Crimen, Drama, Suspense",1218,1986-02-17,"Bruno Mattei",,
2988,tt9270362,2021-06-17,2021-06-17,,"The Amusement Park","The Amusement Park",https://www.imdb.com/title/tt9270362/,Película,6.3,53,1975,"Drama, Terror, Suspense",3965,2021-06-08,"George A. Romero",,
2989,tt0896927,2021-06-18,2021-06-18,,"Eskalofrío","Eskalofrío",https://www.imdb.com/title/tt0896927/,Película,6.0,95,2008,"Terror, Suspense",3551,2008-07-18,"Isidro Ortiz",,
2990,tt1155705,2021-06-19,2021-06-19,,"20th century boys: Cap. 1 El principio del fin","20-seiki shônen: Honkaku kagaku bôken eiga",https://www.imdb.com/title/tt1155705/,Película,6.6,142,2008,"Aventura, Fantasía, Misterio, Ciencia ficción",2978,2008-08-30,"Kimura Hisashi, Yukihiko Tsutsumi",,
2991,tt1181920,2021-06-19,2021-06-19,,"20th century boys: Cap. 2 La última esperanza","20-seiki shônen: Dai 2 shô - Saigo no kibô",https://www.imdb.com/title/tt1181920/,Película,6.3,139,2009,"Drama, Fantasía",2089,2009-01-31,"Yukihiko Tsutsumi",,
2992,tt1181919,2021-06-19,2021-06-19,,"20th century boys: Cap. 3 Redención","20-seiki shônen: Saishû-shô - Bokura no hata",https://www.imdb.com/title/tt1181919/,Película,6.5,156,2009,"Aventura, Fantasía",1356,2009-08-29,"Yukihiko Tsutsumi",,
2993,tt0060647,2021-06-21,2021-06-21,,"Made in USA","Made in USA",https://www.imdb.com/title/tt0060647/,Película,6.2,90,1966,"Comedia, Crimen, Misterio",4949,1967-01-27,"Jean-Luc Godard",,
2994,tt0098354,2021-06-23,2021-06-23,,"Society","Society",https://www.imdb.com/title/tt0098354/,Película,6.5,99,1989,"Comedia, Terror",25367,1991-06-14,"Brian Yuzna",,
2995,tt11808288,2021-06-24,2021-06-24,,"Ama","Ama",https://www.imdb.com/title/tt11808288/,Película,6.1,97,2021,"Drama",303,2021-06-04,"Júlia de Paz",,
2996,tt0120238,2021-06-25,2021-06-25,,"SubUrbia","SubUrbia",https://www.imdb.com/title/tt0120238/,Película,6.7,121,1996,"Comedia, Drama",11963,1997-11-28,"Richard Linklater",,
2997,tt0930902,2021-06-28,2021-06-28,,"Midori","Shôjo tsubaki: Chika gentô gekiga",https://www.imdb.com/title/tt0930902/,Película,6.2,55,1992,"Animación, Drama, Terror",5248,1992-05-02,"Hiroshi Harada",,
2998,tt0023245,2021-06-29,2021-06-29,,"La momia","The Mummy",https://www.imdb.com/title/tt0023245/,Película,6.9,73,1932,"Fantasía, Terror",33643,1933-03-06,"Karl Freund",,
2999,tt1001520,2021-07-01,2021-07-01,,"El último viaje del Demeter","The Last Voyage of the Demeter",https://www.imdb.com/title/tt1001520/,Película,6.1,118,2023,"Fantasía, Terror, Suspense",71324,2024-07-12,"André Øvredal",,
3000,tt9311532,2021-07-05,2021-07-05,,"Lucas","Lucas",https://www.imdb.com/title/tt9311532/,Película,5.7,92,2021,"Drama",177,2021-06-04,"Álex Montoya",,
3001,tt0099277,2021-07-06,2021-07-06,,"Curso 1999","Class of 1999",https://www.imdb.com/title/tt0099277/,Película,5.9,99,1990,"Acción, Terror, Ciencia ficción",10052,1990-05-11,"Mark L. Lester",,
3002,tt0109442,2021-07-06,2021-07-06,,"Curso del 99: El sustituto","Class of 1999 II: The Substitute",https://www.imdb.com/title/tt0109442/,Vídeo,4.4,87,1994,"Acción, Terror, Ciencia ficción, Suspense",1985,1994-07-09,"Spiro Razatos",,
3003,tt0083291,2021-07-09,2021-07-09,,"Los violadores","Los violadores",https://www.imdb.com/title/tt0083291/,Película,5.2,80,1981,"Acción, Crimen, Suspense",1195,1981-08-14,"Paul Grau",,
3004,tt6246322,2021-07-10,2021-07-10,,"No respires 2","Don't Breathe 2",https://www.imdb.com/title/tt6246322/,Película,6.0,98,2021,"Acción, Crimen, Terror, Suspense",83305,2021-09-24,"Rodo Sayagues",,
3005,tt0044207,2021-07-16,2021-07-16,,"Cuando los mundos chocan","When Worlds Collide",https://www.imdb.com/title/tt0044207/,Película,6.6,83,1951,"Acción, Ciencia ficción, Suspense",10546,1951-11-15,"Rudolph Maté",,
3006,tt9731534,2021-07-16,2021-07-16,,"The Night House","The Night House",https://www.imdb.com/title/tt9731534/,Película,6.4,107,2020,"Terror, Misterio, Suspense",79569,2021-10-27,"David Bruckner",,
3007,tt0067893,2021-07-17,2021-07-17,,"Carretera asfaltada en dos direcciones","Two-Lane Blacktop",https://www.imdb.com/title/tt0067893/,Película,7.2,102,1971,"Drama",14570,1971-07-23,"Monte Hellman",,
3008,tt0058249,2021-07-17,2021-07-17,,"Diario de una camarera","Le Journal d'une femme de chambre",https://www.imdb.com/title/tt0058249/,Película,7.3,97,1964,"Crimen, Drama",10643,1964-03-04,"Luis Buñuel",,
3009,tt0071487,2021-07-17,2021-07-17,,"El fantasma de la libertad","Le fantôme de la liberté",https://www.imdb.com/title/tt0071487/,Película,7.7,104,1974,"Comedia",18674,1975-04-19,"Luis Buñuel",,
3010,tt8434110,2021-07-19,2021-07-19,,"Murina","Murina",https://www.imdb.com/title/tt8434110/,Película,6.8,96,2021,"Drama",3954,2022-04-08,"Antoneta Alamat Kusijanovic",,
3011,tt14035154,2021-07-20,2021-07-20,,"¿Qué vemos cuando miramos al cielo?","Ras vkhedavt, rodesac cas vukurebt?",https://www.imdb.com/title/tt14035154/,Película,6.8,150,2021,"Comedia, Drama, Romance",2504,2022-01-05,"Aleksandre Koberidze",,
3012,tt0082685,2021-07-23,2021-07-23,,"Dulce y peligrosa","Lovely But Deadly",https://www.imdb.com/title/tt0082685/,Película,4.1,95,1981,"Acción, Drama, Suspense",442,1981,"David Sheldon",,
3013,tt0169620,2021-07-24,2021-07-24,,"The Black Gestapo","The Black Gestapo",https://www.imdb.com/title/tt0169620/,Película,4.8,90,1975,"Crimen, Drama, Suspense",1492,1975-03,"Lee Frost",,
3014,tt7378922,2021-07-26,2021-07-26,,"Summer of Soul","Summer of Soul (...Or, When the Revolution Could Not be Televised)",https://www.imdb.com/title/tt7378922/,Película,8.0,118,2021,"Documental, Historia, Música",15467,2021-07-30,"Questlove, Hal Tulchin",,
3015,tt1540761,2021-08-02,2021-08-02,,"Amphibious 3D","Amphibious 3D",https://www.imdb.com/title/tt1540761/,Película,3.4,86,2010,"Acción, Aventura, Comedia, Fantasía, Terror, Ciencia ficción, Suspense",1280,2010-11-01,"Brian Yuzna",,
3016,tt0223268,2021-08-02,2021-08-02,,"Faust: La venganza está en la sangre","Faust: Love of the Damned",https://www.imdb.com/title/tt0223268/,Película,4.5,101,2000,"Drama, Fantasía, Terror, Romance",4953,2001-02-02,"Brian Yuzna",,
3017,tt0080397,2021-08-02,2021-08-02,,"De la vida de las marionetas","Aus dem Leben der Marionetten",https://www.imdb.com/title/tt0080397/,Película,7.2,104,1980,"Drama",5278,1981-06-30,"Ingmar Bergman",,
3018,tt0051365,2021-08-02,2021-08-02,,"El rostro","Ansiktet",https://www.imdb.com/title/tt0051365/,Película,7.5,101,1958,"Comedia, Drama",11992,1961-11-24,"Ingmar Bergman",,
3019,tt0057358,2021-08-02,2021-08-02,,"Los comulgantes","Nattvardsgästerna",https://www.imdb.com/title/tt0057358/,Película,8.0,81,1963,"Drama",29873,1963-02-11,"Ingmar Bergman",,
3020,tt0074147,2021-08-02,2021-08-02,,"Cara a cara al desnudo","Ansikte mot ansikte",https://www.imdb.com/title/tt0074147/,Película,7.5,114,1976,"Drama, Fantasía",6730,1976-04-05,"Ingmar Bergman",,
3021,tt0066826,2021-08-02,2021-08-02,,"La carcoma","Beröringen",https://www.imdb.com/title/tt0066826/,Película,6.3,115,1971,"Drama",2576,1971-07-14,"Ingmar Bergman",,
3022,tt6200770,2021-08-09,2021-08-09,,"Nunca he estado en Poughkeepsie","Nunca he estado en Poughkeepsie",https://www.imdb.com/title/tt6200770/,Película,6.1,61,2013,"Drama",11,2013-07-12,"Ángel Sala",,
3023,tt0086636,2021-08-10,2021-08-10,,"Zeder","Zeder",https://www.imdb.com/title/tt0086636/,Película,6.2,98,1983,"Terror, Misterio",2755,1983-08-25,"Pupi Avati",,
3024,tt0074273,2021-08-20,2021-08-20,,"Cambio de sexo","Cambio de sexo",https://www.imdb.com/title/tt0074273/,Película,6.4,108,1977,"Drama",437,1977-05-13,"Vicente Aranda",,
3025,tt11892482,2021-08-27,2021-08-27,,"Ilargi guztiak. Todas las lunas","Ilargi Guztiak",https://www.imdb.com/title/tt11892482/,Película,6.6,102,2020,"Drama, Fantasía, Terror",1407,2020-12-25,"Igor Legarreta",,
3026,tt0074191,2021-09-02,2021-09-02,,"Beatriz","Beatriz",https://www.imdb.com/title/tt0074191/,Película,5.3,85,1976,"Drama, Terror",381,1976-09-25,"Gonzalo Suárez",,
3027,tt0064308,2021-09-02,2021-09-02,,"El extraño caso del doctor Fausto","El extraño caso del doctor Fausto",https://www.imdb.com/title/tt0064308/,Película,6.3,82,1969,"Drama, Fantasía",69,1969-12-27,"Gonzalo Suárez",,
3028,tt0269856,2021-09-06,2021-09-06,,"Shiki-Jitsu","Shiki-Jitsu",https://www.imdb.com/title/tt0269856/,Película,7.5,128,2000,"Drama",3427,2000-12-07,"Hideaki Anno",,
3029,tt10838180,2021-09-09,2021-09-09,,"Matrix Resurrections","The Matrix Resurrections",https://www.imdb.com/title/tt10838180/,Película,5.6,148,2021,"Acción, Ciencia ficción",306514,2021-12-22,"Lana Wachowski",,
3030,tt7737528,2021-09-11,2021-09-11,,"Kate","Kate",https://www.imdb.com/title/tt7737528/,Película,6.3,106,2021,"Acción, Aventura, Crimen, Drama, Suspense",77854,2021-09-10,"Cedric Nicolas-Troyan",,
3031,tt12976450,2021-09-11,2021-09-11,,"Poliamor para principiantes","Poliamor para principiantes",https://www.imdb.com/title/tt12976450/,Película,4.1,97,2021,"Comedia, Romance",547,2021-05-21,"Fernando Colomo",,
3032,tt14905650,2021-10-08,2021-10-08,,"Hellbender","Hellbender",https://www.imdb.com/title/tt14905650/,Película,5.8,83,2021,"Terror",8163,2022-02-24,"John Adams, Zelda Adams, Toby Poser",,
3033,tt9314984,2021-10-09,2021-10-09,,"The Power","The Power",https://www.imdb.com/title/tt9314984/,Película,5.5,92,2021,"Terror, Misterio, Suspense",6650,2021-04-08,"Corinna Faith",,
3034,tt10928086,2021-10-09,2021-10-09,,"Knackningar","Knackningar",https://www.imdb.com/title/tt10928086/,Película,5.7,78,2021,"Terror, Misterio, Suspense",1886,2021-11-05,"Frida Kempff",,
3035,tt13872248,2021-10-10,2021-10-10,,"The Sadness","Ku bei",https://www.imdb.com/title/tt13872248/,Película,6.5,99,2021,"Terror, Suspense",27730,2021-01-22,"Rob Jabbaz",,
3036,tt12536294,2021-10-11,2021-10-11,,"Spencer","Spencer",https://www.imdb.com/title/tt12536294/,Película,6.5,117,2021,"Biografía, Drama",82486,2021-11-19,"Pablo Larraín",,
3037,tt6000140,2021-10-15,2021-10-15,,"Mesuneko-tachi","Mesuneko-tachi",https://www.imdb.com/title/tt6000140/,Película,5.5,85,2017,"Drama",469,2017-01-14,"Kazuya Shiraishi",,
3038,tt10243676,2021-10-16,2021-10-16,,"After Blue (Paradis sale)","After Blue (Paradis sale)",https://www.imdb.com/title/tt10243676/,Película,5.4,129,2021,"Fantasía, Ciencia ficción",1299,2022-02-16,"Bertrand Mandico",,
3039,tt11628854,2021-10-16,2021-10-16,,"Silent Night","Silent Night",https://www.imdb.com/title/tt11628854/,Película,5.8,92,2021,"Comedia, Drama, Terror",25726,2021-12-22,"Camille Griffin",,
3040,tt11378876,2021-10-16,2021-10-16,,"El mundo resplandeciente","The Blazing World",https://www.imdb.com/title/tt11378876/,Película,4.4,101,2021,"Terror, Ciencia ficción, Suspense",868,2022-07-08,"Carlson Young",,
3041,tt7171766,2021-10-20,2021-10-20,,"Arkane","Arkane",https://www.imdb.com/title/tt7171766/,Corto,5.8,8,2017,"Corto, Terror",49,2017-07-17,"Keith Thomas",,
3042,tt0061709,2021-10-21,2021-10-21,,"El día de la ira","I giorni dell'ira",https://www.imdb.com/title/tt0061709/,Película,7.0,111,1967,"Acción, Drama, Del oeste",6572,1967-12-21,"Tonino Valerii",,
3043,tt0058567,2021-10-21,2021-10-21,,"Seis mujeres para el asesino","6 donne per l'assassino",https://www.imdb.com/title/tt0058567/,Película,7.1,88,1964,"Crimen, Drama, Terror, Misterio, Suspense",15472,1964-12-30,"Mario Bava",,
3044,tt9347730,2021-10-25,2021-10-25,,"Candyman","Candyman",https://www.imdb.com/title/tt9347730/,Película,5.9,91,2021,"Terror, Suspense",84432,2021-08-27,"Nia DaCosta",,
3045,tt0116346,2021-10-25,2021-10-25,,"Fotos","Fotos",https://www.imdb.com/title/tt0116346/,Película,5.4,93,1996,"Crimen, Drama, Terror, Fantasía",221,1996-10-26,"Elio Quiroga",,
3046,tt5932314,2021-11-02,2021-11-02,,"Secrets of a Soul","Secrets of a Soul",https://www.imdb.com/title/tt5932314/,Película,7.5,84,2012,"Drama",23,,"Carsten Frank",,
3047,tt10986222,2021-11-02,2021-11-02,,"C'mon C'mon. Siempre adelante","C'mon C'mon",https://www.imdb.com/title/tt10986222/,Película,7.3,109,2021,"Drama",43373,2021-11-24,"Mike Mills",,
3048,tt2876834,2021-11-09,2021-11-09,,"Qui vive","Qui vive",https://www.imdb.com/title/tt2876834/,Película,5.8,83,2014,"Drama",538,2014-11-12,"Marianne Tardieu",,
3049,tt14004136,2021-11-10,2021-11-10,,"Death of a Virgin and the Sin of Not Living","Aa Amal Tiji",https://www.imdb.com/title/tt14004136/,Película,6.4,87,2021,"Comedia, Drama",349,2022-03-17,"George Peter Barbari",,
3050,tt14821150,2021-11-10,2021-11-10,,"Vortex","Vortex",https://www.imdb.com/title/tt14821150/,Película,7.4,142,2021,"Drama",11157,2022-04-13,"Gaspar Noé",,
3051,tt14505430,2021-11-10,2021-11-10,,"Ascension","Ascension",https://www.imdb.com/title/tt14505430/,Película,7.0,97,2021,"Documental",4478,2021-11-15,"Jessica Kingdon",,
3052,tt11214590,2021-12-06,2021-12-06,,"La casa Gucci","House of Gucci",https://www.imdb.com/title/tt11214590/,Película,6.6,158,2021,"Biografía, Crimen, Drama, Historia",176785,2021-11-26,"Ridley Scott",,
3053,tt10366574,2021-12-11,2021-12-11,,"Noche de fuego","Noche de fuego",https://www.imdb.com/title/tt10366574/,Película,7.3,111,2021,"Drama",4751,2022-02-01,"Tatiana Huezo",,
3054,tt0088952,2021-12-19,2021-12-19,,"Corazón de cristal","Crystal Heart",https://www.imdb.com/title/tt0088952/,Película,5.1,103,1986,"Drama, Música, Romance",310,1986-02-03,"Gil Bettman",,
3055,tt0090327,2021-12-19,2021-12-19,,"Witchboard (Juego diabólico)","Witchboard",https://www.imdb.com/title/tt0090327/,Película,5.7,98,1986,"Terror, Misterio, Suspense",9584,1987-10-19,"Kevin Tenney",,
3056,tt2797190,2021-12-19,2021-12-19,,"After Midnight","After Midnight",https://www.imdb.com/title/tt2797190/,Película,3.0,86,2014,"Misterio, Suspense",407,2014-10-28,"Fred Olen Ray",,
3057,tt3581652,2021-12-20,2021-12-20,,"West Side Story","West Side Story",https://www.imdb.com/title/tt3581652/,Película,7.1,156,2021,"Crimen, Drama, Musical, Romance",144883,2021-12-22,"Steven Spielberg",,
3058,tt11271038,2021-12-21,2021-12-21,,"Licorice Pizza","Licorice Pizza",https://www.imdb.com/title/tt11271038/,Película,7.1,133,2021,"Comedia, Drama, Romance",163240,2022-02-11,"Paul Thomas Anderson",,
3059,tt0119484,2021-12-22,2021-12-22,,"Kull, el conquistador","Kull: The Conqueror",https://www.imdb.com/title/tt0119484/,Película,4.9,95,1997,"Acción, Aventura, Fantasía",9298,1997-11,"John Nicolella",,
3060,tt0087127,2021-12-22,2021-12-22,,"El último guerrero","Deathstalker",https://www.imdb.com/title/tt0087127/,Película,4.6,80,1983,"Acción, Aventura, Fantasía",8354,1983-09-16,"James Sbardellati",,
3061,tt0088379,2021-12-22,2021-12-22,,"El guerrero y la hechicera","The Warrior and the Sorceress",https://www.imdb.com/title/tt0088379/,Película,4.3,81,1984,"Aventura, Fantasía",3040,1984-09-07,"John C. Broderick",,
3062,tt0043892,2021-12-26,2021-12-26,,"La señorita Oyu","Oyû-sama",https://www.imdb.com/title/tt0043892/,Película,7.4,94,1951,"Drama, Romance",2132,1951-06-22,"Kenji Mizoguchi",,
3063,tt0046851,2021-12-26,2021-12-26,,"Los amantes crucificados","Chikamatsu monogatari",https://www.imdb.com/title/tt0046851/,Película,8.0,102,1954,"Drama, Romance, Suspense",5506,1954-11-23,"Kenji Mizoguchi",,
3064,tt3281548,2021-12-29,2021-12-29,,"Mujercitas","Little Women",https://www.imdb.com/title/tt3281548/,Película,7.7,135,2019,"Drama, Romance",288284,2019-12-25,"Greta Gerwig",,
3065,tt0112697,2021-12-29,2021-12-29,,"Clueless (Fuera de onda)","Clueless",https://www.imdb.com/title/tt0112697/,Película,6.9,97,1995,"Comedia, Romance",281965,1996-01-05,"Amy Heckerling",,
3066,tt4995540,2021-12-30,2021-12-30,,"Ser los Ricardo","Being the Ricardos",https://www.imdb.com/title/tt4995540/,Película,6.5,131,2021,"Biografía, Drama",47472,2021-12-21,"Aaron Sorkin",,
3067,tt7740496,2021-12-30,2021-12-30,,"El callejón de las almas perdidas","Nightmare Alley",https://www.imdb.com/title/tt7740496/,Película,7.0,150,2021,"Crimen, Drama, Suspense",184489,2022-01-21,"Guillermo del Toro",,
3068,tt0076885,2022-01-02,2022-01-02,,"Trauma","Violación fatal",https://www.imdb.com/title/tt0076885/,Película,5.4,87,1978,"Terror, Suspense",644,1978-09-11,"León Klimovsky",,
3069,tt1718915,2022-01-05,2022-01-05,,"Teen Lust","Teen Lust",https://www.imdb.com/title/tt1718915/,Película,4.7,80,2014,"Comedia, Terror",2249,2015-08-14,"Blaine Thurier",,
3070,tt8721424,2022-01-05,2022-01-05,,"tick, tick... Boom!","Tick, Tick... Boom!",https://www.imdb.com/title/tt8721424/,Película,7.5,115,2021,"Biografía, Comedia, Drama, Musical",130073,2021-11-19,"Lin-Manuel Miranda",,
3071,tt12443220,2022-01-05,2022-01-05,,"Mamá o papá","Mamá o papá",https://www.imdb.com/title/tt12443220/,Película,6.1,90,2021,"Comedia",1712,2021-12-17,"Dani de la Orden",,
3072,tt0089178,2022-01-09,2022-01-09,,"Fuga scabrosamente pericolosa","Fuga scabrosamente pericolosa",https://www.imdb.com/title/tt0089178/,Película,5.3,85,1981,"Acción, Aventura",85,1985,"Nello Rossati",,
3073,tt0438321,2022-01-09,2022-01-09,,"Infierno entre rejas","Perverse oltre le sbarre",https://www.imdb.com/title/tt0438321/,Película,3.7,82,1984,"Acción, Crimen, Drama, Suspense",504,1984-07-19,"Gianni Siragusa",,
3074,tt11127680,2022-01-13,2022-01-13,,"Hierve","Boiling Point",https://www.imdb.com/title/tt11127680/,Película,7.5,92,2021,"Drama, Suspense",57829,2021-12-29,"Philip Barantini",,
3075,tt13841874,2022-01-13,2022-01-13,,"Espíritu sagrado","Espíritu sagrado",https://www.imdb.com/title/tt13841874/,Película,6.5,97,2021,"Comedia, Drama, Ciencia ficción, Suspense",1338,2022-07-06,"Chema García Ibarra",,
3076,tt13938338,2022-01-13,2022-01-13,,"Folk Horror: Bosques sombríos y días de embrujo","Woodlands Dark and Days Bewitched: A History of Folk Horror",https://www.imdb.com/title/tt13938338/,Película,7.6,194,2021,"Documental, Terror",2250,2022-06-03,"Kier-La Janisse",,
3077,tt7144666,2022-01-14,2022-01-14,,"Black Phone","The Black Phone",https://www.imdb.com/title/tt7144666/,Película,6.9,103,2021,"Terror, Misterio, Suspense",271355,2022-06-24,"Scott Derrickson",,
3078,tt0048254,2022-01-16,2022-01-16,,"El beso del asesino","Killer's Kiss",https://www.imdb.com/title/tt0048254/,Película,6.5,67,1955,"Crimen, Drama, Cine negro, Suspense",28564,1955-10-01,"Stanley Kubrick",,
3079,tt0045758,2022-01-16,2022-01-16,,"Fear and desire (Miedo y deseo)","Fear and Desire",https://www.imdb.com/title/tt0045758/,Película,5.3,62,1952,"Drama, Suspense, Bélico",15569,1953-04-01,"Stanley Kubrick",,
3080,tt0091223,2022-01-18,2022-01-18,,"House, una casa alucinante","House",https://www.imdb.com/title/tt0091223/,Película,6.1,93,1985,"Comedia, Fantasía, Terror",33179,1987-05-04,"Steve Miner",,
3081,tt0094860,2022-01-20,2022-01-20,,"El engendro del diablo","La chiesa",https://www.imdb.com/title/tt0094860/,Película,6.2,102,1989,"Terror",10408,1992-06-12,"Michele Soavi",,
3082,tt0062861,2022-01-20,2022-01-20,,"Diabolik","Diabolik",https://www.imdb.com/title/tt0062861/,Película,6.5,105,1968,"Acción, Comedia, Crimen",8168,1968-01-26,"Mario Bava",,
3083,tt12831788,2022-01-23,2022-01-23,,"El ventre del mar","El ventre del mar",https://www.imdb.com/title/tt12831788/,Película,5.4,75,2021,"Drama",299,2021-06-10,"Agustí Villaronga",,
3084,tt6800290,2022-01-27,2022-01-27,,"Copa-Loca","Copa-Loca",https://www.imdb.com/title/tt6800290/,Corto,6.0,14,2017,"Corto, Drama",303,2017-05-26,"Christos Massalas",,
3085,tt16965198,2022-01-27,2022-01-27,,"Mi vacío y yo","Mi vacío y yo",https://www.imdb.com/title/tt16965198/,Película,6.6,98,2022,"Comedia, Drama",257,2023-10-12,"Adrián Silvestre",,
3086,tt15398166,2022-01-28,2022-01-28,,"Quién lo impide","Quién lo impide",https://www.imdb.com/title/tt15398166/,Película,6.9,220,2021,"Documental, Drama",440,2022-04-20,"Jonás Trueba",,
3087,tt0067503,2022-01-28,2022-01-28,,"Noroi no yakata: Chi o suu me","Noroi no yakata: Chi o suu me",https://www.imdb.com/title/tt0067503/,Película,6.2,82,1971,"Terror",1266,1971-06-16,"Michio Yamamoto",,
3088,tt0200301,2022-01-28,2022-01-28,,"Yôkai hyakumonogatari","Yôkai hyakumonogatari",https://www.imdb.com/title/tt0200301/,Película,6.5,79,1968,"Terror",1182,1968-03-20,"Kimiyoshi Yasuda",,
3089,tt0183704,2022-01-28,2022-01-28,,"Onna hissatsu ken: Kiki ippatsu","Onna hissatsu ken: Kiki ippatsu",https://www.imdb.com/title/tt0183704/,Película,6.6,85,1974,"Acción, Crimen",645,1974-12-07,"Kazuhiko Yamaguchi",,
3090,tt14198358,2022-01-29,2022-01-29,,"Italo Disco. Der Glitzersound der 80er","Italo Disco. Der Glitzersound der 80er",https://www.imdb.com/title/tt14198358/,Película,6.8,62,2021,"Documental, Música",138,2022-05-06,"Alessandro Melazzini",,
3091,tt0084556,2022-02-02,2022-02-02,,"La serpiente voladora","Q",https://www.imdb.com/title/tt0084556/,Película,6.0,93,1982,"Crimen, Fantasía, Misterio",10922,1984-10-01,"Larry Cohen",,
3092,tt17501358,2022-02-03,2022-02-03,,"Yamabuki","Yamabuki",https://www.imdb.com/title/tt17501358/,Película,6.3,97,2022,"Drama",51,2023-08-02,"Juichiro Yamasaki",,
3093,tt14760792,2022-02-03,2022-02-03,,"Sedimentos","Sedimentos",https://www.imdb.com/title/tt14760792/,Película,7.1,89,2021,"Documental",112,2021-10-06,"Adrián Silvestre",,
3094,tt11909878,2022-02-03,2022-02-03,,"El retorno de las brujas 2","Hocus Pocus 2",https://www.imdb.com/title/tt11909878/,Película,6.0,103,2022,"Comedia, Familiar, Fantasía",59863,2022-09-30,"Anne Fletcher",,
3095,tt8760670,2022-02-03,2022-02-03,,"Mona Lisa y la luna de sangre","Mona Lisa and the Blood Moon",https://www.imdb.com/title/tt8760670/,Película,6.2,106,2021,"Fantasía, Misterio, Suspense",6911,2023-08-09,"Ana Lily Amirpour",,
3096,tt0135024,2022-02-07,2022-02-07,,"Une vraie jeune fille","Une vraie jeune fille",https://www.imdb.com/title/tt0135024/,Película,5.3,93,1976,"Drama",4866,2000-06-07,"Catherine Breillat",,
3097,tt0072678,2022-02-07,2022-02-07,,"Luna de miedoso","Les baiseuses",https://www.imdb.com/title/tt0072678/,Película,5.1,85,1972,"X, Drama",33,1972,"Jack Guy, Jacques Orth",,
3098,tt13846494,2022-02-08,2022-02-08,,"Medusa","Medusa",https://www.imdb.com/title/tt13846494/,Película,5.7,132,2021,"Fantasía, Terror, Suspense",1006,2023-03-16,"Anita Rocha da Silveira",,
3099,tt0066534,2022-02-10,2022-02-10,,"La Vía Láctea","La voie lactée",https://www.imdb.com/title/tt0066534/,Película,7.3,102,1969,"Comedia, Drama",8631,1977-09-29,"Luis Buñuel",,
3100,tt0049521,2022-02-10,2022-02-10,,"La muerte en este jardín","La Mort en ce jardin",https://www.imdb.com/title/tt0049521/,Película,6.7,104,1956,"Aventura, Crimen, Drama",2876,1956-09-21,"Luis Buñuel",,
3101,tt0043018,2022-02-10,2022-02-10,,"Susana","Susana",https://www.imdb.com/title/tt0043018/,Película,7.2,86,1951,"Drama",2493,1951-04-11,"Luis Buñuel",,
3102,tt10096898,2022-02-13,2022-02-13,,"Motor de Pensamientos","Motor de Pensamientos",https://www.imdb.com/title/tt10096898/,Corto,,11,2019,"Corto, Misterio, Ciencia ficción",0,,"Senén Fernández",,
3103,tt8092586,2022-02-13,2022-02-13,,"Abuelos","Abuelos",https://www.imdb.com/title/tt8092586/,Película,6.0,98,2019,"Comedia, Drama",566,2019-10-11,"Santiago Requejo",,
3104,tt0203421,2022-02-13,2022-02-13,,"Cosas que olvidé recordar","Cosas que olvidé recordar",https://www.imdb.com/title/tt0203421/,Película,5.3,96,1999,"Comedia",129,1999-06-10,"Enrique Oliver",,
3105,tt2998406,2022-02-23,2022-02-23,,"Más extraño que el amor","No Stranger Than Love",https://www.imdb.com/title/tt2998406/,Película,4.8,89,2015,"Comedia, Romance",2571,2016-06-17,"Nick Wernham",,
3106,tt0069838,2022-02-25,2022-02-25,,"La campana del infierno","La campana del infierno",https://www.imdb.com/title/tt0069838/,Película,5.7,106,1973,"Terror, Suspense",1802,1973-09-28,"Claudio Guerín, Juan Antonio Bardem",,
3107,tt0084781,2022-02-28,2022-02-28,,"El tesoro de las cuatro coronas","El tesoro de las cuatro coronas",https://www.imdb.com/title/tt0084781/,Película,4.1,97,1983,"Aventura, Fantasía",891,1983-05-26,"Ferdinando Baldi",,
3108,tt0087933,2022-02-28,2022-02-28,,"Poppers","Poppers",https://www.imdb.com/title/tt0087933/,Película,5.6,83,1984,"Acción, Suspense",154,1984-10-15,"José María Castellví",,
3109,tt0087616,2022-02-28,2022-02-28,,"Leviatán","Leviatán",https://www.imdb.com/title/tt0087616/,Película,4.4,84,1986,"Terror, Música",1777,1988-08-16,"Claudio Fragasso",,
3110,tt0093758,2022-02-28,2022-02-28,,"Policía","Policía",https://www.imdb.com/title/tt0093758/,Película,3.6,95,1987,"Acción, Aventura, Crimen, Drama, Suspense",131,1987-02-12,"Álvaro Sáenz de Heredia",,
3111,tt0092596,2022-03-01,2022-03-01,,"El aullido del diablo","El aullido del diablo",https://www.imdb.com/title/tt0092596/,Película,5.4,97,1988,"Terror",462,1988,"Paul Naschy",,
3112,tt0076205,2022-03-04,2022-03-04,,"Inés de Villalonga 1870","Inés de Villalonga 1870",https://www.imdb.com/title/tt0076205/,Película,5.2,85,1979,"Drama",39,1979-02-01,"Jaime Jesús Balcázar",,
3113,tt0077145,2022-03-04,2022-03-04,,"Alicia en la España de las maravillas","Alicia en la España de las maravillas",https://www.imdb.com/title/tt0077145/,Película,6.2,86,1978,"Drama, Fantasía",80,1979-01-18,"Jorge Feliu",,
3114,tt0077537,2022-03-04,2022-03-04,,"El fascista, la beata y su hija desvirgada","El fascista, la beata y su hija desvirgada",https://www.imdb.com/title/tt0077537/,Película,4.7,95,1979,"Comedia, Drama",89,1979-01-08,"Joaquín Coll Espona",,
3115,tt0082014,2022-03-04,2022-03-04,,"Los amores impuros de Sybille","Jarretelles roses sur bas noirs",https://www.imdb.com/title/tt0082014/,Película,4.8,85,1981,"Crimen, Drama, Suspense",76,1981-07-15,"Gérard Loubeau, Hans R. Walthard",,
3116,tt0083882,2022-03-04,2022-03-04,,"En busca del polvo perdido","En busca del polvo perdido",https://www.imdb.com/title/tt0083882/,Película,5.2,79,1982,"Comedia",83,,"Enrique Guevara",,
3117,tt0082131,2022-03-04,2022-03-04,,"La caliente niña Julietta","La caliente niña Julietta",https://www.imdb.com/title/tt0082131/,Película,4.6,93,1981,"Comedia",210,1981-03-20,"Ignacio F. Iquino",,
3118,tt0081315,2022-03-04,2022-03-04,,"Patrizia","Patrizia",https://www.imdb.com/title/tt0081315/,Película,4.2,101,1980,"Comedia, Misterio",212,1981-06-05,"Hubert Frank",,
3119,tt0081715,2022-03-04,2022-03-04,,"Viciosas al desnudo","Viciosas al desnudo",https://www.imdb.com/title/tt0081715/,Película,4.4,95,1980,"Drama, Terror, Suspense",197,,"Manuel Esteba",,
3120,tt0074399,2022-03-04,2022-03-04,,"Deseo","Deseo",https://www.imdb.com/title/tt0074399/,Película,4.5,104,1976,"Comedia",34,,"Alfonso Balcázar",,
3121,tt0076323,2022-03-04,2022-03-04,,"Una loca extravagancia sexy","Una loca extravagancia sexy",https://www.imdb.com/title/tt0076323/,Película,5.4,90,1978,"Musical",11,1978-02-01,"Enrique Guevara",,
3122,tt0080609,2022-03-04,2022-03-04,,"Denver","Denver",https://www.imdb.com/title/tt0080609/,Película,7.2,82,1985,"Fantasía",33,1985-02-19,"Carles Balagué",,
3123,tt0084651,2022-03-04,2022-03-04,,"Secta siniestra","Secta siniestra",https://www.imdb.com/title/tt0084651/,Película,5.1,89,1982,"Terror",356,1982-11-22,"Ignacio F. Iquino",,
3124,tt0077833,2022-03-04,2022-03-04,,"Las que empiezan a los quince años","Las que empiezan a los quince años",https://www.imdb.com/title/tt0077833/,Película,5.2,104,1978,"Drama",92,1978-12-20,"Ignacio F. Iquino",,
3125,tt0071310,2022-03-04,2022-03-04,,"Chicas de alquiler","Chicas de alquiler",https://www.imdb.com/title/tt0071310/,Película,4.8,116,1974,"Drama",43,1974-11-11,"Ignacio F. Iquino",,
3126,tt0150661,2022-03-04,2022-03-04,,"14 and Under","Frühreifen-Report",https://www.imdb.com/title/tt0150661/,Película,4.8,87,1973,"Comedia",761,1973-08-17,"Ernst Hofbauer",,
3127,tt0170054,2022-03-04,2022-03-04,,"Infrasexum","Infrasexum",https://www.imdb.com/title/tt0170054/,Película,4.1,87,1969,"Aventura, Drama",134,1971-07-02,"Carlos Tobalina",,
3128,tt0080363,2022-03-04,2022-03-04,,"Las alumnas de madame Olga","Las alumnas de madame Olga",https://www.imdb.com/title/tt0080363/,Película,4.0,83,1981,"Drama",151,1981-09-14,"José Ramón Larraz",,
3129,tt1646985,2022-03-04,2022-03-04,,"Un poison violent","Un poison violent",https://www.imdb.com/title/tt1646985/,Película,6.4,92,2010,"Drama",862,2010-08-04,"Katell Quillévéré",,
3130,tt0097594,2022-03-04,2022-03-04,,"Is-slottet","Is-slottet",https://www.imdb.com/title/tt0097594/,Película,6.4,78,1987,"Misterio, Drama",951,1987-12-26,"Per Blom",,
3131,tt0086318,2022-03-04,2022-03-04,,"Skønheden og udyret","Skønheden og udyret",https://www.imdb.com/title/tt0086318/,Película,7.0,87,1983,"Drama",703,1983-11-11,"Nils Malmros",,
3132,tt0097353,2022-03-04,2022-03-04,,"La chica de quince años","La fille de 15 ans",https://www.imdb.com/title/tt0097353/,Película,5.8,86,1989,"Drama, Romance",475,1989-09-13,"Jacques Doillon",,
3133,tt0084365,2022-03-04,2022-03-04,,"Mujeres","Femmes",https://www.imdb.com/title/tt0084365/,Película,4.3,86,1983,"Drama",210,1983-06-22,"Tana Kaleya",,
3134,tt0076445,2022-03-04,2022-03-04,,"Nenè","Nenè",https://www.imdb.com/title/tt0076445/,Película,6.2,108,1977,"Drama",452,1977-09-21,"Salvatore Samperi",,
3135,tt0232633,2022-03-04,2022-03-04,,"Shining Sex","Shining Sex",https://www.imdb.com/title/tt0232633/,Película,4.7,105,1976,"Drama, Ciencia ficción, Suspense",602,1976-08-21,"Jesús Franco",,
3136,tt0081160,2022-03-04,2022-03-04,,"Milka: Elokuva tabuista","Milka: Elokuva tabuista",https://www.imdb.com/title/tt0081160/,Película,5.9,110,1980,"Drama",466,1980-12-19,"Rauni Mollberg",,
3137,tt0062387,2022-03-07,2022-03-07,,"Toutes folles de lui","Toutes folles de lui",https://www.imdb.com/title/tt0062387/,Película,5.7,100,1967,"Comedia",24,1967-05-24,"Norbert Carbonnaux",,
3138,tt0113989,2022-03-10,2022-03-10,,"El niño invisible","El niño invisible",https://www.imdb.com/title/tt0113989/,Película,3.9,80,1995,"Aventura, Musical",72,1995-12-15,"Rafael Moleón",,
3139,tt0113168,2022-03-15,2022-03-15,,"Gimlet","Gimlet",https://www.imdb.com/title/tt0113168/,Película,5.5,95,1995,"Suspense",268,1996-04-12,"José Luis Acosta",,
3140,tt0119900,2022-03-16,2022-03-16,,"La pistola de mi hermano","La pistola de mi hermano",https://www.imdb.com/title/tt0119900/,Película,5.4,93,1997,"Crimen, Drama, Romance, Suspense",362,1997-11-14,"Ray Loriga",,
3141,tt0211577,2022-03-16,2022-03-16,,"El celo","Presence of Mind",https://www.imdb.com/title/tt0211577/,Película,5.3,94,1999,"Drama, Terror, Suspense",834,2001-04-20,"Antoni Aloy",,
3142,tt0073550,2022-03-18,2022-03-18,,"Último deseo","Último deseo",https://www.imdb.com/title/tt0073550/,Película,5.6,94,1976,"Terror, Ciencia ficción",694,1976-10-27,"León Klimovsky",,
3143,tt1509287,2022-03-18,2022-03-18,,"Felicidad perfecta","Zorion perfektua",https://www.imdb.com/title/tt1509287/,Película,5.6,90,2009,"Drama",34,2009-10-02,"Jabi Elortegi",,
3144,tt0166287,2022-03-19,2022-03-19,,"No se lo digas a nadie","No se lo digas a nadie",https://www.imdb.com/title/tt0166287/,Película,6.8,120,1998,"Drama",1794,1998-07-16,"Francisco J. Lombardi",,
3145,tt0073278,2022-03-22,2022-03-22,,"Leonor","Leonor",https://www.imdb.com/title/tt0073278/,Película,5.6,101,1975,"Fantasía, Drama, Terror",551,1975-08-29,"Juan Luis Buñuel",,
3146,tt0067457,2022-03-22,2022-03-22,,"Asesinatos de la Calle Morgue","Murders in the Rue Morgue",https://www.imdb.com/title/tt0067457/,Película,5.2,87,1971,"Acción, Crimen, Fantasía, Terror, Misterio, Romance, Suspense",1804,1971-07-21,"Gordon Hessler",,
3147,tt0073218,2022-03-22,2022-03-22,,"Juego de amor prohibido","Juego de amor prohibido",https://www.imdb.com/title/tt0073218/,Película,6.0,85,1975,"Crimen, Drama, Suspense",295,1975-09-22,"Eloy de la Iglesia",,
3148,tt0078010,2022-03-22,2022-03-22,,"Nunca en horas de clase","Nunca en horas de clase",https://www.imdb.com/title/tt0078010/,Película,3.9,100,1978,"Comedia",63,1978-11-03,"José Antonio de la Loma",,
3149,tt0071164,2022-03-22,2022-03-22,,"El asesino de muñecas","El asesino de muñecas",https://www.imdb.com/title/tt0071164/,Película,5.8,98,1975,"Drama, Terror, Suspense",511,1975-02-03,"Miguel Madrid",,
3150,tt0068556,2022-03-22,2022-03-22,,"Experiencia prematrimonial","Experiencia prematrimonial",https://www.imdb.com/title/tt0068556/,Película,5.2,91,1972,"Drama",115,1975-01-09,"Pedro Masó",,
3151,tt0071704,2022-03-22,2022-03-22,,"El juego del diablo","El juego del diablo",https://www.imdb.com/title/tt0071704/,Película,5.4,90,1975,"Drama, Terror",195,1975,"Jorge Darnell",,
3152,tt0073331,2022-03-22,2022-03-22,,"Madres solteras","Madres solteras",https://www.imdb.com/title/tt0073331/,Película,5.8,90,1975,,7,,"Antonio del Amo",,
3153,tt10954984,2022-03-23,2022-03-23,,"¡Nop!","Nope",https://www.imdb.com/title/tt10954984/,Película,6.8,130,2022,"Terror, Misterio, Ciencia ficción, Suspense",322504,2022-08-18,"Jordan Peele",,
3154,tt0119081,2022-03-30,2022-03-30,,"Horizonte Final","Event Horizon",https://www.imdb.com/title/tt0119081/,Película,6.6,96,1997,"Terror, Ciencia ficción, Suspense",217335,1998-08-14,"Paul W.S. Anderson",,
3155,tt12877640,2022-04-07,2022-04-07,,"La clásica historia de terror","A Classic Horror Story",https://www.imdb.com/title/tt12877640/,Película,5.7,95,2021,"Drama, Terror, Misterio, Suspense",25348,2021-07-14,"Roberto De Feo, Paolo Strippoli",,
3156,tt5328412,2022-04-07,2022-04-07,,"Madame Hollywood","Madame Hollywood",https://www.imdb.com/title/tt5328412/,Película,6.1,114,2016,"Suspense",30,2016,"Olivier Abbou",,
3157,tt0092513,2022-04-07,2022-04-07,,"Aventuras en la gran ciudad","Adventures in Babysitting",https://www.imdb.com/title/tt0092513/,Película,7.0,102,1987,"Aventura, Comedia, Crimen, Romance",54844,1988-05-20,"Chris Columbus",,
3158,tt3262022,2022-04-17,2022-04-17,,"A Light Beneath Their Feet","A Light Beneath Their Feet",https://www.imdb.com/title/tt3262022/,Película,6.5,90,2015,"Drama",428,2015-10-10,"Valerie Weiss",,
3159,tt6920798,2022-04-25,2022-04-25,,"The Bloodhound","The Bloodhound",https://www.imdb.com/title/tt6920798/,Película,4.9,72,2020,"Misterio, Suspense",730,2020-12-01,"Patrick Picard",,
3160,tt6456222,2022-04-25,2022-04-25,,"Nostalgia","Nostalgia",https://www.imdb.com/title/tt6456222/,Película,5.6,114,2018,"Drama",1592,2018-02-16,"Mark Pellington",,
3161,tt0101420,2022-04-27,2022-04-27,,"Begotten","Begotten",https://www.imdb.com/title/tt0101420/,Película,5.5,72,1989,"Fantasía, Terror",12901,1991-06-05,"E. Elias Merhige",,
3162,tt0448400,2022-04-27,2022-04-27,,"El caníbal de Rothenburg","Rohtenburg",https://www.imdb.com/title/tt0448400/,Película,5.1,87,2006,"Crimen, Drama, Terror, Suspense",3823,2007-12-21,"Martin Weisz",,
3163,tt14859592,2022-04-30,2022-04-30,,"Culpa","Culpa",https://www.imdb.com/title/tt14859592/,Película,5.3,78,2022,"Drama",154,2022-05-06,"Ibon Cormenzana",,
3164,tt1680114,2022-05-13,2022-05-13,,"Los asesinos de Snowtown","Snowtown",https://www.imdb.com/title/tt1680114/,Película,6.5,119,2011,"Biografía, Crimen, Drama, Misterio",22800,2011-05-19,"Justin Kurzel",,
3165,tt0080729,2022-05-18,2022-05-18,,"Il ficcanaso","Il ficcanaso",https://www.imdb.com/title/tt0080729/,Película,5.5,99,1981,"Comedia, Misterio",150,1981-02-28,"Bruno Corbucci",,
3166,tt0067929,2022-05-31,2022-05-31,,"The Velvet Vampire","The Velvet Vampire",https://www.imdb.com/title/tt0067929/,Película,5.3,80,1971,"Terror",2206,1980-02-04,"Stephanie Rothman",,
3167,tt0074476,2022-06-23,2022-06-23,,"Emilia, parada y fonda","Emilia, parada y fonda",https://www.imdb.com/title/tt0074476/,Película,4.8,94,1976,"Drama",48,1976-08-16,"Angelino Fons",,
3168,tt8041270,2022-06-29,2022-06-29,,"Jurassic World: Dominion","Jurassic World: Dominion",https://www.imdb.com/title/tt8041270/,Película,5.6,147,2022,"Acción, Aventura, Ciencia ficción, Suspense",250990,2022-06-09,"Colin Trevorrow",,
3169,tt13986278,2022-07-04,2022-07-04,,"The Ordinaries","The Ordinaries",https://www.imdb.com/title/tt13986278/,Película,6.5,120,2022,"Comedia, Drama, Ciencia ficción",885,2023-03-30,"Sophie Linnenbaum",,
3170,tt10692870,2022-07-04,2022-07-04,,"Slovo","Slovo",https://www.imdb.com/title/tt10692870/,Película,5.9,104,2022,"Drama",108,2022-05-12,"Beata Parkanová",,
3171,tt0070076,2022-07-09,2022-07-09,,"El diablo en el convento","Frau Wirtins tolle Töchterlein",https://www.imdb.com/title/tt0070076/,Película,4.4,87,1973,"Comedia",112,1973-04-11,"Franz Antel",,
3172,tt4863810,2022-08-01,2022-08-01,,"Séance","Séance",https://www.imdb.com/title/tt4863810/,Corto,,30,2014,"Documental, Corto",0,2014-11-04,"Yuri Ancarani",,
3173,tt13551014,2022-08-03,2022-08-03,,"The Nanny's Night","The Nanny's Night",https://www.imdb.com/title/tt13551014/,Película,3.3,75,2021,"Comedia, Terror",327,2022-06-14,"Igna L. Vacas",,
3174,tt0072184,2022-08-03,2022-08-03,,"Snuff","Snuff",https://www.imdb.com/title/tt0072184/,Película,2.8,80,1975,"Terror",2237,1976-06-19,"Michael Findlay, Horacio Fredriksson, Simon Nuchtern, Roberta Findlay",,
3175,tt0407621,2022-08-03,2022-08-03,,"Calvario","Calvaire",https://www.imdb.com/title/tt0407621/,Película,6.1,88,2004,"Drama, Terror, Suspense",15563,2005-03-09,"Fabrice du Welz",,
3176,tt0218581,2022-08-03,2022-08-03,,"Scarlet Diva","Scarlet Diva",https://www.imdb.com/title/tt0218581/,Película,5.0,91,2000,"Drama",2983,2000-05-26,"Asia Argento",,
3177,tt0179116,2022-08-07,2022-08-07,,"But I'm a Cheerleader","But I'm a Cheerleader",https://www.imdb.com/title/tt0179116/,Película,6.9,85,1999,"Comedia, Drama, Romance",53248,2000-08-11,"Jamie Babbit",,
3178,tt12593682,2022-08-08,2022-08-08,,"Bullet Train","Bullet Train",https://www.imdb.com/title/tt12593682/,Película,7.3,127,2022,"Acción, Comedia, Suspense",546683,2022-08-05,"David Leitch",,
3179,tt1649418,2022-08-12,2022-08-12,,"El agente invisible","The Gray Man",https://www.imdb.com/title/tt1649418/,Película,6.5,122,2022,"Acción, Misterio, Suspense",278315,2022-07-22,"Joe Russo, Anthony Russo",,
3180,tt0993840,2022-08-23,2022-08-23,,"Ejército de los muertos","Army of the Dead",https://www.imdb.com/title/tt0993840/,Película,5.8,148,2021,"Acción, Aventura, Crimen, Drama, Terror, Ciencia ficción, Suspense, Bélico",202760,2021-05-14,"Zack Snyder",,
3181,tt15255876,2022-08-24,2022-08-24,,"Emily la estafadora","Emily the Criminal",https://www.imdb.com/title/tt15255876/,Película,6.7,97,2022,"Crimen, Drama, Suspense",68069,2022-11-07,"John Patton Ford",,
3182,tt13364334,2022-09-14,2022-09-14,,"Kingu Kongu tai Gojira","Kingu Kongu tai Gojira",https://www.imdb.com/title/tt13364334/,Película,6.2,97,1962,"Acción, Aventura, Comedia, Fantasía, Ciencia ficción",3225,1962-08-11,"Ishirō Honda",,
3183,tt0425112,2022-09-15,2022-09-15,,"Arma fatal","Hot Fuzz",https://www.imdb.com/title/tt0425112/,Película,7.8,121,2007,"Acción, Comedia, Misterio, Suspense",572221,2007-12-05,"Edgar Wright",,
3184,tt1213663,2022-09-15,2022-09-15,,"Bienvenidos al fin del mundo","The World's End",https://www.imdb.com/title/tt1213663/,Película,6.9,109,2013,"Acción, Comedia, Ciencia ficción",314917,2013-07-19,"Edgar Wright",,
3185,tt0116365,2022-09-15,2022-09-15,,"Agárrame esos fantasmas","The Frighteners",https://www.imdb.com/title/tt0116365/,Película,7.1,110,1996,"Comedia, Drama, Fantasía, Terror, Misterio, Romance",103298,1996-11-12,"Peter Jackson",,
3186,tt0887261,2022-09-24,2022-09-24,,"Hellraiser","Hellraiser",https://www.imdb.com/title/tt0887261/,Película,5.9,121,2022,"Terror, Misterio, Suspense",56378,2022-10-07,"David Bruckner",,
3187,tt15445056,2022-09-28,2022-09-28,,"Atenea","Athena",https://www.imdb.com/title/tt15445056/,Película,6.8,99,2022,"Acción, Drama, Suspense",26086,2022-09-23,"Romain Gavras",,
3188,tt18968540,2022-09-28,2022-09-28,,"Maleficio","Zhou",https://www.imdb.com/title/tt18968540/,Película,6.3,110,2022,"Terror, Misterio",31649,2022-07-08,"Kevin Ko",,
3189,tt0082923,2022-10-03,2022-10-03,,"Tres polis peligrosos en Nueva York","La poliziotta a New York",https://www.imdb.com/title/tt0082923/,Película,4.5,91,1981,"Comedia",337,1981-11-21,"Michele Massimo Tarantini",,
3190,tt0072030,2022-10-05,2022-10-05,,"La prima Angélica","La prima Angélica",https://www.imdb.com/title/tt0072030/,Película,7.3,107,1974,"Drama",1392,1974-05-12,"Carlos Saura",,
3191,tt7922238,2022-10-10,2022-10-10,,"La Piedad","La Piedad",https://www.imdb.com/title/tt7922238/,Película,5.4,80,2022,"Drama, Fantasía, Terror",754,2023-03-02,"Eduardo Casanova",,
3192,tt11851548,2022-10-11,2022-10-11,,"La huérfana: primer asesinato","Orphan: First Kill",https://www.imdb.com/title/tt11851548/,Película,5.9,99,2022,"Crimen, Drama, Terror, Misterio, Suspense",54936,2022-09-09,"William Brent Bell",,
3193,tt12873562,2022-10-11,2022-10-11,,"La invitación","The Invitation",https://www.imdb.com/title/tt12873562/,Película,5.3,105,2022,"Terror, Suspense",41006,2022-09-16,"Jessica M. Thompson",,
3194,tt13145534,2022-10-11,2022-10-11,,"Increíble pero cierto","Incroyable mais vrai",https://www.imdb.com/title/tt13145534/,Película,6.4,74,2022,"Comedia, Drama, Fantasía, Misterio, Ciencia ficción",5841,2022-06-15,"Quentin Dupieux",,
3195,tt0060121,2022-10-12,2022-10-12,,"Arabesco","Arabesque",https://www.imdb.com/title/tt0060121/,Película,6.4,105,1966,"Acción, Aventura, Comedia, Crimen, Drama, Misterio, Romance, Suspense",9145,1966-08-18,"Stanley Donen",,
3196,tt0059095,2022-10-17,2022-10-17,,"La víctima número diez","La decima vittima",https://www.imdb.com/title/tt0059095/,Película,6.6,92,1965,"Acción, Comedia, Romance, Ciencia ficción, Suspense",5822,1965-12-03,"Elio Petri",,
3197,tt4300480,2022-10-27,2022-10-27,,"Veloz como el viento","Veloce come il vento",https://www.imdb.com/title/tt4300480/,Película,7.2,118,2016,"Drama, Deporte",6033,2016-04-07,"Matteo Rovere",,
3198,tt22506854,2022-10-29,2022-10-29,,"La mujer dormida","La mujer dormida",https://www.imdb.com/title/tt22506854/,Película,5.2,110,2024,"Drama, Fantasía, Suspense",758,2024-05-31,"Laura Alvea",,
3199,tt0073198,2022-12-03,2022-12-03,,"Jeanne Dielman, 23, quai du Commerce, 1080 Bruxelles","Jeanne Dielman, 23, quai du Commerce, 1080 Bruxelles",https://www.imdb.com/title/tt0073198/,Película,7.5,202,1975,"Drama",17826,2023-03-08,"Chantal Akerman",,
3200,tt0371853,2022-12-07,2022-12-07,,"La monja","La monja",https://www.imdb.com/title/tt0371853/,Película,4.1,101,2005,"Drama, Terror, Suspense",3702,2005-11-04,"Luis de la Madrid",,
3201,tt11052678,2022-12-10,2022-12-10,,"Las gemelas que no hablaban","The Silent Twins",https://www.imdb.com/title/tt11052678/,Película,5.7,113,2022,"Biografía, Crimen, Drama",2863,2022-10-21,"Agnieszka Smoczynska",,
3202,tt6688354,2022-12-10,2022-12-10,,"The Field Guide to Evil","The Field Guide to Evil",https://www.imdb.com/title/tt6688354/,Película,4.8,117,2018,"Terror",2761,2019-12-19,"Ashim Ahluwalia, Can Evrenol, Severin Fiala, Veronika Franz, Katrin Gebbe, Calvin Lee Reeder, Agnieszka Smoczynska, Peter Strickland, Yannis Veslemes",,
3203,tt10168670,2022-12-12,2022-12-12,,"Hasta los huesos (Bones and all)","Bones and All",https://www.imdb.com/title/tt10168670/,Película,6.8,131,2022,"Drama, Terror, Romance",75680,2022-11-25,"Luca Guadagnino",,
3204,tt15398776,2022-12-19,2022-12-19,,"Oppenheimer","Oppenheimer",https://www.imdb.com/title/tt15398776/,Película,8.2,180,2023,"Biografía, Drama, Historia",1094177,2023-07-20,"Christopher Nolan",,
3205,tt0082025,2022-12-21,2022-12-21,,"La cita","The Appointment",https://www.imdb.com/title/tt0082025/,Película,6.2,90,1982,"Terror",1505,1982,"Lindsey C. Vickers",,
3206,tt17076046,2022-12-28,2022-12-28,,"Weird: La historia de Al Yankovic","Weird: The Al Yankovic Story",https://www.imdb.com/title/tt17076046/,Película,6.8,108,2022,"Acción, Biografía, Comedia, Crimen, Música, Musical",50087,2022-12-30,"Eric Appel",,
3207,tt0039442,2022-12-29,2022-12-29,,"Habla, mudita","Habla, mudita",https://www.imdb.com/title/tt0039442/,Película,6.1,88,1973,"Drama",188,1974-02-20,"Manuel Gutiérrez Aragón",,
3208,tt0083813,2022-12-29,2022-12-29,,"Demonios en el jardín","Demonios en el jardín",https://www.imdb.com/title/tt0083813/,Película,6.2,97,1982,"Drama",320,1984-03-14,"Manuel Gutiérrez Aragón",,
3209,tt0078298,2022-12-29,2022-12-29,,"Sonámbulos","Sonámbulos",https://www.imdb.com/title/tt0078298/,Película,5.1,96,1978,"Drama",146,2022-10-04,"Manuel Gutiérrez Aragón",,
3210,tt0075798,2022-12-29,2022-12-29,,"Camada negra","Camada negra",https://www.imdb.com/title/tt0075798/,Película,5.7,89,1977,"Crimen, Drama",165,1977-09-30,"Manuel Gutiérrez Aragón",,
3211,tt0082567,2022-12-29,2022-12-29,,"Io e Caterina","Io e Caterina",https://www.imdb.com/title/tt0082567/,Película,5.5,117,1980,"Comedia, Ciencia ficción",437,1980-12-19,"Alberto Sordi",,
3212,tt0083161,2022-12-29,2022-12-29,,"Callate cuando hablas","Tais-toi quand tu parles!",https://www.imdb.com/title/tt0083161/,Película,4.2,89,1981,"Comedia",181,1981-09-02,"Philippe Clair",,
3213,tt0084506,2022-12-29,2022-12-29,,"Ricas, riquisimas","Ricchi, ricchissimi... praticamente in mutande",https://www.imdb.com/title/tt0084506/,Película,5.5,120,1982,"Comedia",659,1982-01-15,"Sergio Martino",,
3214,tt0084471,2022-12-29,2022-12-29,,"Il paramedico","Il paramedico",https://www.imdb.com/title/tt0084471/,Película,5.4,110,1982,"Comedia",185,1982-02-07,"Sergio Nasca",,
3215,tt0084634,2022-12-29,2022-12-29,,"Sballato, gasato, completamente fuso","Sballato, gasato, completamente fuso",https://www.imdb.com/title/tt0084634/,Película,5.1,96,1982,"Comedia, Crimen",410,1982-04-01,"Steno",,
3216,tt0483848,2022-12-29,2022-12-29,,"Bene, bravi, bis","Bene, bravi, bis",https://www.imdb.com/title/tt0483848/,Serie de TV,6.8,,1984,"Comedia",16,1984-03-25,,,
3217,tt0090247,2022-12-29,2022-12-29,,"Vacaciones en América","Vacanze in America",https://www.imdb.com/title/tt0090247/,Película,5.7,89,1984,"Comedia",962,1984-12-20,"Carlo Vanzina",,
3218,tt0092865,2022-12-29,2022-12-29,,"Bestia asesina","Un delitto poco comune",https://www.imdb.com/title/tt0092865/,Película,5.5,92,1987,"Terror, Suspense",1293,1988-03-11,"Ruggero Deodato",,
3219,tt7865942,2022-12-29,2022-12-29,,"Settimo anno","Settimo anno",https://www.imdb.com/title/tt7865942/,Miniserie de TV,6.4,,1978,"Comedia, Romance",9,1978-04-16,,,
3220,tt0224802,2022-12-29,2022-12-29,,"Il coraggio di Anna","Il coraggio di Anna",https://www.imdb.com/title/tt0224802/,Serie de TV,5.5,,1992,"Drama",16,1992-09-27,,,
3221,tt7560028,2022-12-29,2022-12-29,,"Deodato Holocaust","Deodato Holocaust",https://www.imdb.com/title/tt7560028/,Película,6.7,71,2019,"Documental",145,2019-10-04,"Felipe M. Guerra",,
3222,tt5917118,2022-12-29,2022-12-29,,"Suki demo nai kuseni","Suki demo nai kuseni",https://www.imdb.com/title/tt5917118/,Película,4.9,85,2016,"Drama, Romance",452,2016-09-03,"Kōta Yoshida",,
3223,tt6160448,2023-01-04,2023-01-04,,"Ruido de fondo","White Noise",https://www.imdb.com/title/tt6160448/,Película,5.7,136,2022,"Comedia, Drama, Terror, Misterio",48120,2022-12-30,"Noah Baumbach",,
3224,tt15474916,2023-01-04,2023-01-04,,"Smile","Smile",https://www.imdb.com/title/tt15474916/,Película,6.5,115,2022,"Terror, Misterio, Suspense",248226,2022-09-30,"Parker Finn",,
3225,tt0129320,2023-01-10,2023-01-10,,"La chica del atardecer","Primo amore",https://www.imdb.com/title/tt0129320/,Película,6.6,110,1978,"Comedia, Drama",662,1978-09-08,"Dino Risi",,
3226,tt14208870,2023-01-11,2023-01-11,,"Los Fabelman","The Fabelmans",https://www.imdb.com/title/tt14208870/,Película,7.5,151,2022,"Biografía, Drama",136919,2023-02-10,"Steven Spielberg",,
3227,tt8760708,2023-01-13,2023-01-13,,"M3GAN","M3GAN",https://www.imdb.com/title/tt8760708/,Película,6.3,102,2022,"Terror, Ciencia ficción, Suspense",184643,2023-01-04,"Gerard Johnstone",,
3228,tt0179463,2023-01-14,2023-01-14,,"El testigo debe callar","Il testimone deve tacere",https://www.imdb.com/title/tt0179463/,Película,6.2,100,1974,"Acción, Crimen, Drama",97,1978-06-26,"Giuseppe Rosati",,
3229,tt2393868,2023-01-14,2023-01-14,,"Bakeneko Toruko furo","Bakeneko Toruko furo",https://www.imdb.com/title/tt2393868/,Película,6.0,81,1975,"Terror",437,1975-01-29,"Kazuhiko Yamaguchi",,
3230,tt0068206,2023-01-14,2023-01-14,,"En Busca Del Placer","Alla ricerca del piacere",https://www.imdb.com/title/tt0068206/,Película,6.2,98,1972,"Crimen, Terror, Misterio, Romance, Suspense",1845,1972-03-21,"Silvio Amadio",,
3231,tt0079207,2023-01-14,2023-01-14,,"Crimen sin huella","Giallo a Venezia",https://www.imdb.com/title/tt0079207/,Película,5.1,98,1979,"Crimen, Terror, Misterio, Suspense",1583,1979-12-31,"Mario Landi",,
3232,tt0074201,2023-01-14,2023-01-14,,"Bestialidad","Bestialità",https://www.imdb.com/title/tt0074201/,Película,4.6,75,1976,"Drama, Terror, Suspense",557,1976-11-16,"Virgilio Mattei, Peter Skerl",,
3233,tt0077430,2023-01-14,2023-01-14,,"Diabla","Sensività",https://www.imdb.com/title/tt0077430/,Película,5.1,90,1979,"Crimen, Drama, Terror, Misterio, Suspense",221,1980-07-11,"Enzo G. Castellari",,
3234,tt0188949,2023-01-14,2023-01-14,,"Justicia para todos","No il caso è felicemente risolto",https://www.imdb.com/title/tt0188949/,Película,6.9,98,1973,"Acción, Crimen, Drama, Terror, Suspense",634,1973-08-15,"Vittorio Salerno",,
3235,tt0072595,2023-01-23,2023-01-23,,"La ronda del placer","A mezzanotte va la ronda del piacere",https://www.imdb.com/title/tt0072595/,Película,6.0,100,1975,"Comedia, Drama, Misterio",465,1975-02-19,"Marcello Fondato",,
3236,tt14444726,2023-01-29,2023-01-29,,"Tár","Tár",https://www.imdb.com/title/tt14444726/,Película,7.4,158,2022,"Drama, Música",110969,2023-01-27,"Todd Field",,
3237,tt8015080,2023-02-05,2023-02-05,,"Godzilla: Ciudad al filo de la batalla","Gojira: kessen kidô zôshoku toshi",https://www.imdb.com/title/tt8015080/,Película,5.8,101,2018,"Animación, Acción, Ciencia ficción",6350,2018-05-18,"Hiroyuki Seshita, Kôbun Shizuno",,
3238,tt8478602,2023-02-05,2023-02-05,,"Godzilla: El devorador de planetas","Gojira: hoshi wo kû mono",https://www.imdb.com/title/tt8478602/,Película,5.1,91,2018,"Animación, Acción, Aventura, Ciencia ficción",5707,2018-11-09,"Hiroyuki Seshita, Kôbun Shizuno",,
3239,tt0066274,2023-02-18,2023-02-18,,"Rabbit, Run","Rabbit, Run",https://www.imdb.com/title/tt0066274/,Película,5.4,94,1970,"Drama",513,1970-10,"Jack Smight",,
3240,tt0058283,2023-02-18,2023-02-18,,"Una mujer atrapada","Lady in a Cage",https://www.imdb.com/title/tt0058283/,Película,6.7,94,1964,"Drama, Terror, Suspense",4143,1964-09-07,"Walter Grauman",,
3241,tt15679400,2023-02-18,2023-02-18,,"Llaman a la puerta","Knock at the Cabin",https://www.imdb.com/title/tt15679400/,Película,6.1,100,2023,"Terror, Misterio, Suspense",143165,2023-02-03,"M. Night Shyamalan",,
3242,tt26448953,2023-02-18,2023-02-18,,"El eco","El Eco",https://www.imdb.com/title/tt26448953/,Película,7.4,102,2023,"Documental",553,2024-08-29,"Tatiana Huezo",,
3243,tt1016150,2023-02-23,2023-02-23,,"Sin novedad en el frente","Im Westen nichts Neues",https://www.imdb.com/title/tt1016150/,Película,7.8,148,2022,"Drama, Historia, Bélico",345474,2022-10-28,"Edward Berger",,
3244,tt13669038,2023-03-04,2023-03-04,,"Ellas hablan","Women Talking",https://www.imdb.com/title/tt13669038/,Película,6.9,104,2022,"Drama",85875,2023-02-17,"Sarah Polley",,
3245,tt0491046,2023-03-11,2023-03-11,,"Manolete","Manolete",https://www.imdb.com/title/tt0491046/,Película,5.7,92,2008,"Biografía, Drama, Romance",3484,2012-08-24,"Menno Meyjes",,
3246,tt9075972,2023-03-11,2023-03-11,,"GigiBoy","GigiBoy",https://www.imdb.com/title/tt9075972/,Corto,,7,2020,"Corto, Comedia",0,2020-01-05,"Hannah Marks",,
3247,tt11464826,2023-03-11,2023-03-11,,"El dilema de las redes","The Social Dilemma",https://www.imdb.com/title/tt11464826/,Película,7.6,94,2020,"Documental, Drama",95048,2020-09-09,"Jeff Orlowski-Yang",,
3248,tt5134254,2023-03-11,2023-03-11,,"Drunk Bus","Drunk Bus",https://www.imdb.com/title/tt5134254/,Película,6.2,101,2020,"Comedia, Drama",1358,2020-03-15,"John Carlucci, Brandon LaGanke",,
3249,tt5198890,2023-03-11,2023-03-11,,"Mi nombre era Eileen","Eileen",https://www.imdb.com/title/tt5198890/,Película,5.9,97,2023,"Drama, Misterio, Romance, Suspense",20907,2024-09-01,"William Oldroyd",,
3250,tt11041106,2023-03-11,2023-03-11,,"The Justice of Bunny King","The Justice of Bunny King",https://www.imdb.com/title/tt11041106/,Película,6.7,101,2021,"Drama",852,2021-07-29,"Gaysorn Thavat",,
3251,tt3111426,2023-03-11,2023-03-11,,"Chicas perdidas","Lost Girls",https://www.imdb.com/title/tt3111426/,Película,6.2,95,2020,"Crimen, Drama, Misterio, Suspense",27554,2020-03-13,"Liz Garbus",,
3252,tt8129806,2023-03-17,2023-03-17,,"To Leslie","To Leslie",https://www.imdb.com/title/tt8129806/,Película,7.1,119,2022,"Drama",19681,2023-03-03,"Michael Morris",,
3253,tt8178634,2023-03-22,2023-03-22,,"RRR","RRR (Rise Roar Revolt)",https://www.imdb.com/title/tt8178634/,Película,7.8,187,2022,"Acción, Aventura, Drama",226960,2022-03-24,"S.S. Rajamouli",,
3254,tt0075375,2023-03-23,2023-03-23,,"Brigada anticrimen","Uomini si nasce poliziotti si muore",https://www.imdb.com/title/tt0075375/,Película,6.5,96,1976,"Acción, Crimen, Drama, Suspense",1856,1976-03-11,"Ruggero Deodato",,
3255,tt23988900,2023-03-23,2023-03-23,,"Soy una buena persona","Soy una buena persona",https://www.imdb.com/title/tt23988900/,Película,5.1,108,2023,"Comedia",100,2023-03-24,"Norberto Ramos del Val",,
3256,tt0075985,2023-04-03,2023-04-03,,"El ardiente despertar de Emily","Emily",https://www.imdb.com/title/tt0075985/,Película,4.5,87,1976,"Drama, Romance",296,1976-11,"Henry Herbert",,
3257,tt1262416,2023-04-05,2023-04-05,,"Scream 4","Scream 4",https://www.imdb.com/title/tt1262416/,Película,6.3,111,2011,"Terror, Misterio",193951,2011-04-20,"Wes Craven",,
3258,tt8633464,2023-04-05,2023-04-05,,"Despidiendo a Yang","After Yang",https://www.imdb.com/title/tt8633464/,Película,6.6,96,2021,"Drama, Ciencia ficción",26696,2022-10-08,"Kogonada",,
3259,tt0120082,2023-04-05,2023-04-05,,"Scream 2","Scream 2",https://www.imdb.com/title/tt0120082/,Película,6.4,120,1997,"Terror, Misterio",240008,1998-04-24,"Wes Craven",,
3260,tt2906216,2023-04-05,2023-04-05,,"Dungeons & Dragons: Honor entre ladrones","Dungeons & Dragons: Honor Among Thieves",https://www.imdb.com/title/tt2906216/,Película,7.2,134,2023,"Acción, Aventura, Comedia, Fantasía",277736,2023-03-31,"John Francis Daley, Jonathan Goldstein",,
3261,tt14230388,2023-04-05,2023-04-05,,"Asteroid City","Asteroid City",https://www.imdb.com/title/tt14230388/,Película,6.4,105,2023,"Comedia, Drama, Romance, Ciencia ficción",146897,2023-06-16,"Wes Anderson",,
3262,tt17663992,2023-04-05,2023-04-05,,"Scream VI","Scream VI",https://www.imdb.com/title/tt17663992/,Película,6.4,122,2023,"Terror, Misterio, Suspense",155523,2023-03-10,"Matt Bettinelli-Olpin, Tyler Gillett",,
3263,tt15771916,2023-04-08,2023-04-08,,"You Hurt My Feelings","You Hurt My Feelings",https://www.imdb.com/title/tt15771916/,Película,6.5,93,2023,"Comedia, Drama, Romance",17750,2024-01-26,"Nicole Holofcener",,
3264,tt6528290,2023-04-08,2023-04-08,,"Los caballeros del zodiaco","Knights of the Zodiac",https://www.imdb.com/title/tt6528290/,Película,4.4,112,2023,"Acción, Aventura, Drama, Fantasía, Ciencia ficción",18630,2023-05-26,"Tomasz Bagiński",,
3265,tt16127660,2023-04-13,2023-04-13,,"First Light","First Light",https://www.imdb.com/title/tt16127660/,Vídeo,6.1,5,2020,"Corto",128,2020-12-16,"Jonathan Glazer",,
3266,tt0105785,2023-04-13,2023-04-13,,"La lavadora asesina","Vortice mortale",https://www.imdb.com/title/tt0105785/,Película,5.3,90,1993,"Crimen, Drama, Terror, Misterio, Suspense",1025,1993,"Ruggero Deodato",,
3267,tt19719836,2023-04-13,2023-04-13,,"Retorno a Seúl","Retour à Séoul",https://www.imdb.com/title/tt19719836/,Película,6.9,119,2022,"Drama",10849,2023-03-24,"Davy Chou",,
3268,tt0074372,2023-04-14,2023-04-14,,"Presagio tenebroso","Dark August",https://www.imdb.com/title/tt0074372/,Película,5.1,87,1976,"Terror, Misterio, Suspense",918,1978-02-16,"Martin Goldman",,
3269,tt6992978,2023-04-28,2023-04-28,,"The Souvenir: Part II","The Souvenir: Part II",https://www.imdb.com/title/tt6992978/,Película,7.0,107,2021,"Drama, Romance",4948,2021-11-19,"Joanna Hogg",,
3270,tt4038756,2023-04-29,2023-04-29,,"Sólo sabes follar","Sólo sabes follar",https://www.imdb.com/title/tt4038756/,Corto,6.4,5,2014,"Corto, Comedia",19,2014,"Manu Bueno",,
3271,tt12748016,2023-05-26,2023-05-26,,"Strasbourg 1518","Strasbourg 1518",https://www.imdb.com/title/tt12748016/,Corto de TV,6.0,10,2020,"Corto, Terror, Musical",1074,2020-07-20,"Jonathan Glazer",,
3272,tt13405778,2023-06-06,2023-06-06,,"Insidious: La puerta roja","Insidious: The Red Door",https://www.imdb.com/title/tt13405778/,Película,5.5,107,2023,"Terror, Misterio, Suspense",66239,2023-07-20,"Patrick Wilson",,
3273,tt13055264,2023-06-06,2023-06-06,,"Extraña forma de vida","Extraña forma de vida",https://www.imdb.com/title/tt13055264/,Corto,6.2,31,2023,"Corto, Drama, Del oeste",13898,2023-05-26,"Pedro Almodóvar",,
3274,tt0439572,2023-06-19,2023-06-19,,"Flash","The Flash",https://www.imdb.com/title/tt0439572/,Película,6.6,144,2023,"Acción, Aventura, Fantasía, Ciencia ficción",251775,2023-06-16,"Andy Muschietti",,
3275,tt15671028,2023-07-02,2023-07-02,,"Sin malos rollos","No Hard Feelings",https://www.imdb.com/title/tt15671028/,Película,6.3,103,2023,"Comedia, Romance",221603,2023-06-23,"Gene Stupnitsky",,
3276,tt0119558,2023-07-04,2023-07-04,,"Lolita de Adrian Lyne","Lolita",https://www.imdb.com/title/tt0119558/,Película,6.8,137,1997,"Drama, Romance",75622,1997-10-02,"Adrian Lyne",,
3277,tt0080756,2023-07-04,2023-07-04,,"Zorras","Foxes",https://www.imdb.com/title/tt0080756/,Película,6.1,106,1980,"Drama",5479,1980-02-29,"Adrian Lyne",,
3278,tt14561712,2023-07-04,2023-07-04,,"La quimera","La chimera",https://www.imdb.com/title/tt14561712/,Película,7.3,131,2023,"Aventura, Comedia, Drama, Fantasía, Romance",23124,2024-04-19,"Alice Rohrwacher",,
3279,tt17569526,2023-07-04,2023-07-04,,"Lluvia ácida","Acide",https://www.imdb.com/title/tt17569526/,Película,5.1,99,2023,"Drama, Ciencia ficción",3217,2023-09-20,"Just Philippot",,
3280,tt13287846,2023-07-10,2023-07-10,,"Napoleón","Napoleon",https://www.imdb.com/title/tt13287846/,Película,6.3,158,2023,"Acción, Aventura, Biografía, Drama, Historia, Bélico",190349,2023-11-24,"Ridley Scott",,
3281,tt0102585,2023-07-15,2023-07-15,,"La profecía IV: El renacer","Omen IV: The Awakening",https://www.imdb.com/title/tt0102585/,Película de TV,3.9,97,1991,"Terror",9041,1991-07-19,"Jorge Montesi, Dominique Othenin-Girard",,
3282,tt25292618,2023-08-08,2023-08-08,,"Mammalia","Mammalia",https://www.imdb.com/title/tt25292618/,Película,4.5,88,2023,"Drama, Fantasía",182,2023-09-22,"Sebastian Mihailescu",,
3283,tt10380900,2023-08-08,2023-08-08,,"Petrov's Flu","Petrovy v grippe",https://www.imdb.com/title/tt10380900/,Película,6.6,145,2021,"Drama, Ciencia ficción",3685,2021-09-09,"Kirill Serebrennikov",,
3284,tt0104684,2023-08-10,2023-08-10,,"Hard-Boiled (Hervidero)","Lat sau san taam",https://www.imdb.com/title/tt0104684/,Película,7.7,128,1992,"Acción, Crimen, Suspense",60632,1992-04-16,"John Woo",,
3285,tt0119094,2023-08-10,2023-08-10,,"Cara a cara (Face/Off)","Face/Off",https://www.imdb.com/title/tt0119094/,Película,7.3,138,1997,"Acción, Crimen, Ciencia ficción, Suspense",430957,1997-09-24,"John Woo",,
3286,tt0101020,2023-08-10,2023-08-10,,"Un ladrón es siempre un ladrón","Chung hang sei hoi",https://www.imdb.com/title/tt0101020/,Película,6.7,108,1991,"Acción, Comedia, Crimen, Suspense",8275,1991-02-02,"John Woo",,
3287,tt0097202,2023-08-10,2023-08-10,,"El asesino","Dip huet seung hung",https://www.imdb.com/title/tt0097202/,Película,7.7,111,1989,"Acción, Crimen, Drama, Suspense",56173,1992-03-02,"John Woo",,
3288,tt0092263,2023-08-10,2023-08-10,,"Un mañana mejor","Ying hung boon sik",https://www.imdb.com/title/tt0092263/,Película,7.4,95,1986,"Acción, Crimen, Drama, Suspense",29571,1986-08-02,"John Woo",,
3289,tt9603208,2023-08-30,2023-08-30,,"Misión: Imposible - Sentencia final","Mission: Impossible - The Final Reckoning",https://www.imdb.com/title/tt9603208/,Película,7.1,169,2025,"Acción, Aventura, Suspense",240229,2025-05-23,"Christopher McQuarrie",,
3290,tt13017584,2023-08-30,2023-08-30,,"Visitante","Visitante",https://www.imdb.com/title/tt13017584/,Película,4.5,99,2021,"Drama, Terror, Ciencia ficción, Suspense",224,2022-07-02,"Alberto Evangelio",,
3291,tt0106697,2023-09-02,2023-09-02,,"Demolition Man","Demolition Man",https://www.imdb.com/title/tt0106697/,Película,6.7,115,1993,"Acción, Ciencia ficción, Suspense",211084,1994-01-21,"Marco Brambilla",,
3292,tt18546166,2023-09-02,2023-09-02,,"Les coses són així","Les coses són així",https://www.imdb.com/title/tt18546166/,Corto,6.1,18,2022,"Corto",9,2022-04-01,"Marc Esquirol",,
3293,tt15364972,2023-09-17,2023-09-17,,"El templo","Sanctuary",https://www.imdb.com/title/tt15364972/,Película,6.2,96,2022,"Drama, Romance, Suspense",13416,2023-11-06,"Zachary Wigon",,
3294,tt27271377,2023-10-02,2023-10-02,,"Genkai Eros Kyoten: Shuten-Doji","Genkai Eros Kyoten: Shuten-Doji",https://www.imdb.com/title/tt27271377/,Película,,69,2011,"Drama",0,2011,"Hiroyuki Kawasaki",,
3295,tt26245650,2023-10-04,2023-10-04,,"Bitten","La morsure",https://www.imdb.com/title/tt26245650/,Película,5.7,90,2023,"Drama, Terror",294,2024-05-15,"Romain de Saint-Blanquat",,
3296,tt24132144,2023-10-14,2023-10-14,,"El videoclub de Kim","Kim's Video",https://www.imdb.com/title/tt24132144/,Película,6.9,88,2023,"Documental",1228,2023-09-27,"David Redmon, Ashley Sabin",,
3297,tt22640398,2023-10-14,2023-10-14,,"V/H/S/85","V/H/S/85",https://www.imdb.com/title/tt22640398/,Película,5.6,110,2023,"Terror, Suspense",11623,2023-10-06,"David Bruckner, Scott Derrickson, Natasha Kermani, Mike P. Nelson, Gigi Saul Guerrero",,
3298,tt21027780,2023-10-26,2023-10-26,,"Fallen Leaves","Kuolleet lehdet",https://www.imdb.com/title/tt21027780/,Película,7.2,81,2023,"Comedia, Drama, Romance",37309,2023-12-27,"Aki Kaurismäki",,
3299,tt1136617,2023-10-27,2023-10-27,,"El asesino","The Killer",https://www.imdb.com/title/tt1136617/,Película,6.7,118,2023,"Acción, Aventura, Crimen, Drama, Suspense",227306,2023-11-10,"David Fincher",,
3300,tt18363072,2023-10-27,2023-10-27,,"Hotel Royal","The Royal Hotel",https://www.imdb.com/title/tt18363072/,Película,5.7,91,2023,"Drama, Suspense",17111,2024-03-15,"Kitty Green",,
3301,tt21188080,2023-11-23,2023-11-23,,"Lisa Frankenstein","Lisa Frankenstein",https://www.imdb.com/title/tt21188080/,Película,6.1,101,2024,"Comedia, Terror, Romance",33158,2024-07-26,"Zelda Williams",,
3302,tt10262648,2023-12-07,2023-12-07,,"Compartimento nº 6","Hytti nro 6",https://www.imdb.com/title/tt10262648/,Película,7.2,107,2021,"Drama, Romance",18783,2022-04-13,"Juho Kuosmanen",,
3303,tt21426696,2023-12-07,2023-12-07,,"Nackt unter Zombies","Nackt unter Zombies",https://www.imdb.com/title/tt21426696/,Vídeo,3.6,79,2022,"Comedia, Terror",81,2022-07-29,"Jochen Taubert",,
3304,tt28654391,2023-12-09,2023-12-09,,"Rainer, un perro vicioso en Skull Valley","Rainer, a Vicious Dog in a Skull Valley",https://www.imdb.com/title/tt28654391/,Corto,5.3,26,2023,"Corto, Fantasía",30,2026-07-24,"Bertrand Mandico",,
3305,tt4734132,2023-12-09,2023-12-09,,"Jacqueline Argentine","Jacqueline Argentine",https://www.imdb.com/title/tt4734132/,Película,5.9,87,2016,"Comedia, Drama, Suspense",150,2016-01-26,"Bernardo Britto",,
3306,tt0216651,2023-12-10,2023-12-10,,"Vampire hunter D: Bloodlust","Banpaia hantâ D",https://www.imdb.com/title/tt0216651/,Película,7.7,103,2000,"Animación, Acción, Drama, Fantasía, Terror, Romance, Ciencia ficción",42330,2000-10-31,"Yoshiaki Kawajiri",,
3307,tt8310486,2023-12-14,2023-12-14,,"Miller's Girl","Miller's Girl",https://www.imdb.com/title/tt8310486/,Película,5.2,93,2024,"Comedia, Drama, Suspense",28098,2024-01-26,"Jade Halley Bartlett",,
3308,tt3103318,2023-12-25,2023-12-25,,"Costa da Morte","Costa da Morte",https://www.imdb.com/title/tt3103318/,Película,6.9,81,2013,"Documental, Drama, Familiar",225,2015-02-13,"Lois Patiño",,
3309,tt5618610,2023-12-31,2023-12-31,,"Void","Void",https://www.imdb.com/title/tt5618610/,Corto,6.1,7,2017,"Corto, Drama, Romance",222,2017-08-03,"Emma Seligman",,
3310,tt10602182,2024-01-06,2024-01-06,,"La consagración de la primavera","La consagración de la primavera",https://www.imdb.com/title/tt10602182/,Película,6.3,109,2022,"Drama",684,2024-09-13,"Fernando Franco",,
3311,tt21064584,2024-01-14,2024-01-14,,"El clan de hierro","The Iron Claw",https://www.imdb.com/title/tt21064584/,Película,7.5,132,2023,"Biografía, Drama, Deporte",121739,2024-03-15,"Sean Durkin",,
3312,tt26744818,2024-01-26,2024-01-26,,"Un amor","Un amor",https://www.imdb.com/title/tt26744818/,Película,6.5,129,2023,"Drama, Romance",1768,2023-11-10,"Isabel Coixet",,
3313,tt27672387,2024-01-26,2024-01-26,,"Saben aquell","Saben aquell",https://www.imdb.com/title/tt27672387/,Película,7.1,117,2023,"Biografía, Comedia, Drama, Romance",2032,2023-11-01,"David Trueba",,
3314,tt10275534,2024-02-02,2024-02-02,,"Misántropo","To Catch a Killer",https://www.imdb.com/title/tt10275534/,Película,6.6,119,2023,"Acción, Crimen, Drama, Misterio, Suspense",57899,2024-02-02,"Damián Szifron",,
3315,tt27503384,2024-02-03,2024-02-03,,"Perfect Days","Perfect Days",https://www.imdb.com/title/tt27503384/,Película,7.9,124,2023,"Drama",111129,2024-01-12,"Wim Wenders",,
3316,tt11858890,2024-02-03,2024-02-03,,"The Creator","The Creator",https://www.imdb.com/title/tt11858890/,Película,6.7,133,2023,"Acción, Aventura, Drama, Ciencia ficción, Suspense",204695,2023-09-29,"Gareth Edwards",,
3317,tt20561198,2024-02-09,2024-02-09,,"La tierra prometida (The Bastard)","Bastarden",https://www.imdb.com/title/tt20561198/,Película,7.7,127,2023,"Acción, Drama, Historia",42081,2024-02-02,"Nikolaj Arcel",,
3318,tt3758542,2024-02-09,2024-02-09,,"Ferrari","Ferrari",https://www.imdb.com/title/tt3758542/,Película,6.4,130,2023,"Biografía, Drama, Historia, Deporte",69105,2024-02-09,"Michael Mann",,
3319,tt21113540,2024-02-11,2024-02-11,,"El Conde","El conde",https://www.imdb.com/title/tt21113540/,Película,6.3,110,2023,"Comedia, Fantasía, Historia, Terror",16648,2023-09-15,"Pablo Larraín",,
3320,tt24082488,2024-02-11,2024-02-11,,"La memoria infinita","La memoria infinita",https://www.imdb.com/title/tt24082488/,Película,7.4,85,2023,"Documental",4148,2023-08-24,"Maite Alberdi",,
3321,tt7549892,2024-02-11,2024-02-11,,"Aterrados","Aterrados",https://www.imdb.com/title/tt7549892/,Película,6.5,87,2017,"Terror",31679,2018-05-03,"Demián Rugna",,
3322,tt13452446,2024-02-14,2024-02-14,,"Damsel","Damsel",https://www.imdb.com/title/tt13452446/,Película,6.1,110,2024,"Acción, Aventura, Fantasía",122228,2024-03-08,"Juan Carlos Fresnadillo",,
3323,tt19356262,2024-02-16,2024-02-16,,"Dos chicas a la fuga","Drive-Away Dolls",https://www.imdb.com/title/tt19356262/,Película,5.4,84,2024,"Acción, Comedia, Suspense",29336,2024-02-23,"Ethan Coen",,
3324,tt13651794,2024-02-23,2024-02-23,,"Secretos de un escándalo","May December",https://www.imdb.com/title/tt13651794/,Película,6.7,117,2023,"Comedia, Drama",73954,2024-02-23,"Todd Haynes",,
3325,tt14849194,2024-03-17,2024-03-17,,"Los que se quedan","The Holdovers",https://www.imdb.com/title/tt14849194/,Película,7.9,133,2023,"Comedia, Drama",273385,2024-01-03,"Alexander Payne",,
3326,tt14407336,2024-03-25,2024-03-25,,"The Beast (La bestia)","La bête",https://www.imdb.com/title/tt14407336/,Película,6.4,146,2023,"Drama, Romance, Ciencia ficción, Suspense",12682,2024-03-27,"Bertrand Bonello",,
3327,tt26255020,2024-04-03,2024-04-03,,"El consentimento","Le consentement",https://www.imdb.com/title/tt26255020/,Película,6.5,119,2023,"Biografía, Drama",1457,2024-04-19,"Vanessa Filho",,
3328,tt12349832,2024-04-04,2024-04-04,,"Cuckoo","Cuckoo",https://www.imdb.com/title/tt12349832/,Película,5.6,102,2024,"Terror, Misterio, Suspense",36070,2024-08-09,"Tilman Singer",,
3329,tt28490873,2024-04-26,2024-04-26,,"Ryuichi Sakamoto - Opus","Ryuichi Sakamoto | Opus",https://www.imdb.com/title/tt28490873/,Película,8.0,103,2023,"Documental, Música",1142,2024-04-26,"Neo Sora",,
3330,tt30088312,2024-04-26,2024-04-26,,"La Hierba del Diablo","La Hierba del Diablo",https://www.imdb.com/title/tt30088312/,Película,3.9,80,2024,"Terror",57,2024-04-26,"Ángel Ayllón",,
3331,tt29120839,2024-04-26,2024-04-26,,"Red Horn. Un musical","Red Horn",https://www.imdb.com/title/tt29120839/,Película,6.0,73,2023,"Fantasía, Terror, Musical",8,2023-05-19,"Alberto Adsuara",,
3332,tt7755856,2024-05-16,2024-05-16,,"Banana Split","Banana Split",https://www.imdb.com/title/tt7755856/,Película,6.2,88,2018,"Comedia",4190,2020-03-27,"Benjamin Kasulke",,
3333,tt31522591,2024-05-17,2024-05-17,,"La Suerte. Una serie de casualidades","La Suerte. Una serie de casualidades",https://www.imdb.com/title/tt31522591/,Serie de TV,6.8,,2025,"Comedia, Drama",400,2025-10-08,,,
3334,tt10128846,2024-05-17,2024-05-17,,"Megalópolis - Una fábula","Megalopolis: A Fable",https://www.imdb.com/title/tt10128846/,Película,4.7,138,2024,"Drama, Fantasía, Ciencia ficción",42986,2024-09-27,"Francis Ford Coppola",,
3335,tt21348598,2024-05-18,2024-05-18,,"Los buenos profesores","Un métier sérieux",https://www.imdb.com/title/tt21348598/,Película,6.6,100,2023,"Comedia, Drama",2256,2024-05-17,"Thomas Lilti",,
3336,tt27164484,2024-05-18,2024-05-18,,"Un sol radiant","Un sol radiant",https://www.imdb.com/title/tt27164484/,Película,5.9,79,2023,"Drama",108,2024-05-17,"Mònica Cambra, Ariadna Fortuny",,
3337,tt15576994,2024-05-18,2024-05-18,,"Sagrada familia","Sagrada familia",https://www.imdb.com/title/tt15576994/,Serie de TV,6.5,40,2022,"Drama",3361,2022-10-14,,,
3338,tt18072540,2024-05-18,2024-05-18,,"La niña de la comunión","La niña de la comunión",https://www.imdb.com/title/tt18072540/,Película,5.2,98,2022,"Terror",2012,2023-02-10,"Víctor Garcia",,
3339,tt30851137,2024-05-26,2024-05-26,,"¡La novia!","The Bride!",https://www.imdb.com/title/tt30851137/,Película,5.6,126,2026,"Drama, Terror, Romance, Ciencia ficción",37632,2026-03-06,"Maggie Gyllenhaal",,
3340,tt15333984,2024-06-01,2024-06-01,,"Una antigua conocida","Somebody I Used to Know",https://www.imdb.com/title/tt15333984/,Película,5.7,106,2023,"Comedia, Romance",10056,2023-02-10,"Dave Franco",,
3341,tt15744298,2024-06-01,2024-06-01,,"Freelance","Freelance",https://www.imdb.com/title/tt15744298/,Película,5.6,108,2023,"Acción, Comedia",30132,2024-04-05,"Pierre Morel",,
3342,tt14371926,2024-06-01,2024-06-01,,"Un revés inesperado","Apples Never Fall",https://www.imdb.com/title/tt14371926/,Miniserie de TV,6.7,49,2024,"Drama, Misterio",12381,2024-03-14,,,
3343,tt0176689,2024-06-05,2024-06-05,,"Kunoichi ninpô-chô: Yagyû gaiden","Kunoichi ninpô-chô: Yagyû gaiden",https://www.imdb.com/title/tt0176689/,Película,4.8,106,1998,"Acción, Aventura, Fantasía",275,1998-07-11,"Hitoshi Ozawa",,
3344,tt13397574,2024-06-07,2024-06-07,,"Vidas perfectas","Mothers' Instinct",https://www.imdb.com/title/tt13397574/,Película,6.3,94,2024,"Drama, Suspense",25743,2024-06-14,"Benoît Delhomme",,
3345,tt32126595,2024-06-07,2024-06-07,,"Forastera","Forastera",https://www.imdb.com/title/tt32126595/,Película,6.9,97,2025,"Drama",72,2026-11-20,"Lucía Aleñar Iglesias",,
3346,tt28492104,2024-06-08,2024-06-08,,"Circus Maximus","Circus Maximus",https://www.imdb.com/title/tt28492104/,Película,6.0,75,2023,"Música",838,2023-07-27,"Travis Scott, Canada, Andrew Dosunmu, Kahlil Joseph, Valdimar Jóhannsson, Harmony Korine, Gaspar Noé, Nicolas Winding Refn",,
3347,tt0099582,2024-06-10,2024-06-10,,"Línea mortal","Flatliners",https://www.imdb.com/title/tt0099582/,Película,6.6,115,1990,"Drama, Terror, Ciencia ficción, Suspense",99096,1990-08-10,"Joel Schumacher",,
3348,tt20247888,2024-06-12,2024-06-12,,"Emmanuelle","Emmanuelle",https://www.imdb.com/title/tt20247888/,Película,4.1,107,2024,"Drama, Romance",3593,2024-09-27,"Audrey Diwan",,
3349,tt19864828,2024-06-21,2024-06-21,,"Memory","Memory",https://www.imdb.com/title/tt19864828/,Película,6.7,103,2023,"Drama",10762,2024-06-19,"Michel Franco",,
3350,tt17505010,2024-06-29,2024-06-29,,"Horizon: An American Saga - Capítulo 1","Horizon: An American Saga - Chapter 1",https://www.imdb.com/title/tt17505010/,Película,6.6,181,2024,"Drama, Del oeste",46246,2024-06-28,"Kevin Costner",,
3351,tt23867358,2024-06-29,2024-06-29,,"Invasión","Invasión",https://www.imdb.com/title/tt23867358/,Película,4.3,91,2024,"Drama, Ciencia ficción",80,2024-06-28,"David Martín Porras",,
3352,tt18969840,2024-07-01,2024-07-01,,"Alumbramiento","Alumbramiento",https://www.imdb.com/title/tt18969840/,Película,5.8,101,2024,"Drama",123,2024-06-19,"Pau Teixidor",,
3353,tt21881904,2024-07-03,2024-07-03,,"Isla Perdida","Haunted Heart",https://www.imdb.com/title/tt21881904/,Película,4.8,128,2024,"Romance, Suspense",710,2024-08-23,"Fernando Trueba",,
3354,tt27110882,2024-07-07,2024-07-07,,"El bus de la vida","El bus de la vida",https://www.imdb.com/title/tt27110882/,Película,5.9,98,2024,"Drama",274,2024-07-03,"Ibon Cormenzana",,
3355,tt19766466,2024-07-07,2024-07-07,,"Vampiras: The brides","Vampiras: The Brides",https://www.imdb.com/title/tt19766466/,Película,3.1,90,2022,"Acción, Terror, Misterio, Ciencia ficción",125,2024-05-07,"Ivan Mulero",,
3356,tt30321146,2024-07-20,2024-07-20,,"De naturaleza violenta","In a Violent Nature",https://www.imdb.com/title/tt30321146/,Película,5.5,94,2024,"Drama, Terror, Suspense",31896,2024-07-17,"Chris Nash",,
3357,tt28155584,2024-07-27,2024-07-27,,"Norbert(a)","Norbert(a)",https://www.imdb.com/title/tt28155584/,Película,5.2,89,2024,"Comedia",114,2024-07-25,"Sonia Escolano, Belén López Albert",,
3358,tt9472334,2024-08-03,2024-08-03,,"Malum","Malum",https://www.imdb.com/title/tt9472334/,Película,5.0,92,2023,"Drama, Terror, Misterio, Suspense",7780,2024-08-02,"Anthony DiBlasi",,
3359,tt21920688,2024-08-17,2024-08-17,,"Salve Maria","Salve Maria",https://www.imdb.com/title/tt21920688/,Película,6.2,111,2024,"Drama, Terror, Suspense",807,2024-10-31,"Mar Coll",,
3360,tt21278506,2024-08-26,2024-08-26,,"Los Farad","Los Farad",https://www.imdb.com/title/tt21278506/,Serie de TV,6.9,50,2023,"Acción, Drama, Suspense",1226,2023-12-12,,,
3361,tt11698630,2024-08-26,2024-08-26,,"Loco por ella","Loco por ella",https://www.imdb.com/title/tt11698630/,Película,6.6,102,2021,"Comedia, Romance",6989,2021-02-26,"Dani de la Orden",,
3362,tt27218960,2024-08-27,2024-08-27,,"Y2K","Y2K",https://www.imdb.com/title/tt27218960/,Película,4.7,91,2024,"Comedia, Terror, Ciencia ficción",21287,2025-05-12,"Kyle Mooney",,
3363,tt23739442,2024-09-13,2024-09-13,,"Justicia artificial","Justicia artificial",https://www.imdb.com/title/tt23739442/,Película,5.7,98,2024,"Ciencia ficción, Suspense",827,2024-09-13,"Simón Casal",,
3364,tt26254622,2024-09-13,2024-09-13,,"Sidonie en Japón","Sidonie au Japon",https://www.imdb.com/title/tt26254622/,Película,5.9,95,2023,"Drama, Romance",1059,2024-09-13,"Élise Girard",,
3365,tt21824548,2024-09-19,2024-09-19,,"Finalmente l'alba","Finalmente l'alba",https://www.imdb.com/title/tt21824548/,Película,5.8,119,2023,"Drama, Historia",1050,2024-02-14,"Saverio Costanzo",,
3366,tt7181546,2024-09-30,2024-09-30,,"Ballerina","Ballerina",https://www.imdb.com/title/tt7181546/,Película,6.8,124,2025,"Acción, Aventura, Crimen, Drama, Suspense",162064,2025-06-06,"Len Wiseman",,
3367,tt30088924,2024-10-06,2024-10-06,,"Marisa y Gomoso","Marisa y Gomoso",https://www.imdb.com/title/tt30088924/,Película,6.8,73,2023,"Comedia",52,2024-10-05,"Pablo Parés",,
3368,tt27802490,2024-10-12,2024-10-12,,"Exhuma","Pamyo",https://www.imdb.com/title/tt27802490/,Película,6.9,134,2024,"Terror, Misterio",30887,2025-01-03,"Jang Jae-hyun",,
3369,tt17677434,2024-10-12,2024-10-12,,"La fiebre de los ricos","Rich Flu",https://www.imdb.com/title/tt17677434/,Película,4.9,106,2024,"Ciencia ficción, Suspense",8172,2025-01-24,"Galder Gaztelu-Urrutia",,
3370,tt22173666,2024-10-12,2024-10-12,,"Azrael","Azrael",https://www.imdb.com/title/tt22173666/,Película,5.3,86,2024,"Acción, Terror",15280,2024-09-27,"E.L. Katz",,
3371,tt32241684,2024-10-12,2024-10-12,,"Hado","Hado",https://www.imdb.com/title/tt32241684/,Corto,6.6,12,2023,"Corto, Crimen, Drama, Terror, Suspense",12,2023,"Rubi Rock",,
3372,tt28037410,2024-10-12,2024-10-12,,"Malditas","Cursed",https://www.imdb.com/title/tt28037410/,Película,4.2,60,2023,"Acción, Drama, Terror, Ciencia ficción",88,2025-08-29,"Carlos Marbán",,
3373,tt32768323,2024-10-12,2024-10-12,,"La evaluación","The Assessment",https://www.imdb.com/title/tt32768323/,Película,6.6,114,2024,"Drama, Ciencia ficción",25214,2025-05-08,"Fleur Fortune",,
3374,tt27911000,2024-10-15,2024-10-15,,"Terrifier 3","Terrifier 3",https://www.imdb.com/title/tt27911000/,Película,6.2,125,2024,"Terror",64993,2024-10-31,"Damien Leone",,
3375,tt3212904,2024-10-19,2024-10-19,,"Curve (La curva de la muerte)","Curve",https://www.imdb.com/title/tt3212904/,Película,5.4,85,2015,"Terror, Suspense",14067,2016-01-19,"Iain Softley",,
3376,tt29439114,2024-10-20,2024-10-20,,"La habitación de al lado","The Room Next Door",https://www.imdb.com/title/tt29439114/,Película,6.8,107,2024,"Drama",29003,2024-10-18,"Pedro Almodóvar",,
3377,tt2049403,2024-10-27,2024-10-27,,"Bitelchús Bitelchús","Beetlejuice Beetlejuice",https://www.imdb.com/title/tt2049403/,Película,6.6,105,2024,"Comedia, Fantasía, Terror",178815,2024-09-06,"Tim Burton",,
3378,tt14539740,2024-10-27,2024-10-27,,"Godzilla y Kong: El nuevo imperio","Godzilla x Kong: The New Empire",https://www.imdb.com/title/tt14539740/,Película,6.0,115,2024,"Acción, Aventura, Fantasía, Ciencia ficción, Suspense",138558,2024-03-27,"Adam Wingard",,
3379,tt0450259,2024-10-27,2024-10-27,,"Diamante de sangre","Blood Diamond",https://www.imdb.com/title/tt0450259/,Película,8.0,143,2006,"Aventura, Drama, Suspense",630848,2007-02-09,"Edward Zwick",,
3380,tt28277817,2024-10-27,2024-10-27,,"Bird","Bird",https://www.imdb.com/title/tt28277817/,Película,7.0,119,2024,"Drama",13210,2024-11-29,"Andrea Arnold",,
3381,tt0073298,2024-11-03,2024-11-03,,"Lisztomania","Lisztomania",https://www.imdb.com/title/tt0073298/,Película,6.1,103,1975,"Biografía, Comedia, Música, Musical",3426,1978-11-09,"Ken Russell",,
3382,tt0068522,2024-11-15,2024-11-15,,"Los demonios","Les démons",https://www.imdb.com/title/tt0068522/,Película,5.2,118,1973,"Terror",1068,1973-02-05,"Jesús Franco",,
3383,tt14210720,2024-12-03,2024-12-03,,"HollyBlood","HollyBlood",https://www.imdb.com/title/tt14210720/,Película,4.5,87,2022,"Comedia, Fantasía, Terror, Romance",1434,2022-07-22,"Jesús Font",,
3384,tt1298650,2024-12-04,2024-12-04,,"Piratas del Caribe: En mareas misteriosas","Pirates of the Caribbean: On Stranger Tides",https://www.imdb.com/title/tt1298650/,Película,6.6,137,2011,"Acción, Aventura, Fantasía",614064,2011-05-20,"Rob Marshall",,
3385,tt11261820,2024-12-05,2024-12-05,,"Tahara","Tahara",https://www.imdb.com/title/tt11261820/,Película,5.8,78,2020,"Drama",492,2020-01-25,"Olivia Peace",,
3386,tt0095488,2024-12-07,2024-12-07,,"La guarida del gusano blanco","The Lair of the White Worm",https://www.imdb.com/title/tt0095488/,Película,6.1,93,1988,"Comedia, Terror",16878,1989-03-10,"Ken Russell",,
3387,tt15435876,2024-12-07,2024-12-07,,"El Pingüino","The Penguin",https://www.imdb.com/title/tt15435876/,Miniserie de TV,8.6,60,2024,"Crimen, Drama",248097,2024-09-20,,,
3388,tt29726876,2024-12-08,2024-12-08,,"Desmontando a Lucía","Desmontando a Lucía",https://www.imdb.com/title/tt29726876/,Película,5.2,103,2024,"Drama",174,2024-11-29,"Alberto Utrera",,
3389,tt0085499,2024-12-11,2024-12-11,,"Epílogo","Epílogo",https://www.imdb.com/title/tt0085499/,Película,5.9,92,1984,"Drama",154,1984-01-20,"Gonzalo Suárez",,
3390,tt0083294,2024-12-11,2024-12-11,,"Violines y trompetas","Violines y trompetas",https://www.imdb.com/title/tt0083294/,Película,5.0,83,1984,"Comedia",12,1984-11-19,"Rafael Romero Marchent",,
3391,tt0088010,2024-12-11,2024-12-11,,"El rollo de septiembre","El rollo de septiembre",https://www.imdb.com/title/tt0088010/,Película,4.7,83,1985,"Comedia",82,1985-02-28,"Mariano Ozores",,
3392,tt0260652,2024-12-11,2024-12-11,,"Segunda enseñanza","Segunda enseñanza",https://www.imdb.com/title/tt0260652/,Serie de TV,6.7,60,1986,"Drama",77,1986-01-23,,,
3393,tt0091277,2024-12-11,2024-12-11,,"Los invitados","Los invitados",https://www.imdb.com/title/tt0091277/,Película,5.7,101,1987,"Drama",62,1987-03-05,"Víctor Barrera",,
3394,tt0121181,2024-12-11,2024-12-11,,"Dame Fuego","Dame fuego",https://www.imdb.com/title/tt0121181/,Película,6.5,,1994,"Suspense",35,1994-11-25,"Héctor Carré",,
3395,tt31122579,2024-12-14,2024-12-14,,"Atropia","Atropia",https://www.imdb.com/title/tt31122579/,Película,5.6,103,2025,"Comedia, Drama, Bélico",1382,2026-02-27,"Hailey Gates",,
3396,tt33998099,2024-12-14,2024-12-14,,"Bunnylovr","Bunnylovr",https://www.imdb.com/title/tt33998099/,Película,5.3,86,2025,"Drama",307,2026-04-10,"Katarina Zhu",,
3397,tt18291892,2024-12-17,2024-12-17,,"Calladita","Calladita",https://www.imdb.com/title/tt18291892/,Película,6.1,94,2023,"Comedia, Drama",1402,2024-05-17,"Miguel Faus",,
3398,tt14371860,2024-12-25,2024-12-25,,"Apartamento 7A","Apartment 7A",https://www.imdb.com/title/tt14371860/,Película,5.9,107,2024,"Terror, Suspense",21208,2024-12-31,"Natalie Erika James",,
3399,tt23853982,2024-12-29,2024-12-29,,"Parthenope","Parthenope",https://www.imdb.com/title/tt23853982/,Película,6.5,137,2024,"Drama, Fantasía",21707,2024-12-25,"Paolo Sorrentino",,
3400,tt27850866,2024-12-29,2024-12-29,,"Desmontando un elefante","Desmontando un elefante",https://www.imdb.com/title/tt27850866/,Película,5.7,82,2024,"Drama",185,2025-01-10,"Aitor Echeverría",,
3401,tt4216984,2024-12-29,2024-12-29,,"Hombre lobo","Wolf Man",https://www.imdb.com/title/tt4216984/,Película,5.6,103,2025,"Terror, Ciencia ficción",45179,2025-01-17,"Leigh Whannell",,
3402,tt32332915,2025-01-01,2025-01-01,,"I Want Your Sex","I Want Your Sex",https://www.imdb.com/title/tt32332915/,Película,6.2,90,2026,"Comedia, Drama, Romance, Suspense",3596,2026-12-04,"Gregg Araki",,
3403,tt0251200,2025-01-04,2025-01-04,,"Furyô shôjo: Mako","Furyô shôjo: Mako",https://www.imdb.com/title/tt0251200/,Película,6.1,83,1971,"Acción, Crimen",76,1971-08-25,"Koretsugu Kurahara",,
3404,tt7071166,2025-01-04,2025-01-04,,"Joshi gakuen: Otona no asobi","Joshi gakuen: Otona no asobi",https://www.imdb.com/title/tt7071166/,Película,6.6,82,1971,"Acción, Crimen",18,1971-01-27,"Akira Katō",,
3405,tt3139136,2025-01-04,2025-01-04,,"Joshi gakuen: Yabai sotsugyô","Joshi gakuen: Yabai sotsugyô",https://www.imdb.com/title/tt3139136/,Película,5.3,83,1970,"Comedia, Crimen",57,1970-12-15,"Yukihiro Sawada",,
3406,tt4927984,2025-01-05,2025-01-05,,"Tomato Red","Tomato Red",https://www.imdb.com/title/tt4927984/,Película,5.7,112,2017,"Drama, Suspense",631,2017-03-03,"Juanita Wilson",,
3407,tt8682948,2025-01-05,2025-01-05,,"The Act","The Act",https://www.imdb.com/title/tt8682948/,Miniserie de TV,7.8,60,2019,"Biografía, Crimen, Drama, Suspense",43337,2019-06-14,,,
3408,tt1051913,2025-01-12,2025-01-12,,"Opción C","Opción C",https://www.imdb.com/title/tt1051913/,Corto,,10,2002,"Corto",0,2002-10,"Carla Casadesús",,
3409,tt0163113,2025-01-12,2025-01-12,,"Mundos","Mundos",https://www.imdb.com/title/tt0163113/,Corto,,,1997,"Corto",0,,"Eduard Anglada",,
3410,tt0390672,2025-01-12,2025-01-12,,"¡Excusas!","Excuses!",https://www.imdb.com/title/tt0390672/,Película,4.7,84,2003,"Comedia",133,2003-11-14,"Joel Joan",,
3411,tt1654054,2025-01-12,2025-01-12,,"Mil cretinos","Mil cretins",https://www.imdb.com/title/tt1654054/,Película,4.6,92,2011,"Comedia, Drama",131,2011-01-28,"Ventura Pons",,
3412,tt1556698,2025-01-12,2025-01-12,,"Primer contacte","Primer contacte",https://www.imdb.com/title/tt1556698/,Corto,7.0,9,2009,"Corto, Comedia, Fantasía, Ciencia ficción",9,2009-10-05,"Pau Escribano",,
3413,tt1511426,2025-01-12,2025-01-12,,"Love","Love",https://www.imdb.com/title/tt1511426/,Corto,,20,2009,"Corto, Drama",0,2009-09-08,"Biel Mauri",,
3414,tt1077076,2025-01-12,2025-01-12,,"Cenizas del cielo","Cenizas del cielo",https://www.imdb.com/title/tt1077076/,Película,6.2,96,2008,"Drama",202,2008-11-07,"José Antonio Quirós",,
3415,tt30023287,2025-01-12,2025-01-12,,"Azul Meteoro","Azul Meteoro",https://www.imdb.com/title/tt30023287/,Corto,,,2024,"Corto, Drama",0,2024-01-10,"Marta Guillén",,
3416,tt27251742,2025-01-12,2025-01-12,,"Minotauro, Picasso y las mujeres del Guernica","Minotauro, Picasso y las mujeres del Guernica",https://www.imdb.com/title/tt27251742/,Película,,,,"Biografía, Drama, Historia, Romance",0,,"Julio Medem",,
3417,tt7996260,2025-01-12,2025-01-12,,"After Work","After Work",https://www.imdb.com/title/tt7996260/,Corto,,,,"Corto, Suspense",0,,"Nuria Pascual-Andujar",,
3418,tt5866074,2025-01-12,2025-01-12,,"Paquita Salas","Paquita Salas",https://www.imdb.com/title/tt5866074/,Serie de TV,8.0,,2016,"Comedia",4781,2016-07-06,,,
3419,tt1393011,2025-01-12,2025-01-12,,"Cuatro estaciones","Cuatro estaciones",https://www.imdb.com/title/tt1393011/,Película de TV,7.6,84,2010,"Comedia",90,2010-08-08,"Marcel Barrena",,
3420,tt0063357,2025-01-17,2025-01-17,,"No desearás la mujer de tu prójimo","No desearás la mujer de tu prójimo",https://www.imdb.com/title/tt0063357/,Película,4.8,96,1968,"Comedia",42,1968-05-02,"Pedro Lazaga",,
3421,tt0062846,2025-01-17,2025-01-17,,"¡Cómo sois las mujeres!","¡Cómo sois las mujeres!",https://www.imdb.com/title/tt0062846/,Película,5.6,88,1968,"Comedia",51,1970-07-16,"Pedro Lazaga",,
3422,tt0063574,2025-01-17,2025-01-17,,"Las secretarias","Las secretarias",https://www.imdb.com/title/tt0063574/,Película,5.3,85,1969,"Comedia",65,1970-06-04,"Pedro Lazaga",,
3423,tt0063501,2025-01-17,2025-01-17,,"El halcón y la presa","La resa dei conti",https://www.imdb.com/title/tt0063501/,Película,7.4,110,1967,"Drama, Del oeste",8064,1967-11-29,"Sergio Sollima",,
3424,tt0060398,2025-01-17,2025-01-17,,"Fantasía... 3","Fantasía... 3",https://www.imdb.com/title/tt0060398/,Película,4.8,80,1966,"Fantasía",40,,"Eloy de la Iglesia",,
3425,tt0065691,2025-01-17,2025-01-17,,"Juan y Junior en un mundo diferente","Juan y Junior... en un mundo diferente",https://www.imdb.com/title/tt0065691/,Película,5.0,87,1970,"Musical, Ciencia ficción",46,,"Pedro Olea",,
3426,tt0068351,2025-01-17,2025-01-17,,"La cera virgen","La cera virgen",https://www.imdb.com/title/tt0068351/,Película,5.5,102,1972,"Musical, Comedia",82,1972-02-21,"José María Forqué",,
3427,tt0069014,2025-01-17,2025-01-17,,"No encontré rosas para mi madre","No encontré rosas para mi madre",https://www.imdb.com/title/tt0069014/,Película,4.2,93,1973,"Drama",112,1973-03-11,"Francisco Rovira Beleta",,
3428,tt0072766,2025-01-17,2025-01-17,,"La casa grande","La casa grande",https://www.imdb.com/title/tt0072766/,Película,,105,1975,"Drama",0,1977-07-04,"Francisco Rodríguez Fernández",,
3429,tt0072849,2025-01-17,2025-01-17,,"De profesión: polígamo","De profesión: polígamo",https://www.imdb.com/title/tt0072849/,Película,4.0,84,1975,"Drama",24,1975-11-03,"Angelino Fons",,
3430,tt0073483,2025-01-17,2025-01-17,,"Olvida los tambores","Olvida los tambores",https://www.imdb.com/title/tt0073483/,Película,4.0,89,1975,"Comedia",25,,"Rafael Gil",,
3431,tt0070876,2025-01-17,2025-01-17,,"Los viajes escolares","Los viajes escolares",https://www.imdb.com/title/tt0070876/,Película,5.5,92,1976,"Drama",71,1976-10-01,"Jaime Chávarri",,
3432,tt0075349,2025-01-17,2025-01-17,,"Tres días de noviembre","Tres días de noviembre",https://www.imdb.com/title/tt0075349/,Película,4.1,82,1977,"Drama, Terror",23,1977-02-26,"León Klimovsky",,
3433,tt0063063,2025-01-17,2025-01-17,,"Here We Go Round the Mulberry Bush","Here We Go Round the Mulberry Bush",https://www.imdb.com/title/tt0063063/,Película,6.1,96,1968,"Comedia",937,1968-02-25,"Clive Donner",,
3434,tt0062461,2025-01-17,2025-01-17,,"Gates to Paradise","Gates to Paradise",https://www.imdb.com/title/tt0062461/,Película,6.1,89,1968,"Drama",260,1968-06,"Andrzej Wajda",,
3435,tt0070963,2025-01-17,2025-01-17,,"El último viaje","El último viaje",https://www.imdb.com/title/tt0070963/,Película,5.8,100,1974,"Suspense",27,1974-02-20,"José Antonio de la Loma",,
3436,tt0066958,2025-01-17,2025-01-17,,"La prueba del terror","Crucible of Terror",https://www.imdb.com/title/tt0066958/,Película,4.4,91,1971,"Drama, Terror",910,1985-09,"Ted Hooker",,
3437,tt0068978,2025-01-17,2025-01-17,,"La muerte incierta","La muerte incierta",https://www.imdb.com/title/tt0068978/,Película,4.4,89,1973,"Terror, Suspense",126,1973-04-02,"José Ramón Larraz",,
3438,tt0141897,2025-01-17,2025-01-17,,"El ente diabólico","Terror",https://www.imdb.com/title/tt0141897/,Película,5.2,84,1978,"Terror",1817,1978,"Norman J. Warren",,
3439,tt19177354,2025-01-18,2025-01-18,,"El oro del mal","Escanyapobres",https://www.imdb.com/title/tt19177354/,Película,5.6,102,2024,"Drama, Del oeste",139,2024-11-29,"Ibai Abad",,
3440,tt18277402,2025-01-18,2025-01-18,,"Rosa","Rosa",https://www.imdb.com/title/tt18277402/,Corto,6.0,13,2022,"Corto, Drama",11,2022-11-09,"Ferran Navarro-Beltrán",,
3441,tt15599962,2025-01-18,2025-01-18,,"Los márgenes","Los márgenes",https://www.imdb.com/title/tt15599962/,Corto,,18,2021,"Corto, Suspense",0,2021-10-28,"Ignacio Terzano",,
3442,tt6172944,2025-01-18,2025-01-18,,"Elegía","Elegía",https://www.imdb.com/title/tt6172944/,Corto,6.3,14,2016,"Corto, Drama",11,2016-10-26,"Alba Tejero",,
3443,tt4760974,2025-01-18,2025-01-18,,"World Above Reality","World Above Reality",https://www.imdb.com/title/tt4760974/,Corto,,19,2014,"Corto, Ciencia ficción",0,,"Alex Unai Arrieta",,
3444,tt5859092,2025-01-18,2025-01-18,,"La presa del lobo","La presa del lobo",https://www.imdb.com/title/tt5859092/,Corto,,,2015,"Corto, Drama",0,2015-05-05,"Ursula Kaufmann",,
3445,tt4104202,2025-01-18,2025-01-18,,"La arteria invisible","L'artèria invisible",https://www.imdb.com/title/tt4104202/,Película,6.1,119,2015,"Drama",44,2015-10-29,"Pere Vilà i Barceló",,
3446,tt10946062,2025-01-18,2025-01-18,,"El sitio de Otto","El sitio de Otto",https://www.imdb.com/title/tt10946062/,Película,6.0,80,2019,"Drama",39,2020-06-29,"Oriol Puig Grau",,
3447,tt11123970,2025-01-18,2025-01-18,,"Los Apaches","Los Apaches",https://www.imdb.com/title/tt11123970/,Corto,,19,2019,"Corto",0,2019-10-23,"Asier Ramos",,
3448,tt30057084,2025-01-20,2025-01-20,,"Babygirl","Babygirl",https://www.imdb.com/title/tt30057084/,Película,5.7,114,2024,"Drama, Romance, Suspense",83828,2025-01-17,"Halina Reijn",,
3449,tt29929565,2025-01-22,2025-01-22,,"La última obra","Opus",https://www.imdb.com/title/tt29929565/,Película,5.7,104,2025,"Drama, Música, Suspense",14752,2025-03-14,"Mark Anthony Green",,
3450,tt0402063,2025-01-22,2025-01-22,,"The Birthday","The Birthday",https://www.imdb.com/title/tt0402063/,Película,5.4,100,2004,"Comedia, Terror, Misterio, Ciencia ficción",950,2006-11-10,"Eugenio Mira",,
3451,tt22167088,2025-01-25,2025-01-25,,"Delirio Profundo","Delirio Profundo",https://www.imdb.com/title/tt22167088/,Película,7.5,65,2022,"Terror, Misterio",13,2022-08-27,"Marta Montes",,
3452,tt23181464,2025-01-25,2025-01-25,,"Blank Narcissus (Passion of the Swamp)","Blank Narcissus (Passion of the Swamp)",https://www.imdb.com/title/tt23181464/,Corto,6.1,12,2022,"Corto, Drama",1133,2022-12-07,"Peter Strickland",,
3453,tt0079833,2025-01-26,2025-01-26,,"El castillo de Cagliostro","Rupan sansei: Kariosutoro no shiro",https://www.imdb.com/title/tt0079833/,Película,7.6,100,1979,"Animación, Aventura, Comedia, Fantasía",36257,1979-12-15,"Hayao Miyazaki",,
3454,tt27490099,2025-01-31,2025-01-31,,"Corazones rotos","L'amour ouf",https://www.imdb.com/title/tt27490099/,Película,7.0,161,2024,"Comedia, Crimen, Drama, Romance",9106,2025-01-31,"Gilles Lellouche",,
3455,tt29520741,2025-02-01,2025-02-01,,"La furia","La furia",https://www.imdb.com/title/tt29520741/,Película,6.1,107,2025,"Drama",659,2025-03-28,"Gemma Blasco",,
3456,tt33325820,2025-02-01,2025-02-01,,"La buena suerte","La buena suerte",https://www.imdb.com/title/tt33325820/,Película,5.7,90,2025,"Drama",308,2025-06-06,"Gracia Querejeta",,
3457,tt34965959,2025-02-01,2025-02-01,,"Zodiac Killer Project","Zodiac Killer Project",https://www.imdb.com/title/tt34965959/,Película,6.1,91,2025,"Documental, Crimen, Misterio",551,2025-11-28,"Charlie Shackleton",,
3458,tt31322753,2025-02-01,2025-02-01,,"Mi mitad perdida","Twinless",https://www.imdb.com/title/tt31322753/,Película,7.3,100,2025,"Comedia, Drama",16411,2026-03-19,"James Sweeney",,
3459,tt3911170,2025-02-03,2025-02-03,,"Age of the Moon","Age of the Moon",https://www.imdb.com/title/tt3911170/,Corto,5.7,11,2015,"Corto, Drama",37,2016,"Shirley Kim-Ryu",,
3460,tt3630652,2025-02-03,2025-02-03,,"Borealis","Borealis",https://www.imdb.com/title/tt3630652/,Película,5.6,95,2015,"Comedia, Crimen, Drama",363,2015-09-05,"Sean Garrity",,
3461,tt7945440,2025-02-03,2025-02-03,,"El engaño","The Lie",https://www.imdb.com/title/tt7945440/,Película,5.8,97,2018,"Crimen, Drama, Misterio, Suspense",23517,2020-10-06,"Veena Sud",,
3462,tt21823606,2025-02-06,2025-02-06,,"A Real Pain","A Real Pain",https://www.imdb.com/title/tt21823606/,Película,7.0,90,2024,"Comedia, Drama",165862,2025-01-10,"Jesse Eisenberg",,
3463,tt21097228,2025-02-06,2025-02-06,,"A Different Man","A Different Man",https://www.imdb.com/title/tt21097228/,Película,6.8,112,2024,"Drama, Suspense",39719,2025-01-31,"Aaron Schimberg",,
3464,tt22893404,2025-02-06,2025-02-06,,"Maria Callas","Maria",https://www.imdb.com/title/tt22893404/,Película,6.4,124,2024,"Biografía, Drama, Música",25828,2025-02-07,"Pablo Larraín",,
3465,tt31939333,2025-02-07,2025-02-07,,"Historias de Halloween","Historias de Halloween",https://www.imdb.com/title/tt31939333/,Película,6.5,80,2024,"Terror",36,2025-11-14,"Kiko Prada",,
3466,tt26931556,2025-02-07,2025-02-07,,"Anatema","Anatema",https://www.imdb.com/title/tt26931556/,Película,4.1,91,2024,"Terror",453,2024-11-08,"Jimina Sabadú",,
3467,tt29386505,2025-02-08,2025-02-08,,"Asuntos internos","Asuntos internos",https://www.imdb.com/title/tt29386505/,Miniserie de TV,6.6,,2024,"Crimen",163,2025-02-12,,,
3468,tt13778976,2025-02-09,2025-02-09,,"El comensal","El comensal",https://www.imdb.com/title/tt13778976/,Película,5.3,100,2022,"Drama",215,2022-05-27,"Ángeles González Sinde",,
3469,tt22185974,2025-02-10,2025-02-10,,"Los aitas","Los aitas",https://www.imdb.com/title/tt22185974/,Película,5.6,88,2025,"Comedia, Drama",559,2025-03-21,"Borja Cobeaga",,
3470,tt16360004,2025-02-14,2025-02-14,,"Spider-Man: Beyond the Spider-Verse","Spider-Man: Beyond the Spider-Verse",https://www.imdb.com/title/tt16360004/,Película,,,2027,"Animación, Acción, Aventura, Familiar, Fantasía, Ciencia ficción",0,2027-06-18,"Bob Persichetti, Justin K. Thompson",,
3471,tt29231475,2025-02-16,2025-02-16,,"Bloody Loafers","Bloody Loafers",https://www.imdb.com/title/tt29231475/,Corto,,,2024,"Corto, Comedia",0,2024,"Vanessa CJ",,
3472,tt27697217,2025-02-16,2025-02-16,,"It's Not About the Hat","It's Not About the Hat",https://www.imdb.com/title/tt27697217/,Corto,,,2023,"Corto",0,2023-09-28,"MC Harvey",,
3473,tt10171472,2025-02-22,2025-02-22,,"Con el agua al cuello","Goodrich",https://www.imdb.com/title/tt10171472/,Película,6.4,110,2024,"Comedia, Drama",8406,2025-02-21,"Hallie Meyers-Shyer",,
3474,tt15716284,2025-02-22,2025-02-22,,"Memorias de un cuerpo que arde","Memorias de un cuerpo que arde",https://www.imdb.com/title/tt15716284/,Película,6.4,90,2024,"Drama",512,2024-07-11,"Antonella Sudasassi",,
3475,tt21284442,2025-02-28,2025-02-28,,"Las que florecen tarde","Late Bloomers",https://www.imdb.com/title/tt21284442/,Película,6.1,89,2023,"Comedia, Drama",1609,2025-02-24,"Lisa Steen",,
3476,tt26047818,2025-03-05,2025-03-05,,"Cualquiera menos tú","Anyone But You",https://www.imdb.com/title/tt26047818/,Película,6.1,103,2023,"Comedia, Romance",179539,2024-01-19,"Will Gluck",,
3477,tt0081506,2025-03-05,2025-03-05,,"El asesino del Shogun","Shogun Assassin",https://www.imdb.com/title/tt0081506/,Película,7.3,85,1980,"Acción, Aventura",12145,1980-11-07,"Robert Houston, Kenji Misumi",,
3478,tt5112584,2025-03-09,2025-03-09,,"Lee Miller","Lee",https://www.imdb.com/title/tt5112584/,Película,6.9,117,2023,"Biografía, Drama, Historia, Bélico",36212,2025-03-07,"Ellen Kuras",,
3479,tt34798218,2025-03-14,2025-03-14,,"Morlaix","Morlaix",https://www.imdb.com/title/tt34798218/,Película,6.1,124,2025,"Drama",189,2025-03-14,"Jaime Rosales",,
3480,tt27721737,2025-03-14,2025-03-14,,"Las chicas del balcón","Les femmes au balcon",https://www.imdb.com/title/tt27721737/,Película,5.7,104,2024,"Comedia, Fantasía, Terror",2935,2024-12-11,"Noémie Merlant",,
3481,tt14211906,2025-03-16,2025-03-16,,"La novia de América","La novia de América",https://www.imdb.com/title/tt14211906/,Película,4.4,108,2023,"Comedia",248,2023-02-17,"Alfonso Albacete",,
3482,tt0201721,2025-03-16,2025-03-16,,"La mujer más fea del mundo","La mujer más fea del mundo",https://www.imdb.com/title/tt0201721/,Película,5.0,108,1999,"Comedia, Crimen, Ciencia ficción, Suspense",660,1999-11-05,"Miguel Bardem",,
3483,tt0300016,2025-03-16,2025-03-16,,"I Love You Baby","I Love You Baby",https://www.imdb.com/title/tt0300016/,Película,5.1,110,2001,"Comedia, Drama, Romance",356,2001-10-26,"Alfonso Albacete, David Menkes",,
3484,tt0217811,2025-03-16,2025-03-16,,"Sobreviviré","Sobreviviré",https://www.imdb.com/title/tt0217811/,Película,6.2,102,1999,"Comedia, Drama, Romance",920,1999-11-19,"Alfonso Albacete, David Menkes",,
3485,tt0406740,2025-03-16,2025-03-16,,"Entre vivir y soñar","Entre vivir y soñar",https://www.imdb.com/title/tt0406740/,Película,5.5,110,2004,"Romance",191,2005-01-28,"Alfonso Albacete, David Menkes",,
3486,tt3028412,2025-03-16,2025-03-16,,"Por un puñado de besos","Por un puñado de besos",https://www.imdb.com/title/tt3028412/,Película,5.6,98,2014,"Drama, Romance",1345,2014-05-16,"David Menkes",,
3487,tt0301863,2025-03-16,2025-03-16,,"Soberano, el rey canalla","Soberano, el rey canalla",https://www.imdb.com/title/tt0301863/,Corto,5.4,,2001,"Comedia, Corto",62,,"Miguel Bardem",,
3488,tt3028418,2025-03-16,2025-03-16,,"Sólo química","Sólo química",https://www.imdb.com/title/tt3028418/,Película,5.3,111,2015,"Comedia, Romance",822,2015-07-24,"Alfonso Albacete",,
3489,tt27664873,2025-03-21,2025-03-21,,"Un año y un día","Un año y un día",https://www.imdb.com/title/tt27664873/,Película,4.8,107,2025,"Romance",154,2025-03-21,"Alejandro San Martín",,
3490,tt6257970,2025-03-22,2025-03-22,,"The End of the F***ing World","The End of the F***ing World",https://www.imdb.com/title/tt6257970/,Serie de TV,8.0,25,2017,"Aventura, Comedia, Crimen, Drama, Romance, Suspense",249293,2018-01-05,,,
3491,tt4772188,2025-03-22,2025-03-22,,"Flow, un mundo que salvar","Straume",https://www.imdb.com/title/tt4772188/,Película,7.8,85,2024,"Animación, Aventura, Familiar, Fantasía",153142,2025-01-24,"Gints Zilbalodis",,
3492,tt31123059,2025-03-22,2025-03-22,,"Esmorza amb mi","Esmorza amb mi",https://www.imdb.com/title/tt31123059/,Película,5.8,99,2025,"Drama",120,2025-06-12,"Iván Morales",,
3493,tt34930474,2025-03-22,2025-03-22,,"Buenas noches","Buenas noches",https://www.imdb.com/title/tt34930474/,Película,6.4,91,2024,"Crimen",24,2025-10-07,"Matías Szulanski",,
3494,tt0405336,2025-03-27,2025-03-27,,"Southland Tales","Southland Tales",https://www.imdb.com/title/tt0405336/,Película,5.3,145,2006,"Comedia, Drama, Misterio, Ciencia ficción, Suspense",42491,2007-12-07,"Richard Kelly",,
3495,tt35298123,2025-04-08,2025-04-08,,"Adolescencia, sexo y muerte en Campamento Miasma","Teenage Sex and Death at Camp Miasma",https://www.imdb.com/title/tt35298123/,Película,7.2,112,2026,"Comedia, Drama, Terror, Romance, Suspense",8269,2026-11-20,"Jane Schoenbrun",,
3496,tt31723358,2025-04-09,2025-04-09,,"Pídeme lo que quieras","Pídeme lo que quieras",https://www.imdb.com/title/tt31723358/,Película,4.1,114,2024,"Drama, Romance, Suspense",2912,2024-11-29,"Lucía Alemany",,
3497,tt32275943,2025-04-10,2025-04-10,,"Alpha","Alpha",https://www.imdb.com/title/tt32275943/,Película,5.9,128,2025,"Drama, Terror",4816,2025-11-21,"Julia Ducournau",,
3498,tt33397897,2025-04-13,2025-04-13,,"Un funeral de locos","Un funeral de locos",https://www.imdb.com/title/tt33397897/,Película,5.2,95,2025,"Comedia",1053,2025-04-11,"Manuel Gómez Pereira",,
3499,tt21188180,2025-04-13,2025-04-13,,"Olivia","Olivia",https://www.imdb.com/title/tt21188180/,Corto,,,2021,"Corto, Drama",0,2021-12-29,"Laura Castelo",,
3500,tt0322731,2025-04-13,2025-04-13,,"Impulsos","Impulsos",https://www.imdb.com/title/tt0322731/,Película,4.6,91,2002,"Suspense",127,2002-05-24,"Miguel Alcantud",,
3501,tt0115615,2025-04-13,2025-04-13,,"Bajo la piel","Bajo la piel",https://www.imdb.com/title/tt0115615/,Película,6.9,112,1996,"Crimen, Drama, Romance",399,1996-10-04,"Francisco J. Lombardi",,
3502,tt31434639,2025-04-22,2025-04-22,,"Warfare: Tiempo de guerra","Warfare",https://www.imdb.com/title/tt31434639/,Película,7.1,95,2025,"Acción, Drama, Bélico",116572,2025-04-16,"Alex Garland, Ray Mendoza",,
3503,tt33513266,2025-04-29,2025-04-29,,"Todo lo que no sé","Todo lo que no sé",https://www.imdb.com/title/tt33513266/,Película,6.3,113,2025,"Drama",102,2025-04-25,"Ana Lambarri",,
3504,tt11893676,2025-05-08,2025-05-08,,"Ritos ocultos","Lord of Misrule",https://www.imdb.com/title/tt11893676/,Película,5.3,104,2023,"Terror",3533,2025-04-30,"William Brent Bell",,
3505,tt29315015,2025-05-08,2025-05-08,,"Septiembre dice","September Says",https://www.imdb.com/title/tt29315015/,Película,6.2,100,2024,"Drama",945,2025-02-19,"Ariane Labed",,
3506,tt28775464,2025-05-08,2025-05-08,,"Mi novia otaku","Mi Novia Otaku",https://www.imdb.com/title/tt28775464/,Película,5.6,115,2023,"Drama",88,2025-04-30,"Edio Raven",,
3507,tt29703112,2025-05-10,2025-05-10,,"They Follow","They Follow",https://www.imdb.com/title/tt29703112/,Película,,,,"Terror",0,,"David Robert Mitchell",,
3508,tt34768402,2025-05-19,2025-05-19,,"La vida fuera (Fuori)","Fuori",https://www.imdb.com/title/tt34768402/,Película,6.0,117,2025,"Biografía, Drama",1050,2025-12-12,"Mario Martone",,
3509,tt9362736,2025-05-19,2025-05-19,,"Die My Love","Die My Love",https://www.imdb.com/title/tt9362736/,Película,6.0,118,2025,"Drama, Suspense",48847,2025-11-14,"Lynne Ramsay",,
3510,tt30840798,2025-05-19,2025-05-19,,"La trama fenicia","The Phoenician Scheme",https://www.imdb.com/title/tt30840798/,Película,6.6,101,2025,"Acción, Comedia, Crimen, Drama, Suspense",73057,2025-05-30,"Wes Anderson",,
3511,tt0275303,2025-06-02,2025-06-02,,"El diablo en el paraíso","El diablo en el paraíso",https://www.imdb.com/title/tt0275303/,Corto,7.8,,1999,"Comedia, Corto",17,,"Ernesto Martín",,
3512,tt35511966,2025-06-07,2025-06-07,,"La bola negra","La bola negra",https://www.imdb.com/title/tt35511966/,Película,6.7,155,2026,"Drama, Historia, Musical, Romance, Bélico",496,2026-09-25,"Javier Ambrossi, Javier Calvo",,
3513,tt0429200,2025-06-08,2025-06-08,,"Un fil à la patte","Un fil à la patte",https://www.imdb.com/title/tt0429200/,Película,5.9,79,2005,"Comedia, Romance",610,2005-04-27,"Michel Deville",,
3514,tt0069990,2025-06-08,2025-06-08,,"Si Don Juan fuese mujer","Don Juan ou Si Don Juan était une femme...",https://www.imdb.com/title/tt0069990/,Película,5.0,90,1973,"Drama",1384,1978-12-20,"Roger Vadim",,
3515,tt0114790,2025-06-08,2025-06-08,,"Los amores de una mujer francesa","Une femme française",https://www.imdb.com/title/tt0114790/,Película,6.2,100,1995,"Drama, Romance",1473,1996-06-04,"Régis Wargnier",,
3516,tt0101429,2025-06-08,2025-06-08,,"Divertimento","Divertimento",https://www.imdb.com/title/tt0101429/,Película,7.4,130,1992,"Drama",799,1992-01,"Jacques Rivette",,
3517,tt0348853,2025-06-08,2025-06-08,,"Nathalie X","Nathalie...",https://www.imdb.com/title/tt0348853/,Película,6.3,106,2003,"Drama, Romance",5488,2005-05-20,"Anne Fontaine",,
3518,tt14463552,2025-06-08,2025-06-08,,"La noche más larga","La noche más larga",https://www.imdb.com/title/tt14463552/,Miniserie de TV,5.9,45,2022,"Acción, Crimen, Drama, Suspense",3559,2022-07-08,,,
3519,tt31176520,2025-06-11,2025-06-11,,"Eddington","Eddington",https://www.imdb.com/title/tt31176520/,Película,6.6,148,2025,"Comedia, Drama, Del oeste",65164,2025-09-12,"Ari Aster",,
3520,tt0117500,2025-06-18,2025-06-18,,"La Roca","The Rock",https://www.imdb.com/title/tt0117500/,Película,7.4,136,1996,"Acción, Aventura, Suspense",384223,1996-08-08,"Michael Bay",,
3521,tt23736044,2025-06-18,2025-06-18,,"Monstruo","Kaibutsu",https://www.imdb.com/title/tt23736044/,Película,7.8,127,2023,"Drama, Misterio, Suspense",43272,2023-09-29,"Hirokazu Koreeda",,
3522,tt0120591,2025-06-18,2025-06-18,,"Armageddon","Armageddon",https://www.imdb.com/title/tt0120591/,Película,6.7,151,1998,"Acción, Aventura, Ciencia ficción, Suspense",483570,1998-07-17,"Michael Bay",,
3523,tt10548174,2025-06-21,2025-06-21,,"28 años después","28 Years Later",https://www.imdb.com/title/tt10548174/,Película,6.6,115,2025,"Terror, Ciencia ficción, Suspense",226369,2025-06-20,"Danny Boyle",,
3524,tt1633359,2025-06-23,2025-06-23,,"El vengador tóxico","The Toxic Avenger",https://www.imdb.com/title/tt1633359/,Película,5.8,102,2023,"Acción, Comedia, Terror, Ciencia ficción",19940,2025-09-26,"Macon Blair",,
3525,tt1369649,2025-06-25,2025-06-25,,"La concejala antropófaga","La concejala antropófaga",https://www.imdb.com/title/tt1369649/,Corto,6.6,8,2009,"Corto, Comedia",1445,2009-02-14,"Pedro Almodóvar",,
3526,tt0155287,2025-06-25,2025-06-25,,"Tráiler para amantes de lo prohibido!","Tráiler para amantes de lo prohibido!",https://www.imdb.com/title/tt0155287/,Corto de TV,6.1,17,1985,"Corto",422,1985-01-29,"Pedro Almodóvar",,
3527,tt26342662,2025-06-27,2025-06-27,,"M3GAN 2.0","M3GAN 2.0",https://www.imdb.com/title/tt26342662/,Película,6.0,120,2025,"Acción, Terror, Ciencia ficción, Suspense",55736,2025-06-27,"Gerard Johnstone",,
3528,tt0093593,2025-06-28,2025-06-28,,"Na srebrnym globie","Na srebrnym globie",https://www.imdb.com/title/tt0093593/,Película,7.1,166,1988,"Aventura, Drama, Fantasía, Ciencia ficción",6555,1989-02-10,"Andrzej Żuławski",,
3529,tt0095012,2025-06-28,2025-06-28,,"El diablo","Diabel",https://www.imdb.com/title/tt0095012/,Película,7.0,125,1972,"Drama, Terror",3657,1988-03,"Andrzej Żuławski",,
3530,tt36506965,2025-07-04,2025-07-04,,"Capitolio vs. Capitolio","Capitol vs. Capitol",https://www.imdb.com/title/tt36506965/,Película,5.9,,2025,"Documental",16,2025-07-04,"Javier Horcajada",,
3531,tt29299997,2025-07-05,2025-07-05,,"Moscas","Moscas",https://www.imdb.com/title/tt29299997/,Película,6.4,95,2023,"Suspense",415,2025-03-21,"Aritz Moreno",,
3532,tt17676734,2025-07-07,2025-07-07,,"National Anthem","Americana",https://www.imdb.com/title/tt17676734/,Película,6.0,107,2023,"Comedia, Crimen, Drama, Del oeste",9784,2025-08-22,"Tony Tost",,
3533,tt12267822,2025-07-07,2025-07-07,,"Tabitha in Love","Tabitha in Love",https://www.imdb.com/title/tt12267822/,Corto,5.9,13,2019,"Corto, Comedia, Romance",32,2019-09-13,"Christian Flashman",,
3534,tt0922547,2025-07-07,2025-07-07,,"Parasomnia","Parasomnia",https://www.imdb.com/title/tt0922547/,Película,5.1,103,2008,"Terror, Suspense",2672,2008-10-17,"William Malone",,
3535,tt1471852,2025-07-07,2025-07-07,,"Hot Sluts","Hot Sluts",https://www.imdb.com/title/tt1471852/,Serie de TV,5.3,21,2009,"Comedia",265,2009-05-26,,,
3536,tt1292566,2025-07-07,2025-07-07,,"Mejor... solteras","How to Be Single",https://www.imdb.com/title/tt1292566/,Película,6.1,110,2016,"Comedia, Drama, Romance",100156,2016-02-12,"Christian Ditter",,
3537,tt32654916,2025-07-07,2025-07-07,,"Soulm8te","Soulm8te",https://www.imdb.com/title/tt32654916/,Película,5.8,99,2026,"Terror, Ciencia ficción, Suspense",6609,2026-08-01,"Kate Dolan",,
3538,tt26671415,2025-07-12,2025-07-12,,"Seven Veils","Seven Veils",https://www.imdb.com/title/tt26671415/,Película,5.6,107,2023,"Drama",1713,2025-07-11,"Atom Egoyan",,
3539,tt28319139,2025-07-21,2025-07-21,,"Diamante en bruto","Diamant brut",https://www.imdb.com/title/tt28319139/,Película,6.2,103,2024,"Drama",2115,2025-07-18,"Agathe Riedinger",,
3540,tt34865331,2025-07-25,2025-07-25,,"Las irresponsables","Les irresponsables",https://www.imdb.com/title/tt34865331/,Película,4.7,91,2025,"Comedia, Drama",68,2025-07-24,"Laura Mañá",,
3541,tt0427340,2025-07-27,2025-07-27,,"He-Man y los Masters del Universo","Masters of the Universe",https://www.imdb.com/title/tt0427340/,Película,6.4,140,2026,"Acción, Aventura, Fantasía, Ciencia ficción",117324,2026-06-05,"Travis Knight",,
3542,tt1495692,2025-07-27,2025-07-27,,"Buddy 'n' Andy","Buddy 'n' Andy",https://www.imdb.com/title/tt1495692/,Corto,4.7,9,2008,"Corto, Comedia",103,2009-06-24,"Shaun Peterson",,
3543,tt13733780,2025-07-31,2025-07-31,,"Descifrando a Susie","Susie Searches",https://www.imdb.com/title/tt13733780/,Película,5.9,105,2022,"Comedia, Drama, Misterio, Suspense",1373,2024-12-08,"Sophie Kargman",,
3544,tt14449856,2025-07-31,2025-07-31,,"Ayo and Rachel Are Single","Ayo and Rachel Are Single",https://www.imdb.com/title/tt14449856/,Miniserie de TV,7.1,,2020,"Comedia",109,2020-05-15,,,
3545,tt21905244,2025-08-02,2025-08-02,,"Triumf","Triumf",https://www.imdb.com/title/tt21905244/,Película,4.9,98,2024,"Comedia, Drama, Misterio",569,2024-09-08,"Kristina Grozeva, Petar Valchanov",,
3546,tt12961718,2025-08-02,2025-08-02,,"Last Call","Kato za posledno...",https://www.imdb.com/title/tt12961718/,Película,7.8,118,2020,"Comedia, Romance",524,2021-06-04,"Ivaylo Penchev",,
3547,tt0063756,2025-08-04,2025-08-04,,"Las vampiras","Las vampiras",https://www.imdb.com/title/tt0063756/,Película,5.1,91,1969,"Terror",108,1969-06-13,"Federico Curiel",,
3548,tt18160708,2025-08-09,2025-08-09,,"Contadores","Contadores",https://www.imdb.com/title/tt18160708/,Corto,6.3,19,2023,"Corto",17,2023-09-27,"Irati Gorostidi",,
3549,tt0075061,2025-08-11,2025-08-11,,"La petición","La petición",https://www.imdb.com/title/tt0075061/,Película,5.8,92,1976,"Drama, Romance",92,1978,"Pilar Miró",,
3550,tt0062084,2025-08-11,2025-08-11,,"Oscuros sueños de agosto","Oscuros sueños de agosto",https://www.imdb.com/title/tt0062084/,Película,5.2,105,1968,"Comedia, Drama",56,1968-11-25,"Miguel Picazo",,
3551,tt30253473,2025-08-17,2025-08-17,,"Materialistas","Materialists",https://www.imdb.com/title/tt30253473/,Película,6.2,116,2025,"Comedia, Drama, Romance",105935,2025-08-14,"Celine Song",,
3552,tt11591294,2025-08-18,2025-08-18,,"Himitsu sôsa-kan no on'na 2","Himitsu sôsa-kan no on'na 2",https://www.imdb.com/title/tt11591294/,Vídeo,,152,2012,"Acción",0,2012-05-07,"Jo Style",,
3553,tt2221853,2025-08-18,2025-08-18,,"Tsuyakenkaku 2: Kunoichi iro sennô","Tsuyakenkaku 2: Kunoichi iro sennô",https://www.imdb.com/title/tt2221853/,Película,6.2,72,2011,,29,2011-08-05,"Ken'ichi Fujiwara",,
3554,tt13183950,2025-08-18,2025-08-18,,"Sanada kunoichi ninpo-den kasumi shojo hi Densetsu","Sanada kunoichi ninpo-den kasumi shojo hi Densetsu",https://www.imdb.com/title/tt13183950/,Película,8.3,,2010,"Acción, Historia",8,2010,"Hiroyuki Kawasaki, Seiki Watanabe",,
3555,tt4513538,2025-08-28,2025-08-28,,"Smartass","Smartass",https://www.imdb.com/title/tt4513538/,Película,4.9,90,2017,"Comedia, Crimen, Drama",899,2017-09-12,"Jena Serbu",,
3556,tt12300742,2025-08-29,2025-08-29,,"Bugonia","Bugonia",https://www.imdb.com/title/tt12300742/,Película,7.4,118,2025,"Comedia, Crimen, Ciencia ficción, Suspense",222638,2025-11-07,"Yorgos Lanthimos",,
3557,tt3313846,2025-09-04,2025-09-04,,"Mighty Boy","Mighty Boy",https://www.imdb.com/title/tt3313846/,Corto,6.9,17,2013,"Corto, Comedia, Fantasía",10,2013-05-23,"Javier Yañez Sanz",,
3558,tt33326026,2025-09-06,2025-09-06,,"El talento","El talento",https://www.imdb.com/title/tt33326026/,Película,5.3,103,2025,"Drama",460,2025-09-05,"Polo Menárguez",,
3559,tt28291010,2025-09-06,2025-09-06,,"13 días, 13 noches","13 jours, 13 nuits",https://www.imdb.com/title/tt28291010/,Película,6.7,112,2025,"Acción, Biografía, Drama, Suspense, Bélico",3046,2025-09-05,"Martin Bourboulon",,
3560,tt0079014,2025-09-07,2025-09-07,,"Cuentos eróticos","Cuentos eróticos",https://www.imdb.com/title/tt0079014/,Película,4.1,99,1980,"Comedia, Drama, Romance",155,1980-03-13,"Enrique Brasó, Jaime Chávarri, Emma Cohen, Fernando Colomo, Jesús García de Dueñas, Augusto Martínez Torres, Josefina Molina, Juan Tébar, Alfonso Ungría",,
3561,tt0075616,2025-09-07,2025-09-07,,"A un dios desconocido","A un Dios desconocido",https://www.imdb.com/title/tt0075616/,Película,6.3,104,1977,"Drama",204,1982-07,"Jaime Chávarri",,
3562,tt0074398,2025-09-07,2025-09-07,,"El desencanto","El desencanto",https://www.imdb.com/title/tt0074398/,Película,7.8,97,1976,"Documental, Biografía",788,1976-09-17,"Jaime Chávarri",,
3563,tt0450527,2025-09-07,2025-09-07,,"Cuentos y leyendas","Cuentos y leyendas",https://www.imdb.com/title/tt0450527/,Serie de TV,7.1,60,1968,"Drama",23,1968,,,
3564,tt0067556,2025-09-07,2025-09-07,,"Pastel de sangre","Pastel de sangre",https://www.imdb.com/title/tt0067556/,Película,4.6,89,1971,"Terror",186,1971,"Francesc Bellmunt, Jaime Chávarri, Emilio Martínez Lázaro, José María Vallés",,
3565,tt15906926,2025-09-07,2025-09-07,,"Ginebra en los infiernos","Ginebra en los infiernos",https://www.imdb.com/title/tt15906926/,Película,,,1970,"Drama",0,1970,"Jaime Chávarri",,
3566,tt32263401,2025-09-07,2025-09-07,,"Reflejo en un diamante muerto","Reflet dans un diamant mort",https://www.imdb.com/title/tt32263401/,Película,6.1,87,2025,"Acción, Misterio, Ciencia ficción, Suspense",2590,2026-07-15,"Hélène Cattet, Bruno Forzani",,
3567,tt28443655,2025-09-10,2025-09-10,,"La muerte del unicornio","Death of a Unicorn",https://www.imdb.com/title/tt28443655/,Película,5.8,107,2025,"Comedia, Fantasía, Terror, Suspense",55735,2025-10-20,"Alex Scharfman",,
3568,tt14905854,2025-09-14,2025-09-14,,"Hamnet","Hamnet",https://www.imdb.com/title/tt14905854/,Película,7.8,125,2025,"Biografía, Drama, Historia, Romance",132968,2026-01-23,"Chloé Zhao",,
3569,tt34967068,2025-09-22,2025-09-22,,"Touch Me","Touch Me",https://www.imdb.com/title/tt34967068/,Película,5.0,100,2025,"Comedia, Terror, Ciencia ficción",1534,2026-04-02,"Addison Heimann",,
3570,tt22375408,2025-10-02,2025-10-02,,"Electra","Electra",https://www.imdb.com/title/tt22375408/,Película,4.4,85,2024,"Suspense",340,2025-05-22,"Hala Matar",,
3571,tt21226876,2025-10-04,2025-10-04,,"Piaffe","Piaffe",https://www.imdb.com/title/tt21226876/,Película,5.4,86,2022,"Drama, Fantasía",679,2023-05-04,"Ann Oren",,
3572,tt9010588,2025-10-04,2025-10-04,,"El deseo de Ana","El deseo de Ana",https://www.imdb.com/title/tt9010588/,Película,5.4,79,2019,"Drama",232,2021-12-30,"Emilio Santoyo",,
3573,tt10374610,2025-10-05,2025-10-05,,"La larga marcha","The Long Walk",https://www.imdb.com/title/tt10374610/,Película,6.6,108,2025,"Terror, Suspense",145841,2025-11-14,"Francis Lawrence",,
3574,tt11214558,2025-10-05,2025-10-05,,"The Smashing Machine","The Smashing Machine",https://www.imdb.com/title/tt11214558/,Película,6.3,123,2025,"Acción, Biografía, Drama, Historia, Deporte",77401,2025-10-03,"Benny Safdie",,
3575,tt0404318,2025-10-11,2025-10-11,,"Perder es cuestión de método","Perder es cuestión de método",https://www.imdb.com/title/tt0404318/,Película,6.3,105,2004,"Suspense",886,2005-06-03,"Sergio Cabrera",,
3576,tt29344903,2025-10-18,2025-10-18,,"La hermanastra fea","Den stygge stesøsteren",https://www.imdb.com/title/tt29344903/,Película,7.0,109,2025,"Comedia, Drama, Terror",48449,2025-10-17,"Emilie Blichfeldt",,
3577,tt29002950,2025-10-25,2025-10-25,,"Resurrection","Kuang ye shi dai",https://www.imdb.com/title/tt29002950/,Película,7.2,160,2025,"Drama, Ciencia ficción",5486,2026-04-30,"Bi Gan",,
3578,tt13610562,2025-10-25,2025-10-25,,"La burbuja","The Bubble",https://www.imdb.com/title/tt13610562/,Película,4.7,126,2022,"Comedia",30701,2022-04-01,"Judd Apatow",,
3579,tt29921437,2025-11-01,2025-11-01,,"Spartacus: House of Ashur","Spartacus: House of Ashur",https://www.imdb.com/title/tt29921437/,Miniserie de TV,6.6,60,2025,"Acción, Drama",13615,2025-12-05,,,
3580,tt36629665,2025-11-06,2025-11-06,,"Su propio infierno","Her Private Hell",https://www.imdb.com/title/tt36629665/,Película,4.5,110,2026,"Crimen, Drama, Terror, Ciencia ficción, Suspense",3281,2026-10-09,"Nicolas Winding Refn",,
3581,tt27775079,2025-11-06,2025-11-06,,"Perdón por el ruido","Perdón por el ruido",https://www.imdb.com/title/tt27775079/,Corto,,16,2023,"Corto, Fantasía, Romance",0,2023-05-13,"Jorge Dolz",,
3582,tt35837226,2025-11-09,2025-11-09,,"Lo que te falta","Lo que te falta",https://www.imdb.com/title/tt35837226/,Corto,7.8,15,2025,"Corto, Misterio",5,2025-03-13,"Sara Bermejo",,
3583,tt27992214,2025-11-21,2025-11-21,,"Messy","Messy",https://www.imdb.com/title/tt27992214/,Película,5.2,90,2024,"Comedia, Drama",415,2025-10-31,"Alexi Wasser",,
3584,tt28185500,2025-11-28,2025-11-28,,"Coartadas","Coartadas",https://www.imdb.com/title/tt28185500/,Película,4.9,94,2025,"Comedia",386,2025-11-28,"Martín Cuervo",,
3585,tt36943034,2025-11-28,2025-11-28,,"La voz de Hind","Sawt Hind Rajab",https://www.imdb.com/title/tt36943034/,Película,8.2,89,2025,"Biografía, Drama, Bélico",21054,2025-11-28,"Kaouther Ben Hania",,
3586,tt10062634,2025-12-03,2025-12-03,,"La casa entre los cactus","La casa entre los cactus",https://www.imdb.com/title/tt10062634/,Película,5.5,88,2022,"Drama, Suspense",391,2022-09-16,"Carlota González-Adrio",,
3587,tt27714581,2025-12-06,2025-12-06,,"Valor sentimental","Affeksjonsverdi",https://www.imdb.com/title/tt27714581/,Película,7.7,135,2025,"Drama",88223,2025-12-05,"Joachim Trier",,
3588,tt2140663,2025-12-08,2025-12-08,,"When the Street Lights Go On","When the Street Lights Go On",https://www.imdb.com/title/tt2140663/,Serie de TV,6.7,,2017,"Corto, Crimen, Drama, Misterio",1522,2020-04-06,,,
3589,tt27100391,2025-12-09,2025-12-09,,"Lucy Dacus: Night Shift","Lucy Dacus: Night Shift",https://www.imdb.com/title/tt27100391/,Videoclip,7.7,7,2023,"Música",79,2023-03-08,"Jane Schoenbrun",,
3590,tt32299755,2025-12-09,2025-12-09,,"The School Is Watching","The School Is Watching",https://www.imdb.com/title/tt32299755/,Corto,5.7,6,2015,"Documental, Corto",65,2015-06-21,"Jane Schoenbrun",,
3591,tt8846416,2025-12-09,2025-12-09,,"A Self-Induced Hallucination","A Self-Induced Hallucination",https://www.imdb.com/title/tt8846416/,Película,6.3,67,2018,"Documental, Terror, Misterio",179,2018-06-19,"Jane Schoenbrun",,
3592,tt33071426,2025-12-12,2025-12-12,,"El drama","The Drama",https://www.imdb.com/title/tt33071426/,Película,7.1,105,2026,"Comedia, Drama, Romance",121582,2026-05-29,"Kristoffer Borgli",,
3593,tt27419420,2025-12-12,2025-12-12,,"Street Fighter","Street Fighter",https://www.imdb.com/title/tt27419420/,Película,,125,2026,"Acción, Drama",0,2026-10-16,"Kitao Sakurai",,
3594,tt8814476,2025-12-12,2025-12-12,,"Supergirl","Supergirl",https://www.imdb.com/title/tt8814476/,Película,5.8,108,2026,"Acción, Aventura, Drama, Ciencia ficción",87793,2026-06-26,"Craig Gillespie",,
3595,tt33658124,2025-12-13,2025-12-13,,"Frontera","Frontera",https://www.imdb.com/title/tt33658124/,Película,5.9,101,2025,"Drama, Suspense, Bélico",234,2025-12-12,"Judith Colell",,
3596,tt30332642,2025-12-13,2025-12-13,,"Fragmentos","Fragmentos",https://www.imdb.com/title/tt30332642/,Película,6.2,90,2025,"Drama",27,2025-12-12,"Horacio Alcala",,
3597,tt34340074,2025-12-13,2025-12-13,,"Balearic","Balearic",https://www.imdb.com/title/tt34340074/,Película,4.7,74,2025,"Drama",259,2025-12-12,"Ion De Sosa",,
3598,tt24053860,2025-12-13,2025-12-13,,"Chacal","The Day of the Jackal",https://www.imdb.com/title/tt24053860/,Serie de TV,8.1,,2024,"Acción, Crimen, Drama, Suspense",136720,2024-12-06,,,
3599,tt10986410,2025-12-13,2025-12-13,,"Ted Lasso","Ted Lasso",https://www.imdb.com/title/tt10986410/,Serie de TV,8.7,30,2020,"Comedia, Drama, Deporte",462746,2020-08-14,,,
3600,tt35524793,2025-12-15,2025-12-15,,"The Moment","The Moment",https://www.imdb.com/title/tt35524793/,Película,6.1,103,2026,"Comedia, Drama, Suspense",5790,2026-02-06,"Aidan Zamiri",,
3601,tt21357150,2025-12-25,2025-12-25,,"Avengers: Doomsday","Avengers: Doomsday",https://www.imdb.com/title/tt21357150/,Película,,165,2026,"Acción, Aventura, Ciencia ficción",0,2026-12-18,"Anthony Russo, Joe Russo",,
3602,tt11873754,2025-12-28,2025-12-28,,"Zhenite naistina plachat","Zhenite naistina plachat",https://www.imdb.com/title/tt11873754/,Película,5.2,107,2021,"Drama",421,2021-09-17,"Vesela Kazakova, Mina Mileva",,
3603,tt27543632,2026-01-02,2026-01-02,,"La asistenta","The Housemaid",https://www.imdb.com/title/tt27543632/,Película,6.7,131,2025,"Drama, Misterio, Suspense",193812,2026-01-01,"Paul Feig",,
3604,tt35892608,2026-01-12,2026-01-12,,"Undertone","Undertone",https://www.imdb.com/title/tt35892608/,Película,5.9,94,2025,"Terror, Ciencia ficción, Suspense",33225,2026-03-13,"Ian Tuason",,
3605,tt4198914,2026-01-13,2026-01-13,,"Till Dark","Till Dark",https://www.imdb.com/title/tt4198914/,Corto,6.1,13,2015,"Corto, Drama, Suspense",39,,"Quinn Shephard",,
3606,tt33775526,2026-01-13,2026-01-13,,"De sucre","De sucre",https://www.imdb.com/title/tt33775526/,Corto,6.6,25,2024,"Corto",72,2024-10-25,"Clàudia Cedó",,
3607,tt31514488,2026-01-13,2026-01-13,,"Ángulo muerto","Ángulo muerto",https://www.imdb.com/title/tt31514488/,Corto,6.1,15,2024,"Corto, Suspense",133,2024-11-15,"Cristian Beteta",,
3608,tt33336141,2026-01-13,2026-01-13,,"El cuento de una noche de verano","El cuento de una noche de verano",https://www.imdb.com/title/tt33336141/,Corto,6.1,22,2024,"Corto",59,2024-10-19,"María Herrera",,
3609,tt35747218,2026-01-13,2026-01-13,,"Sexo a los 70","Sexo a los 70",https://www.imdb.com/title/tt35747218/,Corto,6.6,18,2025,"Corto, Comedia",79,2025-03-14,"Vanesa Romero",,
3610,tt32880362,2026-01-13,2026-01-13,,"Una cabeza en la pared","Una cabeza en la pared",https://www.imdb.com/title/tt32880362/,Corto,6.3,20,2024,"Corto, Drama",70,2024-10-24,"Manuel Manrique",,
3611,tt30412869,2026-01-14,2026-01-14,,"56 días","56 Days",https://www.imdb.com/title/tt30412869/,Serie de TV,6.7,50,2026,"Crimen, Drama, Misterio, Romance, Suspense",12303,2026-02-18,,,
3612,tt3440298,2026-01-14,2026-01-14,,"Los descendientes","Descendants",https://www.imdb.com/title/tt3440298/,Película de TV,6.3,115,2015,"Acción, Aventura, Comedia, Familiar, Fantasía, Musical",33213,2015-10-09,"Kenny Ortega",,
3613,tt5117876,2026-01-14,2026-01-14,,"Los descendientes 2","Descendants 2",https://www.imdb.com/title/tt5117876/,Película de TV,6.4,111,2017,"Acción, Aventura, Familiar, Fantasía, Romance",19986,2017-10-07,"Kenny Ortega",,
3614,tt8022928,2026-01-14,2026-01-14,,"Los descendientes 3","Descendants 3",https://www.imdb.com/title/tt8022928/,Película de TV,6.4,111,2019,"Acción, Aventura, Familiar, Musical",15688,2019-10-26,"Kenny Ortega",,
3615,tt28090350,2026-01-16,2026-01-16,,"Una quinta portuguesa","Una quinta portuguesa",https://www.imdb.com/title/tt28090350/,Película,6.8,114,2025,"Drama",1632,2025-05-09,"Avelina Prat",,
3616,tt1489887,2026-01-17,2026-01-17,,"Súper empollonas","Booksmart",https://www.imdb.com/title/tt1489887/,Película,7.1,102,2019,"Comedia",141841,2019-07-26,"Olivia Wilde",,
3617,tt32141377,2026-01-18,2026-01-18,,"28 años después: El templo de los huesos","28 Years Later: The Bone Temple",https://www.imdb.com/title/tt32141377/,Película,7.2,109,2026,"Terror, Ciencia ficción, Suspense",125002,2026-01-16,"Nia DaCosta",,
3618,tt18382850,2026-01-18,2026-01-18,,"Si pudiera, te daría una patada","If I Had Legs I'd Kick You",https://www.imdb.com/title/tt18382850/,Película,6.6,113,2025,"Drama, Suspense",40778,2026-01-16,"Mary Bronstein",,
3619,tt35521922,2026-01-21,2026-01-21,,"Good Boy","Good Boy",https://www.imdb.com/title/tt35521922/,Película,6.1,72,2025,"Terror, Suspense",36852,2025-10-17,"Ben Leonberg",,
3620,tt27590933,2026-01-24,2026-01-24,,"Ídolos","Ídolos",https://www.imdb.com/title/tt27590933/,Película,5.3,126,2026,"Drama, Deporte",504,2026-01-23,"Mat Whitecross",,
3621,tt33091810,2026-01-25,2026-01-25,,"Giro final","Giro final",https://www.imdb.com/title/tt33091810/,Película,4.5,95,2025,"Terror, Suspense",67,2025-05-05,"Norberto Ramos del Val",,
3622,tt28940532,2026-01-25,2026-01-25,,"Codón es un máquina","Codón es un máquina",https://www.imdb.com/title/tt28940532/,Película,4.4,98,2023,"Comedia",272,2023-12-09,"Norberto Ramos del Val",,
3623,tt1419286,2026-01-26,2026-01-26,,"Aliens","Aliens",https://www.imdb.com/title/tt1419286/,Corto,,8,2007,"Corto, Drama",0,2007-04-04,"Maxim Dashkin",,
3624,tt12798810,2026-01-28,2026-01-28,,"Don't Log Off","Don't Log Off",https://www.imdb.com/title/tt12798810/,Película,4.6,95,2025,"Terror, Misterio, Suspense",984,2025-07-15,"Brandon Baer, Garrett Baer",,
3625,tt10343438,2026-01-28,2026-01-28,,"Pools","Pools",https://www.imdb.com/title/tt10343438/,Película,5.7,99,2025,"Comedia, Drama",1045,2025-09-05,"Sam Hayes",,
3626,tt2076874,2026-02-07,2026-02-07,,"La Cachette","La Cachette",https://www.imdb.com/title/tt2076874/,Corto,,4,2008,"Corto, Romance",0,2008-09-10,"Daric Loo",,
3627,tt0343506,2026-02-07,2026-02-07,,"Bun-Bun","Bun-Bun",https://www.imdb.com/title/tt0343506/,Corto,7.0,16,2003,"Corto",93,2003-07-23,"Katie Fleischer",,
3628,tt39367776,2026-02-11,2026-02-11,,"El rastro del lobo","El rastre del llop",https://www.imdb.com/title/tt39367776/,Película,3.6,99,2026,,7,2026-02-06,"Ángeles Hernández",,
3629,tt0233459,2026-02-14,2026-02-14,,"The Citizen","The Citizen",https://www.imdb.com/title/tt0233459/,Película,7.5,107,1999,"Comedia, Crimen, Drama, Romance",40,,"Jay Anania",,
3630,tt0017621,2026-02-14,2026-02-14,,"Mandrágora","Alraune",https://www.imdb.com/title/tt0017621/,Película,6.2,108,1928,"Drama, Fantasía, Terror, Ciencia ficción",552,1928-05,"Henrik Galeen",,
3631,tt9731440,2026-02-14,2026-02-14,,"The Mistress of Atlantis","The Mistress of Atlantis",https://www.imdb.com/title/tt9731440/,Película,5.4,,1932,"Romance",110,1932-12-25,"Georg Wilhelm Pabst",,
3632,tt0023002,2026-02-14,2026-02-14,,"La Atlántida","Die Herrin von Atlantis",https://www.imdb.com/title/tt0023002/,Película,6.0,87,1932,"Fantasía, Ciencia ficción",609,1932-06-28,"Georg Wilhelm Pabst",,
3633,tt9731436,2026-02-14,2026-02-14,,"La Atlántida","L'Atlantide",https://www.imdb.com/title/tt9731436/,Película,6.5,81,1932,"Aventura, Drama",150,1932-06-06,"Georg Wilhelm Pabst",,
3634,tt0020608,2026-02-14,2026-02-14,,"La maravillosa mentira de Nina Petrovna","Die wunderbare Lüge der Nina Petrowna",https://www.imdb.com/title/tt0020608/,Película,7.2,102,1929,"Drama",306,1929-06-04,"Hanns Schwarz",,
3635,tt0020412,2026-02-14,2026-02-14,,"Skandal in Baden-Baden","Skandal in Baden-Baden",https://www.imdb.com/title/tt0020412/,Película,,,1929,,0,1929-01-18,"Erich Waschneck",,
3636,tt0019599,2026-02-14,2026-02-14,,"Die Yacht der sieben Sünden","Die Yacht der sieben Sünden",https://www.imdb.com/title/tt0019599/,Película,6.0,,1928,"Drama",34,1928-11-26,"Jacob Fleck, Luise Fleck",,
3637,tt1527793,2026-02-15,2026-02-15,,"No hay otra opción","Eo-jjeol su-ga eop-da",https://www.imdb.com/title/tt1527793/,Película,7.5,139,2025,"Comedia, Crimen, Drama, Suspense",73973,2026-02-13,"Park Chan-wook",,
3638,tt31227572,2026-02-15,2026-02-15,,"Predator: Badlands","Predator: Badlands",https://www.imdb.com/title/tt31227572/,Película,7.2,107,2025,"Acción, Aventura, Ciencia ficción, Suspense",168251,2025-11-07,"Dan Trachtenberg",,
3639,tt19244304,2026-02-15,2026-02-15,,"It: Bienvenidos a Derry","IT: Welcome to Derry",https://www.imdb.com/title/tt19244304/,Serie de TV,7.9,60,2025,"Fantasía, Terror",118149,2025-10-27,,,
3640,tt36120705,2026-02-21,2026-02-21,,"El fantasma de mi mujer","El fantasma de mi mujer",https://www.imdb.com/title/tt36120705/,Película,4.4,90,2026,"Comedia",98,2026-02-20,"María Ripoll",,
3641,tt0097332,2026-02-22,2026-02-22,,"En la encrucijada","Far from Home",https://www.imdb.com/title/tt0097332/,Película,5.6,86,1989,"Crimen, Drama, Misterio, Suspense",2591,1989-06-30,"Meiert Avis",,
3642,tt0106267,2026-02-22,2026-02-22,,"Una relación prohibida","The Amy Fisher Story",https://www.imdb.com/title/tt0106267/,Película de TV,5.4,96,1993,"Crimen, Drama, Romance, Suspense",1713,1993-01-03,"Andy Tennant",,
3643,tt35933404,2026-02-22,2026-02-22,,"Balandrau, viento salvaje","Balandrau, vent salvatge",https://www.imdb.com/title/tt35933404/,Película,6.6,119,2026,"Acción, Aventura, Drama, Misterio, Suspense",583,2026-02-20,"Fernando Trullols",,
3644,tt32502698,2026-02-22,2026-02-22,,"La boda","La boda",https://www.imdb.com/title/tt32502698/,Película,5.9,103,2026,,66,2026-02-20,"Pedro Cenjor",,
3645,tt30217403,2026-02-24,2026-02-24,,"Dan Da Dan","Dandadan",https://www.imdb.com/title/tt30217403/,Serie de TV,8.3,24,2024,"Animación, Acción, Aventura, Comedia, Fantasía, Romance, Ciencia ficción, Suspense",58500,2024-09-07,,,
3646,tt30825738,2026-02-24,2026-02-24,,"Star Wars: The Mandalorian and Grogu","The Mandalorian and Grogu",https://www.imdb.com/title/tt30825738/,Película,6.8,132,2026,"Acción, Aventura, Familiar, Fantasía, Ciencia ficción",96007,2026-05-21,"Jon Favreau",,
3647,tt33319714,2026-03-01,2026-03-01,,"Like Father, Like Son","Like Father, Like Son",https://www.imdb.com/title/tt33319714/,Película,3.9,89,2025,"Suspense",136,2025-01-31,"Barry Jay",,
3648,tt14778172,2026-03-01,2026-03-01,,"Sin dirección","Tripped Up",https://www.imdb.com/title/tt14778172/,Película,4.5,96,2023,"Comedia",258,2023-10-27,"Shruti Ganguly",,
3649,tt2190467,2026-03-01,2026-03-01,,"Safelight","Safelight",https://www.imdb.com/title/tt2190467/,Película,5.9,84,2015,"Drama",2211,2016-04-29,"Tony Aloupis",,
3650,tt1208711,2026-03-01,2026-03-01,,"Montana Amazon","Montana Amazon",https://www.imdb.com/title/tt1208711/,Película,4.3,88,2012,"Comedia, Crimen",378,2013-03-08,"Deborah Brock",,
3651,tt1927093,2026-03-01,2026-03-01,,"Fred 2: Night of the Living Fred","Fred 2: Night of the Living Fred",https://www.imdb.com/title/tt1927093/,Película de TV,2.6,84,2011,"Aventura, Comedia, Familiar",3260,2011-10-22,"John Fortenberry",,
3652,tt1663187,2026-03-01,2026-03-01,,"El tutor","The Chaperone",https://www.imdb.com/title/tt1663187/,Película,5.1,104,2011,"Acción, Comedia, Familiar",5626,2011-03-24,"Stephen Herek",,
3653,tt1232202,2026-03-01,2026-03-01,,"Nic & Tristan Go Mega Dega","Nic & Tristan Go Mega Dega",https://www.imdb.com/title/tt1232202/,Película,4.7,77,2010,"Familiar",197,2010-06-08,"Cosmo Segurson",,
3654,tt1103153,2026-03-01,2026-03-01,,"Killers","Killers",https://www.imdb.com/title/tt1103153/,Película,5.5,100,2010,"Acción, Comedia, Romance, Suspense",100276,2010-08-13,"Robert Luketic",,
3655,tt1082876,2026-03-01,2026-03-01,,"Tales from the Catholic Church of Elvis!","Tales from the Catholic Church of Elvis!",https://www.imdb.com/title/tt1082876/,Película,7.8,,2009,"Comedia, Drama",58,,"Mercy Malick, Michael Traynor",,
3656,tt1090674,2026-03-01,2026-03-01,,"Opposite Day","Opposite Day",https://www.imdb.com/title/tt1090674/,Película,3.8,88,2009,"Comedia, Familiar",1139,2009-09-04,"R. Michael Givens",,
3657,tt0811080,2026-03-01,2026-03-01,,"Speed Racer","Speed Racer",https://www.imdb.com/title/tt0811080/,Película,6.1,135,2008,"Acción, Aventura, Comedia, Drama, Familiar, Ciencia ficción, Deporte",84981,2008-05-09,"Lana Wachowski, Lilly Wachowski",,
3658,tt0066207,2026-03-02,2026-03-02,,"Piel de asno","Peau d'âne",https://www.imdb.com/title/tt0066207/,Película,7.0,91,1970,"Comedia, Fantasía, Musical, Romance",8016,1971-09-27,"Jacques Demy",,
3659,tt0074443,2026-03-02,2026-03-02,,"Duelle","Duelle (une quarantaine)",https://www.imdb.com/title/tt0074443/,Película,6.9,121,1976,"Drama, Fantasía, Misterio, Romance",2047,1976-09-15,"Jacques Rivette",,
3660,tt0061752,2026-03-03,2026-03-03,,"Hasta el viento tiene miedo","Hasta el viento tiene miedo",https://www.imdb.com/title/tt0061752/,Película,7.2,88,1968,"Drama, Terror, Misterio, Suspense",2484,1968-05-30,"Carlos Enrique Taboada",,
3661,tt6172886,2026-03-07,2026-03-07,,"Naturaleza muerta","Naturaleza muerta",https://www.imdb.com/title/tt6172886/,Corto,,18,2016,"Corto",0,2016-10-26,"Gala Hernández",,
3662,tt26923135,2026-03-07,2026-03-07,,"Día de caza","Día de caza",https://www.imdb.com/title/tt26923135/,Película,5.3,90,2025,"Drama, Suspense",47,2026-07-03,"Pedro Aguilera",,
3663,tt0089039,2026-03-08,2026-03-08,,"El donante","El donante",https://www.imdb.com/title/tt0089039/,Película,4.0,78,1985,"Comedia",105,1985-07-29,"Ramón Fernández",,
3664,tt0086277,2026-03-08,2026-03-08,,"La selva está loca, loca, loca...","La selva está loca, loca, loca...",https://www.imdb.com/title/tt0086277/,Película,,,1983,,0,1983-07-01,"Jaime J. Puig",,
3665,tt0082469,2026-03-08,2026-03-08,,"La gran quiniela","La gran quiniela",https://www.imdb.com/title/tt0082469/,Película,5.5,90,1983,"Comedia",22,1984-02-06,"Joaquín Coll Espona",,
3666,tt0091174,2026-03-08,2026-03-08,,"Harem","Harem",https://www.imdb.com/title/tt0091174/,Película de TV,6.0,190,1986,"Drama, Romance, Suspense",590,1986-02-09,"William Hale",,
3667,tt1798632,2026-03-10,2026-03-10,,"Ojos de fuego","Firestarter",https://www.imdb.com/title/tt1798632/,Película,4.6,94,2022,"Drama, Terror, Ciencia ficción, Suspense",25830,2022-05-13,"Keith Thomas",,
3668,tt0076009,2026-03-12,2026-03-12,,"El hereje (Exorcista II)","Exorcist II: The Heretic",https://www.imdb.com/title/tt0076009/,Película,3.8,117,1977,"Terror",31165,1978-04-03,"John Boorman, Rospo Pallenberg",,
3669,tt0204313,2026-03-12,2026-03-12,,"El exorcista: El comienzo","Exorcist: The Beginning",https://www.imdb.com/title/tt0204313/,Película,5.1,114,2004,"Terror, Misterio, Suspense",41674,2004-10-29,"Renny Harlin",,
3670,tt0111244,2026-03-12,2026-03-12,,"Satánica, todo el mal en ella","Sorceress",https://www.imdb.com/title/tt0111244/,Película,4.2,89,1995,"Fantasía, Terror, Suspense",1448,1995-01-04,"Jim Wynorski",,
3671,tt0100475,2026-03-12,2026-03-12,,"Reposeída","Repossessed",https://www.imdb.com/title/tt0100475/,Película,4.8,84,1990,"Comedia, Fantasía, Terror",11020,1991-06-07,"Bob Logan",,
3672,tt0101005,2026-03-12,2026-03-12,,"Destape en la universidad","Zapped Again!",https://www.imdb.com/title/tt0101005/,Vídeo,4.3,96,1990,"Comedia, Ciencia ficción",1386,1990-04-14,"Doug Campbell, Jake Hooker",,
3673,tt0099113,2026-03-12,2026-03-12,,"Los ojos del crimen","Bedroom Eyes II",https://www.imdb.com/title/tt0099113/,Película,3.8,87,1989,"Suspense",335,1989-12-15,"Chuck Vincent",,
3674,tt0096876,2026-03-12,2026-03-12,,"Bad Blood","Bad Blood",https://www.imdb.com/title/tt0096876/,Película,4.6,104,1989,"Drama, Suspense",227,1989-04-23,"Chuck Vincent",,
3675,tt0095256,2026-03-12,2026-03-12,,"Grotesque","Grotesque",https://www.imdb.com/title/tt0095256/,Película,4.4,89,1987,"Terror",1569,1988-09-09,"Joe Tornatore",,
3676,tt0089964,2026-03-12,2026-03-12,,"Los piratas de las islas salvajes","Savage Island",https://www.imdb.com/title/tt0089964/,Película,3.3,79,1985,"Acción, Crimen, Drama, Suspense",957,1987-04-09,"Ted Nicolaou",,
3677,tt0093627,2026-03-12,2026-03-12,,"Nightforce","Nightforce",https://www.imdb.com/title/tt0093627/,Vídeo,3.9,87,1987,"Acción, Drama",407,1987-09-05,"Lawrence David Foldes",,
3678,tt0073659,2026-03-12,2026-03-12,,"Sara T. - Retrato de una joven alcohólica","Sarah T. - Portrait of a Teenage Alcoholic",https://www.imdb.com/title/tt0073659/,Película de TV,6.4,96,1975,"Drama",763,1975-02-11,"Richard Donner",,
3679,tt0071240,2026-03-12,2026-03-12,,"Nacida inocente","Born Innocent",https://www.imdb.com/title/tt0071240/,Película de TV,6.2,98,1974,"Drama",1415,1974-09-10,"Donald Wrye",,
3680,tt27497448,2026-03-13,2026-03-13,,"El caballero de los Siete Reinos","A Knight of the Seven Kingdoms",https://www.imdb.com/title/tt27497448/,Serie de TV,8.6,60,2026,"Aventura, Drama, Fantasía",282416,2026-01-18,,,
3681,tt34819091,2026-03-14,2026-03-14,,"El testamento de Ann Lee","The Testament of Ann Lee",https://www.imdb.com/title/tt34819091/,Película,6.4,136,2025,"Biografía, Drama, Historia, Musical",10516,2026-03-13,"Mona Fastvold, Kevin Dean",,
3682,tt30781967,2026-03-14,2026-03-14,,"Águilas de El Cairo","Eagles of the Republic",https://www.imdb.com/title/tt30781967/,Película,6.6,129,2025,"Acción, Drama, Suspense",2450,2026-03-13,"Tarik Saleh",,
3683,tt14364480,2026-03-15,2026-03-15,,"Puñales por la espalda: De entre los muertos","Wake Up Dead Man",https://www.imdb.com/title/tt14364480/,Película,7.3,144,2025,"Comedia, Crimen, Drama, Misterio, Suspense",258403,2025-12-12,"Rian Johnson",,
3684,tt20674380,2026-03-16,2026-03-16,,"El favor","El favor",https://www.imdb.com/title/tt20674380/,Película,5.4,97,2023,"Comedia, Drama",613,2023-11-10,"Juana Macías",,
3685,tt3804676,2026-03-16,2026-03-16,,"A Long Beside","A Long Beside",https://www.imdb.com/title/tt3804676/,Corto,4.5,20,2014,"Corto, Drama",21,2014-10,"Paul Marcus Wong",,
3686,tt31378509,2026-03-17,2026-03-17,,"Dune: Part Three","Dune: Part Three",https://www.imdb.com/title/tt31378509/,Película,,140,2026,"Acción, Aventura, Drama, Ciencia ficción, Suspense",0,2026-12-18,"Denis Villeneuve",,
3687,tt0454082,2026-03-18,2026-03-18,,"Negra Navidad","Black Christmas",https://www.imdb.com/title/tt0454082/,Película,4.7,90,2006,"Terror",33310,2007-12-28,"Glen Morgan",,
3688,tt29550683,2026-03-21,2026-03-21,,"Whistle: El silbido del mal","Whistle",https://www.imdb.com/title/tt29550683/,Película,5.2,100,2025,"Terror",18261,2026-03-20,"Corin Hardy",,
3689,tt28510079,2026-03-22,2026-03-22,,"Culpa tuya","Culpa tuya",https://www.imdb.com/title/tt28510079/,Película,5.3,118,2024,"Drama, Romance",20477,2024-12-27,"Domingo González",,
3690,tt33311244,2026-03-22,2026-03-22,,"Culpa Nuestra","Culpa nuestra",https://www.imdb.com/title/tt33311244/,Película,5.4,112,2025,"Drama, Romance",9902,2025-10-16,"Domingo González",,
3691,tt0120499,2026-03-23,2026-03-23,,"Cuando se pierde la inocencia","When Innocence Is Lost",https://www.imdb.com/title/tt0120499/,Película de TV,6.0,91,1997,"Drama",564,1997-04-07,"Bethany Rooney",,
3692,tt0115945,2026-03-24,2026-03-24,,"Una esquina del paraíso","Et hjørne af paradis",https://www.imdb.com/title/tt0115945/,Película,4.8,109,1997,"Romance, Drama",197,1997-08-29,"Peter Ringgaard",,
3693,tt31418475,2026-03-30,2026-03-30,,"Vida o teatre","Vida o teatre",https://www.imdb.com/title/tt31418475/,Corto,6.2,17,2024,"Corto",6,2024-07-10,"Guillem Manzanares",,
3694,tt33131733,2026-03-30,2026-03-30,,"Un altre home","Un altre home",https://www.imdb.com/title/tt33131733/,Película,6.9,100,2025,"Comedia, Drama, Romance",70,2026-03-27,"David Moragas",,
3695,tt33978029,2026-03-30,2026-03-30,,"Noche de bodas 2","Ready or Not: Here I Come",https://www.imdb.com/title/tt33978029/,Película,6.5,108,2026,"Comedia, Terror, Suspense",72822,2026-04-01,"Matt Bettinelli-Olpin, Tyler Gillett",,
3696,tt3602976,2026-04-01,2026-04-01,,"Galyntine","Galyntine",https://www.imdb.com/title/tt3602976/,Película de TV,8.1,,2014,"Drama, Ciencia ficción",123,2014-01-01,"Greg Nicotero",,
3697,tt36932751,2026-04-05,2026-04-05,,"Lapönia","Lapönia",https://www.imdb.com/title/tt36932751/,Película,6.2,89,2026,"Comedia",265,2026-04-01,"David Serrano",,
3698,tt14173636,2026-04-07,2026-04-07,,"La invitación","The Invite",https://www.imdb.com/title/tt14173636/,Película,7.5,107,2026,"Comedia, Drama, Romance",59576,2026-10-16,"Olivia Wilde",,
3699,tt0416496,2026-04-07,2026-04-07,,"Bandidas","Bandidas",https://www.imdb.com/title/tt0416496/,Película,5.7,93,2006,"Acción, Comedia, Crimen, Del oeste",39302,2006-08-04,"Joachim Rønning, Espen Sandberg",,
3700,tt0318649,2026-04-07,2026-04-07,,"Sahara","Sahara",https://www.imdb.com/title/tt0318649/,Película,6.1,124,2005,"Acción, Aventura, Comedia",110310,2005-04-22,"Breck Eisner",,
3701,tt0383534,2026-04-07,2026-04-07,,"Noel","Noel",https://www.imdb.com/title/tt0383534/,Película,6.1,96,2004,"Drama",11866,2004-11-26,"Chazz Palminteri",,
3702,tt0484111,2026-04-07,2026-04-07,,"La chica de mis sueños","The Good Night",https://www.imdb.com/title/tt0484111/,Película,5.7,93,2007,"Comedia, Drama, Fantasía, Música, Romance",8907,2008-01-18,"Jake Paltrow",,
3703,tt3492560,2026-04-07,2026-04-07,,"Vanity Fair: Killers Kill, Dead Men Die","Vanity Fair: Killers Kill, Dead Men Die",https://www.imdb.com/title/tt3492560/,Vídeo,4.8,6,2007,"Corto, Suspense",404,2007-03,"Annie Leibovitz",,
3704,tt38607959,2026-04-09,2026-04-09,,"Full Phil","Full Phil",https://www.imdb.com/title/tt38607959/,Película,5.3,78,2026,"Comedia, Drama",55,2026-05-16,"Quentin Dupieux",,
3705,tt33714084,2026-04-13,2026-04-13,,"No te olvidaré","Reminders of Him",https://www.imdb.com/title/tt33714084/,Película,6.3,114,2026,"Drama, Romance",12333,2026-04-10,"Vanessa Caswill",,
3706,tt23172090,2026-04-13,2026-04-13,,"Atrapando a un monstruo","Dust Bunny",https://www.imdb.com/title/tt23172090/,Película,6.5,106,2025,"Acción, Drama, Terror, Suspense",21105,2026-04-10,"Bryan Fuller",,
3707,tt32676647,2026-04-13,2026-04-13,,"La buena hija","La buena hija",https://www.imdb.com/title/tt32676647/,Película,6.5,101,2025,"Drama",177,2026-04-10,"Júlia de Paz",,
3708,tt32268992,2026-04-16,2026-04-16,,"Sacrifice","Sacrifice",https://www.imdb.com/title/tt32268992/,Película,5.8,103,2025,"Acción, Aventura, Comedia",403,2026-10-16,"Romain Gavras",,
3709,tt0787094,2026-04-20,2026-04-20,,"Mujeres en el parque","Mujeres en el parque",https://www.imdb.com/title/tt0787094/,Película,5.7,102,2006,"Drama",149,2007-01-12,"Felipe Vega",,
3710,tt0985678,2026-04-20,2026-04-20,,"Todos los días son tuyos","Todos los días son tuyos",https://www.imdb.com/title/tt0985678/,Película,6.3,110,2007,"Misterio, Suspense",89,2008-08-29,"José Luis Gutiérrez Arias",,
3711,tt1734428,2026-04-20,2026-04-20,,"Dictado","Dictado",https://www.imdb.com/title/tt1734428/,Película,5.5,95,2012,"Terror, Suspense",1373,2012-03-09,"Antonio Chavarrías",,
3712,tt39493762,2026-04-21,2026-04-21,,"Blood Covenant","Blood Covenant",https://www.imdb.com/title/tt39493762/,Película,4.4,90,2026,"Terror",22,2026-05-26,"Mariano Cattaneo, Hasan Can Dagli, Spencer Keller, Bret Miller, Kate Trefry, Javier Yañez Sanz",,
3713,tt39049737,2026-04-21,2026-04-21,,"Faustino","Faustino",https://www.imdb.com/title/tt39049737/,Corto,,20,2025,"Comedia, Corto",0,2025-08-22,"Germán Mairen",,
3714,tt6164872,2026-04-24,2026-04-24,,"Cuatro estaciones en La Habana","Cuatro estaciones en La Habana",https://www.imdb.com/title/tt6164872/,Miniserie de TV,7.5,,2016,"Crimen, Drama, Suspense",1191,2017-01-29,,,
3715,tt1961265,2026-04-24,2026-04-24,,"Del lado del verano","Del lado del verano",https://www.imdb.com/title/tt1961265/,Película,5.8,100,2012,"Comedia, Drama",143,2013-11-08,"Antonia San Juan",,
3716,tt1341338,2026-04-25,2026-04-25,,"Buena suerte, pásalo bien, no mueras","Good Luck, Have Fun, Don't Die",https://www.imdb.com/title/tt1341338/,Película,7.0,134,2025,"Acción, Aventura, Comedia, Ciencia ficción",75816,2026-04-10,"Gore Verbinski",,
3717,tt0044103,2026-04-25,2026-04-25,,"Los cuentos de Hoffman","The Tales of Hoffmann",https://www.imdb.com/title/tt0044103/,Película,7.1,133,1951,"Fantasía, Música, Musical, Romance",4646,1953-10-24,"Michael Powell, Emeric Pressburger",,
3718,tt38735159,2026-05-02,2026-05-02,,"Los justos","Los justos",https://www.imdb.com/title/tt38735159/,Película,6.0,89,2026,"Comedia, Drama",138,2026-04-30,"Jorge Lara, Fernando Pérez",,
3719,tt33513286,2026-05-02,2026-05-02,,"¿Cómo hemos llegado a esto?","¿Cómo hemos llegado a esto?",https://www.imdb.com/title/tt33513286/,Película,7.5,75,2026,"Comedia",13,2026-04-30,"Gorka Mínguez",,
3720,tt32510765,2026-05-02,2026-05-02,,"La duquesa de Merteuil","Merteuil",https://www.imdb.com/title/tt32510765/,Serie de TV,6.1,45,2025,"Drama, Historia",1416,2025-11-14,,,
3721,tt15834708,2026-05-02,2026-05-02,,"Méduse","Méduse",https://www.imdb.com/title/tt15834708/,Película,5.5,87,2021,"Drama",167,2022-10-26,"Sophie Lévy",,
3722,tt27719499,2026-05-02,2026-05-02,,"How Can I Help You","How Can I Help You",https://www.imdb.com/title/tt27719499/,Corto,6.8,,2023,"Corto, Comedia",31,2023-06-07,"Eliza Scanlen",,
3723,tt35884526,2026-05-02,2026-05-02,,"Las hijas de la criada","Las hijas de la criada",https://www.imdb.com/title/tt35884526/,Miniserie de TV,7.3,,2025,"Drama",71,2025-11-30,,,
3724,tt35108122,2026-05-09,2026-05-09,,"La casa en el árbol","La casa en el árbol",https://www.imdb.com/title/tt35108122/,Película,5.7,,2025,"Terror, Suspense",29,2025-11-14,"Luis Calderon",,
3725,tt4905548,2026-05-14,2026-05-14,,"Disco Inferno","Disco Inferno",https://www.imdb.com/title/tt4905548/,Corto,6.5,12,2015,"Corto, Terror",234,2015-08-31,"Alice Waddington",,
3726,tt37304295,2026-05-15,2026-05-15,,"Fatherland","Fatherland",https://www.imdb.com/title/tt37304295/,Película,7.1,82,2026,"Biografía, Drama, Historia",1031,2026-12-04,"Paweł Pawlikowski",,
3727,tt36834996,2026-05-16,2026-05-16,,"Soudain","Soudain",https://www.imdb.com/title/tt36834996/,Película,7.9,196,2026,"Drama",684,2026-06-19,"Ryūsuke Hamaguchi",,
3728,tt0065584,2026-05-17,2026-05-17,,"Privado de amar","Cran d'arrêt",https://www.imdb.com/title/tt0065584/,Película,5.7,87,1970,"Misterio, Suspense",299,1970-01-14,"Yves Boisset",,
3729,tt0060916,2026-05-17,2026-05-17,,"El aventurero de la rosa roja","Rose rosse per Angelica",https://www.imdb.com/title/tt0060916/,Película,5.4,110,1966,"Aventura",85,1968-10-25,"Steno",,
3730,tt0216391,2026-05-17,2026-05-17,,"Il vostro super agente Flit","Il vostro super agente Flit",https://www.imdb.com/title/tt0216391/,Película,6.0,88,1966,"Aventura, Comedia",27,1966-09-10,"Mariano Laurenti",,
3731,tt0060928,2026-05-17,2026-05-17,,"Le Saint prend l'affût","Le Saint prend l'affût",https://www.imdb.com/title/tt0060928/,Película,5.0,90,1966,"Comedia, Crimen",109,1966-10-26,"Christian-Jaque",,
3732,tt0065196,2026-05-17,2026-05-17,,"Profesión: bígamo","Warum hab ich bloß 2 x ja gesagt?",https://www.imdb.com/title/tt0065196/,Película,5.2,88,1969,"Comedia",106,1969-10-11,"Franz Antel",,
3733,tt35672862,2026-05-17,2026-05-17,,"Hokum","Hokum",https://www.imdb.com/title/tt35672862/,Película,6.7,107,2026,"Terror, Suspense",60319,2026-05-15,"Damian McCarthy",,
3734,tt35836619,2026-05-17,2026-05-17,,"Pizza Movies","Pizza Movies",https://www.imdb.com/title/tt35836619/,Película,6.6,95,2026,"Comedia",89,2026-05-15,"Carlo Padial",,
3735,tt37446301,2026-05-17,2026-05-17,,"Hugo 24","Hugo 24",https://www.imdb.com/title/tt37446301/,Película,6.9,93,2026,"Drama",34,2026-05-15,"Luc Knowles",,
3736,tt38058097,2026-05-18,2026-05-18,,"Club Kid","Club Kid",https://www.imdb.com/title/tt38058097/,Película,7.7,122,2026,"Comedia, Drama",155,2026-11-04,"Jordan Firstman",,
3737,tt39571626,2026-05-18,2026-05-18,,"El deshielo","El deshielo",https://www.imdb.com/title/tt39571626/,Película,6.5,108,2026,"Drama, Misterio, Suspense",92,2026-09-03,"Manuela Martelli",,
3738,tt34385689,2026-05-18,2026-05-18,,"Paper Tiger","Paper Tiger",https://www.imdb.com/title/tt34385689/,Película,6.7,115,2026,"Crimen, Drama, Suspense",385,2027-02-12,"James Gray",,
3739,tt39328391,2026-05-23,2026-05-23,,"Coward","Coward",https://www.imdb.com/title/tt39328391/,Película,7.2,120,2026,"Drama, Historia, Romance, Bélico",257,2027-01-01,"Lukas Dhont",,
3740,tt35410859,2026-05-23,2026-05-23,,"Fjord","Fjord",https://www.imdb.com/title/tt35410859/,Película,7.8,146,2026,"Drama, Suspense",2711,2027-01-15,"Cristian Mungiu",,
3741,tt26745321,2026-05-24,2026-05-24,,"La tutoría","Armand",https://www.imdb.com/title/tt26745321/,Película,6.1,118,2024,"Drama",4908,2025-02-14,"Halfdan Ullmann Tøndel",,
3742,tt0097424,2026-05-26,2026-05-26,,"Haciendo bien las cosas","Getting It Right",https://www.imdb.com/title/tt0097424/,Película,6.4,102,1989,"Comedia, Drama, Romance",817,1989-05-05,"Randal Kleiser",,
3743,tt2144548,2026-05-26,2026-05-26,,"Tarde","Tarde",https://www.imdb.com/title/tt2144548/,Corto,,3,2012,"Corto, Drama",0,2012-02-11,"Diego Betancor",,
3744,tt1934313,2026-05-26,2026-05-26,,"La noche rota","La noche rota",https://www.imdb.com/title/tt1934313/,Corto,5.0,,2011,"Corto, Drama",9,2011-05-15,"Diego Betancor",,
3745,tt30195556,2026-05-29,2026-05-29,,"En la noche caminamos solos","En la noche caminamos solos",https://www.imdb.com/title/tt30195556/,Corto,5.8,20,2024,"Corto, Drama",21,2024-10-24,"Rafa Alberola",,
3746,tt7806812,2026-06-05,2026-06-05,,"N.I.M.: Inteligencia Artificial","N.I.M.: Inteligencia Artificial",https://www.imdb.com/title/tt7806812/,Película,4.6,81,2026,"Drama, Ciencia ficción, Suspense",138,2026-06-05,"Rubén Arnaiz, Faisal Orakzai",,
3747,tt36151341,2026-06-05,2026-06-05,,"Mallorca Confidencial","Mallorca Confidencial",https://www.imdb.com/title/tt36151341/,Película,6.0,90,2026,,39,2026-05-29,"David Ilundain",,
3748,tt14852624,2026-06-06,2026-06-06,,"Stopmotion","Stopmotion",https://www.imdb.com/title/tt14852624/,Película,5.6,93,2023,"Animación, Terror, Suspense",11613,2024-10-29,"Robert Morgan",,
3749,tt36048393,2026-06-13,2026-06-13,,"Pioneras: Solo querían jugar","Pioneras: solo querían jugar",https://www.imdb.com/title/tt36048393/,Película,7.4,106,2026,"Drama, Deporte",85,2026-06-12,"Marta Díaz de Lope Díaz",,
3750,tt37162878,2026-06-13,2026-06-13,,"Una pistola, una bala y un oso panda","Una pistola, una bala y un oso panda",https://www.imdb.com/title/tt37162878/,Película,5.9,85,2026,"Comedia",10,2026-06-12,"Oriol Cardús",,
3751,tt36822560,2026-06-24,2026-06-24,,"Viva","Viva",https://www.imdb.com/title/tt36822560/,Película,6.0,113,2026,"Comedia, Drama, Romance",100,2026-06-19,"Aina Clotet",,
3752,tt36151377,2026-06-26,2026-06-26,,"Morir no siempre sale bien","Morir no siempre sale bien",https://www.imdb.com/title/tt36151377/,Película,5.9,97,2026,,15,2026-06-26,"Claudia Pinto",,
3753,tt35514120,2026-06-29,2026-06-29,,"Licántropo","Werwulf",https://www.imdb.com/title/tt35514120/,Película,,,2026,"Terror",0,2026-12-25,"Robert Eggers",,
3754,tt12530664,2026-07-04,2026-07-04,,"Casa de fieras","Casa de fieras",https://www.imdb.com/title/tt12530664/,Película,,114,2018,"Drama, Suspense",0,2018-10-06,"Diego Carballo, Daniel Carlón",,
3755,tt26699073,2026-07-04,2026-07-04,,"Llueve sobre mojado","Llueve sobre mojado",https://www.imdb.com/title/tt26699073/,Corto,,5,2018,"Corto, Drama",0,2018-04-01,"Raúl Espinosa, Andreu Fullana",,
3756,tt13297994,2026-07-04,2026-07-04,,"Ombligo","Ombligo",https://www.imdb.com/title/tt13297994/,Película,6.8,62,2021,"Comedia",34,2021-07-02,"Jose Val Bal",,
3757,tt29791545,2026-07-04,2026-07-04,,"Ancestral","Ancestral",https://www.imdb.com/title/tt29791545/,Película,,86,2026,"Drama",0,2026-07-03,"Pablo Aragüés, Marta Cabrera",,
3758,tt33455099,2026-07-05,2026-07-05,,"The Mastermind","The Mastermind",https://www.imdb.com/title/tt33455099/,Película,6.2,110,2025,"Crimen, Drama",14234,2025-10-31,"Kelly Reichardt",,
3759,tt34384661,2026-07-09,2026-07-09,,"Godzilla Minus Zero","Godzilla Minus Zero",https://www.imdb.com/title/tt34384661/,Película,,135,2026,"Acción, Aventura, Drama, Terror, Ciencia ficción, Suspense",0,2026-11,"Takashi Yamazaki",,
3760,tt3544918,2026-07-11,2026-07-11,,"La última decisión","La última decisión",https://www.imdb.com/title/tt3544918/,Corto,,3,2014,"Corto, Comedia",0,2014-02-17,"José Luis Mora, Helena Ribeiro",,
3761,tt5607958,2026-07-12,2026-07-12,,"10 Crosby","10 Crosby",https://www.imdb.com/title/tt5607958/,Corto,5.5,36,2016,"Corto, Drama, Música",46,2016-02-02,"Benjamin Dickinson, Albert Moya, Celia Rowlson-Hall, Andrew Zuchero",,
3762,tt29259211,2026-07-13,2026-07-13,,"El Convento","El Convento",https://www.imdb.com/title/tt29259211/,Película,5.0,100,2026,"Fantasía, Terror, Suspense",38,2026-07-10,"Ángel Manuel Chivite, Luis Galindo",,
3763,tt2776890,2026-07-15,2026-07-15,,"Básicamente","Basically",https://www.imdb.com/title/tt2776890/,Corto,6.2,15,2014,"Corto, Comedia",1170,2014-02-25,"Ari Aster",,
3764,tt10719596,2026-07-15,2026-07-15,,"Venus","Venus",https://www.imdb.com/title/tt10719596/,Película,5.9,97,2023,"Drama",47,2023-02-16,"Víctor Conde",,
3765,tt37676027,2026-07-18,2026-07-18,,"Ni contigo ni sin mí","Ni contigo ni sin mí",https://www.imdb.com/title/tt37676027/,Película,4.3,81,2026,"Comedia",11,2026-07-17,"María Ruiz",,
3766,tt32267009,2026-08-06,2026-08-06,,"Flesh of the Gods","Flesh of the Gods",https://www.imdb.com/title/tt32267009/,Película,,,,"Terror, Suspense",0,,"Panos Cosmatos",,
3767,tt34206385,2026-08-06,2026-08-06,,"Primetime","Primetime",https://www.imdb.com/title/tt34206385/,Película,,110,2026,"Acción, Biografía, Crimen, Drama, Suspense",0,2026-09-25,"Lance Oppenheim",,
3768,tt38632412,2026-08-07,2026-08-07,,"Cinco minutos más","Cinco minutos más",https://www.imdb.com/title/tt38632412/,Película,,,2026,,0,2027-01-22,"Javier Ruiz Caldera",,
3769,tt0151804,2026-08-13,2026-08-13,,"Trabajo basura","Office Space",https://www.imdb.com/title/tt0151804/,Película,7.6,89,1999,"Comedia",311479,1999-06-11,"Mike Judge",,
3770,tt29347085,2026-08-17,2026-08-17,,"Untitled Marvel X-Men Film","Untitled Marvel X-Men Film",https://www.imdb.com/title/tt29347085/,Película,,,2028,"Acción, Aventura, Ciencia ficción",0,2028-05-05,"Jake Schreier",,
3771,tt0063668,2026-08-18,2026-08-18,,"La princesa encantada","Taiyô no ôji: Horusu no daibôken",https://www.imdb.com/title/tt0063668/,Película,6.6,82,1968,"Animación, Acción, Aventura, Drama, Familiar, Fantasía",2773,1968-07-21,"Isao Takahata",,
3772,tt43626474,2026-08-25,2026-08-25,,"The Rolling Stones: Jealous Lover","The Rolling Stones: Jealous Lover",https://www.imdb.com/title/tt43626474/,Videoclip,7.7,4,2026,"Corto, Música",33,2026-06-26,"Christopher Barrett, Luke Taylor",,
3773,tt15047880,2026-08-27,2026-08-27,,"El día de la revelación","Disclosure Day",https://www.imdb.com/title/tt15047880/,Película,6.4,145,2026,"Acción, Drama, Misterio, Ciencia ficción, Suspense",149653,2026-06-12,"Steven Spielberg",,
3774,tt32897959,2026-08-27,2026-08-27,,"Cumbres borrascosas","Wuthering Heights",https://www.imdb.com/title/tt32897959/,Película,6.1,136,2026,"Drama, Romance",90774,2026-02-13,"Emerald Fennell",,
3775,tt27165187,2026-08-27,2026-08-27,,"El final de Oak Street","The End of Oak Street",https://www.imdb.com/title/tt27165187/,Película,6.6,99,2026,"Acción, Aventura, Misterio, Ciencia ficción, Suspense",35085,2026-08-14,"David Robert Mitchell",,
3776,tt33764258,2026-08-27,2026-08-27,,"La Odisea","The Odyssey",https://www.imdb.com/title/tt33764258/,Película,8.4,172,2026,"Acción, Aventura, Fantasía",470880,2026-07-17,"Christopher Nolan",,
3777,tt31863115,2026-08-27,2026-08-27,,"Lionel","Lionel",https://www.imdb.com/title/tt31863115/,Película,6.7,95,2025,"Drama",36,2026-10-11,"Carlos Saiz Espín",,
3778,tt37853455,2026-08-28,2026-08-28,,"Una noche al año","One Night Only",https://www.imdb.com/title/tt37853455/,Película,6.3,102,2026,"Comedia, Drama, Romance",6258,2026-08-26,"Will Gluck",,
3779,tt21285562,2026-08-28,2026-08-28,,"La constelación del perro","The Dog Stars",https://www.imdb.com/title/tt21285562/,Película,6.5,118,2026,"Acción, Aventura, Drama, Terror, Ciencia ficción, Suspense",10628,2026-08-26,"Ridley Scott",,
3780,tt37601810,2026-08-28,2026-08-28,,"Mala bestia","Mala bèstia",https://www.imdb.com/title/tt37601810/,Película,5.4,94,2026,"Drama, Fantasía",34,2026-07-31,"Bàrbara Farré",,
3781,tt38999949,2026-08-28,2026-08-28,,"Burundanga","Burundanga",https://www.imdb.com/title/tt38999949/,Película,,,2026,"Comedia",0,2026-12-04,"José Corbacho",,
